"station","date","scale_months","LL3_stationary","LL3_selected_nonstationary"
17351,"1965-02-01",12,NA,NA
17351,"1965-03-01",12,NA,NA
17351,"1965-04-01",12,NA,NA
17351,"1965-05-01",12,NA,NA
17351,"1965-06-01",12,NA,NA
17351,"1965-07-01",12,NA,NA
17351,"1965-08-01",12,NA,NA
17351,"1965-09-01",12,NA,NA
17351,"1965-10-01",12,NA,NA
17351,"1965-11-01",12,NA,NA
17351,"1965-12-01",12,NA,NA
17351,"1966-01-01",12,1.07250950400008,0.910005806723261
17351,"1966-02-01",12,0.552742988302103,0.484536911213121
17351,"1966-03-01",12,0.388627052776914,0.363387575288461
17351,"1966-04-01",12,0.0832381999553465,0.0809030504285138
17351,"1966-05-01",12,-0.0298602624634995,-0.0282654906431615
17351,"1966-06-01",12,-0.10234912823839,-0.0998865762009196
17351,"1966-07-01",12,-0.0966629051514091,-0.0918116221349704
17351,"1966-08-01",12,-0.117723983134475,-0.113921260591258
17351,"1966-09-01",12,-0.0212295698510815,-0.0185023839220504
17351,"1966-10-01",12,-0.166741671335199,-0.149353110076248
17351,"1966-11-01",12,0.0772573252573691,0.0775471576446833
17351,"1966-12-01",12,0.251303876653299,0.23759420622063
17351,"1967-01-01",12,-1.0356591746585,-0.890895688177115
17351,"1967-02-01",12,-0.790915562642805,-0.699793046399572
17351,"1967-03-01",12,-0.191710421253224,-0.177707735977818
17351,"1967-04-01",12,0.74401192112623,0.698286981411517
17351,"1967-05-01",12,1.03737426924312,1.00940537241365
17351,"1967-06-01",12,1.11651210450384,1.0958249273811
17351,"1967-07-01",12,1.14555924152094,1.09442185061824
17351,"1967-08-01",12,1.18751876011518,1.15293247832537
17351,"1967-09-01",12,1.17596756662424,1.15116620697081
17351,"1967-10-01",12,1.28677185589915,1.19583769732302
17351,"1967-11-01",12,1.54732048913422,1.49701372095721
17351,"1967-12-01",12,1.18904987128081,1.13239196361256
17351,"1968-01-01",12,1.54293046564532,1.34238230631301
17351,"1968-02-01",12,1.65522008689073,1.50751763552859
17351,"1968-03-01",12,1.31148700773704,1.24138466451241
17351,"1968-04-01",12,0.485362901777787,0.457140206758657
17351,"1968-05-01",12,0.281054950817291,0.27325066703267
17351,"1968-06-01",12,0.339322348868068,0.332507207636711
17351,"1968-07-01",12,0.367602663186376,0.348793546370525
17351,"1968-08-01",12,0.344243042694092,0.332326800592415
17351,"1968-09-01",12,0.59255154753234,0.580518340254809
17351,"1968-10-01",12,0.694153499644954,0.641906294254065
17351,"1968-11-01",12,1.46062748309878,1.41473713224168
17351,"1968-12-01",12,1.97895980792917,1.90503831232275
17351,"1969-01-01",12,1.81586964778979,1.59978110960393
17351,"1969-02-01",12,1.90916318757896,1.75578164457003
17351,"1969-03-01",12,2.08094881844853,1.99026204336626
17351,"1969-04-01",12,2.0881254252703,1.98817411247385
17351,"1969-05-01",12,2.09004121769569,2.04921933951576
17351,"1969-06-01",12,1.95496383805938,1.92754819544103
17351,"1969-07-01",12,2.0259040899062,1.96065945293222
17351,"1969-08-01",12,2.06516153850802,2.02235067942344
17351,"1969-09-01",12,2.00374511449582,1.96965917906166
17351,"1969-10-01",12,2.08632330601322,1.97455892816198
17351,"1969-11-01",12,1.26822806765441,1.22939526534438
17351,"1969-12-01",12,0.272912627596661,0.259724259165983
17351,"1970-01-01",12,-0.570965911729211,-0.499439330711254
17351,"1970-02-01",12,-0.333547218446708,-0.301223086398217
17351,"1970-03-01",12,-0.686712762789831,-0.644532333389192
17351,"1970-04-01",12,-0.877557992011839,-0.822183261400384
17351,"1970-05-01",12,-0.946125851443816,-0.918842076693549
17351,"1970-06-01",12,-1.16614759192132,-1.14370402387123
17351,"1970-07-01",12,-1.19882312909063,-1.14046112666669
17351,"1970-08-01",12,-1.30883532358832,-1.26655586153798
17351,"1970-09-01",12,-1.31172803329416,-1.2826181214356
17351,"1970-10-01",12,-1.46261234123614,-1.34842851996653
17351,"1970-11-01",12,-0.981339540202451,-0.94530504806946
17351,"1970-12-01",12,-1.17503467259914,-1.11109681481008
17351,"1971-01-01",12,-1.84265880912316,-1.64305531182722
17351,"1971-02-01",12,-1.75459295819071,-1.58423868262912
17351,"1971-03-01",12,-1.91031254406435,-1.80977903847676
17351,"1971-04-01",12,-0.929862111905855,-0.873876358465313
17351,"1971-05-01",12,-1.09205458361197,-1.06208315048853
17351,"1971-06-01",12,-0.950592793205671,-0.93274329073523
17351,"1971-07-01",12,-1.01214519142282,-0.964569671556952
17351,"1971-08-01",12,-0.957831317519452,-0.928007756372124
17351,"1971-09-01",12,-0.928728368330479,-0.907368265463968
17351,"1971-10-01",12,-1.1976215215569,-1.10568545285666
17351,"1971-11-01",12,-1.36373781845726,-1.31976334945001
17351,"1971-12-01",12,-1.2892413439694,-1.22209187482191
17351,"1972-01-01",12,-1.45629258172639,-1.2980566900003
17351,"1972-02-01",12,-1.45121043088482,-1.31419027989084
17351,"1972-03-01",12,-1.43637157775317,-1.36030885469352
17351,"1972-04-01",12,-2.1462059595469,-2.04553056640998
17351,"1972-05-01",12,-1.81932467899651,-1.77383010467834
17351,"1972-06-01",12,-1.71786951698618,-1.68830362033003
17351,"1972-07-01",12,-1.70722823722397,-1.63029097414805
17351,"1972-08-01",12,-1.68659781101243,-1.63586683224708
17351,"1972-09-01",12,-1.7117337934052,-1.67913271585485
17351,"1972-10-01",12,-1.39432308336462,-1.29269616026293
17351,"1972-11-01",12,-1.54404995121607,-1.49837285146608
17351,"1972-12-01",12,-1.0890511963016,-1.03382906190307
17351,"1973-01-01",12,-1.26009200192209,-1.12672678840324
17351,"1973-02-01",12,-1.74958807406284,-1.59217552794843
17351,"1973-03-01",12,-1.59098510637803,-1.51119626279363
17351,"1973-04-01",12,-1.1650828169871,-1.10307698131573
17351,"1973-05-01",12,-1.26545242704741,-1.23378532553695
17351,"1973-06-01",12,-1.21689647244075,-1.19620284805123
17351,"1973-07-01",12,-1.37383591292368,-1.31421250273059
17351,"1973-08-01",12,-1.43212738936821,-1.39073741798567
17351,"1973-09-01",12,-1.49188106021176,-1.46365695429479
17351,"1973-10-01",12,-1.59716123594568,-1.48659667502692
17351,"1973-11-01",12,-1.26440231331444,-1.22660820394407
17351,"1973-12-01",12,-1.50522916509489,-1.43342866043305
17351,"1974-01-01",12,-1.23722901588569,-1.11249580637868
17351,"1974-02-01",12,-1.11375483548503,-1.01647107096336
17351,"1974-03-01",12,-0.945771667637984,-0.897412850071743
17351,"1974-04-01",12,-1.18797600136028,-1.12765405613621
17351,"1974-05-01",12,-1.33262005938724,-1.30077986758139
17351,"1974-06-01",12,-1.36315460570452,-1.34114098430996
17351,"1974-07-01",12,-1.43675860768664,-1.37684509419728
17351,"1974-08-01",12,-1.22320091350992,-1.18933660881008
17351,"1974-09-01",12,-0.930661340883957,-0.911869117439217
17351,"1974-10-01",12,-0.872209071254319,-0.811518563360672
17351,"1974-11-01",12,-1.05992911482686,-1.02838456205436
17351,"1974-12-01",12,0.446146728144947,0.429100556963495
17351,"1975-01-01",12,0.426042063112341,0.374798609727792
17351,"1975-02-01",12,0.760172897059932,0.698406565254265
17351,"1975-03-01",12,0.696087025607937,0.666098410403667
17351,"1975-04-01",12,1.08809289267297,1.04239665599067
17351,"1975-05-01",12,1.20546377400082,1.18390918881786
17351,"1975-06-01",12,1.09311336072848,1.0792276825044
17351,"1975-07-01",12,1.12116500288351,1.08686426069527
17351,"1975-08-01",12,1.01237277572867,0.99124805344805
17351,"1975-09-01",12,0.83131019304628,0.819658501677724
17351,"1975-10-01",12,0.7046621841296,0.66694648696967
17351,"1975-11-01",12,0.868278570911437,0.849562476018878
17351,"1975-12-01",12,-0.382565452829106,-0.36464709642381
17351,"1976-01-01",12,0.0167234032964639,0.00917092830687656
17351,"1976-02-01",12,-0.287492970265757,-0.267615845879305
17351,"1976-03-01",12,-0.249822670633247,-0.237159451185135
17351,"1976-04-01",12,-0.25906491997816,-0.243065891354392
17351,"1976-05-01",12,0.374548635015981,0.367445294562179
17351,"1976-06-01",12,0.3903711819747,0.38506327850866
17351,"1976-07-01",12,0.609094251116993,0.58877764431377
17351,"1976-08-01",12,0.617336365446754,0.603621574319125
17351,"1976-09-01",12,0.787838065704864,0.777582546386802
17351,"1976-10-01",12,1.16330501324256,1.10963250688417
17351,"1976-11-01",12,1.41965449534437,1.39180659776755
17351,"1976-12-01",12,1.58414211082309,1.5422364773352
17351,"1977-01-01",12,1.52192198550375,1.39216489427617
17351,"1977-02-01",12,1.58631839634548,1.49548020433261
17351,"1977-03-01",12,1.60171705571832,1.55022518114675
17351,"1977-04-01",12,1.41676712266806,1.36570274305749
17351,"1977-05-01",12,1.03771541129551,1.02064666967264
17351,"1977-06-01",12,1.00817972716966,0.996637434917173
17351,"1977-07-01",12,0.847084395667187,0.822217912974208
17351,"1977-08-01",12,0.814025505790915,0.798006453481412
17351,"1977-09-01",12,0.735730877343391,0.726924079504994
17351,"1977-10-01",12,0.488986940316794,0.465478646989574
17351,"1977-11-01",12,-0.33439909129612,-0.322902631742245
17351,"1977-12-01",12,-0.341063450065338,-0.326452945718508
17351,"1978-01-01",12,-0.311899563212235,-0.289359998189109
17351,"1978-02-01",12,0.262179336509579,0.240000356407683
17351,"1978-03-01",12,0.315949068501117,0.304435715664019
17351,"1978-04-01",12,0.202107874153124,0.19730327615103
17351,"1978-05-01",12,-0.0368235500244861,-0.0354937426810815
17351,"1978-06-01",12,0.0165145017672604,0.0164297779726876
17351,"1978-07-01",12,-0.11041524117802,-0.10738837819255
17351,"1978-08-01",12,-0.0522387975312626,-0.0517127974179106
17351,"1978-09-01",12,-0.0271270541034894,-0.0245407676032832
17351,"1978-10-01",12,0.208188011968528,0.199605354325953
17351,"1978-11-01",12,0.291838165813504,0.289104884479182
17351,"1978-12-01",12,0.445604002221197,0.432485725395047
17351,"1979-01-01",12,-0.0134781870499144,-0.0182706820448366
17351,"1979-02-01",12,-0.864662343242922,-0.807244428153195
17351,"1979-03-01",12,-1.17753006440081,-1.13133380694607
17351,"1979-04-01",12,-1.34457442520616,-1.29289417011953
17351,"1979-05-01",12,-1.13483914611772,-1.11319555235216
17351,"1979-06-01",12,-0.881369621137194,-0.870129213033211
17351,"1979-07-01",12,-0.834201908724813,-0.807430618877154
17351,"1979-08-01",12,-0.831655463137306,-0.814034954439934
17351,"1979-09-01",12,-1.02542344243526,-1.00987680105173
17351,"1979-10-01",12,-1.40265131950903,-1.32809551427219
17351,"1979-11-01",12,-0.627783283037325,-0.611884461408734
17351,"1979-12-01",12,-0.786240064457194,-0.757237001230452
17351,"1980-01-01",12,-0.139208646795189,-0.134111311616212
17351,"1980-02-01",12,0.284868938006904,0.263637860238737
17351,"1980-03-01",12,0.805536722108095,0.780573883896177
17351,"1980-04-01",12,1.09140717966714,1.05803467294967
17351,"1980-05-01",12,1.22947591826451,1.21391851654009
17351,"1980-06-01",12,1.03536262326275,1.02591264967879
17351,"1980-07-01",12,1.15141002728722,1.12686214652357
17351,"1980-08-01",12,1.17506587487316,1.15872528724295
17351,"1980-09-01",12,1.22980564436773,1.21835218520966
17351,"1980-10-01",12,1.20595177643003,1.16515547968195
17351,"1980-11-01",12,1.06969940043653,1.05507504846152
17351,"1980-12-01",12,0.782172325827229,0.763327803411854
17351,"1981-01-01",12,1.44331371956274,1.3484519079138
17351,"1981-02-01",12,1.63525527674337,1.56760258250672
17351,"1981-03-01",12,1.40212721612946,1.36673057900887
17351,"1981-04-01",12,1.24225520829151,1.20757597122342
17351,"1981-05-01",12,1.22452260473454,1.2102674153471
17351,"1981-06-01",12,1.49044715073274,1.47950836847972
17351,"1981-07-01",12,1.50881224330064,1.48328359349706
17351,"1981-08-01",12,1.51979195328881,1.50311675880214
17351,"1981-09-01",12,1.50185850600384,1.48954956048145
17351,"1981-10-01",12,1.60604926273563,1.56237865625884
17351,"1981-11-01",12,1.53400648881379,1.5156176147136
17351,"1981-12-01",12,1.83813118831,1.8099376100221
17351,"1982-01-01",12,0.843200073722622,0.784496768718319
17351,"1982-02-01",12,0.270645539757511,0.252600878230589
17351,"1982-03-01",12,0.298073284472178,0.290122682735346
17351,"1982-04-01",12,0.198927775820642,0.196274865108995
17351,"1982-05-01",12,-0.0560461543108552,-0.0545985464925436
17351,"1982-06-01",12,-0.444835268490689,-0.440200214895692
17351,"1982-07-01",12,-0.335105783921931,-0.327087201941888
17351,"1982-08-01",12,-0.387993932395825,-0.381906844013426
17351,"1982-09-01",12,-0.274926011823641,-0.269768316076605
17351,"1982-10-01",12,-0.137250866746535,-0.129498313480357
17351,"1982-11-01",12,-0.392446125832865,-0.38297033988202
17351,"1982-12-01",12,-1.20706248930906,-1.1702447620855
17351,"1983-01-01",12,-1.17775077959959,-1.11599682666659
17351,"1983-02-01",12,-0.350549686193092,-0.336211910908225
17351,"1983-03-01",12,-0.173565015375749,-0.167357413303658
17351,"1983-04-01",12,0.185969992522796,0.184209709629367
17351,"1983-05-01",12,0.66415594475363,0.656902282595079
17351,"1983-06-01",12,0.663236027228421,0.658210063524206
17351,"1983-07-01",12,0.56730187753178,0.555858577749692
17351,"1983-08-01",12,0.573826377657308,0.5660446299509
17351,"1983-09-01",12,0.700306276967446,0.696060731359125
17351,"1983-10-01",12,0.351538467228576,0.341708914258572
17351,"1983-11-01",12,0.871664590419284,0.864336274484049
17351,"1983-12-01",12,1.00549079341719,0.988836875631495
17351,"1984-01-01",12,1.1705009897505,1.10814705380687
17351,"1984-02-01",12,0.956838498033819,0.91883949164268
17351,"1984-03-01",12,0.841090946958448,0.822934022233157
17351,"1984-04-01",12,0.866996435258058,0.848499054035914
17351,"1984-05-01",12,0.320158056535542,0.317052582515631
17351,"1984-06-01",12,0.169521087207814,0.168323629505458
17351,"1984-07-01",12,0.172204786201569,0.168268994521401
17351,"1984-08-01",12,0.274912214143819,0.270891088302001
17351,"1984-09-01",12,0.194244237684503,0.194757051887532
17351,"1984-10-01",12,0.0860379730606538,0.0854270191730262
17351,"1984-11-01",12,-0.204260227552216,-0.198223188801239
17351,"1984-12-01",12,-0.442642306636633,-0.430794845307508
17351,"1985-01-01",12,-0.253213606056423,-0.24690384155438
17351,"1985-02-01",12,-0.238565767680916,-0.232407653848618
17351,"1985-03-01",12,-0.283017942444608,-0.274904580091759
17351,"1985-04-01",12,-0.698977061371618,-0.678209207450354
17351,"1985-05-01",12,-0.257844975759666,-0.25423579400963
17351,"1985-06-01",12,-0.128939368006771,-0.127855266375457
17351,"1985-07-01",12,-0.164387563798435,-0.161854138040534
17351,"1985-08-01",12,-0.33971074057762,-0.335832096151158
17351,"1985-09-01",12,-0.477559696731157,-0.471669829906399
17351,"1985-10-01",12,0.210210016625655,0.206410310692014
17351,"1985-11-01",12,0.124178438786437,0.126670744525556
17351,"1985-12-01",12,0.0824481842727002,0.0823380628437656
17351,"1986-01-01",12,-0.351451265228053,-0.34250601589308
17351,"1986-02-01",12,-0.499990413993978,-0.484156283038266
17351,"1986-03-01",12,-0.832242115261021,-0.812065889568581
17351,"1986-04-01",12,-1.04730694820632,-1.02150208893746
17351,"1986-05-01",12,-1.07240474898537,-1.05977387139078
17351,"1986-06-01",12,-1.02688374661266,-1.01922486514471
17351,"1986-07-01",12,-0.966353018824467,-0.947567972961384
17351,"1986-08-01",12,-0.874455098466882,-0.86341893514086
17351,"1986-09-01",12,-0.940774894386518,-0.932399516612246
17351,"1986-10-01",12,-1.3374517482146,-1.29325141588237
17351,"1986-11-01",12,-1.32690751034053,-1.31413458613572
17351,"1986-12-01",12,-1.00442172028056,-0.982144503064394
17351,"1987-01-01",12,-0.806142094458343,-0.783073486467147
17351,"1987-02-01",12,-1.01866891148658,-0.984121297472633
17351,"1987-03-01",12,0.293786656407754,0.289542831346549
17351,"1987-04-01",12,0.455946604201114,0.450896960380291
17351,"1987-05-01",12,0.323874994629133,0.321846528418369
17351,"1987-06-01",12,0.277841284395052,0.276521638829217
17351,"1987-07-01",12,0.438407044170133,0.432554430871548
17351,"1987-08-01",12,0.598686608040114,0.593734851148249
17351,"1987-09-01",12,0.655121786473092,0.653824505928433
17351,"1987-10-01",12,0.722563581679007,0.711537884412157
17351,"1987-11-01",12,0.768452707543168,0.767483097515908
17351,"1987-12-01",12,1.20665828901288,1.19786211646408
17351,"1988-01-01",12,0.820374258835525,0.791655793427816
17351,"1988-02-01",12,1.1780213885226,1.15475131497174
17351,"1988-03-01",12,1.03479338252793,1.02270644480061
17351,"1988-04-01",12,1.06198076845756,1.049159904321
17351,"1988-05-01",12,1.12952022494155,1.1243221124159
17351,"1988-06-01",12,1.27143663176602,1.26791747616358
17351,"1988-07-01",12,1.13252700124219,1.12472962050447
17351,"1988-08-01",12,1.00876060499979,1.00365555365212
17351,"1988-09-01",12,0.96918503644962,0.967400254846195
17351,"1988-10-01",12,1.11431083338542,1.10283797118343
17351,"1988-11-01",12,1.31806111585125,1.31632422087072
17351,"1988-12-01",12,0.889663103760206,0.883894363798513
17351,"1989-01-01",12,0.964389650224944,0.938109817437063
17351,"1989-02-01",12,0.413540403255585,0.401551415969572
17351,"1989-03-01",12,-0.251570871779232,-0.246699365610037
17351,"1989-04-01",12,-0.281960742517134,-0.27390980694536
17351,"1989-05-01",12,-0.750000680312058,-0.743634350179194
17351,"1989-06-01",12,-0.940957394948799,-0.936131435213344
17351,"1989-07-01",12,-0.880263397691002,-0.868441016977127
17351,"1989-08-01",12,-0.831941641806283,-0.82467936245444
17351,"1989-09-01",12,-0.637802630738277,-0.633206995523079
17351,"1989-10-01",12,-0.687261629907714,-0.671318579879871
17351,"1989-11-01",12,-0.864610180120721,-0.858821138640937
17351,"1989-12-01",12,-0.565753559835535,-0.557024976627899
17351,"1990-01-01",12,-0.978239053239676,-0.966629001560069
17351,"1990-02-01",12,-0.0933833696449093,-0.0957460072851675
17351,"1990-03-01",12,-0.134256278495917,-0.13150059082983
17351,"1990-04-01",12,-0.0756980863721892,-0.0708871104264865
17351,"1990-05-01",12,0.150861269093082,0.150722958337918
17351,"1990-06-01",12,0.319671798912133,0.318935893761744
17351,"1990-07-01",12,0.308774150708686,0.306119581749558
17351,"1990-08-01",12,0.206730800506416,0.205139794120238
17351,"1990-09-01",12,0.131161514828195,0.133029371609758
17351,"1990-10-01",12,-0.36104430663371,-0.353353448597374
17351,"1990-11-01",12,-0.85610982698175,-0.851759817758202
17351,"1990-12-01",12,-1.21132733726684,-1.1939094187386
17351,"1991-01-01",12,-1.29447337992523,-1.28459941466211
17351,"1991-02-01",12,-1.54941430020342,-1.51517110095962
17351,"1991-03-01",12,-1.67986941692906,-1.65704248913758
17351,"1991-04-01",12,-1.32684735410223,-1.31098019435473
17351,"1991-05-01",12,-1.35769729897606,-1.34847825622639
17351,"1991-06-01",12,-1.72688814783397,-1.71902898044971
17351,"1991-07-01",12,-1.79510023769031,-1.76898596898603
17351,"1991-08-01",12,-1.7227815256559,-1.7060877522173
17351,"1991-09-01",12,-1.79415047294443,-1.78818102100816
17351,"1991-10-01",12,-1.65050959283513,-1.61793472819316
17351,"1991-11-01",12,-1.1290507311601,-1.12636880936495
17351,"1991-12-01",12,0.828186232768322,0.828034994864285
17351,"1992-01-01",12,0.760103413032179,0.7511655212288
17351,"1992-02-01",12,0.609547132867222,0.603127539866495
17351,"1992-03-01",12,0.647423463818114,0.645411078475137
17351,"1992-04-01",12,0.373482775545653,0.374760779774234
17351,"1992-05-01",12,0.650321788377982,0.64976939062638
17351,"1992-06-01",12,0.865305801484342,0.865082628598393
17351,"1992-07-01",12,1.06553788230762,1.06572276815161
17351,"1992-08-01",12,1.06003338113684,1.06006405980394
17351,"1992-09-01",12,1.04662029694065,1.04849623887499
17351,"1992-10-01",12,0.897576993507848,0.898838876684091
17351,"1992-11-01",12,1.38930548388609,1.3958691200826
17351,"1992-12-01",12,0.492200117115767,0.493064246263491
17351,"1993-01-01",12,0.794857549521452,0.790716831273286
17351,"1993-02-01",12,0.768689597748998,0.766067134451805
17351,"1993-03-01",12,0.883900123660039,0.883467703119886
17351,"1993-04-01",12,0.889149996024185,0.889378002084559
17351,"1993-05-01",12,1.00896365531977,1.0095077313448
17351,"1993-06-01",12,0.818348552834644,0.818738118601542
17351,"1993-07-01",12,0.642382701186147,0.642362960454349
17351,"1993-08-01",12,0.641336858974094,0.641133639388107
17351,"1993-09-01",12,0.722735586490103,0.725356487645644
17351,"1993-10-01",12,0.599480385501385,0.602071224132736
17351,"1993-11-01",12,-0.397507800794426,-0.395513086144114
17351,"1993-12-01",12,-1.26061273987376,-1.24992982898863
17351,"1994-01-01",12,-0.0168761076097752,-0.0235641040447615
17351,"1994-02-01",12,0.14335752619766,0.139435728117073
17351,"1994-03-01",12,0.0320792067843507,0.033159500346813
17351,"1994-04-01",12,0.00195760015772647,0.00587221206513089
17351,"1994-05-01",12,-0.350789097631989,-0.349685471147085
17351,"1994-06-01",12,-0.374969691859146,-0.374710487385818
17351,"1994-07-01",12,-0.352409806204948,-0.352378608502219
17351,"1994-08-01",12,-0.305706016705107,-0.305942609439121
17351,"1994-09-01",12,-0.514461770469932,-0.512881909395916
17351,"1994-10-01",12,-0.234501377212829,-0.232026168703324
17351,"1994-11-01",12,1.15001629410582,1.15991787157154
17351,"1994-12-01",12,1.50058123685563,1.51218964973762
17351,"1995-01-01",12,1.14811022959077,1.15895110628909
17351,"1995-02-01",12,1.10731577463127,1.11742470533807
17351,"1995-03-01",12,1.13250577091697,1.13753789677401
17351,"1995-04-01",12,1.31409038803648,1.31900522242333
17351,"1995-05-01",12,1.25182451902238,1.25542099350063
17351,"1995-06-01",12,1.31380281603062,1.31688732070791
17351,"1995-07-01",12,1.42552174191907,1.43543495292022
17351,"1995-08-01",12,1.44364446753243,1.45034839048184
17351,"1995-09-01",12,1.51901751465218,1.52489563542753
17351,"1995-10-01",12,1.53368910526727,1.55262047449963
17351,"1995-11-01",12,1.03457497845375,1.04567837042511
17351,"1995-12-01",12,0.488951021210943,0.493140948091943
17351,"1996-01-01",12,0.379883702586084,0.381518251912685
17351,"1996-02-01",12,0.592395123012793,0.596792247242172
17351,"1996-03-01",12,0.929152742467234,0.9352773040448
17351,"1996-04-01",12,0.873488752057732,0.880161017078384
17351,"1996-05-01",12,0.740633511321564,0.743351645999331
17351,"1996-06-01",12,0.585154397052536,0.586727454541047
17351,"1996-07-01",12,0.471740748763608,0.474055285751005
17351,"1996-08-01",12,0.458933511589589,0.46016438011895
17351,"1996-09-01",12,0.510794126785037,0.514817438730332
17351,"1996-10-01",12,0.741889717636337,0.752467572533437
17351,"1996-11-01",12,-0.0866001402165998,-0.0836680016583079
17351,"1996-12-01",12,0.394653932723716,0.399082245912836
17351,"1997-01-01",12,-0.238281045189593,-0.251453279024255
17351,"1997-02-01",12,-0.498241749192,-0.50764349131164
17351,"1997-03-01",12,-1.17666005198279,-1.17728603313417
17351,"1997-04-01",12,-0.736648563699614,-0.736604489799226
17351,"1997-05-01",12,-0.722826051539511,-0.723134708962412
17351,"1997-06-01",12,-0.612996985346524,-0.613918667209951
17351,"1997-07-01",12,-0.747926155777148,-0.74999013013644
17351,"1997-08-01",12,-0.657529808639497,-0.659026468573212
17351,"1997-09-01",12,-0.682261020787084,-0.68284140363131
17351,"1997-10-01",12,-0.578151566277773,-0.579938488274743
17351,"1997-11-01",12,-9.82033482382989e-05,0.00368785891577416
17351,"1997-12-01",12,0.338790750901835,0.343512574122968
17351,"1998-01-01",12,0.422338416050979,0.430365971138923
17351,"1998-02-01",12,0.0491918827970742,0.0459129454533169
17351,"1998-03-01",12,0.428251665921869,0.433378173148893
17351,"1998-04-01",12,0.0761647895772065,0.0807637992704362
17351,"1998-05-01",12,0.204417127784882,0.205939528248606
17351,"1998-06-01",12,0.193110353133313,0.193957411096358
17351,"1998-07-01",12,0.268144049950566,0.270061595120326
17351,"1998-08-01",12,0.124942700734815,0.125036069302908
17351,"1998-09-01",12,0.27035444193474,0.274087758431261
17351,"1998-10-01",12,-0.269704111103428,-0.270812315672688
17351,"1998-11-01",12,-0.23401399057466,-0.233348445417957
17351,"1998-12-01",12,-0.225417868268524,-0.225989610781587
17351,"1999-01-01",12,-0.0448207253580667,-0.0534372146248481
17351,"1999-02-01",12,0.461116195717726,0.469691770398147
17351,"1999-03-01",12,0.118245234085131,0.12070805879029
17351,"1999-04-01",12,0.37120590374583,0.379234444253558
17351,"1999-05-01",12,0.094005870136844,0.0951421534649579
17351,"1999-06-01",12,0.233774279050074,0.234975545544954
17351,"1999-07-01",12,0.18249894255869,0.183915310638053
17351,"1999-08-01",12,0.212896926829678,0.213833393177744
17351,"1999-09-01",12,0.262236304082007,0.266194727064119
17351,"1999-10-01",12,0.229773180425416,0.236492107135178
17351,"1999-11-01",12,-0.417521596198569,-0.420000976255007
17351,"1999-12-01",12,-1.20382180770473,-1.20871122633106
17351,"2000-01-01",12,-1.28324954554829,-1.34034104516757
17351,"2000-02-01",12,-1.12377502297747,-1.14663701094176
17351,"2000-03-01",12,-1.10802963889517,-1.11643278247697
17351,"2000-04-01",12,-1.10451294020623,-1.1137334498667
17351,"2000-05-01",12,-0.598733770146578,-0.60109093832781
17351,"2000-06-01",12,-0.692338455275552,-0.694951159601413
17351,"2000-07-01",12,-0.822816828787192,-0.829434485414362
17351,"2000-08-01",12,-0.842133011153865,-0.84641089528129
17351,"2000-09-01",12,-0.920029393317466,-0.924015394930868
17351,"2000-10-01",12,-0.103632906386922,-0.103456190314357
17351,"2000-11-01",12,0.0310853429575547,0.0354204565688837
17351,"2000-12-01",12,0.102259210470353,0.105360304300168
17351,"2001-01-01",12,-0.458745504820132,-0.489817161956624
17351,"2001-02-01",12,-0.795410470857281,-0.819921223188251
17351,"2001-03-01",12,-0.760799411109619,-0.769352086914002
17351,"2001-04-01",12,-1.28398781141162,-1.2977005234155
17351,"2001-05-01",12,-0.923122923975386,-0.927286962422887
17351,"2001-06-01",12,-0.827501335203336,-0.831065003975888
17351,"2001-07-01",12,-0.67464068294537,-0.68220414519307
17351,"2001-08-01",12,-0.493353405231069,-0.497564923823486
17351,"2001-09-01",12,-0.534587807376781,-0.536759101790922
17351,"2001-10-01",12,-1.38955687289554,-1.4047661317355
17351,"2001-11-01",12,-0.919184330404459,-0.931599932413071
17351,"2001-12-01",12,0.683288060181039,0.698254426351491
17351,"2002-01-01",12,1.08368262682463,1.13944302591503
17351,"2002-02-01",12,1.06782436596985,1.11000272701184
17351,"2002-03-01",12,1.04716873769139,1.06870276256202
17351,"2002-04-01",12,1.34880792070321,1.37521736290738
17351,"2002-05-01",12,1.02001676251342,1.03047931150124
17351,"2002-06-01",12,0.93477522646518,0.941795173951961
17351,"2002-07-01",12,0.880308470004086,0.89668137718776
17351,"2002-08-01",12,0.882535111681988,0.89312511806784
17351,"2002-09-01",12,0.753580099996268,0.762869496685044
17351,"2002-10-01",12,0.690383206228348,0.714190121598689
17351,"2002-11-01",12,0.321011268153843,0.331356023124074
17351,"2002-12-01",12,-1.01397692240471,-1.0256873540061
17351,"2003-01-01",12,-1.3872919926398,-1.47130383904897
17351,"2003-02-01",12,-0.943588170085787,-0.978460988330255
17351,"2003-03-01",12,-0.484806834926444,-0.492886311531985
17351,"2003-04-01",12,-0.655644622847351,-0.665110129749971
17351,"2003-05-01",12,-0.910184660943161,-0.916313222460774
17351,"2003-06-01",12,-0.805201387159173,-0.809969222781414
17351,"2003-07-01",12,-0.833653996040324,-0.845155685667725
17351,"2003-08-01",12,-1.04491667851051,-1.05288514490478
17351,"2003-09-01",12,-0.995804732035563,-1.00301815355421
17351,"2003-10-01",12,-0.855651046842194,-0.874357188965562
17351,"2003-11-01",12,-0.832898561575737,-0.846788895061937
17351,"2003-12-01",12,-0.275849057315869,-0.280000984431911
17351,"2004-01-01",12,0.620904794236526,0.660026083218292
17351,"2004-02-01",12,0.632017914767784,0.660777506877593
17351,"2004-03-01",12,0.089180040227944,0.0924648885423621
17351,"2004-04-01",12,-0.173334195557397,-0.173488747701783
17351,"2004-05-01",12,0.0268056142977094,0.0277419832559679
17351,"2004-06-01",12,0.18100325054419,0.182703438732098
17351,"2004-07-01",12,0.141504317322731,0.143900798494778
17351,"2004-08-01",12,0.205311410805517,0.207568109108267
17351,"2004-09-01",12,0.201429752473412,0.206034485888016
17351,"2004-10-01",12,0.0588055533764421,0.0632737912997441
17351,"2004-11-01",12,0.680296317293073,0.699827066983688
17351,"2004-12-01",12,0.0186216815395081,0.0206089520668125
17351,"2005-01-01",12,-1.40842790670905,-1.50971824413157
17351,"2005-02-01",12,-1.65761881182753,-1.70974683472795
17351,"2005-03-01",12,-1.14197428884699,-1.16349624702435
17351,"2005-04-01",12,-0.884995143291791,-0.902923879388964
17351,"2005-05-01",12,-0.851316764928388,-0.859060316440565
17351,"2005-06-01",12,-0.856053170860729,-0.862360539411993
17351,"2005-07-01",12,-0.722570584896684,-0.736111322450493
17351,"2005-08-01",12,-0.663615440147642,-0.67199368670303
17351,"2005-09-01",12,-0.56243180782094,-0.567063973505732
17351,"2005-10-01",12,-0.341880538182988,-0.352003325909102
17351,"2005-11-01",12,-0.78846097639313,-0.804201236083824
17351,"2005-12-01",12,-0.523877315994391,-0.534686281046587
17351,"2006-01-01",12,-0.662749403063118,-0.725721665622914
17351,"2006-02-01",12,-0.324549679708819,-0.347010337836422
17351,"2006-03-01",12,-0.410294778664396,-0.420200034977125
17351,"2006-04-01",12,-0.596553970398208,-0.609468509425633
17351,"2006-05-01",12,-0.750916134296073,-0.758781692416813
17351,"2006-06-01",12,-0.762134258728105,-0.768526500390469
17351,"2006-07-01",12,-0.584194071300988,-0.597081391932245
17351,"2006-08-01",12,-0.65772216630773,-0.66691128956463
17351,"2006-09-01",12,-0.623144351748965,-0.629078469347124
17351,"2006-10-01",12,0.104146756140042,0.111025735225112
17351,"2006-11-01",12,0.225877223341038,0.235979896047139
17351,"2006-12-01",12,0.582836384825878,0.602388871561708
17351,"2007-01-01",12,0.567746808615192,0.614582699970727
17351,"2007-02-01",12,0.526757194423346,0.557493758303882
17351,"2007-03-01",12,0.630044333624052,0.651299213790496
17351,"2007-04-01",12,1.0396199298512,1.07434629200393
17351,"2007-05-01",12,1.09906421809059,1.11618598650493
17351,"2007-06-01",12,1.10737369606536,1.11982633110233
17351,"2007-07-01",12,0.922609047195116,0.948820561110075
17351,"2007-08-01",12,0.91771394463845,0.934591087549129
17351,"2007-09-01",12,0.746311707504947,0.75922165277041
17351,"2007-10-01",12,-0.0323088983667098,-0.0314127879494001
17351,"2007-11-01",12,-0.0600741499170899,-0.0580045950174917
17351,"2007-12-01",12,-0.0376283906223234,-0.0372676104836182
17351,"2008-01-01",12,-0.0140235538534216,-0.0226565408044615
17351,"2008-02-01",12,-0.508664471269721,-0.545050380251531
17351,"2008-03-01",12,-0.866618482617417,-0.890567120041519
17351,"2008-04-01",12,-1.54065186688072,-1.58044841710263
17351,"2008-05-01",12,-1.59591554593587,-1.61101896779096
17351,"2008-06-01",12,-1.80589465312651,-1.81778641005152
17351,"2008-07-01",12,-1.71776204236685,-1.74216587262266
17351,"2008-08-01",12,-1.77490004361684,-1.7898546284916
17351,"2008-09-01",12,-1.55070390591532,-1.56805482239673
17351,"2008-10-01",12,-1.37649049593101,-1.42080594698373
17351,"2008-11-01",12,-1.57228457756476,-1.60988896466713
17351,"2008-12-01",12,-1.91753457510859,-1.94748591174702
17351,"2009-01-01",12,-1.46784127908408,-1.60613840204511
17351,"2009-02-01",12,-0.828344168344564,-0.884109837707788
17351,"2009-03-01",12,-0.0489178247115967,-0.0495141522608397
17351,"2009-04-01",12,0.08587638068672,0.0931747204665831
17351,"2009-05-01",12,0.0634319076862214,0.0651594286298391
17351,"2009-06-01",12,0.157229261079601,0.159375069318168
17351,"2009-07-01",12,0.203566201769038,0.209461055830977
17351,"2009-08-01",12,0.142691192290925,0.145010544496613
17351,"2009-09-01",12,0.208001280120131,0.213767984685809
17351,"2009-10-01",12,0.0398226203190497,0.0443608001502055
17351,"2009-11-01",12,0.495649513016561,0.515620033346048
17351,"2009-12-01",12,0.830656944128572,0.863591227795013
17351,"2010-01-01",12,0.72365420465451,0.798845828087556
17351,"2010-02-01",12,0.429423152758267,0.459917706088015
17351,"2010-03-01",12,-0.299127245785857,-0.309256787639466
17351,"2010-04-01",12,0.0395816432176496,0.0452594510168908
17351,"2010-05-01",12,0.235284433173966,0.240286034770124
17351,"2010-06-01",12,0.259193575939962,0.262880925268867
17351,"2010-07-01",12,0.200642427434517,0.206862649215201
17351,"2010-08-01",12,0.204795813432985,0.208709303364206
17351,"2010-09-01",12,-0.0140472367368724,-0.0120423239013361
17351,"2010-10-01",12,0.118452387734211,0.127698042022631
17351,"2010-11-01",12,-0.301821040862177,-0.308509448675967
17351,"2010-12-01",12,0.0596451537359311,0.0635226440175253
17351,"2011-01-01",12,-0.159573740274119,-0.186825844501873
17351,"2011-02-01",12,-0.0678661274358802,-0.0780921567183996
17351,"2011-03-01",12,0.419086067735208,0.437941679499176
17351,"2011-04-01",12,0.437278103688384,0.459845434122147
17351,"2011-05-01",12,0.64979580904481,0.663294567084416
17351,"2011-06-01",12,0.839652380075793,0.851900556713226
17351,"2011-07-01",12,0.878290750455433,0.910132630499092
17351,"2011-08-01",12,0.909915182941075,0.931271113477498
17351,"2011-09-01",12,0.913707890784448,0.932289453135809
17351,"2011-10-01",12,0.784925768091948,0.835812446311922
17351,"2011-11-01",12,0.739777978286748,0.769597515980026
17351,"2011-12-01",12,0.583413066572622,0.609754827952572
17351,"2012-01-01",12,1.26675159131034,1.40812953818867
17351,"2012-02-01",12,1.4146595559351,1.53170733110833
17351,"2012-03-01",12,1.29017259541723,1.34531315888221
17351,"2012-04-01",12,1.01915816663603,1.06590053665268
17351,"2012-05-01",12,0.950166339854552,0.970392714645948
17351,"2012-06-01",12,0.695845957440758,0.706649098926302
17351,"2012-07-01",12,0.661584717217269,0.686822765019584
17351,"2012-08-01",12,0.592603363383666,0.607067412770112
17351,"2012-09-01",12,0.640999176732887,0.65572343248348
17351,"2012-10-01",12,0.865885314205472,0.924497369945132
17351,"2012-11-01",12,1.17080733554529,1.21496612031157
17351,"2012-12-01",12,1.57004258494399,1.63789261055316
17351,"2013-01-01",12,0.874170858084467,0.982096687047138
17351,"2013-02-01",12,0.596676881726325,0.649651060765982
17351,"2013-03-01",12,0.521114167485894,0.546889418116216
17351,"2013-04-01",12,0.69288444192188,0.729121672622418
17351,"2013-05-01",12,0.516615752975799,0.52870725907009
17351,"2013-06-01",12,0.549182623074984,0.558224672546126
17351,"2013-07-01",12,0.571768490473134,0.59465980916686
17351,"2013-08-01",12,0.664286807954427,0.681470928806551
17351,"2013-09-01",12,0.768361612606976,0.786119340454836
17351,"2013-10-01",12,0.636836909384322,0.683281260691265
17351,"2013-11-01",12,0.00328430506393449,0.00731459014182869
17351,"2013-12-01",12,-1.55993563958094,-1.60534008611073
17351,"2014-01-01",12,-2.09970581450396,-2.32487838963067
17351,"2014-02-01",12,-2.13100587891326,-2.24869046468035
17351,"2014-03-01",12,-2.06008092800929,-2.12184870877678
17351,"2014-04-01",12,-2.23989649723632,-2.31688655045611
17351,"2014-05-01",12,-2.29675248358343,-2.32307073011007
17351,"2014-06-01",12,-1.71554528886556,-1.73435407937458
17351,"2014-07-01",12,-1.71180191115782,-1.75357791376619
17351,"2014-08-01",12,-1.7562915184038,-1.78283615845169
17351,"2014-09-01",12,-1.24897729750331,-1.27048514109158
17351,"2014-10-01",12,-1.07701895063815,-1.13671650846299
17351,"2014-11-01",12,-0.659484212777102,-0.6826799224647
17351,"2014-12-01",12,-0.123704766777044,-0.128035123515507
17351,"2015-01-01",12,0.31011345235927,0.350506161607622
17351,"2015-02-01",12,0.752289687236203,0.827143962557504
17351,"2015-03-01",12,1.09490344145838,1.15065759045477
17351,"2015-04-01",12,1.10361223747226,1.16135258249105
17351,"2015-05-01",12,1.19245627644471,1.22100239365003
17351,"2015-06-01",12,0.924306287061743,0.940585182833715
17351,"2015-07-01",12,0.891438057980999,0.930812955459383
17351,"2015-08-01",12,0.900870739502721,0.926621258220975
17351,"2015-09-01",12,0.974267841248329,0.997537928463436
17351,"2015-10-01",12,0.866726434015806,0.934297439387053
17351,"2015-11-01",12,0.593185339313068,0.622510826204874
17351,"2015-12-01",12,0.0732180910358183,0.0785291157555775
17351,"2016-01-01",12,0.261888419296731,0.296828538453739
17351,"2016-02-01",12,-0.0609667472012883,-0.0723063523008882
17351,"2016-03-01",12,-0.484087164838016,-0.508102432204595
17351,"2016-04-01",12,-0.499975970445439,-0.523381101452121
17351,"2016-05-01",12,-0.303006311463676,-0.309802569822773
17351,"2016-06-01",12,-0.13281550540337,-0.135112238713978
17351,"2016-07-01",12,-0.178497814463405,-0.187152677280106
17351,"2016-08-01",12,-0.200639242041549,-0.207071902410859
17351,"2016-09-01",12,-0.725293633632383,-0.739607436154581
17351,"2016-10-01",12,-0.716341194958292,-0.76448471862878
17351,"2016-11-01",12,-0.68167202620972,-0.708114757311231
17351,"2016-12-01",12,0.562599359023907,0.594669480253058
17351,"2017-01-01",12,0.16090613284727,0.180707878087823
17351,"2017-02-01",12,-0.303461965748796,-0.341979444653887
17351,"2017-03-01",12,-0.305515588202057,-0.321420058360532
17351,"2017-04-01",12,-0.0221581176745995,-0.019312702090439
17351,"2017-05-01",12,-0.300266459574077,-0.307354577946779
17351,"2017-06-01",12,-0.432890451532458,-0.440730726070751
17351,"2017-07-01",12,-0.496574864558917,-0.519248592711237
17351,"2017-08-01",12,-0.474810444874678,-0.489086070172725
17351,"2017-09-01",12,-0.695766365685957,-0.710164690254463
17351,"2017-10-01",12,-0.69872210128976,-0.748265633272977
17351,"2017-11-01",12,-0.00709534532346568,-0.00351297574847433
17351,"2017-12-01",12,-1.04616473071619,-1.09186331225427
17351,"2018-01-01",12,0.446092681017188,0.516607625150734
17351,"2018-02-01",12,0.728166771991613,0.811388222080864
17351,"2018-03-01",12,0.582165720832455,0.61820402764769
17351,"2018-04-01",12,0.388140119046349,0.416061907957046
17351,"2018-05-01",12,0.186986886919319,0.192875253547109
17351,"2018-06-01",12,0.286751531093303,0.292734380546455
17351,"2018-07-01",12,0.415574478648727,0.436346146644305
17351,"2018-08-01",12,0.413494726250004,0.4266878595309
17351,"2018-09-01",12,0.367318391844522,0.379164725997613
17351,"2018-10-01",12,0.499226403227351,0.545319426164962
17351,"2018-11-01",12,-0.0213120338738544,-0.0184474581671341
17351,"2018-12-01",12,1.20858841049475,1.2782349193863
17351,"2019-01-01",12,0.961573462966037,1.11814500333111
17351,"2019-02-01",12,1.09237147031402,1.22021720485682
17351,"2019-03-01",12,1.30856769975405,1.38524156339283
17351,"2019-04-01",12,1.44687462346948,1.53053985883918
17351,"2019-05-01",12,1.37064017485392,1.40841618399096
17351,"2019-06-01",12,1.28137357072454,1.30688472481877
17351,"2019-07-01",12,1.3621049750783,1.43055209524945
17351,"2019-08-01",12,1.35978759175252,1.40430267099308
17351,"2019-09-01",12,1.38802558851011,1.42332965896473
17351,"2019-10-01",12,1.23223967740489,1.34013225018936
17351,"2019-11-01",12,1.20778369347765,1.26677580191654
17351,"2019-12-01",12,1.48901160884505,1.57501431861395
17351,"2020-01-01",12,1.17114705306264,1.36394883201971
17351,"2020-02-01",12,1.24753499015302,1.39703741625366
17351,"2020-03-01",12,1.06866742490145,1.1360515371853
17351,"2020-04-01",12,0.8626709391031,0.921356492497657
17351,"2020-05-01",12,1.16398191719303,1.19817810531846
17351,"2020-06-01",12,1.20727604791269,1.23243514897097
17351,"2020-07-01",12,1.16422410715146,1.22601795003775
17351,"2020-08-01",12,1.15468275569181,1.19451912731876
17351,"2020-09-01",12,1.20895359058688,1.24198471660907
17351,"2020-10-01",12,1.26702454620403,1.38153513677115
17351,"2020-11-01",12,1.39545547734713,1.46306962907001
17351,"2020-12-01",12,-0.339004050363844,-0.357940164084029
17351,"2021-01-01",12,-0.537352582350613,-0.64886917281976
17351,"2021-02-01",12,-1.11831079314676,-1.24678610604755
17351,"2021-03-01",12,-1.08742993220537,-1.14914320092883
17351,"2021-04-01",12,-0.935480294258086,-0.991763662454419
17351,"2021-05-01",12,-1.4284482158799,-1.46186436523532
17351,"2021-06-01",12,-1.69750194657974,-1.72433317357746
17351,"2021-07-01",12,-1.7052275410698,-1.76732078586097
17351,"2021-08-01",12,-1.72483863049247,-1.76470121727714
17351,"2021-09-01",12,-1.71621869599648,-1.75357562492861
17351,"2021-10-01",12,-1.87680721350519,-1.99254186022034
17351,"2021-11-01",12,-1.82428793118446,-1.9006879084539
17351,"2021-12-01",12,-0.570694048733995,-0.603621142778132
17351,"2022-01-01",12,0.0895177837335024,0.100375447369179
17351,"2022-02-01",12,0.446690839900338,0.505903318498716
17351,"2022-03-01",12,0.748174603533085,0.801170575757514
17351,"2022-04-01",12,0.519091772352634,0.560302150544215
17351,"2022-05-01",12,0.547455666403411,0.565990522330703
17351,"2022-06-01",12,0.677070346812873,0.693063565020169
17351,"2022-07-01",12,0.557794460297733,0.590564447377793
17351,"2022-08-01",12,0.627608433498049,0.651331138348735
17351,"2022-09-01",12,0.558411790505059,0.577317185433117
17351,"2022-10-01",12,0.600813441060443,0.664299474229716
17351,"2022-11-01",12,0.90797396301511,0.9601697485764
17351,"2022-12-01",12,0.00647853523984822,0.00851385972017876
17351,"2023-01-01",12,-1.66675947733376,-1.95153119891721
17351,"2023-02-01",12,-1.81193553259618,-1.99191137144071
17351,"2023-03-01",12,-1.90666190480057,-2.00167408303585
17351,"2023-04-01",12,-0.919488177877352,-0.979571897559501
17351,"2023-05-01",12,-0.671084053492488,-0.691310944663299
17351,"2023-06-01",12,-0.66233052514919,-0.677119046242223
17351,"2023-07-01",12,-0.666383060961624,-0.703641107387533
17351,"2023-08-01",12,-0.714304923127984,-0.739916773331697
17351,"2023-09-01",12,-0.743548869460922,-0.763414121900952
17351,"2023-10-01",12,-0.501818512431431,-0.549157737867087
17351,"2023-11-01",12,-0.663801070927529,-0.697783819335975
17351,"2023-12-01",12,-0.500506182019486,-0.531982275886884
17351,"2024-01-01",12,-0.0969273125088345,-0.126622610145566
17351,"2024-02-01",12,-0.364137158173005,-0.422566652445923
17351,"2024-03-01",12,-0.455529406588444,-0.487650520572737
17351,"2024-04-01",12,-1.20318224961293,-1.28191284229296
17351,"2024-05-01",12,-0.842664016654328,-0.868290319500865
17351,"2024-06-01",12,-1.04188528351596,-1.06418208740213
17351,"2024-07-01",12,-0.993809477266956,-1.04653942923652
17351,"2024-08-01",12,-1.02411999191615,-1.05894086559028
17351,"2024-09-01",12,-0.676806064058321,-0.695547556274316
17351,"2024-10-01",12,-0.762611386748692,-0.834800238928961
17351,"2024-11-01",12,-0.534381245627897,-0.562358710211116
17351,"2024-12-01",12,-0.253999296974958,-0.270444897854362
17351,"2025-01-01",12,-0.840286205625773,-1.02676863825278
17351,"2025-02-01",12,-0.678276237168024,-0.780873185396613
17351,"2025-03-01",12,-1.2075500585605,-1.28549587936384
17351,"2025-04-01",12,-1.09228971813516,-1.16764290919687
17351,"2025-05-01",12,-1.62054788375714,-1.66273449129764
17351,"2025-06-01",12,-1.70221551428082,-1.73372320535513
17351,"2025-07-01",12,-1.70509904892569,-1.77888147001881
17351,"2025-08-01",12,-1.72657528638672,-1.77409402087935
17351,"2025-09-01",12,-2.13456824279595,-2.18397007261064
17351,"2025-10-01",12,-2.12455960584889,-2.2676777420201
17351,"2025-11-01",12,-2.69524467872536,-2.80733333808711
17351,"2025-12-01",12,-2.62217352332562,-2.71632188950644
17802,"1965-02-01",12,NA,NA
17802,"1965-03-01",12,NA,NA
17802,"1965-04-01",12,NA,NA
17802,"1965-05-01",12,NA,NA
17802,"1965-06-01",12,NA,NA
17802,"1965-07-01",12,NA,NA
17802,"1965-08-01",12,NA,NA
17802,"1965-09-01",12,NA,NA
17802,"1965-10-01",12,NA,NA
17802,"1965-11-01",12,NA,NA
17802,"1965-12-01",12,NA,NA
17802,"1966-01-01",12,1.6629057063953,0.998495248391406
17802,"1966-02-01",12,1.42331422716032,0.697591122261438
17802,"1966-03-01",12,1.17514227357168,0.358653229341446
17802,"1966-04-01",12,0.816160225735791,-0.124166449286805
17802,"1966-05-01",12,0.655729253148059,-0.37693866266754
17802,"1966-06-01",12,0.262519058071828,-0.91533647801401
17802,"1966-07-01",12,0.249890546504434,-0.896673685529557
17802,"1966-08-01",12,0.506497412406774,-0.598115809956315
17802,"1966-09-01",12,0.60072175164906,-0.441068738236546
17802,"1966-10-01",12,-0.0554479065688383,-1.1505518662853
17802,"1966-11-01",12,-0.27678497420163,-1.37150485207239
17802,"1966-12-01",12,-0.112703019503426,-1.19959162199879
17802,"1967-01-01",12,-0.436145957524956,-1.46736075900781
17802,"1967-02-01",12,-0.117815690590066,-1.14512995688397
17802,"1967-03-01",12,0.190933231420417,-0.823719447701391
17802,"1967-04-01",12,0.151998886071147,-0.866952368564822
17802,"1967-05-01",12,0.681661357587107,-0.302803975865517
17802,"1967-06-01",12,1.0450331395861,0.11008423636374
17802,"1967-07-01",12,1.18519231969829,0.321964684125067
17802,"1967-08-01",12,1.30422317292948,0.52261711804462
17802,"1967-09-01",12,1.24023370182131,0.465296189586871
17802,"1967-10-01",12,1.39375822787055,0.673944779043198
17802,"1967-11-01",12,1.84674236616069,1.31005962246756
17802,"1967-12-01",12,1.69163331563698,1.08850887703214
17802,"1968-01-01",12,1.90406181979897,1.40223009765216
17802,"1968-02-01",12,1.90468392703239,1.43631457598047
17802,"1968-03-01",12,1.90474070795902,1.44657287000244
17802,"1968-04-01",12,1.76850631196237,1.25440370209655
17802,"1968-05-01",12,1.59425231421402,1.00282851368181
17802,"1968-06-01",12,1.48783154602439,0.789950063982917
17802,"1968-07-01",12,1.32566967943236,0.562086094839745
17802,"1968-08-01",12,1.25589371337387,0.494658341719362
17802,"1968-09-01",12,1.29449744357416,0.583563916741747
17802,"1968-10-01",12,1.36000489689225,0.665039007712759
17802,"1968-11-01",12,0.980277218899236,0.139105773553582
17802,"1968-12-01",12,1.03049359894245,0.210184205189355
17802,"1969-01-01",12,0.346534163335382,-0.598423563838979
17802,"1969-02-01",12,0.829026042608604,0.0114007165306565
17802,"1969-03-01",12,0.800724220085114,-0.0199697649169387
17802,"1969-04-01",12,1.31751546050362,0.667346258349946
17802,"1969-05-01",12,1.4778494853339,0.874354286223334
17802,"1969-06-01",12,1.77655967582585,1.24620430002513
17802,"1969-07-01",12,1.78587704190063,1.25503411838192
17802,"1969-08-01",12,1.44020300574423,0.801615516875514
17802,"1969-09-01",12,1.34553298470135,0.696310627824933
17802,"1969-10-01",12,1.27914369895184,0.591259009659107
17802,"1969-11-01",12,1.21390431073031,0.498033191890963
17802,"1969-12-01",12,1.44128962182814,0.81285578453594
17802,"1970-01-01",12,1.39584494174382,0.777859202754867
17802,"1970-02-01",12,1.12216552968421,0.437708865817507
17802,"1970-03-01",12,0.832245701751343,0.0611940949965348
17802,"1970-04-01",12,0.272964688430641,-0.621643597913923
17802,"1970-05-01",12,0.226809951678277,-0.728931220019392
17802,"1970-06-01",12,-0.190266355664182,-1.24226687635076
17802,"1970-07-01",12,-0.225804098096938,-1.24427831837721
17802,"1970-08-01",12,-0.074306361685647,-1.09338116851004
17802,"1970-09-01",12,-0.185992090483282,-1.17356445200744
17802,"1970-10-01",12,0.156354556023332,-0.782578502433103
17802,"1970-11-01",12,0.187769897414271,-0.750642075034145
17802,"1970-12-01",12,-0.343399314885276,-1.28934508184953
17802,"1971-01-01",12,-0.638899510149581,-1.52903191825185
17802,"1971-02-01",12,-1.1516153982988,-1.99504833979705
17802,"1971-03-01",12,-0.975282812536863,-1.8372484855546
17802,"1971-04-01",12,-0.344967623157398,-1.23834892638461
17802,"1971-05-01",12,-0.649183974603337,-1.59822133391907
17802,"1971-06-01",12,-0.148818204343508,-1.16338222617287
17802,"1971-07-01",12,-0.355633512913056,-1.33811306425944
17802,"1971-08-01",12,0.12801517520109,-0.834943158579845
17802,"1971-09-01",12,-0.0488502672604315,-0.992772651191228
17802,"1971-10-01",12,-0.393602790220648,-1.31658181664298
17802,"1971-11-01",12,-0.239897007002174,-1.16555920196151
17802,"1971-12-01",12,-0.0752589360788568,-0.983892257177236
17802,"1972-01-01",12,0.108671194264783,-0.744857363727272
17802,"1972-02-01",12,0.254584655034559,-0.565077875070436
17802,"1972-03-01",12,-0.0392233644111085,-0.88720510205891
17802,"1972-04-01",12,-0.0702370543171803,-0.922480000663792
17802,"1972-05-01",12,0.651389762867873,-0.133162120632664
17802,"1972-06-01",12,1.23594091199588,0.592884579750204
17802,"1972-07-01",12,1.28033474075311,0.659205211417309
17802,"1972-08-01",12,0.809346836311006,0.0460723353626071
17802,"1972-09-01",12,0.975559097808193,0.30328874786091
17802,"1972-10-01",12,1.06854600942272,0.422904226733234
17802,"1972-11-01",12,0.985031389437748,0.309589123340152
17802,"1972-12-01",12,0.658790435764991,-0.105529613540472
17802,"1973-01-01",12,0.601946334843825,-0.135274635933803
17802,"1973-02-01",12,0.568947889965099,-0.154166676234781
17802,"1973-03-01",12,0.915764953073437,0.290676364090475
17802,"1973-04-01",12,1.1292388636463,0.565880266756096
17802,"1973-05-01",12,1.15796142751458,0.584093573468699
17802,"1973-06-01",12,0.260697980549919,-0.635429577632421
17802,"1973-07-01",12,0.188078852599167,-0.693193858221342
17802,"1973-08-01",12,0.136055782508825,-0.745812531814834
17802,"1973-09-01",12,-0.13189727024496,-1.00757962511932
17802,"1973-10-01",12,-0.313506132519328,-1.16895651628508
17802,"1973-11-01",12,-0.104926273487659,-0.954325973649547
17802,"1973-12-01",12,0.215958299837826,-0.591493563007682
17802,"1974-01-01",12,0.163404487940792,-0.606773776351489
17802,"1974-02-01",12,0.0824426815587436,-0.681740938261919
17802,"1974-03-01",12,0.0886458812885654,-0.672909636369762
17802,"1974-04-01",12,0.77573797162276,0.144932172195902
17802,"1974-05-01",12,0.166074712780391,-0.640815710821075
17802,"1974-06-01",12,-0.418605469561837,-1.3301530044374
17802,"1974-07-01",12,-0.432248018038815,-1.311382704652
17802,"1974-08-01",12,-0.336283593139712,-1.21957166971772
17802,"1974-09-01",12,0.0176051016761039,-0.805764060851769
17802,"1974-10-01",12,0.137878691565058,-0.650287525925154
17802,"1974-11-01",12,0.265297241156808,-0.505955500193175
17802,"1974-12-01",12,0.242482375204566,-0.521665126870662
17802,"1975-01-01",12,0.321462472280909,-0.387058324468372
17802,"1975-02-01",12,0.483669907201934,-0.177763289428753
17802,"1975-03-01",12,0.327876890594414,-0.359526956144768
17802,"1975-04-01",12,0.163944186560109,-0.553583724881957
17802,"1975-05-01",12,0.876479814445126,0.286318718891602
17802,"1975-06-01",12,1.43474392352228,0.990206061780392
17802,"1975-07-01",12,1.30608002962411,0.812410163759404
17802,"1975-08-01",12,1.29008430163637,0.829330502707708
17802,"1975-09-01",12,0.937876738813633,0.377183409574748
17802,"1975-10-01",12,0.817308712960499,0.21385840304927
17802,"1975-11-01",12,0.675873913201507,0.0327707409414213
17802,"1975-12-01",12,0.903198963467937,0.32896779276549
17802,"1976-01-01",12,1.00054952908673,0.490055756912551
17802,"1976-02-01",12,0.922206478176869,0.410847682912869
17802,"1976-03-01",12,0.759631608591936,0.210572712503855
17802,"1976-04-01",12,0.436022315357013,-0.195686094669214
17802,"1976-05-01",12,0.507065675713888,-0.148388284829119
17802,"1976-06-01",12,0.297805818342786,-0.465910600898591
17802,"1976-07-01",12,0.456174912799769,-0.254930923179949
17802,"1976-08-01",12,0.182771228276516,-0.568620916813548
17802,"1976-09-01",12,0.557902311980805,-0.0771696924433893
17802,"1976-10-01",12,0.983766984209698,0.470075679763932
17802,"1976-11-01",12,0.824860453562749,0.263873904680373
17802,"1976-12-01",12,0.650860394071376,0.0497544764103901
17802,"1977-01-01",12,0.378829708249052,-0.238318368699442
17802,"1977-02-01",12,0.289967053274176,-0.328562216145147
17802,"1977-03-01",12,0.827340036343437,0.336713109177433
17802,"1977-04-01",12,0.82653394168798,0.329054571507384
17802,"1977-05-01",12,0.69970906520791,0.138579225742609
17802,"1977-06-01",12,0.657613257217265,0.0262526370052864
17802,"1977-07-01",12,0.526269425562276,-0.126602748346222
17802,"1977-08-01",12,0.352821231388964,-0.321664586474061
17802,"1977-09-01",12,0.0285518181239425,-0.675491359135358
17802,"1977-10-01",12,-0.235217390777417,-0.945515796339562
17802,"1977-11-01",12,-0.153898771214593,-0.858048529267396
17802,"1977-12-01",12,-0.181449481889252,-0.874303224272708
17802,"1978-01-01",12,0.58513900625438,0.0508612632163847
17802,"1978-02-01",12,0.767504351415258,0.293516491850234
17802,"1978-03-01",12,0.417477066405081,-0.13206285368441
17802,"1978-04-01",12,0.692085488904437,0.199323944843406
17802,"1978-05-01",12,-0.00418075021847424,-0.677506083368815
17802,"1978-06-01",12,-0.163739241998147,-0.913123308366235
17802,"1978-07-01",12,-0.361290682679719,-1.0977844444506
17802,"1978-08-01",12,-0.124684032844361,-0.840090768407909
17802,"1978-09-01",12,0.266260441789108,-0.354605631437396
17802,"1978-10-01",12,0.396248687810919,-0.18889095816143
17802,"1978-11-01",12,0.725591809448393,0.219296958994051
17802,"1978-12-01",12,0.793203973152407,0.310759482021305
17802,"1979-01-01",12,0.317799825134189,-0.228043847442326
17802,"1979-02-01",12,0.467960900351356,-0.0362042988410997
17802,"1979-03-01",12,0.315842339002073,-0.21357351730938
17802,"1979-04-01",12,-0.353690263482337,-0.972013901893348
17802,"1979-05-01",12,0.23959706820453,-0.351444457885353
17802,"1979-06-01",12,0.880585634059352,0.404562501488068
17802,"1979-07-01",12,1.22341155340027,0.856534118339308
17802,"1979-08-01",12,0.969939059874527,0.560152660928507
17802,"1979-09-01",12,0.411379164007542,-0.13466834203664
17802,"1979-10-01",12,0.369953278812277,-0.179889840037904
17802,"1979-11-01",12,0.591294586425297,0.0920863972365013
17802,"1979-12-01",12,0.493033065461412,-0.0206782411115566
17802,"1980-01-01",12,0.510866534471383,0.0433731342186461
17802,"1980-02-01",12,0.0260902836431803,-0.514946197496488
17802,"1980-03-01",12,0.721621493873548,0.323205658995552
17802,"1980-04-01",12,0.910504416053888,0.552688308331451
17802,"1980-05-01",12,1.23742763826143,0.961502260085824
17802,"1980-06-01",12,0.756447027182561,0.284851799176485
17802,"1980-07-01",12,0.266730652381443,-0.316408739788993
17802,"1980-08-01",12,0.417906548028368,-0.111485893635549
17802,"1980-09-01",12,0.605376909760103,0.152105790966035
17802,"1980-10-01",12,0.477525754762099,-0.00836495465986615
17802,"1980-11-01",12,0.460540162188187,-0.0277357841853336
17802,"1980-12-01",12,0.411020309308179,-0.0786984814563594
17802,"1981-01-01",12,-0.0212483099164427,-0.535960351495293
17802,"1981-02-01",12,0.0953366286526341,-0.396630057982643
17802,"1981-03-01",12,0.0699741293385623,-0.421850888079615
17802,"1981-04-01",12,-0.173338254994913,-0.702915456701274
17802,"1981-05-01",12,-0.0852690560192272,-0.651562067964001
17802,"1981-06-01",12,0.494780547030146,-0.00693961809367366
17802,"1981-07-01",12,0.68694629199931,0.243849921239
17802,"1981-08-01",12,0.612147611734458,0.178298260858082
17802,"1981-09-01",12,0.371110684878436,-0.100352609366589
17802,"1981-10-01",12,0.514894027949328,0.0783782005096398
17802,"1981-11-01",12,0.659533890808878,0.25937131810472
17802,"1981-12-01",12,0.866834226019609,0.524435977233523
17802,"1982-01-01",12,0.846064398005797,0.535313745666467
17802,"1982-02-01",12,0.863981724811083,0.57087822838918
17802,"1982-03-01",12,0.468477083889863,0.0917578897768083
17802,"1982-04-01",12,0.768545470204558,0.452806126215541
17802,"1982-05-01",12,-0.00718599521733318,-0.521075886812434
17802,"1982-06-01",12,-0.115478890746081,-0.698742234761864
17802,"1982-07-01",12,0.24800772903199,-0.255259865861871
17802,"1982-08-01",12,0.236020669290134,-0.25009646126932
17802,"1982-09-01",12,0.4327031684513,0.0185376763657218
17802,"1982-10-01",12,0.41150390364204,-0.00709775001998536
17802,"1982-11-01",12,-0.0080234616608219,-0.50102045669358
17802,"1982-12-01",12,-0.0567457871514542,-0.543634078139102
17802,"1983-01-01",12,-0.142822526685346,-0.592668994647431
17802,"1983-02-01",12,-0.0723968131349486,-0.510296747945247
17802,"1983-03-01",12,-0.180786496730499,-0.629547348830811
17802,"1983-04-01",12,-0.0556583800453164,-0.493911298252333
17802,"1983-05-01",12,0.584354539647583,0.24196940760572
17802,"1983-06-01",12,0.525643367732843,0.119201605265668
17802,"1983-07-01",12,0.354334125867179,-0.0847973420928936
17802,"1983-08-01",12,0.489967807800918,0.109441400558967
17802,"1983-09-01",12,0.410744127844179,0.0333665596163998
17802,"1983-10-01",12,0.886763805034548,0.621212441844124
17802,"1983-11-01",12,1.5024413831051,1.38942015737972
17802,"1983-12-01",12,1.32305787117806,1.16798240070987
17802,"1984-01-01",12,1.09019402267705,0.912017010405998
17802,"1984-02-01",12,0.878238108034824,0.664908623553844
17802,"1984-03-01",12,1.20704664010228,1.07809081115383
17802,"1984-04-01",12,1.30015449717065,1.18273105371499
17802,"1984-05-01",12,1.08921877600745,0.921362577913856
17802,"1984-06-01",12,0.782709524379499,0.489659793729336
17802,"1984-07-01",12,0.853471536492825,0.578217321373512
17802,"1984-08-01",12,0.885451164862668,0.656726493738455
17802,"1984-09-01",12,0.792293390840242,0.556379291487809
17802,"1984-10-01",12,0.11602230499813,-0.27887196900974
17802,"1984-11-01",12,-0.655479102317825,-1.14047903082662
17802,"1984-12-01",12,-0.492096176724303,-0.94863238456124
17802,"1985-01-01",12,-0.495964736699083,-0.903795843207251
17802,"1985-02-01",12,-0.134992876699731,-0.503806219527118
17802,"1985-03-01",12,-0.534945262273519,-0.947530949423851
17802,"1985-04-01",12,-0.912681578353313,-1.35705502672079
17802,"1985-05-01",12,-1.4025800404984,-1.92521361712107
17802,"1985-06-01",12,-1.21134512001136,-1.76865118207835
17802,"1985-07-01",12,-1.29378789772205,-1.82133989046627
17802,"1985-08-01",12,-1.67552491427958,-2.2294882438116
17802,"1985-09-01",12,-1.66449725703947,-2.19739239564695
17802,"1985-10-01",12,-0.880224529552414,-1.34770348661146
17802,"1985-11-01",12,-0.726711397962461,-1.18165910991296
17802,"1985-12-01",12,-0.711481237364864,-1.1485743670492
17802,"1986-01-01",12,-0.682824584904385,-1.068708969513
17802,"1986-02-01",12,-0.890559539388142,-1.29645377177957
17802,"1986-03-01",12,-1.15810704056125,-1.57905885249193
17802,"1986-04-01",12,-1.34483819337311,-1.7766385275736
17802,"1986-05-01",12,-0.0803822541431086,-0.444492528629281
17802,"1986-06-01",12,0.256532754223931,-0.0851561962168914
17802,"1986-07-01",12,0.0791087510009032,-0.289077056751861
17802,"1986-08-01",12,0.0828720318955823,-0.264503568911213
17802,"1986-09-01",12,0.124966663490434,-0.191516551237571
17802,"1986-10-01",12,-0.607195384084624,-1.02055312576004
17802,"1986-11-01",12,-0.282780145403468,-0.655969611865869
17802,"1986-12-01",12,-0.213991151514871,-0.563304607203361
17802,"1987-01-01",12,0.0262353367868801,-0.238810102511927
17802,"1987-02-01",12,-0.144417563151256,-0.436520478251761
17802,"1987-03-01",12,0.404605437596775,0.216421991572371
17802,"1987-04-01",12,0.761231033441404,0.636680135317782
17802,"1987-05-01",12,-0.182096570104952,-0.523609619048422
17802,"1987-06-01",12,-0.24285089748842,-0.640209749702868
17802,"1987-07-01",12,-0.0241363621940339,-0.3693073356356
17802,"1987-08-01",12,0.165911733294799,-0.119925726639201
17802,"1987-09-01",12,0.191596788471636,-0.0681295740022142
17802,"1987-10-01",12,0.806796941470565,0.677299928891653
17802,"1987-11-01",12,0.754059208928898,0.617380882799102
17802,"1987-12-01",12,0.997121140664514,0.915731412702074
17802,"1988-01-01",12,0.64582799808057,0.532102066054618
17802,"1988-02-01",12,0.824994452575507,0.751038338800542
17802,"1988-03-01",12,1.00618967809111,0.97744527750156
17802,"1988-04-01",12,1.0006766206984,0.960835512184494
17802,"1988-05-01",12,1.25592733914777,1.27148351322288
17802,"1988-06-01",12,1.40327433074518,1.42243701578137
17802,"1988-07-01",12,1.44244566488369,1.45258555311937
17802,"1988-08-01",12,1.3920760208492,1.44023466674072
17802,"1988-09-01",12,1.33734602666282,1.38226015381079
17802,"1988-10-01",12,1.31904066575046,1.32948788779046
17802,"1988-11-01",12,1.56480166801675,1.62252463979737
17802,"1988-12-01",12,1.32161582154401,1.33660897262756
17802,"1989-01-01",12,1.27212509307544,1.30524065514784
17802,"1989-02-01",12,1.03853116664572,1.04044444830399
17802,"1989-03-01",12,0.518578225711497,0.432893805188716
17802,"1989-04-01",12,-0.134747068249967,-0.349974895750092
17802,"1989-05-01",12,-0.695258720222993,-1.03591834989864
17802,"1989-06-01",12,-0.992940314417196,-1.40654671101769
17802,"1989-07-01",12,-1.31526249168023,-1.72433826936367
17802,"1989-08-01",12,-1.49503143383575,-1.92943742107917
17802,"1989-09-01",12,-1.43136912566017,-1.84234757100869
17802,"1989-10-01",12,-1.53201549029768,-1.9118330511663
17802,"1989-11-01",12,-1.52790832400131,-1.90347357248169
17802,"1989-12-01",12,-1.28065255961244,-1.62235021943345
17802,"1990-01-01",12,-1.36509994677531,-1.66331933422066
17802,"1990-02-01",12,-1.12835219787974,-1.42244844517481
17802,"1990-03-01",12,-1.20680015626122,-1.5080397338324
17802,"1990-04-01",12,-0.27894857614382,-0.477879925164131
17802,"1990-05-01",12,0.212331100489111,0.0746794885533371
17802,"1990-06-01",12,0.359183672092575,0.21565140419432
17802,"1990-07-01",12,0.409373821629991,0.2770815031428
17802,"1990-08-01",12,0.627141864787231,0.579874881260447
17802,"1990-09-01",12,0.780304111905269,0.780186064433043
17802,"1990-10-01",12,0.552337693943423,0.487382763734244
17802,"1990-11-01",12,0.158590398729469,0.021935133244086
17802,"1990-12-01",12,0.069838405768425,-0.0713124381301971
17802,"1991-01-01",12,0.0839286246088074,-0.00667753239309133
17802,"1991-02-01",12,0.0645373968540182,-0.0335646212745858
17802,"1991-03-01",12,0.377569904262208,0.344448287731961
17802,"1991-04-01",12,0.473615975063709,0.447623906059464
17802,"1991-05-01",12,0.780949448456561,0.807847742808988
17802,"1991-06-01",12,0.911688587929109,0.935847456940578
17802,"1991-07-01",12,0.899250096770488,0.909105135370361
17802,"1991-08-01",12,0.758353852282779,0.781771265602313
17802,"1991-09-01",12,0.429288708847957,0.391650599628352
17802,"1991-10-01",12,0.68170875342375,0.680843711637915
17802,"1991-11-01",12,0.716840006792717,0.728359813122346
17802,"1991-12-01",12,0.865404841193952,0.908184362477623
17802,"1992-01-01",12,0.900252400325866,0.982618286903824
17802,"1992-02-01",12,1.05844945984562,1.16707237101961
17802,"1992-03-01",12,1.08304566265958,1.20664849160288
17802,"1992-04-01",12,0.642257972361586,0.684710664171004
17802,"1992-05-01",12,0.518003171196068,0.529575595579546
17802,"1992-06-01",12,0.585655564664965,0.579286478498776
17802,"1992-07-01",12,0.726019014482455,0.740597563091305
17802,"1992-08-01",12,0.65029234227596,0.69056612775542
17802,"1992-09-01",12,0.810910865480893,0.894258099978001
17802,"1992-10-01",12,0.431543177738061,0.422787725936026
17802,"1992-11-01",12,0.838302419779216,0.90929407097217
17802,"1992-12-01",12,0.846616706400006,0.923397870657739
17802,"1993-01-01",12,0.811701737815398,0.918223716731874
17802,"1993-02-01",12,0.524518772140445,0.586401672060932
17802,"1993-03-01",12,0.430400864190197,0.485958202457759
17802,"1993-04-01",12,0.871522914128253,0.987499033076858
17802,"1993-05-01",12,1.05181029172309,1.20304342686356
17802,"1993-06-01",12,0.844845923582255,0.933274328515467
17802,"1993-07-01",12,0.591192311673341,0.61931678616563
17802,"1993-08-01",12,0.640571464694984,0.719449482918712
17802,"1993-09-01",12,0.457941961523163,0.508711928206751
17802,"1993-10-01",12,0.334687826097282,0.347872248446928
17802,"1993-11-01",12,-0.0526617541540299,-0.105061146709653
17802,"1993-12-01",12,-0.356437572135936,-0.447850876254412
17802,"1994-01-01",12,-0.465583642799664,-0.522101482982641
17802,"1994-02-01",12,-0.347503632100415,-0.3968060542587
17802,"1994-03-01",12,-0.444328941682964,-0.505151604089035
17802,"1994-04-01",12,-1.02976167545164,-1.18843827119536
17802,"1994-05-01",12,-1.67210399599518,-1.96036242117859
17802,"1994-06-01",12,-1.99560674910766,-2.34548262962866
17802,"1994-07-01",12,-1.83301189401928,-2.13611059732609
17802,"1994-08-01",12,-1.8291808218191,-2.15112015084601
17802,"1994-09-01",12,-1.99098566230724,-2.31430215527419
17802,"1994-10-01",12,-1.73531027680992,-1.99361645502713
17802,"1994-11-01",12,-1.63134320995748,-1.87413271316556
17802,"1994-12-01",12,-1.34628943890889,-1.53889727058634
17802,"1995-01-01",12,-1.34889941814252,-1.49048845944366
17802,"1995-02-01",12,-1.65633981766887,-1.85122590665319
17802,"1995-03-01",12,-1.45479311335305,-1.62861232544864
17802,"1995-04-01",12,-0.802834660724569,-0.893819739926257
17802,"1995-05-01",12,-0.663974956898199,-0.773389569765024
17802,"1995-06-01",12,0.210418181498337,0.250022476738033
17802,"1995-07-01",12,0.496847344664287,0.587720415763121
17802,"1995-08-01",12,0.511480891475087,0.64565583705041
17802,"1995-09-01",12,0.658284745920999,0.827955832200148
17802,"1995-10-01",12,0.917674042255646,1.10277202469044
17802,"1995-11-01",12,1.21065388033994,1.438955942942
17802,"1995-12-01",12,0.963611973310196,1.1647552786694
17802,"1996-01-01",12,0.764763984905502,0.975854890306041
17802,"1996-02-01",12,1.03016555309604,1.26919453714359
17802,"1996-03-01",12,1.36428989644529,1.64749798049217
17802,"1996-04-01",12,1.51219378230064,1.79654585179684
17802,"1996-05-01",12,1.54608394761284,1.85826830425589
17802,"1996-06-01",12,1.10193518908328,1.3452093310881
17802,"1996-07-01",12,0.657511805145298,0.815836179708522
17802,"1996-08-01",12,0.612953908512019,0.807114528381918
17802,"1996-09-01",12,0.919883783518033,1.16949709707053
17802,"1996-10-01",12,1.21044097119581,1.46427385152391
17802,"1996-11-01",12,0.587194225367754,0.768955566945972
17802,"1996-12-01",12,0.877772922288897,1.10382102215075
17802,"1997-01-01",12,0.85969534447345,1.11695856038394
17802,"1997-02-01",12,0.87831629006718,1.13486258159784
17802,"1997-03-01",12,0.432928700391695,0.644136873952224
17802,"1997-04-01",12,0.478261811185451,0.683670021752979
17802,"1997-05-01",12,0.533240702348508,0.746326634105824
17802,"1997-06-01",12,0.746781648021786,0.972885606303555
17802,"1997-07-01",12,0.874895309957766,1.10335175378614
17802,"1997-08-01",12,0.973414700907725,1.26331698823198
17802,"1997-09-01",12,0.878137795431651,1.15747094544806
17802,"1997-10-01",12,0.842602509702905,1.08833498120627
17802,"1997-11-01",12,0.898857883311631,1.15885075315508
17802,"1997-12-01",12,0.87522656252408,1.1362879240857
17802,"1998-01-01",12,1.02169322952325,1.32755212588752
17802,"1998-02-01",12,1.14326726841915,1.45697611457151
17802,"1998-03-01",12,1.32427086918072,1.66371570375168
17802,"1998-04-01",12,1.14760275623443,1.4619910954259
17802,"1998-05-01",12,1.97922580792026,2.38057610273889
17802,"1998-06-01",12,2.15709651411341,2.56588590634424
17802,"1998-07-01",12,1.99404810495673,2.36004606700381
17802,"1998-08-01",12,1.80053420152759,2.20689002452704
17802,"1998-09-01",12,1.48759771122213,1.86580313501833
17802,"1998-10-01",12,1.11084080440273,1.41882861199666
17802,"1998-11-01",12,1.33030662330866,1.66367883937546
17802,"1998-12-01",12,1.61828939449835,1.96910379069877
17802,"1999-01-01",12,1.45054418680091,1.81300266064935
17802,"1999-02-01",12,1.4526783403808,1.81598392900861
17802,"1999-03-01",12,1.41140641850208,1.78530507019635
17802,"1999-04-01",12,1.43912994338824,1.80281427797366
17802,"1999-05-01",12,0.231400997335691,0.470738540446198
17802,"1999-06-01",12,0.0398465950609415,0.216255035807978
17802,"1999-07-01",12,0.343079904308087,0.568799058644256
17802,"1999-08-01",12,0.676966530022843,0.998915378764331
17802,"1999-09-01",12,0.685072853363842,1.01048495156396
17802,"1999-10-01",12,0.618412673256662,0.908740631322885
17802,"1999-11-01",12,0.554189719467769,0.845227673605597
17802,"1999-12-01",12,-0.171477893876246,0.015905849631168
17802,"2000-01-01",12,0.419388554107147,0.742130962969218
17802,"2000-02-01",12,0.45124881699965,0.76752658829221
17802,"2000-03-01",12,0.283838726203658,0.58915696224098
17802,"2000-04-01",12,0.495756444276106,0.81529618207284
17802,"2000-05-01",12,0.88385473412471,1.25610830038138
17802,"2000-06-01",12,0.570627225922338,0.886270247886176
17802,"2000-07-01",12,0.0994891643211051,0.323950973023992
17802,"2000-08-01",12,-0.251215192921511,-0.0672801981514407
17802,"2000-09-01",12,-0.130650827963327,0.0877822472149969
17802,"2000-10-01",12,0.135990829423444,0.395409785813873
17802,"2000-11-01",12,-0.0151552856985192,0.228194200030008
17802,"2000-12-01",12,0.106768467528502,0.382763345403822
17802,"2001-01-01",12,-0.769604535548357,-0.602149364599375
17802,"2001-02-01",12,-1.06421486826048,-0.979804202749466
17802,"2001-03-01",12,-1.26060013582272,-1.21288794940022
17802,"2001-04-01",12,-1.41874065400298,-1.40902079002369
17802,"2001-05-01",12,-1.19781110043407,-1.19124306324975
17802,"2001-06-01",12,-1.60185835046448,-1.70073548677145
17802,"2001-07-01",12,-1.50871054762128,-1.56741571105884
17802,"2001-08-01",12,-1.69389106561553,-1.79525091037823
17802,"2001-09-01",12,-1.82926516488613,-1.94436308921388
17802,"2001-10-01",12,-2.08837449852219,-2.20602237632617
17802,"2001-11-01",12,-1.50642234513254,-1.52296603313434
17802,"2001-12-01",12,-1.3597899558953,-1.32792699279941
17802,"2002-01-01",12,-0.793460725679074,-0.591413721410127
17802,"2002-02-01",12,-1.00430109573531,-0.871592583019657
17802,"2002-03-01",12,-0.696739538263797,-0.493060315440265
17802,"2002-04-01",12,-0.456502047375355,-0.213967334130716
17802,"2002-05-01",12,-0.928433482955634,-0.823795500990032
17802,"2002-06-01",12,-0.508064428239376,-0.326027238472607
17802,"2002-07-01",12,0.08641375777317,0.391552378872307
17802,"2002-08-01",12,0.379108434535266,0.774220249484828
17802,"2002-09-01",12,0.835259787417351,1.28533120216483
17802,"2002-10-01",12,0.882832526189052,1.30362586175691
17802,"2002-11-01",12,0.565434941716672,0.969231128522316
17802,"2002-12-01",12,0.532943390113,0.940363183207809
17802,"2003-01-01",12,0.235028600954228,0.653818123719565
17802,"2003-02-01",12,0.654058264294076,1.09738281381127
17802,"2003-03-01",12,0.75462224819616,1.2167858268532
17802,"2003-04-01",12,0.527703005790973,0.959288330078645
17802,"2003-05-01",12,0.29871137548518,0.709418931819546
17802,"2003-06-01",12,0.278414816408436,0.669620809654171
17802,"2003-07-01",12,-0.066014251558207,0.253211518363622
17802,"2003-08-01",12,-0.403222394411283,-0.125749596082869
17802,"2003-09-01",12,-0.75186640841805,-0.557720327137429
17802,"2003-10-01",12,-0.584641988422677,-0.343702344784499
17802,"2003-11-01",12,-0.369967453875238,-0.0711825456420873
17802,"2003-12-01",12,-0.213451642925449,0.13135129778196
17802,"2004-01-01",12,-0.130297523759962,0.280088700152629
17802,"2004-02-01",12,-0.37425300682894,-0.0295001069864991
17802,"2004-03-01",12,-0.443063875826808,-0.104301787808384
17802,"2004-04-01",12,-0.673395405033016,-0.398203190466342
17802,"2004-05-01",12,-0.45867596457326,-0.157111708213705
17802,"2004-06-01",12,-0.0717292606819786,0.297554815400548
17802,"2004-07-01",12,-0.148260663987382,0.197206817772027
17802,"2004-08-01",12,-0.0185124842514373,0.389507809247749
17802,"2004-09-01",12,-0.267557158528066,0.089003986478139
17802,"2004-10-01",12,-0.564799793628282,-0.279051911862753
17802,"2004-11-01",12,-0.378620637469119,-0.0403326148446462
17802,"2004-12-01",12,-0.67223690708225,-0.380719808259568
17802,"2005-01-01",12,-0.934973345243005,-0.646103173067135
17802,"2005-02-01",12,-0.784700055676663,-0.489414171629253
17802,"2005-03-01",12,-0.521622983889332,-0.159409990403438
17802,"2005-04-01",12,-0.140854969935491,0.282106493142503
17802,"2005-05-01",12,-0.166273084409962,0.243486324595781
17802,"2005-06-01",12,0.0946759356752152,0.538227398724559
17802,"2005-07-01",12,0.0606485163052655,0.484912882777744
17802,"2005-08-01",12,-0.0823698798399122,0.355367159884865
17802,"2005-09-01",12,0.127938372203525,0.604214224583327
17802,"2005-10-01",12,0.552231273563206,1.0529354724603
17802,"2005-11-01",12,0.315752217633976,0.806169831808474
17802,"2005-12-01",12,0.36444949244855,0.868241788825081
17802,"2006-01-01",12,0.378008352012309,0.923746315702189
17802,"2006-02-01",12,0.0655296861832321,0.562723490415564
17802,"2006-03-01",12,-0.0469141786890753,0.445379647335629
17802,"2006-04-01",12,-0.245038648650998,0.199424485886732
17802,"2006-05-01",12,-0.185043828619229,0.262417856665975
17802,"2006-06-01",12,-0.998840987066252,-0.777625404786538
17802,"2006-07-01",12,-0.55087360393865,-0.208327204746657
17802,"2006-08-01",12,-0.835134619151847,-0.545436580092151
17802,"2006-09-01",12,-0.904253152813154,-0.630495588738765
17802,"2006-10-01",12,-0.583484338816569,-0.220936441782347
17802,"2006-11-01",12,-0.530273743367187,-0.142652993348196
17802,"2006-12-01",12,-0.775148475868232,-0.426890680183174
17802,"2007-01-01",12,-0.885218532611431,-0.505296470531032
17802,"2007-02-01",12,-0.976404948642664,-0.650920023633078
17802,"2007-03-01",12,-1.01069685647452,-0.689016470385937
17802,"2007-04-01",12,-0.867213114033277,-0.521215737777266
17802,"2007-05-01",12,-0.954699782516537,-0.66195832101084
17802,"2007-06-01",12,-0.412286470110655,0.0106092627530241
17802,"2007-07-01",12,-0.837705025118597,-0.525843780263775
17802,"2007-08-01",12,-0.544871548976093,-0.130738738391198
17802,"2007-09-01",12,-0.602493338988535,-0.202929959861318
17802,"2007-10-01",12,-0.876334610272312,-0.546282096396892
17802,"2007-11-01",12,0.0153485159823688,0.546821562482479
17802,"2007-12-01",12,0.474888568187263,1.05984972937237
17802,"2008-01-01",12,0.609900938086682,1.23635088039258
17802,"2008-02-01",12,0.768780450864771,1.38307257243893
17802,"2008-03-01",12,0.461853493236464,1.07989595745308
17802,"2008-04-01",12,0.0801254758666396,0.651728313240017
17802,"2008-05-01",12,0.408895403068789,1.02269743357305
17802,"2008-06-01",12,0.211113358721045,0.795718006956305
17802,"2008-07-01",12,0.238650866505867,0.806819963159354
17802,"2008-08-01",12,0.20911356007319,0.820082468501595
17802,"2008-09-01",12,0.430560461278178,1.05989785051576
17802,"2008-10-01",12,0.455296795081094,1.0560351680692
17802,"2008-11-01",12,-0.247040832608688,0.282261879024029
17802,"2008-12-01",12,-0.279070289035272,0.259280014995031
17802,"2009-01-01",12,-0.31138301803216,0.274375947135514
17802,"2009-02-01",12,-0.361533896897892,0.186509908020576
17802,"2009-03-01",12,0.113810266862988,0.742355873173679
17802,"2009-04-01",12,0.724906238425144,1.36930093430675
17802,"2009-05-01",12,0.602382519295793,1.26450159867247
17802,"2009-06-01",12,0.562423384991571,1.21810164437341
17802,"2009-07-01",12,0.845333168622604,1.48438833225425
17802,"2009-08-01",12,0.841954873738142,1.53381591700745
17802,"2009-09-01",12,0.751796269367944,1.43356682997109
17802,"2009-10-01",12,0.454792371716107,1.09086401277459
17802,"2009-11-01",12,0.578127616575734,1.2310863860599
17802,"2009-12-01",12,0.340591291167799,0.990496593642901
17802,"2010-01-01",12,0.0985074306104056,0.77503627103852
17802,"2010-02-01",12,0.0082358231699755,0.651711270647812
17802,"2010-03-01",12,0.0858303966790728,0.749234085509755
17802,"2010-04-01",12,-0.257087164392945,0.34417000356598
17802,"2010-05-01",12,-0.267773112647223,0.328423753035572
17802,"2010-06-01",12,-0.377935730471477,0.183944224843254
17802,"2010-07-01",12,-0.783244575908485,-0.333124264738417
17802,"2010-08-01",12,-1.08172667004376,-0.702826818184767
17802,"2010-09-01",12,-1.41719180734388,-1.14526250343733
17802,"2010-10-01",12,-1.34791134913689,-1.03541823080744
17802,"2010-11-01",12,-1.84288929056218,-1.65464762960097
17802,"2010-12-01",12,-1.96142964436679,-1.77904140789784
17802,"2011-01-01",12,-1.89633939567973,-1.64136699844932
17802,"2011-02-01",12,-1.44305294537628,-1.10019540200567
17802,"2011-03-01",12,-1.4148129982504,-1.06049492519161
17802,"2011-04-01",12,-0.856497134178965,-0.351213043120095
17802,"2011-05-01",12,-0.718836286151454,-0.193787118203543
17802,"2011-06-01",12,0.197162734778929,0.899317378054453
17802,"2011-07-01",12,0.384140874179426,1.07727169308701
17802,"2011-08-01",12,0.51198553235366,1.26227021312098
17802,"2011-09-01",12,0.602337840121616,1.34702964698641
17802,"2011-10-01",12,0.710221281583085,1.41980941148813
17802,"2011-11-01",12,1.03691268810029,1.75174155217843
17802,"2011-12-01",12,1.10952182594399,1.82311328050215
17802,"2012-01-01",12,0.881016535339405,1.63228371661268
17802,"2012-02-01",12,0.452540788128309,1.19487650094943
17802,"2012-03-01",12,0.216573455376556,0.963753270131789
17802,"2012-04-01",12,-0.57855201846006,0.0378434215843154
17802,"2012-05-01",12,-0.205131708895971,0.485239415920845
17802,"2012-06-01",12,-0.88072755877846,-0.373714914395943
17802,"2012-07-01",12,-0.973161846023805,-0.495827035072888
17802,"2012-08-01",12,-0.948454373363478,-0.441970165775141
17802,"2012-09-01",12,-1.03565474432311,-0.561001957504542
17802,"2012-10-01",12,-0.95458939624996,-0.448590114808018
17802,"2012-11-01",12,-0.683653724981817,-0.0859878386201725
17802,"2012-12-01",12,-0.0492262361365539,0.682708789527567
17802,"2013-01-01",12,-0.0373530010422748,0.743151365214476
17802,"2013-02-01",12,-0.0326850942379292,0.719861746997886
17802,"2013-03-01",12,0.177120085615736,0.958097664412219
17802,"2013-04-01",12,0.464113169464793,1.23740689350356
17802,"2013-05-01",12,-0.172738818477264,0.563690678115394
17802,"2013-06-01",12,-0.0203782840775246,0.735825190412751
17802,"2013-07-01",12,0.10267417960573,0.850367465297815
17802,"2013-08-01",12,0.0483530858683942,0.838162402628472
17802,"2013-09-01",12,0.24387537875558,1.04259703708583
17802,"2013-10-01",12,0.425110041945199,1.19902368690652
17802,"2013-11-01",12,0.21792509514376,0.998153432187684
17802,"2013-12-01",12,-0.500900608230873,0.199458257148069
17802,"2014-01-01",12,-0.595705095957703,0.141038151154758
17802,"2014-02-01",12,-0.844523408095637,-0.209057982000434
17802,"2014-03-01",12,-1.1737698972283,-0.632540854164386
17802,"2014-04-01",12,-1.52304578604972,-1.11013445273632
17802,"2014-05-01",12,-1.4505075698332,-1.04897091164861
17802,"2014-06-01",12,-1.02479154138673,-0.481009150683746
17802,"2014-07-01",12,-1.20600092579861,-0.723034360327596
17802,"2014-08-01",12,-1.12988574674395,-0.603571160824902
17802,"2014-09-01",12,-0.438693757214309,0.298090870291162
17802,"2014-10-01",12,-0.343686306806855,0.396097357138677
17802,"2014-11-01",12,-0.222573072762493,0.552840579846107
17802,"2014-12-01",12,0.0588741617629069,0.87654589051873
17802,"2015-01-01",12,0.295332051193473,1.16260105687484
17802,"2015-02-01",12,0.599490730837293,1.43794320179183
17802,"2015-03-01",12,0.853312863612595,1.69333729524976
17802,"2015-04-01",12,0.920524493605671,1.74141125716001
17802,"2015-05-01",12,0.55060359500921,1.41426288781116
17802,"2015-06-01",12,-0.0376038339687522,0.797145698905416
17802,"2015-07-01",12,0.0179016307153035,0.834767931332829
17802,"2015-08-01",12,-0.177798611397809,0.661417771623578
17802,"2015-09-01",12,-0.984837702481826,-0.369557996201778
17802,"2015-10-01",12,-0.958197632730315,-0.333145907923265
17802,"2015-11-01",12,-1.20454186879717,-0.644556485107957
17802,"2015-12-01",12,-1.50069361379848,-1.0189428103937
17802,"2016-01-01",12,-1.42913998852172,-0.860136634173156
17802,"2016-02-01",12,-1.6499648066327,-1.20175658931348
17802,"2016-03-01",12,-1.86269743942149,-1.48322952735975
17802,"2016-04-01",12,-2.10354205400519,-1.80873065707835
17802,"2016-05-01",12,-1.63586064894656,-1.229440412601
17802,"2016-06-01",12,-1.57382176102258,-1.15247942942573
17802,"2016-07-01",12,-1.48634177867485,-1.02402890227623
17802,"2016-08-01",12,-1.4611797227752,-0.981138529551179
17802,"2016-09-01",12,-1.29334430817123,-0.752439906790733
17802,"2016-10-01",12,-1.6755163913479,-1.25831098688591
17802,"2016-11-01",12,-1.74610205008184,-1.33841423844436
17802,"2016-12-01",12,-1.58900466923836,-1.10200442281097
17802,"2017-01-01",12,-2.02127409605851,-1.61921227387599
17802,"2017-02-01",12,-2.06467866784056,-1.72020304978149
17802,"2017-03-01",12,-1.98544655711271,-1.61530602341656
17802,"2017-04-01",12,-1.72897445461167,-1.28404181893734
17802,"2017-05-01",12,-1.60497041037475,-1.15186990881863
17802,"2017-06-01",12,-1.5694780800059,-1.10931410757988
17802,"2017-07-01",12,-1.68100368375538,-1.25205802917623
17802,"2017-08-01",12,-1.72970918058687,-1.31713034051955
17802,"2017-09-01",12,-1.91915252862604,-1.5791695724167
17802,"2017-10-01",12,-1.63772108915032,-1.17322297164944
17802,"2017-11-01",12,-1.38421884449788,-0.811190594829607
17802,"2017-12-01",12,-1.59162395278128,-1.06994954534626
17802,"2018-01-01",12,-1.50458103345547,-0.887711359283225
17802,"2018-02-01",12,-1.53316268264225,-0.974390070220991
17802,"2018-03-01",12,-1.32434260025715,-0.682800054337589
17802,"2018-04-01",12,-1.81968930437161,-1.37382541217256
17802,"2018-05-01",12,-1.81454648069763,-1.40605855155264
17802,"2018-06-01",12,-1.82395438314541,-1.42525933358335
17802,"2018-07-01",12,-1.56968160488253,-1.06427220046703
17802,"2018-08-01",12,-1.43634864379796,-0.868493033843462
17802,"2018-09-01",12,-1.05500361241742,-0.340889066605954
17802,"2018-10-01",12,-0.537083238816057,0.325188201509979
17802,"2018-11-01",12,-0.622680038454379,0.237921739358608
17802,"2018-12-01",12,-0.0930959968259372,0.864003578601931
17802,"2019-01-01",12,-0.211179605235738,0.784848289774825
17802,"2019-02-01",12,-0.0184711829353239,0.955231517482604
17802,"2019-03-01",12,-0.433492566930092,0.508946103966346
17802,"2019-04-01",12,0.3193911136939,1.29209822675903
17802,"2019-05-01",12,-0.441095511707398,0.48849181431639
17802,"2019-06-01",12,-0.595232715978121,0.302011384841874
17802,"2019-07-01",12,-0.438420551852022,0.474473320016246
17802,"2019-08-01",12,-0.352816281871421,0.621023580928123
17802,"2019-09-01",12,-0.416751944247627,0.531049214822367
17802,"2019-10-01",12,-1.03203425931267,-0.269782772336347
17802,"2019-11-01",12,-1.12963225540412,-0.383593433894337
17802,"2019-12-01",12,-1.41989904054915,-0.759556504052758
17802,"2020-01-01",12,-1.45527559150686,-0.74382355557474
17802,"2020-02-01",12,-1.03711514910244,-0.221340098591812
17802,"2020-03-01",12,-0.974424784885704,-0.128568947797263
17802,"2020-04-01",12,-1.38587952895637,-0.707725613409242
17802,"2020-05-01",12,-1.13366340844885,-0.376467968408314
17802,"2020-06-01",12,-1.16733366791438,-0.422897611782713
17802,"2020-07-01",12,-1.44965111574454,-0.82210275656062
17802,"2020-08-01",12,-1.59066336428744,-1.01105130600264
17802,"2020-09-01",12,-1.84789473029615,-1.38306257067927
17802,"2020-10-01",12,-1.97900544195126,-1.53929436557111
17802,"2020-11-01",12,-1.92921944075396,-1.45591849564348
17802,"2020-12-01",12,-2.2301765419261,-1.83664979244321
17802,"2021-01-01",12,-2.17985328950872,-1.70988301485978
17802,"2021-02-01",12,-2.67236987737383,-2.40134081406812
17802,"2021-03-01",12,-2.44648756347596,-2.11161828401009
17802,"2021-04-01",12,-2.53708965121703,-2.23798944396178
17802,"2021-05-01",12,-2.90078996211058,-2.75513676170074
17802,"2021-06-01",12,-2.78258390807566,-2.61172480092472
17802,"2021-07-01",12,-2.59529318926492,-2.34446392925548
17802,"2021-08-01",12,-2.33353074100429,-2.01678644409303
17802,"2021-09-01",12,-1.95794976359741,-1.50449797047117
17802,"2021-10-01",12,-1.74183433912653,-1.17897349155658
17802,"2021-11-01",12,-1.60851875447135,-0.974112892079701
17802,"2021-12-01",12,-1.27743124885717,-0.48298968169735
17802,"2022-01-01",12,-1.38659841917681,-0.569763352724198
17802,"2022-02-01",12,-1.2512530429861,-0.434036718509468
17802,"2022-03-01",12,-1.08981790753827,-0.203237254991653
17802,"2022-04-01",12,-1.38633343232387,-0.632715630206042
17802,"2022-05-01",12,-0.907376222749801,0.0181410082186343
17802,"2022-06-01",12,-0.591276095441458,0.435417747844139
17802,"2022-07-01",12,-0.469378846946097,0.559953047124944
17802,"2022-08-01",12,-0.91925170515508,0.0283480894532703
17802,"2022-09-01",12,-0.963961074765064,-0.0474978497380479
17802,"2022-10-01",12,-0.817317253805111,0.13649744163076
17802,"2022-11-01",12,-0.928886145068741,0.0103498164467414
17802,"2022-12-01",12,-1.15972164563849,-0.279457828048845
17802,"2023-01-01",12,-1.55209457209512,-0.764935204146176
17802,"2023-02-01",12,-1.42706189224002,-0.642033744998835
17802,"2023-03-01",12,-1.53449340934636,-0.788672653223371
17802,"2023-04-01",12,-0.692707463206384,0.335690850455771
17802,"2023-05-01",12,-0.703572657114832,0.327409028817122
17802,"2023-06-01",12,-0.271105015765509,0.85496383253184
17802,"2023-07-01",12,-0.235185407872753,0.865857403232366
17802,"2023-08-01",12,-0.147735167024574,1.01188815854697
17802,"2023-09-01",12,-0.254510924218139,0.876882112195341
17802,"2023-10-01",12,0.164101115304139,1.27777503358965
17802,"2023-11-01",12,0.560708371682964,1.66502768195513
17802,"2023-12-01",12,0.458576367347579,1.57795751703908
17802,"2024-01-01",12,0.823757560874788,1.92999371697467
17802,"2024-02-01",12,0.498477586996329,1.61931033835033
17802,"2024-03-01",12,0.507824807954789,1.64207768689968
17802,"2024-04-01",12,-0.354571423783428,0.770770419973426
17802,"2024-05-01",12,-0.0382720864882792,1.13089361807732
17802,"2024-06-01",12,-1.30757444070901,-0.453834376719086
17802,"2024-07-01",12,-0.959751342488972,0.0234731439501513
17802,"2024-08-01",12,-0.73827193519749,0.355367566548823
17802,"2024-09-01",12,-0.574391817525999,0.543231710937833
17802,"2024-10-01",12,-1.05842912880259,-0.102124942105883
17802,"2024-11-01",12,-1.37807539653566,-0.530212273628331
17802,"2024-12-01",12,-1.28099241698449,-0.367056311649593
17802,"2025-01-01",12,-1.92349063155521,-1.22474487671601
17802,"2025-02-01",12,-1.51643116344863,-0.693941358811325
17802,"2025-03-01",12,-1.83630091644436,-1.15152567359707
17802,"2025-04-01",12,-1.42740652397253,-0.576374581764997
17802,"2025-05-01",12,-1.87161583150207,-1.24974285535156
17802,"2025-06-01",12,-1.76705499354276,-1.09279212910215
17802,"2025-07-01",12,-2.19060486013553,-1.69264662042052
17802,"2025-08-01",12,-2.40089339246707,-1.99496971403676
17802,"2025-09-01",12,-2.47823988832329,-2.10761769789528
17802,"2025-10-01",12,-2.35116157884605,-1.90053457232648
17802,"2025-11-01",12,-2.28380049513453,-1.79216961667197
17802,"2025-12-01",12,-2.22923185810009,-1.68906796491194
17837,"1965-02-01",12,NA,NA
17837,"1965-03-01",12,NA,NA
17837,"1965-04-01",12,NA,NA
17837,"1965-05-01",12,NA,NA
17837,"1965-06-01",12,NA,NA
17837,"1965-07-01",12,NA,NA
17837,"1965-08-01",12,NA,NA
17837,"1965-09-01",12,NA,NA
17837,"1965-10-01",12,NA,NA
17837,"1965-11-01",12,NA,NA
17837,"1965-12-01",12,NA,NA
17837,"1966-01-01",12,1.41903206133334,0.420177080550764
17837,"1966-02-01",12,1.20274162872597,0.135384681943101
17837,"1966-03-01",12,0.795126873090318,-0.447324259397881
17837,"1966-04-01",12,0.571766863629537,-0.638371451574991
17837,"1966-05-01",12,0.37884287036475,-0.864587195837022
17837,"1966-06-01",12,0.112806437721989,-1.16281330106063
17837,"1966-07-01",12,0.0619744709281258,-1.16601663131212
17837,"1966-08-01",12,0.132884869031733,-1.11230013836813
17837,"1966-09-01",12,0.243193865350241,-1.03142964556858
17837,"1966-10-01",12,-0.344025704531458,-1.63803551430215
17837,"1966-11-01",12,-0.328800723663843,-1.74150670756172
17837,"1966-12-01",12,-0.130551462549045,-1.55321070028735
17837,"1967-01-01",12,-0.443868915848288,-1.81993011243349
17837,"1967-02-01",12,0.000208826616449498,-1.36125798802694
17837,"1967-03-01",12,0.500513310768682,-0.781859381455981
17837,"1967-04-01",12,0.415915125559208,-0.783064108016439
17837,"1967-05-01",12,0.725425022364126,-0.382544791382323
17837,"1967-06-01",12,1.19540106784235,0.268466386903
17837,"1967-07-01",12,1.24346615127093,0.361516312254264
17837,"1967-08-01",12,1.30112830716161,0.429735150805686
17837,"1967-09-01",12,1.23673707172265,0.305233383563472
17837,"1967-10-01",12,1.40710102160378,0.519444885055133
17837,"1967-11-01",12,1.5635945098875,0.722348549413821
17837,"1967-12-01",12,1.46819990872792,0.564839877749684
17837,"1968-01-01",12,1.68522773758712,0.947047208127893
17837,"1968-02-01",12,1.79612688645574,1.17517420507234
17837,"1968-03-01",12,1.8408604246935,1.25821894397061
17837,"1968-04-01",12,1.60400075014581,0.949525607640532
17837,"1968-05-01",12,1.6377580439059,1.00775743411754
17837,"1968-06-01",12,1.44728129900903,0.693774632296466
17837,"1968-07-01",12,1.27595122430999,0.454127115400504
17837,"1968-08-01",12,1.3991638189965,0.620042519059338
17837,"1968-09-01",12,1.77092099802175,1.15213054705948
17837,"1968-10-01",12,1.82481484950949,1.19237307545022
17837,"1968-11-01",12,1.67147182981423,0.942425036535426
17837,"1968-12-01",12,1.77078785135107,1.09328045451334
17837,"1969-01-01",12,1.47929040314947,0.671890443819176
17837,"1969-02-01",12,1.6045545698058,0.9214641363537
17837,"1969-03-01",12,1.46283045061264,0.713564324728113
17837,"1969-04-01",12,1.95137468821753,1.51033135594704
17837,"1969-05-01",12,2.10080248056452,1.73163320295314
17837,"1969-06-01",12,1.91944081667412,1.43999739589162
17837,"1969-07-01",12,1.99985962770845,1.54749416311049
17837,"1969-08-01",12,1.8444184312491,1.31665403281566
17837,"1969-09-01",12,1.5858931769733,0.918258234751319
17837,"1969-10-01",12,1.43649367137363,0.654422580942902
17837,"1969-11-01",12,1.40422378421061,0.568899555505741
17837,"1969-12-01",12,1.69061210372449,1.01386210199331
17837,"1970-01-01",12,1.6434575583673,0.977907756627425
17837,"1970-02-01",12,1.35921331846337,0.587795587850197
17837,"1970-03-01",12,1.18002262784505,0.326637964195071
17837,"1970-04-01",12,0.401491121851684,-0.660292027950602
17837,"1970-05-01",12,0.0275320640059891,-1.08821440969972
17837,"1970-06-01",12,-0.135328045640529,-1.2591598479443
17837,"1970-07-01",12,-0.43210828184234,-1.5076950943356
17837,"1970-08-01",12,-0.368159707772225,-1.46405848514804
17837,"1970-09-01",12,-0.328303524249787,-1.4602809496326
17837,"1970-10-01",12,0.274379901281102,-0.852944474384643
17837,"1970-11-01",12,0.301856550538812,-0.918314241838557
17837,"1970-12-01",12,-0.486299261796458,-1.73851437873904
17837,"1971-01-01",12,-0.811323441183223,-2.00975988073078
17837,"1971-02-01",12,-0.951240948726583,-2.12269677450349
17837,"1971-03-01",12,-0.929888705316718,-2.09521143355534
17837,"1971-04-01",12,0.217377789388325,-0.834095354483945
17837,"1971-05-01",12,0.126846576193615,-0.934072758423141
17837,"1971-06-01",12,0.316032061683212,-0.716330510725682
17837,"1971-07-01",12,0.373712859480284,-0.610998268884257
17837,"1971-08-01",12,0.480709140452306,-0.499466718090695
17837,"1971-09-01",12,0.42262518475798,-0.604281260146944
17837,"1971-10-01",12,0.00643791409909898,-1.10346067729806
17837,"1971-11-01",12,-0.0244139472654935,-1.23688621565922
17837,"1971-12-01",12,0.272408897495614,-0.903995457572703
17837,"1972-01-01",12,0.504071657508043,-0.578850050375998
17837,"1972-02-01",12,0.719134954646348,-0.25315366423303
17837,"1972-03-01",12,0.51593451902372,-0.511753096825407
17837,"1972-04-01",12,0.25913208478355,-0.738581295372662
17837,"1972-05-01",12,0.716520523567311,-0.150821077468402
17837,"1972-06-01",12,1.10751890365648,0.381384160172005
17837,"1972-07-01",12,1.15281968839776,0.458115653890366
17837,"1972-08-01",12,1.0931897167352,0.360714967411709
17837,"1972-09-01",12,1.3812920010012,0.749283399462846
17837,"1972-10-01",12,1.56030834970917,0.967628599216812
17837,"1972-11-01",12,1.5113480334624,0.881851266020995
17837,"1972-12-01",12,1.17384009562983,0.366872280432683
17837,"1973-01-01",12,0.944010439089699,0.0742937230484303
17837,"1973-02-01",12,0.651975003210467,-0.292330514965625
17837,"1973-03-01",12,0.852075671365236,0.000477089448764761
17837,"1973-04-01",12,0.737834796230716,-0.0760063447596239
17837,"1973-05-01",12,0.7509531755208,-0.0547175583654729
17837,"1973-06-01",12,0.224895509466501,-0.732699914987057
17837,"1973-07-01",12,0.202851682387134,-0.723350742504318
17837,"1973-08-01",12,0.093552281588028,-0.864291974829254
17837,"1973-09-01",12,-0.283680821906492,-1.30077160071277
17837,"1973-10-01",12,-0.789153080522722,-1.80934567268486
17837,"1973-11-01",12,-0.717899020536469,-1.84766548301486
17837,"1973-12-01",12,-0.282580975146983,-1.41897585326425
17837,"1974-01-01",12,-0.284565995278868,-1.38254381609214
17837,"1974-02-01",12,-0.242110062885824,-1.31492139090666
17837,"1974-03-01",12,0.118229272546928,-0.903075810491395
17837,"1974-04-01",12,0.104049317253623,-0.828887547379312
17837,"1974-05-01",12,-0.346531345096512,-1.32273509098666
17837,"1974-06-01",12,-0.700490783806588,-1.67137961437033
17837,"1974-07-01",12,-0.655118405301939,-1.58267737627225
17837,"1974-08-01",12,-0.616968253431549,-1.56202629677795
17837,"1974-09-01",12,-0.233539906048205,-1.20931778935203
17837,"1974-10-01",12,0.0373457565657023,-0.945185469026396
17837,"1974-11-01",12,0.12938271981369,-0.930448680933956
17837,"1974-12-01",12,0.0727292427210114,-0.992361984009699
17837,"1975-01-01",12,0.323915499171619,-0.649805300633671
17837,"1975-02-01",12,0.511023079147931,-0.376079996468847
17837,"1975-03-01",12,0.168466756973994,-0.795244738039243
17837,"1975-04-01",12,0.422554394785321,-0.392790820568394
17837,"1975-05-01",12,0.847761819385215,0.177371336586187
17837,"1975-06-01",12,1.34102845979295,0.8548212236467
17837,"1975-07-01",12,1.3254912199927,0.83121395893708
17837,"1975-08-01",12,1.34304814221004,0.846292486687744
17837,"1975-09-01",12,1.1851018088026,0.604691845410972
17837,"1975-10-01",12,1.11627767950328,0.466060419677484
17837,"1975-11-01",12,1.10924151936894,0.425650823520505
17837,"1975-12-01",12,1.16765920872705,0.512467285977691
17837,"1976-01-01",12,1.05151599277962,0.391330628161143
17837,"1976-02-01",12,1.09829770999306,0.502091943552157
17837,"1976-03-01",12,1.02248660948581,0.40457669783099
17837,"1976-04-01",12,0.950949349766129,0.369400028197498
17837,"1976-05-01",12,1.08254155809187,0.555704064642014
17837,"1976-06-01",12,0.818750663831683,0.171170019161603
17837,"1976-07-01",12,0.820679619143091,0.185788750464147
17837,"1976-08-01",12,0.865190854713125,0.233090193358132
17837,"1976-09-01",12,1.29089189184815,0.79844380253095
17837,"1976-10-01",12,1.53859047929449,1.10296040766129
17837,"1976-11-01",12,1.36784684874762,0.857019797294653
17837,"1976-12-01",12,1.30144861799994,0.759509581723189
17837,"1977-01-01",12,1.18089830117355,0.631551907613255
17837,"1977-02-01",12,0.944659874193213,0.331444172846043
17837,"1977-03-01",12,1.10181384597407,0.571079244317101
17837,"1977-04-01",12,1.00854613777679,0.498941610333061
17837,"1977-05-01",12,0.932493309038476,0.392765143335577
17837,"1977-06-01",12,0.910200271898719,0.344832693176795
17837,"1977-07-01",12,0.981948531613761,0.447989065380651
17837,"1977-08-01",12,0.870143307474995,0.28640647216913
17837,"1977-09-01",12,0.569031530531173,-0.137416977674999
17837,"1977-10-01",12,0.458056898063606,-0.316027987477167
17837,"1977-11-01",12,0.473620815983141,-0.357858805019456
17837,"1977-12-01",12,0.567363918550266,-0.23007606682668
17837,"1978-01-01",12,0.780853321167324,0.113966142052965
17837,"1978-02-01",12,0.985639186927454,0.442399380152256
17837,"1978-03-01",12,0.938311094513683,0.387188306792305
17837,"1978-04-01",12,0.810980952705604,0.27409861341194
17837,"1978-05-01",12,0.426505166037731,-0.240416465218139
17837,"1978-06-01",12,-0.0529750548260373,-0.828977280686175
17837,"1978-07-01",12,-0.353905591125457,-1.12872149524502
17837,"1978-08-01",12,-0.231513753051627,-1.0118705165409
17837,"1978-09-01",12,0.0227764800311123,-0.758230953827541
17837,"1978-10-01",12,0.118105255750271,-0.679353736398111
17837,"1978-11-01",12,0.509033205155271,-0.259475926660889
17837,"1978-12-01",12,0.47454679718706,-0.300331521085925
17837,"1979-01-01",12,0.24383189204412,-0.542335621712387
17837,"1979-02-01",12,0.126398921783047,-0.659513890813685
17837,"1979-03-01",12,-0.13355345083915,-0.958720470867551
17837,"1979-04-01",12,-0.37707376819724,-1.14989583674115
17837,"1979-05-01",12,0.237710352692407,-0.431869136350798
17837,"1979-06-01",12,0.772912745200543,0.254975517866449
17837,"1979-07-01",12,1.02192263170682,0.591049125541716
17837,"1979-08-01",12,0.786817386132474,0.268566843632993
17837,"1979-09-01",12,0.358287891734265,-0.309416927312734
17837,"1979-10-01",12,0.178427533250328,-0.56339798397583
17837,"1979-11-01",12,0.290566159357625,-0.490245461905285
17837,"1979-12-01",12,0.25756305202089,-0.526459257194939
17837,"1980-01-01",12,0.20091661610038,-0.543636620557033
17837,"1980-02-01",12,0.151676669148097,-0.577655165196025
17837,"1980-03-01",12,1.02713790671642,0.615871558875836
17837,"1980-04-01",12,1.05977648243891,0.712995127032531
17837,"1980-05-01",12,1.16821258063962,0.85936369402303
17837,"1980-06-01",12,0.735545836245372,0.253421534150258
17837,"1980-07-01",12,0.340724805397716,-0.244909765864806
17837,"1980-08-01",12,0.496412048513657,-0.0613936205056952
17837,"1980-09-01",12,0.728467881333199,0.215858016565967
17837,"1980-10-01",12,0.773489315088302,0.233866205304382
17837,"1980-11-01",12,0.709526436784363,0.116501773637891
17837,"1980-12-01",12,0.740757286401877,0.164386190555074
17837,"1981-01-01",12,0.362918823208801,-0.285026489821474
17837,"1981-02-01",12,0.343165739392848,-0.281433422670873
17837,"1981-03-01",12,-0.223205898688784,-0.968412048202113
17837,"1981-04-01",12,-0.606811677174838,-1.31695230434382
17837,"1981-05-01",12,-0.291301047168715,-0.970132547044236
17837,"1981-06-01",12,-0.203910341304585,-0.867984334167828
17837,"1981-07-01",12,0.282344115803759,-0.2708482661627
17837,"1981-08-01",12,0.299334403302211,-0.261434201716832
17837,"1981-09-01",12,0.219992631888658,-0.385587667637048
17837,"1981-10-01",12,0.298699265937323,-0.325513519237731
17837,"1981-11-01",12,0.533226543433996,-0.0703624756639962
17837,"1981-12-01",12,0.690671018322287,0.148426011605992
17837,"1982-01-01",12,0.544151949906354,0.00788123551394032
17837,"1982-02-01",12,0.520158207919262,0.00652153020276915
17837,"1982-03-01",12,0.450908027544653,-0.0750308613866298
17837,"1982-04-01",12,0.613697870355773,0.206680623160406
17837,"1982-05-01",12,-0.0385291274744948,-0.628412037300608
17837,"1982-06-01",12,-0.0635174902898818,-0.659352434411577
17837,"1982-07-01",12,-0.159659270786754,-0.749349782012859
17837,"1982-08-01",12,-0.185283236296543,-0.790873074875317
17837,"1982-09-01",12,-0.0737468326559537,-0.690378199694944
17837,"1982-10-01",12,0.0597721599206807,-0.566724532127263
17837,"1982-11-01",12,-0.340248732800832,-1.09393840575381
17837,"1982-12-01",12,-0.699997297261499,-1.48039262236312
17837,"1983-01-01",12,-0.490028139656612,-1.20451419765832
17837,"1983-02-01",12,-0.416470746672565,-1.10667952005479
17837,"1983-03-01",12,-0.65641740832317,-1.36651767288454
17837,"1983-04-01",12,-0.213174297680831,-0.785677593592913
17837,"1983-05-01",12,0.199914847843404,-0.285840582006761
17837,"1983-06-01",12,0.215153614042745,-0.272700410082452
17837,"1983-07-01",12,0.118415517978798,-0.378676770524333
17837,"1983-08-01",12,0.192349494611648,-0.299625434984098
17837,"1983-09-01",12,0.06845956675265,-0.475733214841815
17837,"1983-10-01",12,0.629195335728987,0.18728512636435
17837,"1983-11-01",12,1.2048453176641,0.955618015092363
17837,"1983-12-01",12,1.20684395382161,0.962002864377203
17837,"1984-01-01",12,1.09245646820396,0.859742933982367
17837,"1984-02-01",12,0.916548864640999,0.652370584413175
17837,"1984-03-01",12,0.976263286306163,0.744550746917371
17837,"1984-04-01",12,0.921795780161594,0.71432611365557
17837,"1984-05-01",12,0.589706026607139,0.268448689669143
17837,"1984-06-01",12,0.226796407686307,-0.209586922018633
17837,"1984-07-01",12,0.310178463919475,-0.0982092821085365
17837,"1984-08-01",12,0.271650812559485,-0.155270889125399
17837,"1984-09-01",12,0.316883102292597,-0.122198837098685
17837,"1984-10-01",12,-0.51133609091816,-1.12501635534052
17837,"1984-11-01",12,-1.31266030494045,-2.04365840048727
17837,"1984-12-01",12,-0.970284423462949,-1.68614807606858
17837,"1985-01-01",12,-1.0927249504317,-1.76973721567144
17837,"1985-02-01",12,-0.587347319646443,-1.21051942351578
17837,"1985-03-01",12,-0.501201112564523,-1.10419538118622
17837,"1985-04-01",12,-1.02179292415977,-1.60830331070364
17837,"1985-05-01",12,-0.694138179737234,-1.25481349985123
17837,"1985-06-01",12,-0.563284753152684,-1.10131429904697
17837,"1985-07-01",12,-0.564926179272152,-1.07871860236154
17837,"1985-08-01",12,-0.898026232833541,-1.4508916862322
17837,"1985-09-01",12,-1.01360535700847,-1.60102250243859
17837,"1985-10-01",12,-0.21173246204689,-0.74768473321347
17837,"1985-11-01",12,-0.119713166632819,-0.694880331070516
17837,"1985-12-01",12,-0.329632084688451,-0.936465792745249
17837,"1986-01-01",12,-0.370855207612959,-0.927824401944233
17837,"1986-02-01",12,-0.660581900276745,-1.24931223524975
17837,"1986-03-01",12,-1.02473641501535,-1.64653176135934
17837,"1986-04-01",12,-1.21290665616747,-1.77753630456091
17837,"1986-05-01",12,-0.752605776399863,-1.27972865071284
17837,"1986-06-01",12,-0.109058047083388,-0.527151499508712
17837,"1986-07-01",12,-0.22675696617027,-0.653126749389232
17837,"1986-08-01",12,-0.232943651868151,-0.670312680622786
17837,"1986-09-01",12,-0.0942584859186118,-0.531447766580468
17837,"1986-10-01",12,-0.605268313010314,-1.14640561711446
17837,"1986-11-01",12,-0.144448217509496,-0.675492157877667
17837,"1986-12-01",12,-0.028071030697152,-0.524264619511185
17837,"1987-01-01",12,0.143093253946078,-0.245486246876614
17837,"1987-02-01",12,-0.0961151390307412,-0.528757406670267
17837,"1987-03-01",12,0.640661895378883,0.442714938145148
17837,"1987-04-01",12,0.957652349562544,0.899202589434463
17837,"1987-05-01",12,0.360641121690023,0.116600993466227
17837,"1987-06-01",12,0.278925305062869,0.00268964531021983
17837,"1987-07-01",12,0.462858973621185,0.231164136036271
17837,"1987-08-01",12,0.612790735883006,0.414263492397894
17837,"1987-09-01",12,0.709418910162492,0.521508244834828
17837,"1987-10-01",12,1.14927539400817,1.03892194114762
17837,"1987-11-01",12,1.1260439978722,1.03444661272092
17837,"1987-12-01",12,1.18269941374605,1.11441752555385
17837,"1988-01-01",12,0.908963106468292,0.812624550145583
17837,"1988-02-01",12,1.19261676225174,1.21074570928381
17837,"1988-03-01",12,1.17480572910352,1.19648765883367
17837,"1988-04-01",12,1.01007586326224,1.01086628164024
17837,"1988-05-01",12,1.29941967471641,1.36776362071303
17837,"1988-06-01",12,1.26079802589955,1.29681254389537
17837,"1988-07-01",12,1.30981235172271,1.32945146405377
17837,"1988-08-01",12,1.34239919993176,1.36891109313753
17837,"1988-09-01",12,1.35403777005736,1.37789389517318
17837,"1988-10-01",12,1.48584013860392,1.49838049229021
17837,"1988-11-01",12,1.53887299686955,1.61148560989743
17837,"1988-12-01",12,1.42064275359479,1.46495335433426
17837,"1989-01-01",12,1.3454859420592,1.42137735015634
17837,"1989-02-01",12,1.04102886560935,1.05999842763111
17837,"1989-03-01",12,0.645955274316599,0.552266356865161
17837,"1989-04-01",12,0.128230621493734,-0.072642276591431
17837,"1989-05-01",12,-0.108698998193452,-0.38168831571935
17837,"1989-06-01",12,-0.560092623049775,-0.92598428811668
17837,"1989-07-01",12,-0.748560941869368,-1.12410567527214
17837,"1989-08-01",12,-0.799955739291228,-1.19141477788091
17837,"1989-09-01",12,-0.639250586307797,-1.03465371172482
17837,"1989-10-01",12,-1.09613719418663,-1.56350034625869
17837,"1989-11-01",12,-0.675555575720352,-1.16092554827075
17837,"1989-12-01",12,-0.35624863742349,-0.775478290003915
17837,"1990-01-01",12,-0.262975903088871,-0.597070493188831
17837,"1990-02-01",12,-0.0293905153424284,-0.288036478918993
17837,"1990-03-01",12,-0.170729928593924,-0.459763919582239
17837,"1990-04-01",12,0.540834949512053,0.505076367648545
17837,"1990-05-01",12,0.838398298210813,0.873037111190388
17837,"1990-06-01",12,0.945686860828684,0.988571535781103
17837,"1990-07-01",12,1.06887065499845,1.11349762642074
17837,"1990-08-01",12,1.07442174122927,1.11986268207388
17837,"1990-09-01",12,1.17798024754747,1.23991831405881
17837,"1990-10-01",12,1.05244114673194,1.04226896448946
17837,"1990-11-01",12,0.333981711864476,0.138602771361385
17837,"1990-12-01",12,0.217615813336635,-0.00222582472003101
17837,"1991-01-01",12,0.0650108996968041,-0.12978271148066
17837,"1991-02-01",12,0.0850351597467319,-0.0873321784090656
17837,"1991-03-01",12,0.316828102488437,0.223695303288633
17837,"1991-04-01",12,0.370092073510036,0.336025797376294
17837,"1991-05-01",12,0.573634596201955,0.583640962721578
17837,"1991-06-01",12,0.520003897372596,0.501663482093092
17837,"1991-07-01",12,0.314333762866725,0.230633628384294
17837,"1991-08-01",12,0.307821484485051,0.218714423544849
17837,"1991-09-01",12,0.0635426267198954,-0.101580840590735
17837,"1991-10-01",12,0.268451562087242,0.111395108549268
17837,"1991-11-01",12,0.56511238372798,0.492145617005863
17837,"1991-12-01",12,0.744736111905143,0.734728304584399
17837,"1992-01-01",12,0.72173860116244,0.770214387126523
17837,"1992-02-01",12,0.903131804211999,1.02296278302069
17837,"1992-03-01",12,0.946261768839583,1.08536931031488
17837,"1992-04-01",12,0.534077335655252,0.592712822507468
17837,"1992-05-01",12,0.809619328449958,0.925740799969192
17837,"1992-06-01",12,1.33855301107922,1.54482098352218
17837,"1992-07-01",12,1.4260997582118,1.61134314572982
17837,"1992-08-01",12,1.44507884815278,1.6358433349312
17837,"1992-09-01",12,1.57269251923831,1.78409717407512
17837,"1992-10-01",12,1.32132393329311,1.44702966080532
17837,"1992-11-01",12,1.43915852716247,1.64297033858296
17837,"1992-12-01",12,1.44660432098762,1.65688247871585
17837,"1993-01-01",12,1.33740359094561,1.5779809599079
17837,"1993-02-01",12,1.08130996602558,1.29014769444045
17837,"1993-03-01",12,0.999307689286888,1.19657203671966
17837,"1993-04-01",12,1.22858633732095,1.48549615535758
17837,"1993-05-01",12,1.53442691533774,1.8336428963343
17837,"1993-06-01",12,1.10619305479425,1.30806479100401
17837,"1993-07-01",12,1.01004401079428,1.16134429581184
17837,"1993-08-01",12,0.9843536224895,1.13211686408252
17837,"1993-09-01",12,0.862091122397602,0.979702517103819
17837,"1993-10-01",12,0.872665774483653,0.948234282855116
17837,"1993-11-01",12,0.601174034838575,0.639372491310342
17837,"1993-12-01",12,0.444470924618932,0.449046775653528
17837,"1994-01-01",12,0.508561678653644,0.600964169111431
17837,"1994-02-01",12,0.537076319836301,0.655479169712792
17837,"1994-03-01",12,0.531434473367774,0.656185516521966
17837,"1994-04-01",12,0.000519359449329997,0.0153545591897742
17837,"1994-05-01",12,-1.35607722379463,-1.65993122886366
17837,"1994-06-01",12,-1.82671500540186,-2.17772300254124
17837,"1994-07-01",12,-1.89008755153338,-2.21772576689488
17837,"1994-08-01",12,-1.86684477781299,-2.20147090377094
17837,"1994-09-01",12,-2.03642954080339,-2.41309472740521
17837,"1994-10-01",12,-1.74776463385267,-2.10409665209707
17837,"1994-11-01",12,-1.38708450935061,-1.76839614050504
17837,"1994-12-01",12,-1.05851605860003,-1.38187698252765
17837,"1995-01-01",12,-1.25420561154654,-1.55328062270221
17837,"1995-02-01",12,-1.58582547781621,-1.94438843757477
17837,"1995-03-01",12,-1.26436996573224,-1.56398935739238
17837,"1995-04-01",12,-0.313892405819567,-0.334171687358221
17837,"1995-05-01",12,0.409591598689069,0.565909950672541
17837,"1995-06-01",12,0.481477768452006,0.641164248015861
17837,"1995-07-01",12,0.738759705561079,0.921895213626702
17837,"1995-08-01",12,0.672005552500789,0.843869120044926
17837,"1995-09-01",12,0.862833217597324,1.06488932085246
17837,"1995-10-01",12,0.911150169093472,1.07791680087892
17837,"1995-11-01",12,1.05272699972493,1.29619037434039
17837,"1995-12-01",12,0.626470572197947,0.780960247007233
17837,"1996-01-01",12,0.392424377019727,0.557805473302407
17837,"1996-02-01",12,0.658283751394481,0.906077177536515
17837,"1996-03-01",12,0.798915832988898,1.08583170360685
17837,"1996-04-01",12,0.665091957739236,0.939616570075214
17837,"1996-05-01",12,0.178819677069283,0.324819451388834
17837,"1996-06-01",12,0.109583353084505,0.229056002209266
17837,"1996-07-01",12,-0.318568231556875,-0.314736516995534
17837,"1996-08-01",12,-0.318263931258815,-0.317758936823747
17837,"1996-09-01",12,-0.174625076888152,-0.156725280346145
17837,"1996-10-01",12,0.295398350735346,0.380572936785502
17837,"1996-11-01",12,-0.551801717828834,-0.682855104786338
17837,"1996-12-01",12,-0.135699010408954,-0.13959474914012
17837,"1997-01-01",12,-0.0697796057015275,0.0220401448453285
17837,"1997-02-01",12,0.0429410027993216,0.177212705526976
17837,"1997-03-01",12,-0.257031925239784,-0.205546189698193
17837,"1997-04-01",12,-0.541905090908754,-0.526154927969802
17837,"1997-05-01",12,-0.440036777290806,-0.412932693609557
17837,"1997-06-01",12,0.195899141044193,0.384484012232761
17837,"1997-07-01",12,0.390627754388042,0.594677786062126
17837,"1997-08-01",12,0.683722758154775,0.942630887691084
17837,"1997-09-01",12,0.934419877255363,1.2302847631327
17837,"1997-10-01",12,0.992533878147107,1.25343973426474
17837,"1997-11-01",12,1.04504268238862,1.37167682702732
17837,"1997-12-01",12,1.06944106196187,1.40938885689483
17837,"1998-01-01",12,1.1813581842453,1.59814611476953
17837,"1998-02-01",12,1.15656441851457,1.58770671366953
17837,"1998-03-01",12,1.31081951471644,1.76949005525038
17837,"1998-04-01",12,1.19576091454218,1.63658440862107
17837,"1998-05-01",12,1.6065222346759,2.0789483588341
17837,"1998-06-01",12,1.38745192576702,1.81394035323165
17837,"1998-07-01",12,1.25966090257125,1.62916364152492
17837,"1998-08-01",12,0.902054534121827,1.23449715002057
17837,"1998-09-01",12,0.574111343806282,0.851868530973116
17837,"1998-10-01",12,0.186890279805873,0.341859450198234
17837,"1998-11-01",12,0.313117277198352,0.52498365619895
17837,"1998-12-01",12,0.63624236321859,0.937366773482568
17837,"1999-01-01",12,0.300543834326645,0.598450647729335
17837,"1999-02-01",12,0.0691166734807164,0.316498487150899
17837,"1999-03-01",12,-0.0666140128656614,0.148129083744021
17837,"1999-04-01",12,0.210741281878285,0.526864901217917
17837,"1999-05-01",12,-0.504905040711188,-0.39966988015404
17837,"1999-06-01",12,-0.347188701963345,-0.198111836993959
17837,"1999-07-01",12,-0.227682988297572,-0.064693557056086
17837,"1999-08-01",12,-0.0531095698720777,0.149911242402403
17837,"1999-09-01",12,0.0933281505194447,0.319016609324753
17837,"1999-10-01",12,-0.099587233889784,0.0383736777362204
17837,"1999-11-01",12,-0.0606184555060047,0.101095333602006
17837,"1999-12-01",12,-1.01397239251765,-1.10890882273794
17837,"2000-01-01",12,-0.517562905730264,-0.396020494308678
17837,"2000-02-01",12,-0.0699538911202077,0.190386989862545
17837,"2000-03-01",12,-0.0938836550444863,0.165629079706707
17837,"2000-04-01",12,-0.000635912893258964,0.31302479882297
17837,"2000-05-01",12,0.512576357764326,0.91978870522864
17837,"2000-06-01",12,0.0302392021323053,0.324240120268235
17837,"2000-07-01",12,-0.196822139170611,0.019657183416102
17837,"2000-08-01",12,-0.256525695627417,-0.0540553232408551
17837,"2000-09-01",12,-0.293686334551345,-0.113189175280305
17837,"2000-10-01",12,-0.00306155125580449,0.204411931724139
17837,"2000-11-01",12,-0.125777076989366,0.0697325907777288
17837,"2000-12-01",12,-0.000573850405123847,0.245468374715302
17837,"2001-01-01",12,-0.801366817212315,-0.71450432458293
17837,"2001-02-01",12,-0.826417916746744,-0.750908074155041
17837,"2001-03-01",12,-1.29216761532741,-1.35089280954131
17837,"2001-04-01",12,-1.67059961986916,-1.77267390249211
17837,"2001-05-01",12,-1.02386253574691,-0.975573156708712
17837,"2001-06-01",12,-1.18993154018583,-1.17561046355464
17837,"2001-07-01",12,-1.00617394921465,-0.943165687971551
17837,"2001-08-01",12,-1.05650943632239,-1.00906708491469
17837,"2001-09-01",12,-1.20861042497853,-1.21655379614898
17837,"2001-10-01",12,-1.35766531421649,-1.42115270177436
17837,"2001-11-01",12,-0.69974901941072,-0.623728242476994
17837,"2001-12-01",12,-0.319854090235222,-0.113438762942815
17837,"2002-01-01",12,0.432600901200509,0.909610654251253
17837,"2002-02-01",12,-0.0518213662756211,0.319251705987782
17837,"2002-03-01",12,0.311857723518114,0.779145663861266
17837,"2002-04-01",12,0.76828559118281,1.31524367396864
17837,"2002-05-01",12,0.0435819527346474,0.445611332551832
17837,"2002-06-01",12,0.302642063832811,0.747646639070989
17837,"2002-07-01",12,0.624803905196102,1.0765586574394
17837,"2002-08-01",12,0.817564453221417,1.29519334038396
17837,"2002-09-01",12,1.27775847207463,1.79426993972794
17837,"2002-10-01",12,1.41979199827843,1.90392424971376
17837,"2002-11-01",12,1.28706083846017,1.84189203340572
17837,"2002-12-01",12,1.32172882072542,1.88798196251544
17837,"2003-01-01",12,0.919205432411086,1.509542253273
17837,"2003-02-01",12,1.36655069833599,2.006426703207
17837,"2003-03-01",12,1.48739503450155,2.13949366605452
17837,"2003-04-01",12,1.19145313904057,1.81145166429079
17837,"2003-05-01",12,1.2020988931427,1.80756075262524
17837,"2003-06-01",12,1.2078552395222,1.79154315560248
17837,"2003-07-01",12,1.00702335486354,1.52988510160342
17837,"2003-08-01",12,0.812846168249877,1.3282605759784
17837,"2003-09-01",12,0.450438603983598,0.925531688734213
17837,"2003-10-01",12,0.279654404922905,0.682355957101265
17837,"2003-11-01",12,0.234250168255288,0.677360672957988
17837,"2003-12-01",12,0.0286533674707443,0.438810494318781
17837,"2004-01-01",12,0.132781336567879,0.649583322203926
17837,"2004-02-01",12,-0.279223797444968,0.130857884590585
17837,"2004-03-01",12,-0.345788015605694,0.0483969866209668
17837,"2004-04-01",12,-0.629044094129212,-0.296851164513596
17837,"2004-05-01",12,-0.746188489614264,-0.474562907501343
17837,"2004-06-01",12,-0.497553942096503,-0.1467010701577
17837,"2004-07-01",12,-0.470760156022779,-0.135845284500269
17837,"2004-08-01",12,-0.501927897593279,-0.173495910471468
17837,"2004-09-01",12,-0.515195294543947,-0.201528601271716
17837,"2004-10-01",12,-0.60350112460508,-0.353345617477808
17837,"2004-11-01",12,-0.281042522045814,0.0789982313852967
17837,"2004-12-01",12,-0.463349313989357,-0.142909301616992
17837,"2005-01-01",12,-0.811675221778737,-0.522202448486486
17837,"2005-02-01",12,-0.729871214022244,-0.418386823409715
17837,"2005-03-01",12,-0.598969584014154,-0.236827329689253
17837,"2005-04-01",12,-0.231196897489535,0.270268876402149
17837,"2005-05-01",12,0.0303697385983156,0.572067290734933
17837,"2005-06-01",12,-0.319052836752128,0.130776032541798
17837,"2005-07-01",12,-0.349408826243223,0.0624189119764949
17837,"2005-08-01",12,-0.375705254843135,0.0327261095217476
17837,"2005-09-01",12,-0.308331528081265,0.108980150533781
17837,"2005-10-01",12,0.129724763366437,0.596738951750157
17837,"2005-11-01",12,-0.0998015551338416,0.36359377795466
17837,"2005-12-01",12,-0.039379336668422,0.456730533306619
17837,"2006-01-01",12,-0.0637872110116062,0.511514059477564
17837,"2006-02-01",12,-0.349231024729619,0.145290997458849
17837,"2006-03-01",12,-0.535931448176485,-0.0989876389590175
17837,"2006-04-01",12,-0.309808434094411,0.219883481980362
17837,"2006-05-01",12,-0.50803923433566,-0.0619471217635401
17837,"2006-06-01",12,-0.721824979506563,-0.342482997955036
17837,"2006-07-01",12,-0.544687920851235,-0.136915952311469
17837,"2006-08-01",12,-0.684212011996643,-0.313204435490678
17837,"2006-09-01",12,-0.562112763094933,-0.165944809793831
17837,"2006-10-01",12,-0.222374360379715,0.21963561952474
17837,"2006-11-01",12,-0.338384284948267,0.109341098472036
17837,"2006-12-01",12,-0.582299854653346,-0.195447730942754
17837,"2007-01-01",12,-0.754590904867253,-0.339064662534619
17837,"2007-02-01",12,-0.764824757365963,-0.361820846333909
17837,"2007-03-01",12,-0.345925888771321,0.206817644767054
17837,"2007-04-01",12,-0.540075612854036,-0.029476152570849
17837,"2007-05-01",12,-0.574135123020384,-0.0999984363963953
17837,"2007-06-01",12,-0.132840554842166,0.459359856964591
17837,"2007-07-01",12,-0.328500429521751,0.180824715269962
17837,"2007-08-01",12,0.154326298814065,0.762094789939916
17837,"2007-09-01",12,-0.0512928788851934,0.519632049060799
17837,"2007-10-01",12,-0.420293974051208,0.0208304390493068
17837,"2007-11-01",12,0.482374659967577,1.15686694212564
17837,"2007-12-01",12,0.729277949923381,1.44310808310643
17837,"2008-01-01",12,0.82183624430504,1.60970321450512
17837,"2008-02-01",12,0.968955227235776,1.77033475042098
17837,"2008-03-01",12,0.52696375377271,1.30447887336474
17837,"2008-04-01",12,-0.21782294578991,0.434803349464275
17837,"2008-05-01",12,0.141573218882186,0.842641015551185
17837,"2008-06-01",12,0.0369730083708099,0.709400307804368
17837,"2008-07-01",12,0.197180387307652,0.846298618346951
17837,"2008-08-01",12,-0.178687774173436,0.415745242567674
17837,"2008-09-01",12,0.0298689415078019,0.661735399342569
17837,"2008-10-01",12,-0.00147515994960222,0.578872366690419
17837,"2008-11-01",12,-0.560457902584915,-0.0787322638008067
17837,"2008-12-01",12,-0.622635759445236,-0.144142135504991
17837,"2009-01-01",12,-0.683304680148494,-0.13430974453884
17837,"2009-02-01",12,-0.777205348526884,-0.273892492901334
17837,"2009-03-01",12,-0.440903333205864,0.187026898711394
17837,"2009-04-01",12,0.164705192204707,0.938096268322399
17837,"2009-05-01",12,0.213281019228659,0.969270325189763
17837,"2009-06-01",12,0.217489542905206,0.961068998576606
17837,"2009-07-01",12,0.766435056450598,1.49251033490319
17837,"2009-08-01",12,0.761678822195271,1.49706639602994
17837,"2009-09-01",12,0.811554211116359,1.55449326026574
17837,"2009-10-01",12,0.701832364366311,1.39719453244811
17837,"2009-11-01",12,0.885106054323889,1.67460422758548
17837,"2009-12-01",12,0.935914109489757,1.73972387014119
17837,"2010-01-01",12,0.788461980081843,1.65520046601503
17837,"2010-02-01",12,0.753400043978931,1.62431936960043
17837,"2010-03-01",12,0.683132480708805,1.55469614369456
17837,"2010-04-01",12,0.663311343835596,1.51823061337592
17837,"2010-05-01",12,0.590669603891069,1.42127809492473
17837,"2010-06-01",12,0.762764209612808,1.5806845311056
17837,"2010-07-01",12,0.0673437530956549,0.785002226212872
17837,"2010-08-01",12,-0.144892731576239,0.547449919901747
17837,"2010-09-01",12,-0.4397706955897,0.18317711032888
17837,"2010-10-01",12,-0.204627301953223,0.428961478562981
17837,"2010-11-01",12,-0.960164513234938,-0.521006535457577
17837,"2010-12-01",12,-0.83633904999789,-0.331486479507835
17837,"2011-01-01",12,-1.048600209851,-0.536570922969956
17837,"2011-02-01",12,-1.0583943876897,-0.566459949499693
17837,"2011-03-01",12,-1.14329724123818,-0.686017494803881
17837,"2011-04-01",12,-1.1880553016292,-0.722379012820349
17837,"2011-05-01",12,-0.923842694215599,-0.379367205791694
17837,"2011-06-01",12,-0.777698405951509,-0.174777399914589
17837,"2011-07-01",12,-0.576586627536577,0.0538533244200905
17837,"2011-08-01",12,-0.361563346246442,0.331308311118226
17837,"2011-09-01",12,-0.302594182763661,0.40212580106685
17837,"2011-10-01",12,-0.312197792761569,0.344796461596162
17837,"2011-11-01",12,0.124951091797621,0.93328913954473
17837,"2011-12-01",12,-0.109226992281894,0.674971240654314
17837,"2012-01-01",12,-0.270549806607903,0.567631743577038
17837,"2012-02-01",12,-0.278750279422098,0.54998628121087
17837,"2012-03-01",12,-0.259633741308692,0.576911164718326
17837,"2012-04-01",12,-0.880039432301536,-0.240460697223661
17837,"2012-05-01",12,-0.892883907134905,-0.287782047714538
17837,"2012-06-01",12,-1.11079648985993,-0.585155809186504
17837,"2012-07-01",12,-1.02417919227002,-0.491430053886865
17837,"2012-08-01",12,-1.02580342622073,-0.489156157228219
17837,"2012-09-01",12,-1.09337081489561,-0.590646470553931
17837,"2012-10-01",12,-0.602314259191628,0.0271245289735923
17837,"2012-11-01",12,-0.199720775799139,0.594907936525081
17837,"2012-12-01",12,0.133544797011301,1.00796423293607
17837,"2013-01-01",12,0.213521796619287,1.17969957520318
17837,"2013-02-01",12,0.187094255775091,1.14819648001057
17837,"2013-03-01",12,0.153505258517781,1.11368468537743
17837,"2013-04-01",12,0.691465230947345,1.65902157131012
17837,"2013-05-01",12,0.222683733817168,1.15056723666486
17837,"2013-06-01",12,0.0544236915112032,0.952838190359004
17837,"2013-07-01",12,0.124322709287901,0.973916998849707
17837,"2013-08-01",12,0.0260326441391287,0.876090682041896
17837,"2013-09-01",12,0.23303234543119,1.10698740117297
17837,"2013-10-01",12,-0.115761966865161,0.671339573940175
17837,"2013-11-01",12,-0.698182498084749,-0.00246097885626836
17837,"2013-12-01",12,-1.24955207773292,-0.764365693740548
17837,"2014-01-01",12,-1.5905947823517,-1.16920393051304
17837,"2014-02-01",12,-1.95512939970954,-1.71168126481456
17837,"2014-03-01",12,-1.71377686547894,-1.36978083758827
17837,"2014-04-01",12,-2.26642398146606,-2.10056287988263
17837,"2014-05-01",12,-2.16124057170482,-1.98008322979044
17837,"2014-06-01",12,-1.94278784199067,-1.66234466795516
17837,"2014-07-01",12,-2.08663510326111,-1.85254847007842
17837,"2014-08-01",12,-2.0244490941114,-1.77138714488165
17837,"2014-09-01",12,-1.46656131647226,-1.02131128699773
17837,"2014-10-01",12,-1.00619457214622,-0.415113930821904
17837,"2014-11-01",12,-0.637711792380793,0.132235768235115
17837,"2014-12-01",12,-0.653291888793014,0.131837061335604
17837,"2015-01-01",12,-0.533094763284313,0.390826876786731
17837,"2015-02-01",12,-0.140277614531677,0.868271154104123
17837,"2015-03-01",12,0.00187516560085252,1.03489262599138
17837,"2015-04-01",12,0.460118351305964,1.50358486904366
17837,"2015-05-01",12,0.643065613775372,1.66116873139678
17837,"2015-06-01",12,0.981605158133251,1.96699232543664
17837,"2015-07-01",12,0.998902443688235,1.91994509157596
17837,"2015-08-01",12,0.949257576799956,1.88544871479352
17837,"2015-09-01",12,0.151075827424205,1.10184305655874
17837,"2015-10-01",12,-0.0916658847215965,0.787791451853703
17837,"2015-11-01",12,-0.413002895219391,0.479309851037294
17837,"2015-12-01",12,-0.44343345977464,0.461490499886237
17837,"2016-01-01",12,-0.30080011345648,0.735382426549583
17837,"2016-02-01",12,-0.424177234767693,0.570281625311644
17837,"2016-03-01",12,-0.884035107288123,-0.0523046961616254
17837,"2016-04-01",12,-1.31627055688565,-0.67256234451792
17837,"2016-05-01",12,-1.24981587138624,-0.606250668779033
17837,"2016-06-01",12,-1.43424866239554,-0.863214513050737
17837,"2016-07-01",12,-1.28386897887549,-0.673044647800315
17837,"2016-08-01",12,-1.38727680688343,-0.814102293140907
17837,"2016-09-01",12,-1.04771619809481,-0.340228001431154
17837,"2016-10-01",12,-1.41163051871037,-0.888079702985198
17837,"2016-11-01",12,-1.5429204245084,-1.06292596667351
17837,"2016-12-01",12,-1.17154509254538,-0.499966297014447
17837,"2017-01-01",12,-1.52686501661202,-0.933797974896744
17837,"2017-02-01",12,-1.7677935016522,-1.32030644879193
17837,"2017-03-01",12,-1.71703714660006,-1.2453936970583
17837,"2017-04-01",12,-1.42723659738921,-0.790452939333044
17837,"2017-05-01",12,-1.24685039822056,-0.554811033039751
17837,"2017-06-01",12,-1.28308788048995,-0.597516394911105
17837,"2017-07-01",12,-1.39683567856058,-0.789896871087018
17837,"2017-08-01",12,-1.34069068281896,-0.704060705778939
17837,"2017-09-01",12,-1.76702831235646,-1.32316369520736
17837,"2017-10-01",12,-1.61282828518612,-1.12933416801812
17837,"2017-11-01",12,-1.4720714612534,-0.912477999229835
17837,"2017-12-01",12,-1.82286677679716,-1.41560850089249
17837,"2018-01-01",12,-1.80192066086413,-1.299960987675
17837,"2018-02-01",12,-1.78708410267364,-1.30581062443196
17837,"2018-03-01",12,-1.57195679591062,-0.981331073809234
17837,"2018-04-01",12,-1.90328898313749,-1.45261947161277
17837,"2018-05-01",12,-2.02135921180653,-1.64928967211994
17837,"2018-06-01",12,-1.83301063129907,-1.35828880726813
17837,"2018-07-01",12,-1.62538463683476,-1.07487354929913
17837,"2018-08-01",12,-1.66529185521253,-1.12785245212675
17837,"2018-09-01",12,-1.51937535180089,-0.926115566211875
17837,"2018-10-01",12,-1.23068430366546,-0.543054338441734
17837,"2018-11-01",12,-1.33595122135916,-0.661395801816708
17837,"2018-12-01",12,-1.1067755664045,-0.300604519802615
17837,"2019-01-01",12,-1.04367314396754,-0.102637698228759
17837,"2019-02-01",12,-0.833619665997214,0.177816838041636
17837,"2019-03-01",12,-1.00059230930406,-0.0627501279156054
17837,"2019-04-01",12,-0.196726550234444,0.974445559329166
17837,"2019-05-01",12,-0.679760148519381,0.347626419925943
17837,"2019-06-01",12,-0.49367909553727,0.583046560812323
17837,"2019-07-01",12,-0.401940839778748,0.633827069396055
17837,"2019-08-01",12,-0.316848002529866,0.74659450494379
17837,"2019-09-01",12,-0.0556357320485166,1.04628000992494
17837,"2019-10-01",12,-0.365163022800204,0.649023019396416
17837,"2019-11-01",12,-0.434856093367584,0.652956264174739
17837,"2019-12-01",12,-0.389295923957639,0.731324208243537
17837,"2020-01-01",12,-0.791343163043138,0.311430657989602
17837,"2020-02-01",12,-0.564817148748147,0.593710509981854
17837,"2020-03-01",12,-0.700971842136947,0.41433910337126
17837,"2020-04-01",12,-1.31374481091968,-0.477149270472854
17837,"2020-05-01",12,-1.09673910249339,-0.188417949658263
17837,"2020-06-01",12,-1.23246056729297,-0.38100104521215
17837,"2020-07-01",12,-1.39199386541525,-0.653179376954291
17837,"2020-08-01",12,-1.49186749434516,-0.792054551001135
17837,"2020-09-01",12,-1.93291726274201,-1.4455164034573
17837,"2020-10-01",12,-2.16550827638542,-1.79012255967578
17837,"2020-11-01",12,-2.19518154524633,-1.84092423969839
17837,"2020-12-01",12,-2.41549916308174,-2.14851222643652
17837,"2021-01-01",12,-2.00262446085309,-1.47211145502629
17837,"2021-02-01",12,-2.33460955173452,-1.99303144598568
17837,"2021-03-01",12,-2.14841065652311,-1.72335580954685
17837,"2021-04-01",12,-1.98656597131015,-1.45861841848531
17837,"2021-05-01",12,-2.53262792127957,-2.26738987272707
17837,"2021-06-01",12,-2.41100366616053,-2.07329666998514
17837,"2021-07-01",12,-2.27873338677193,-1.88964876560022
17837,"2021-08-01",12,-2.22459716082728,-1.81312652396696
17837,"2021-09-01",12,-2.08403136301568,-1.62604586192625
17837,"2021-10-01",12,-1.8913812824686,-1.36852058425865
17837,"2021-11-01",12,-1.7145909649217,-1.09201096353432
17837,"2021-12-01",12,-1.53915082569426,-0.806699980126063
17837,"2022-01-01",12,-1.91375067857352,-1.29311488848726
17837,"2022-02-01",12,-1.67620267827623,-0.95375478322001
17837,"2022-03-01",12,-1.60939743695302,-0.849309321153222
17837,"2022-04-01",12,-1.97241430442939,-1.39802180683379
17837,"2022-05-01",12,-1.46094644283352,-0.643327736990875
17837,"2022-06-01",12,-1.21343726731346,-0.256267561850187
17837,"2022-07-01",12,-1.10359308454233,-0.145568991608025
17837,"2022-08-01",12,-1.29124233653168,-0.406466375678679
17837,"2022-09-01",12,-1.01738030363635,-0.0101021785282602
17837,"2022-10-01",12,-0.995720317262209,-0.022809491307953
17837,"2022-11-01",12,-1.09577318458656,-0.0957810872913841
17837,"2022-12-01",12,-1.24909612665363,-0.305932114730031
17837,"2023-01-01",12,-1.58905654507791,-0.733275787047311
17837,"2023-02-01",12,-1.66052886716488,-0.881052757866072
17837,"2023-03-01",12,-1.60262746092443,-0.789955647325641
17837,"2023-04-01",12,-0.874410400559444,0.316343252316054
17837,"2023-05-01",12,-1.07245469744787,-0.00521366013033293
17837,"2023-06-01",12,-0.328541322898465,0.959367856057763
17837,"2023-07-01",12,-0.222813695872206,1.00677303107779
17837,"2023-08-01",12,-0.239449805160097,1.00411029398593
17837,"2023-09-01",12,-0.725119264395878,0.434713249645991
17837,"2023-10-01",12,-0.382599567704458,0.806253906600466
17837,"2023-11-01",12,-0.575397199909798,0.67494761500666
17837,"2023-12-01",12,-0.511182779785877,0.778437785892724
17837,"2024-01-01",12,-0.188792264866808,1.24483839452899
17837,"2024-02-01",12,-0.526119043736126,0.841350358602037
17837,"2024-03-01",12,-0.310703462998555,1.09501233748501
17837,"2024-04-01",12,-1.17007401324365,-0.0612304823855017
17837,"2024-05-01",12,-0.625215503659624,0.656240426003701
17837,"2024-06-01",12,-1.75848396791622,-0.999778445314412
17837,"2024-07-01",12,-1.72105636862329,-0.972146723006174
17837,"2024-08-01",12,-1.24510247189199,-0.245633153709812
17837,"2024-09-01",12,-1.16195743922229,-0.122023395693271
17837,"2024-10-01",12,-1.53748837264539,-0.721302231933835
17837,"2024-11-01",12,-1.55396721414016,-0.700326836289718
17837,"2024-12-01",12,-1.55564245838446,-0.685005273163239
17837,"2025-01-01",12,-2.12117778683579,-1.48663067097687
17837,"2025-02-01",12,-1.71313170818303,-0.869550850564423
17837,"2025-03-01",12,-2.18399625037847,-1.62270296861304
17837,"2025-04-01",12,-1.68816069399757,-0.825501860374985
17837,"2025-05-01",12,-1.90160764788088,-1.199768954701
17837,"2025-06-01",12,-1.61603038298687,-0.732653833274895
17837,"2025-07-01",12,-1.69551087263809,-0.891959840390201
17837,"2025-08-01",12,-2.11342036764056,-1.51560705666616
17837,"2025-09-01",12,-2.18870209603621,-1.63603499037004
17837,"2025-10-01",12,-2.1602633263089,-1.61074136948971
17837,"2025-11-01",12,-2.15132634698794,-1.58791759932957
17837,"2025-12-01",12,-2.11793822055328,-1.5295799364265
17840,"1965-02-01",12,NA,NA
17840,"1965-03-01",12,NA,NA
17840,"1965-04-01",12,NA,NA
17840,"1965-05-01",12,NA,NA
17840,"1965-06-01",12,NA,NA
17840,"1965-07-01",12,NA,NA
17840,"1965-08-01",12,NA,NA
17840,"1965-09-01",12,NA,NA
17840,"1965-10-01",12,NA,NA
17840,"1965-11-01",12,NA,NA
17840,"1965-12-01",12,NA,NA
17840,"1966-01-01",12,0.0329611189201179,-1.05663754088711
17840,"1966-02-01",12,-0.278281231504488,-1.32780963524581
17840,"1966-03-01",12,-0.39795874913038,-1.45067250804241
17840,"1966-04-01",12,-0.524640072585874,-1.60426969896898
17840,"1966-05-01",12,-0.926151253304761,-1.97258611918173
17840,"1966-06-01",12,-1.05932062709006,-2.06272138909253
17840,"1966-07-01",12,-1.12053509456397,-2.09446525167753
17840,"1966-08-01",12,-1.11747653806504,-2.1210188211719
17840,"1966-09-01",12,-1.00334607706255,-2.02460641650179
17840,"1966-10-01",12,-1.21226077507243,-2.25981533052451
17840,"1966-11-01",12,-1.32424302964449,-2.44722390435362
17840,"1966-12-01",12,-1.09032755798648,-2.18898949088597
17840,"1967-01-01",12,-1.34061394627329,-2.28551123700383
17840,"1967-02-01",12,-1.0345728987539,-1.98098459417233
17840,"1967-03-01",12,-0.883134571748418,-1.85875809951015
17840,"1967-04-01",12,-0.711419617281547,-1.74245932830965
17840,"1967-05-01",12,-0.26479781454642,-1.34366688676362
17840,"1967-06-01",12,-0.0818110986652226,-1.13760290033751
17840,"1967-07-01",12,0.0389956214222839,-0.994224888972967
17840,"1967-08-01",12,0.0414079063045029,-1.00933235769256
17840,"1967-09-01",12,-0.0375877064010863,-1.09110514011872
17840,"1967-10-01",12,0.15211184173271,-0.943580171676392
17840,"1967-11-01",12,0.204091865130952,-0.973298128743164
17840,"1967-12-01",12,-0.0585562359771332,-1.20977207375542
17840,"1968-01-01",12,0.0194515823634321,-0.997299508265856
17840,"1968-02-01",12,-0.0732418680664056,-1.0604759173018
17840,"1968-03-01",12,-0.0164011831007565,-1.01390437362082
17840,"1968-04-01",12,-0.416897512068866,-1.44215036672993
17840,"1968-05-01",12,-0.66538774115432,-1.68415609926944
17840,"1968-06-01",12,-0.200294060398118,-1.21980828170877
17840,"1968-07-01",12,-0.20697342275672,-1.20561591431175
17840,"1968-08-01",12,-0.0876964327057791,-1.10575829770156
17840,"1968-09-01",12,0.0500929907964711,-0.963692663658726
17840,"1968-10-01",12,0.170837147998503,-0.884440664376812
17840,"1968-11-01",12,0.306469626834112,-0.815295104614539
17840,"1968-12-01",12,0.495713482700929,-0.560127169576626
17840,"1969-01-01",12,0.305922550461399,-0.649576119199775
17840,"1969-02-01",12,0.820369462058342,-0.00888493444605468
17840,"1969-03-01",12,0.88070209901441,0.0590654893126476
17840,"1969-04-01",12,1.37880589166335,0.700347746748211
17840,"1969-05-01",12,1.72081222876437,1.16654206031691
17840,"1969-06-01",12,1.46685962235693,0.832921010168198
17840,"1969-07-01",12,1.50287788361296,0.892508986707624
17840,"1969-08-01",12,1.37123265011952,0.723708811384711
17840,"1969-09-01",12,1.24931371211203,0.560867431504731
17840,"1969-10-01",12,1.1996800286252,0.459327122254562
17840,"1969-11-01",12,1.01678425000107,0.145731920573724
17840,"1969-12-01",12,1.4282188789879,0.738774204554687
17840,"1970-01-01",12,1.43261596364813,0.833959089995799
17840,"1970-02-01",12,1.27573089724118,0.628325667402418
17840,"1970-03-01",12,1.02209196025525,0.282972921987443
17840,"1970-04-01",12,0.532983878939917,-0.365677512941555
17840,"1970-05-01",12,0.264793423880696,-0.68969157239734
17840,"1970-06-01",12,0.142684636877998,-0.794424881007164
17840,"1970-07-01",12,0.276896836366059,-0.628218478371908
17840,"1970-08-01",12,0.370366053076314,-0.531585444175938
17840,"1970-09-01",12,0.470604951637946,-0.412523663227087
17840,"1970-10-01",12,0.78849941408611,-0.057231781710683
17840,"1970-11-01",12,0.896488382492457,0.0251796885113215
17840,"1970-12-01",12,0.236524093008694,-0.775235349534557
17840,"1971-01-01",12,-0.137930602010382,-1.0494807997093
17840,"1971-02-01",12,-0.403838581353275,-1.2848551676635
17840,"1971-03-01",12,-0.042946195325291,-0.934935408973164
17840,"1971-04-01",12,0.304252303282074,-0.592593370528846
17840,"1971-05-01",12,0.261658483209982,-0.65454616447431
17840,"1971-06-01",12,0.310286524680045,-0.569748430290714
17840,"1971-07-01",12,0.0313753332957752,-0.857238415525556
17840,"1971-08-01",12,0.203256409146045,-0.682338066685869
17840,"1971-09-01",12,0.0202294936258292,-0.8841323037061
17840,"1971-10-01",12,-0.41213249977763,-1.37605196248954
17840,"1971-11-01",12,-0.354688628645169,-1.39864273288026
17840,"1971-12-01",12,-0.290862703912891,-1.29246292926722
17840,"1972-01-01",12,-0.188977628592594,-1.06543522837451
17840,"1972-02-01",12,-0.330250775974925,-1.17947422465759
17840,"1972-03-01",12,-0.842865103957648,-1.68087261097958
17840,"1972-04-01",12,-0.60105280197547,-1.48836093417128
17840,"1972-05-01",12,0.0958817362022114,-0.799223474076775
17840,"1972-06-01",12,0.623673452798124,-0.158280855732257
17840,"1972-07-01",12,0.694209996889461,-0.0562108602031007
17840,"1972-08-01",12,0.510925894597064,-0.282892611562764
17840,"1972-09-01",12,0.627849929708572,-0.137906645614002
17840,"1972-10-01",12,0.714081873103983,-0.0676260888192634
17840,"1972-11-01",12,0.641909337732311,-0.221517611434416
17840,"1972-12-01",12,0.185173989664964,-0.748857299160118
17840,"1973-01-01",12,0.23973440363181,-0.565014708126224
17840,"1973-02-01",12,0.386964700041315,-0.374686683881046
17840,"1973-03-01",12,0.748681711463231,0.0515440246995568
17840,"1973-04-01",12,0.701072696398031,-0.0367986347726522
17840,"1973-05-01",12,0.347763842784735,-0.477551650183719
17840,"1973-06-01",12,-0.0805559608534478,-0.919247754937163
17840,"1973-07-01",12,0.0486173466133869,-0.764554006652714
17840,"1973-08-01",12,-0.0522258557666541,-0.884660561513802
17840,"1973-09-01",12,-0.124620957528903,-0.964264089685714
17840,"1973-10-01",12,-0.219563714192108,-1.1098941404444
17840,"1973-11-01",12,0.0660349118586147,-0.873627761144881
17840,"1973-12-01",12,0.637824052931399,-0.161369471283949
17840,"1974-01-01",12,0.768151419513431,0.113684936339021
17840,"1974-02-01",12,0.658506004181186,-0.0099466555281617
17840,"1974-03-01",12,0.544314522869835,-0.15980602840665
17840,"1974-04-01",12,0.649795060349411,-0.0596742422460525
17840,"1974-05-01",12,0.495292315132081,-0.262603705317688
17840,"1974-06-01",12,0.140256714448809,-0.642425877531407
17840,"1974-07-01",12,0.00267037625918026,-0.776586159321861
17840,"1974-08-01",12,0.355286510183296,-0.386789612885989
17840,"1974-09-01",12,0.594872287820917,-0.0963333071226809
17840,"1974-10-01",12,0.573713086854441,-0.160174864195986
17840,"1974-11-01",12,0.511610768044559,-0.295516263505534
17840,"1974-12-01",12,0.590122460249793,-0.176484306913039
17840,"1975-01-01",12,0.500438247150151,-0.176617978199632
17840,"1975-02-01",12,0.60322480343486,-0.0374021432803424
17840,"1975-03-01",12,0.672351733078814,0.0366177095302792
17840,"1975-04-01",12,0.96519106056335,0.382740645195824
17840,"1975-05-01",12,1.18195116955395,0.655485085635934
17840,"1975-06-01",12,1.23743487891191,0.752923438713657
17840,"1975-07-01",12,1.11872374391775,0.6056206484892
17840,"1975-08-01",12,0.779299805222622,0.177390245652064
17840,"1975-09-01",12,0.611101777506033,-0.0346647282800548
17840,"1975-10-01",12,0.566870702109825,-0.125712532751216
17840,"1975-11-01",12,0.508386451034963,-0.252945001825054
17840,"1975-12-01",12,0.335958510516251,-0.44369590075957
17840,"1976-01-01",12,0.810099276458624,0.250314721413124
17840,"1976-02-01",12,0.751040395670132,0.184698892488704
17840,"1976-03-01",12,0.666557617081066,0.0694702105481137
17840,"1976-04-01",12,0.45905654777526,-0.210600534139143
17840,"1976-05-01",12,0.777907670867613,0.170069573605751
17840,"1976-06-01",12,0.735278353347564,0.145942184755058
17840,"1976-07-01",12,0.871281350166454,0.327488971881101
17840,"1976-08-01",12,0.923693520252823,0.404416905912339
17840,"1976-09-01",12,1.13071667076365,0.67665068594784
17840,"1976-10-01",12,1.47387938775573,1.11450937163951
17840,"1976-11-01",12,1.41740387640852,1.02464820899879
17840,"1976-12-01",12,1.46536980217317,1.07622104182674
17840,"1977-01-01",12,1.0931119150121,0.65446446323543
17840,"1977-02-01",12,1.13530799219132,0.709401726291951
17840,"1977-03-01",12,1.29659236705277,0.908180928731874
17840,"1977-04-01",12,1.24822148760275,0.829644474327602
17840,"1977-05-01",12,1.10694003032083,0.634661734629904
17840,"1977-06-01",12,1.12380783256173,0.682395125468337
17840,"1977-07-01",12,1.09458123968711,0.651300848633171
17840,"1977-08-01",12,1.02950223438057,0.581889763583319
17840,"1977-09-01",12,0.964681183702733,0.499411910232277
17840,"1977-10-01",12,0.830093779243034,0.298558340797946
17840,"1977-11-01",12,0.801721235076869,0.225592948621986
17840,"1977-12-01",12,0.531871771049812,-0.113753558873497
17840,"1978-01-01",12,0.795174369468696,0.314248390076454
17840,"1978-02-01",12,0.668926409046009,0.16328146936854
17840,"1978-03-01",12,0.362214513353009,-0.21741099331589
17840,"1978-04-01",12,0.130252598646339,-0.513898434612812
17840,"1978-05-01",12,-0.213675748287162,-0.907398934878867
17840,"1978-06-01",12,-0.236288363195214,-0.897648406306886
17840,"1978-07-01",12,-0.321762886523753,-0.97335984561431
17840,"1978-08-01",12,-0.198798976980054,-0.852876586370669
17840,"1978-09-01",12,-0.167223916987282,-0.823223991772334
17840,"1978-10-01",12,0.19912805485005,-0.445696189532393
17840,"1978-11-01",12,0.552571181336929,-0.0553149573235481
17840,"1978-12-01",12,0.92408945219453,0.436986758705259
17840,"1979-01-01",12,1.29350608226699,0.988486744685315
17840,"1979-02-01",12,1.31435313799446,1.00926294424273
17840,"1979-03-01",12,1.26773424845188,0.943088869301995
17840,"1979-04-01",12,1.11216439929186,0.730056026307976
17840,"1979-05-01",12,1.53568582651104,1.26239681695979
17840,"1979-06-01",12,1.66501901448505,1.44523679253877
17840,"1979-07-01",12,1.68790740723331,1.47380760903691
17840,"1979-08-01",12,1.53162752941463,1.30274231576823
17840,"1979-09-01",12,1.44999914394664,1.20219098863248
17840,"1979-10-01",12,1.2503569558227,0.932398289000399
17840,"1979-11-01",12,1.39648461281919,1.11856693822999
17840,"1979-12-01",12,1.05719681177422,0.655815248662832
17840,"1980-01-01",12,0.460703856952332,-0.0157482804120373
17840,"1980-02-01",12,0.27505084769641,-0.227236721590642
17840,"1980-03-01",12,0.767338547880799,0.353121444449172
17840,"1980-04-01",12,0.893222467577856,0.490945754446229
17840,"1980-05-01",12,1.08202185777238,0.718410720997409
17840,"1980-06-01",12,0.84113316913002,0.442230269771275
17840,"1980-07-01",12,0.588337294385093,0.137204330185447
17840,"1980-08-01",12,0.633865399015132,0.20219954058795
17840,"1980-09-01",12,0.621315754762823,0.18503722379089
17840,"1980-10-01",12,0.627665558749491,0.166889493836091
17840,"1980-11-01",12,0.493109485757132,-0.0375232811901451
17840,"1980-12-01",12,0.70322731938747,0.239849747178656
17840,"1981-01-01",12,0.477928896643256,0.0469852158997682
17840,"1981-02-01",12,0.581693785647357,0.177088624264592
17840,"1981-03-01",12,0.361035065541536,-0.099164580396514
17840,"1981-04-01",12,0.167124803575189,-0.351342305222041
17840,"1981-05-01",12,-0.00532808973437322,-0.564167967734812
17840,"1981-06-01",12,0.169082499070873,-0.329230067928074
17840,"1981-07-01",12,0.495598655580843,0.0654822620551413
17840,"1981-08-01",12,0.484378566874879,0.0597122147848173
17840,"1981-09-01",12,0.435396941312458,-0.00290755755444608
17840,"1981-10-01",12,0.374819639377076,-0.105587784953035
17840,"1981-11-01",12,0.656986544947991,0.221623452090732
17840,"1981-12-01",12,0.897338980824896,0.534201364012235
17840,"1982-01-01",12,0.958884829466923,0.681576530042942
17840,"1982-02-01",12,0.94265378816184,0.657096865991407
17840,"1982-03-01",12,0.705060244892824,0.355272752482309
17840,"1982-04-01",12,0.944577429661709,0.634209339085271
17840,"1982-05-01",12,0.821610529914438,0.467844450631821
17840,"1982-06-01",12,0.676943759302175,0.320004777786731
17840,"1982-07-01",12,0.77757079742532,0.448550068822711
17840,"1982-08-01",12,0.809619354164651,0.503403950216421
17840,"1982-09-01",12,0.926905198854518,0.649407874169791
17840,"1982-10-01",12,0.964233758289435,0.681083767800019
17840,"1982-11-01",12,0.556691750732567,0.138483596436359
17840,"1982-12-01",12,0.0603029825610161,-0.460266392370659
17840,"1983-01-01",12,-0.0232685700434171,-0.460162202536876
17840,"1983-02-01",12,0.157967860133517,-0.243333100495273
17840,"1983-03-01",12,0.0511018881610622,-0.379858918979567
17840,"1983-04-01",12,-0.0584486079024929,-0.52953545048294
17840,"1983-05-01",12,0.0204208558668571,-0.455629034185766
17840,"1983-06-01",12,0.155373719729367,-0.263336730183829
17840,"1983-07-01",12,-0.114310455227809,-0.561824409226541
17840,"1983-08-01",12,-0.0761021637233057,-0.520072428177957
17840,"1983-09-01",12,-0.227071544084816,-0.6974796108843
17840,"1983-10-01",12,-0.00373660600047676,-0.47421072836003
17840,"1983-11-01",12,1.18265360815292,1.00016079574332
17840,"1983-12-01",12,1.10565884677981,0.886645546613618
17840,"1984-01-01",12,0.902542933776182,0.690618571470417
17840,"1984-02-01",12,0.632157466847872,0.357206650766391
17840,"1984-03-01",12,0.731110895979764,0.465232043133787
17840,"1984-04-01",12,1.02528795372084,0.81110683028681
17840,"1984-05-01",12,0.976894668489963,0.7393374732864
17840,"1984-06-01",12,0.769392314226954,0.514112456246412
17840,"1984-07-01",12,0.778735150875164,0.528343207010268
17840,"1984-08-01",12,0.842775572466109,0.62463936376928
17840,"1984-09-01",12,0.908482610400972,0.704418059332446
17840,"1984-10-01",12,0.566496482491845,0.261586563341437
17840,"1984-11-01",12,-0.490631722456632,-1.03214118856551
17840,"1984-12-01",12,-0.481615391926221,-0.990499080048807
17840,"1985-01-01",12,-0.368827402979961,-0.769168411633115
17840,"1985-02-01",12,-0.158180527716153,-0.5241546643455
17840,"1985-03-01",12,-0.267687081097192,-0.661144925746468
17840,"1985-04-01",12,-0.771496901798474,-1.23127683834905
17840,"1985-05-01",12,-1.00848276671115,-1.49381786872229
17840,"1985-06-01",12,-0.896828565695051,-1.34195170101011
17840,"1985-07-01",12,-0.881361506006719,-1.3144571793089
17840,"1985-08-01",12,-1.19419144065464,-1.65366750928719
17840,"1985-09-01",12,-1.19044299728086,-1.65953214574819
17840,"1985-10-01",12,-0.404663132086094,-0.851988502338314
17840,"1985-11-01",12,-0.471520582683502,-0.969133785671184
17840,"1985-12-01",12,-0.454843142825383,-0.920448894621
17840,"1986-01-01",12,-0.39270948046299,-0.756908781667203
17840,"1986-02-01",12,-0.596182408471381,-0.968106391168488
17840,"1986-03-01",12,-0.912159696427822,-1.31922772742961
17840,"1986-04-01",12,-1.0069447186493,-1.44483169626838
17840,"1986-05-01",12,-0.308675577850505,-0.709715101552835
17840,"1986-06-01",12,0.0691988498955632,-0.240412620545809
17840,"1986-07-01",12,-0.0105896690854863,-0.326156397354597
17840,"1986-08-01",12,0.0368559188876259,-0.266480408807093
17840,"1986-09-01",12,0.0546780832328957,-0.25221630659424
17840,"1986-10-01",12,-0.595151324339994,-1.02565580430525
17840,"1986-11-01",12,-0.459987456284552,-0.913925807873051
17840,"1986-12-01",12,-0.0121089023666572,-0.368146340551831
17840,"1987-01-01",12,0.293413374369837,0.0766430962372986
17840,"1987-02-01",12,0.248219203230277,0.0218897240778266
17840,"1987-03-01",12,0.7196162967346,0.567235558211717
17840,"1987-04-01",12,0.837118222339719,0.696097274278857
17840,"1987-05-01",12,0.613000500395348,0.411409569120185
17840,"1987-06-01",12,0.459013969474059,0.261086003614241
17840,"1987-07-01",12,0.476215409048586,0.283954800493359
17840,"1987-08-01",12,0.561800897594402,0.402642065531402
17840,"1987-09-01",12,0.62358035899422,0.473427934332311
17840,"1987-10-01",12,0.878474729657084,0.774710040537069
17840,"1987-11-01",12,1.1658791989164,1.14194263478273
17840,"1987-12-01",12,1.13166356760896,1.0797498243654
17840,"1988-01-01",12,0.61798817749871,0.505721103455339
17840,"1988-02-01",12,0.811162650703246,0.725032159135423
17840,"1988-03-01",12,1.20417795655428,1.17797243228232
17840,"1988-04-01",12,1.25189643680794,1.22889084054931
17840,"1988-05-01",12,1.1647218316823,1.11483683199761
17840,"1988-06-01",12,1.66380817114225,1.72264269425198
17840,"1988-07-01",12,1.76219900710818,1.8292038053921
17840,"1988-08-01",12,1.72384204018721,1.81818633777406
17840,"1988-09-01",12,1.8109099091975,1.92024870223432
17840,"1988-10-01",12,1.92930149609046,2.06641802671185
17840,"1988-11-01",12,2.12410075121422,2.32901961187532
17840,"1988-12-01",12,2.0010339274372,2.14724944002034
17840,"1989-01-01",12,1.97746857317044,2.12258144426852
17840,"1989-02-01",12,1.67240657567288,1.75518758421711
17840,"1989-03-01",12,1.21823238600405,1.22783604474039
17840,"1989-04-01",12,0.806814308211668,0.736596080551671
17840,"1989-05-01",12,0.679024499788231,0.570422708212206
17840,"1989-06-01",12,-0.223051444845697,-0.455263546420718
17840,"1989-07-01",12,-0.512440623172374,-0.776052230347762
17840,"1989-08-01",12,-0.611953915256331,-0.890155354430897
17840,"1989-09-01",12,-0.572840258986071,-0.856272158256944
17840,"1989-10-01",12,-0.698072485781126,-1.02713357364019
17840,"1989-11-01",12,-0.644941454898591,-1.00055025394022
17840,"1989-12-01",12,-0.469879004557498,-0.77187779778221
17840,"1990-01-01",12,-0.453868977667355,-0.669196082046243
17840,"1990-02-01",12,-0.225238600859531,-0.405066740718249
17840,"1990-03-01",12,-0.608212336346667,-0.853056113932085
17840,"1990-04-01",12,0.214733460032693,0.0728262121086835
17840,"1990-05-01",12,0.703649421642517,0.638940690424711
17840,"1990-06-01",12,0.635742608179714,0.592133968756209
17840,"1990-07-01",12,0.758139304534267,0.733952145640562
17840,"1990-08-01",12,0.925329537937425,0.955116105497535
17840,"1990-09-01",12,1.11120964601519,1.1709399082648
17840,"1990-10-01",12,1.00769725713007,1.04808910083174
17840,"1990-11-01",12,0.441129682306076,0.365368418220109
17840,"1990-12-01",12,0.399277261178469,0.310614963279383
17840,"1991-01-01",12,0.413961283395856,0.385755502437311
17840,"1991-02-01",12,0.444241413761981,0.41052527716742
17840,"1991-03-01",12,0.667191951890842,0.657660115522555
17840,"1991-04-01",12,0.683664706596473,0.667785171992147
17840,"1991-05-01",12,0.994725105953281,1.0205069124697
17840,"1991-06-01",12,1.19158129347633,1.27609396593065
17840,"1991-07-01",12,1.12047591260169,1.1892746808931
17840,"1991-08-01",12,1.00168260385651,1.08103784911873
17840,"1991-09-01",12,0.614945779372033,0.622253131322027
17840,"1991-10-01",12,0.780871811028825,0.815061547257851
17840,"1991-11-01",12,0.852591762053829,0.919834771033845
17840,"1991-12-01",12,1.05083513866788,1.13825250177815
17840,"1992-01-01",12,1.07843815553223,1.19734959213705
17840,"1992-02-01",12,1.2329616077358,1.35114956363041
17840,"1992-03-01",12,1.37027933377118,1.49737745832464
17840,"1992-04-01",12,1.01643827222217,1.09307263413725
17840,"1992-05-01",12,1.00474339772359,1.06792748582611
17840,"1992-06-01",12,1.08771035021173,1.19174152386862
17840,"1992-07-01",12,1.21175256211056,1.32629781173902
17840,"1992-08-01",12,1.20479148716058,1.34948033170868
17840,"1992-09-01",12,1.23777186594302,1.38522274984974
17840,"1992-10-01",12,0.977287624966319,1.08682504076121
17840,"1992-11-01",12,1.36690895286387,1.57333180168508
17840,"1992-12-01",12,1.21392103340693,1.36664133354456
17840,"1993-01-01",12,1.21613242144912,1.38728129712452
17840,"1993-02-01",12,0.997192458442085,1.11940394919266
17840,"1993-03-01",12,0.820774308583036,0.908843059640442
17840,"1993-04-01",12,1.14062624415551,1.26970569951983
17840,"1993-05-01",12,1.38217568863772,1.53292195908163
17840,"1993-06-01",12,1.24096592136167,1.39872165678141
17840,"1993-07-01",12,1.03937515525314,1.16530387816977
17840,"1993-08-01",12,1.01294725038617,1.16537325229162
17840,"1993-09-01",12,1.02005219504145,1.17018632174636
17840,"1993-10-01",12,1.00412966911626,1.1551077326135
17840,"1993-11-01",12,0.588768276065915,0.684248393747175
17840,"1993-12-01",12,0.35323073834498,0.388920673106478
17840,"1994-01-01",12,0.537016393583901,0.650677643368839
17840,"1994-02-01",12,0.742267918006553,0.867142012188934
17840,"1994-03-01",12,0.617500228889851,0.713074723581787
17840,"1994-04-01",12,0.363419411085615,0.410797300315935
17840,"1994-05-01",12,-0.26923806224859,-0.348758695760527
17840,"1994-06-01",12,-0.667058019027546,-0.766871855665341
17840,"1994-07-01",12,-0.534859796395153,-0.611626063883357
17840,"1994-08-01",12,-0.548721417887271,-0.623931561610884
17840,"1994-09-01",12,-0.7236046836673,-0.840138144293987
17840,"1994-10-01",12,-0.564087490586426,-0.67593042594181
17840,"1994-11-01",12,-0.351393746968881,-0.430145805297054
17840,"1994-12-01",12,-0.180458129813951,-0.210130836743905
17840,"1995-01-01",12,-0.294472616385106,-0.281443191545316
17840,"1995-02-01",12,-0.809267242041114,-0.880666684834957
17840,"1995-03-01",12,-0.482024427619149,-0.521905945781998
17840,"1995-04-01",12,-0.184563265288708,-0.191127644232059
17840,"1995-05-01",12,-0.26820802600971,-0.307106870785988
17840,"1995-06-01",12,0.12063904740795,0.191504568661666
17840,"1995-07-01",12,0.386215404865607,0.495746811278972
17840,"1995-08-01",12,0.331826387354905,0.455719455556913
17840,"1995-09-01",12,0.479748500394627,0.620668797753451
17840,"1995-10-01",12,0.641276495816352,0.808217973752072
17840,"1995-11-01",12,1.03417428730011,1.29750429091957
17840,"1995-12-01",12,0.777841538967305,0.976785421664575
17840,"1996-01-01",12,0.528167351572867,0.719209537558671
17840,"1996-02-01",12,0.741902761763432,0.939009036819525
17840,"1996-03-01",12,1.21722849326043,1.45213963497853
17840,"1996-04-01",12,1.37733112033948,1.62904018028994
17840,"1996-05-01",12,1.40297747999251,1.64802854423285
17840,"1996-06-01",12,1.18214016521821,1.43146775973849
17840,"1996-07-01",12,0.800066218149273,1.00189561268294
17840,"1996-08-01",12,0.933779636466226,1.18180177729401
17840,"1996-09-01",12,1.19870189260755,1.47147170158127
17840,"1996-10-01",12,1.56530780371957,1.88583439255779
17840,"1996-11-01",12,1.0062430193781,1.3036868139849
17840,"1996-12-01",12,1.28590399815076,1.58866618418217
17840,"1997-01-01",12,1.28086492812927,1.58747628864421
17840,"1997-02-01",12,1.31134200454497,1.59244175175124
17840,"1997-03-01",12,0.62108567127544,0.82819637254034
17840,"1997-04-01",12,0.501496595893038,0.688775675107953
17840,"1997-05-01",12,0.68339090822079,0.881512296458996
17840,"1997-06-01",12,0.899441075775389,1.15529989147729
17840,"1997-07-01",12,0.984555285887681,1.23983969044346
17840,"1997-08-01",12,1.03736547325182,1.33072727597293
17840,"1997-09-01",12,0.943740076075353,1.22299249818394
17840,"1997-10-01",12,0.689051480148266,0.941799096123085
17840,"1997-11-01",12,0.836721271779855,1.14788570055708
17840,"1997-12-01",12,0.732930298540057,1.00535448007666
17840,"1998-01-01",12,0.871617605838146,1.17741979975664
17840,"1998-02-01",12,0.742647554569854,1.01093989005538
17840,"1998-03-01",12,0.960922811978171,1.237909608401
17840,"1998-04-01",12,0.561080818059975,0.794622831738077
17840,"1998-05-01",12,0.879994294340642,1.13785527747451
17840,"1998-06-01",12,0.684161737517689,0.953446113969625
17840,"1998-07-01",12,0.555820024551582,0.802635386306682
17840,"1998-08-01",12,0.316543407537514,0.559098774224695
17840,"1998-09-01",12,0.131443307353879,0.334064884019911
17840,"1998-10-01",12,-0.118983845844676,0.029557938846291
17840,"1998-11-01",12,0.40503765541522,0.684352351331173
17840,"1998-12-01",12,0.894490756932371,1.22632586498481
17840,"1999-01-01",12,0.749934889882007,1.08010195657256
17840,"1999-02-01",12,0.963211708302329,1.28359803971245
17840,"1999-03-01",12,0.781627599420389,1.076849071481
17840,"1999-04-01",12,0.737526026603015,1.02842114805788
17840,"1999-05-01",12,0.155655314095457,0.354157267237448
17840,"1999-06-01",12,0.381769713059924,0.653331064955884
17840,"1999-07-01",12,0.44750848730973,0.71926298968045
17840,"1999-08-01",12,0.548507578318064,0.861650953346393
17840,"1999-09-01",12,0.50979135014725,0.810074016543736
17840,"1999-10-01",12,0.412715603985826,0.702641267875625
17840,"1999-11-01",12,-0.156915097940568,0.0453036233871576
17840,"1999-12-01",12,-0.899516393417258,-0.86231226421786
17840,"2000-01-01",12,-0.297612113862316,-0.0768379306607847
17840,"2000-02-01",12,-0.42761749511106,-0.244064566710284
17840,"2000-03-01",12,-0.428634254417912,-0.263551946902653
17840,"2000-04-01",12,-0.0953759569771303,0.119042751647077
17840,"2000-05-01",12,0.182271097805826,0.425191590407777
17840,"2000-06-01",12,-0.254712941895572,-0.0415360213348938
17840,"2000-07-01",12,-0.43108074361238,-0.253927646036875
17840,"2000-08-01",12,-0.51365549546537,-0.339346735806741
17840,"2000-09-01",12,-0.448038499976803,-0.274371282950643
17840,"2000-10-01",12,-0.224328594451467,-0.0117131589768964
17840,"2000-11-01",12,-0.367878392415031,-0.171432715072384
17840,"2000-12-01",12,-0.386394670558714,-0.189187470047663
17840,"2001-01-01",12,-1.3722695125692,-1.32800934740954
17840,"2001-02-01",12,-1.19336486879245,-1.11450097411054
17840,"2001-03-01",12,-1.39202428419607,-1.3671386067618
17840,"2001-04-01",12,-1.53381237505342,-1.55124494942858
17840,"2001-05-01",12,-1.26511766010553,-1.25368585302841
17840,"2001-06-01",12,-1.29166338208226,-1.24016359279317
17840,"2001-07-01",12,-1.17954015837528,-1.10555071129625
17840,"2001-08-01",12,-1.30781354997626,-1.26051050986415
17840,"2001-09-01",12,-1.37524622263806,-1.3573161482865
17840,"2001-10-01",12,-1.6483652527699,-1.70536412622862
17840,"2001-11-01",12,-1.22828679796531,-1.21143236826005
17840,"2001-12-01",12,-0.75357367099322,-0.598139324798111
17840,"2002-01-01",12,-0.19901778583879,0.123705284095393
17840,"2002-02-01",12,-0.595511112446421,-0.363879794164791
17840,"2002-03-01",12,-0.35413457129772,-0.0957994167450789
17840,"2002-04-01",12,-0.0715933340596383,0.228745897767799
17840,"2002-05-01",12,-0.330007111012637,-0.0947818791535741
17840,"2002-06-01",12,-0.169070550829686,0.141987531777053
17840,"2002-07-01",12,0.271751678022643,0.6375455732554
17840,"2002-08-01",12,0.327352898635308,0.729546706951968
17840,"2002-09-01",12,0.56068835062879,0.978874312143828
17840,"2002-10-01",12,0.611791450304014,1.04517593216533
17840,"2002-11-01",12,0.413269910768471,0.868223047051616
17840,"2002-12-01",12,0.0222658800986556,0.395464282851679
17840,"2003-01-01",12,-0.276219695132814,0.0741594289518409
17840,"2003-02-01",12,0.182192338496492,0.57846520611896
17840,"2003-03-01",12,0.263831124525931,0.653907152405196
17840,"2003-04-01",12,0.138517156011297,0.511244987087839
17840,"2003-05-01",12,-0.114427348338756,0.201579886072961
17840,"2003-06-01",12,-0.101966138095834,0.261448637183026
17840,"2003-07-01",12,-0.432016602567246,-0.134283224498072
17840,"2003-08-01",12,-0.568902009450039,-0.282705758235833
17840,"2003-09-01",12,-0.58128023542599,-0.313708797236531
17840,"2003-10-01",12,-0.480674371704004,-0.196576503637284
17840,"2003-11-01",12,-0.464041828986052,-0.152080548003177
17840,"2003-12-01",12,-0.305744732054591,0.0458688280378531
17840,"2004-01-01",12,-0.00402636049130895,0.43352873881149
17840,"2004-02-01",12,-0.458060285028727,-0.120274125843959
17840,"2004-03-01",12,-0.606681017720394,-0.317640184744864
17840,"2004-04-01",12,-0.892458186989997,-0.676223069669887
17840,"2004-05-01",12,-0.567988667769433,-0.2996578228579
17840,"2004-06-01",12,-0.516589590322462,-0.188584395267012
17840,"2004-07-01",12,-0.58990459086117,-0.283142320473733
17840,"2004-08-01",12,-0.490765344028949,-0.145787155541791
17840,"2004-09-01",12,-0.623134109803276,-0.324325612866117
17840,"2004-10-01",12,-0.891546454564728,-0.668509969755596
17840,"2004-11-01",12,-0.0134073925278474,0.454916162890096
17840,"2004-12-01",12,-0.355421285991712,0.0304126887940677
17840,"2005-01-01",12,-0.873665067121433,-0.57047346343196
17840,"2005-02-01",12,-0.605619807753296,-0.25713546782702
17840,"2005-03-01",12,0.192633210191833,0.650683083106441
17840,"2005-04-01",12,0.40959360884843,0.889480948028799
17840,"2005-05-01",12,0.356960979003858,0.816970068535514
17840,"2005-06-01",12,0.367196023559262,0.867344022153355
17840,"2005-07-01",12,0.357506607034013,0.844511043881324
17840,"2005-08-01",12,0.297051502581903,0.811895542680357
17840,"2005-09-01",12,0.317746963234977,0.823631151086119
17840,"2005-10-01",12,0.769716956412822,1.32451492760551
17840,"2005-11-01",12,-0.00473619935912436,0.51102881607116
17840,"2005-12-01",12,0.198601314663317,0.730393902007742
17840,"2006-01-01",12,0.184277268666827,0.725393520497809
17840,"2006-02-01",12,0.270757593750434,0.7888486651434
17840,"2006-03-01",12,-0.191878154783214,0.254279308290429
17840,"2006-04-01",12,-0.318635030922899,0.101843944002551
17840,"2006-05-01",12,-0.315577213734555,0.0865429163041725
17840,"2006-06-01",12,-0.641107351360046,-0.257707843554575
17840,"2006-07-01",12,-0.541276519870392,-0.144077804237576
17840,"2006-08-01",12,-0.725758185691954,-0.352612304559847
17840,"2006-09-01",12,-0.656102463320705,-0.283328340732188
17840,"2006-10-01",12,-0.50660690096563,-0.0996449178103592
17840,"2006-11-01",12,-0.604650343611819,-0.191581202890456
17840,"2006-12-01",12,-0.998042529070194,-0.69182469640539
17840,"2007-01-01",12,-1.22544297825091,-0.93395915757221
17840,"2007-02-01",12,-1.50915427135551,-1.29450446339514
17840,"2007-03-01",12,-1.72015058170506,-1.57280999269538
17840,"2007-04-01",12,-1.58320195089146,-1.42024648242679
17840,"2007-05-01",12,-1.43905245038989,-1.2611421692968
17840,"2007-06-01",12,-1.04212335553652,-0.715659721602448
17840,"2007-07-01",12,-1.05109054935398,-0.731711095318353
17840,"2007-08-01",12,-0.689332328899668,-0.265917388361526
17840,"2007-09-01",12,-0.770973997893157,-0.386309051238119
17840,"2007-10-01",12,-1.00839234832496,-0.695477170024904
17840,"2007-11-01",12,-0.342163171257452,0.190502246630239
17840,"2007-12-01",12,0.191450409586225,0.8064742055741
17840,"2008-01-01",12,0.328971335267867,0.95825981140778
17840,"2008-02-01",12,0.51435533933066,1.11691664971222
17840,"2008-03-01",12,0.5876249278805,1.1790426263367
17840,"2008-04-01",12,0.374855284169814,0.9626005337703
17840,"2008-05-01",12,0.406419456545709,0.98136362777613
17840,"2008-06-01",12,0.309394786948161,0.917370257320283
17840,"2008-07-01",12,0.266651321270262,0.857468457500512
17840,"2008-08-01",12,0.131158052142174,0.745082676294181
17840,"2008-09-01",12,0.415570479842256,1.04068116109925
17840,"2008-10-01",12,0.598927224706112,1.25108946992739
17840,"2008-11-01",12,0.200320285544295,0.88206848099317
17840,"2008-12-01",12,0.0433839498951056,0.682049178538225
17840,"2009-01-01",12,0.045831419074735,0.690246760430133
17840,"2009-02-01",12,0.217104439537452,0.841778643581727
17840,"2009-03-01",12,0.434255761619945,1.05513938653079
17840,"2009-04-01",12,0.85858716543713,1.49317271254637
17840,"2009-05-01",12,0.926775650424838,1.54956529268824
17840,"2009-06-01",12,0.989755023015073,1.6415562534928
17840,"2009-07-01",12,1.21681493379633,1.84551164572201
17840,"2009-08-01",12,1.18939196230081,1.86101028918372
17840,"2009-09-01",12,1.27250747017402,1.93613935194146
17840,"2009-10-01",12,0.827075622706002,1.51943448051027
17840,"2009-11-01",12,0.885545037708828,1.64768330966173
17840,"2009-12-01",12,0.912643654038466,1.6368251761303
17840,"2010-01-01",12,1.0183163937815,1.71920060374471
17840,"2010-02-01",12,0.767490442202197,1.43672853988742
17840,"2010-03-01",12,0.568488263396384,1.2264982417446
17840,"2010-04-01",12,0.267525893048927,0.921873205663501
17840,"2010-05-01",12,0.281127455269465,0.920894549132429
17840,"2010-06-01",12,0.276478017457338,0.956496576779174
17840,"2010-07-01",12,-0.0901679701538868,0.543490667860672
17840,"2010-08-01",12,-0.27826424198184,0.359423020786411
17840,"2010-09-01",12,-0.78325908871174,-0.279414113069692
17840,"2010-10-01",12,-0.119843721538501,0.539602361797523
17840,"2010-11-01",12,-0.795493953745837,-0.254970248396413
17840,"2010-12-01",12,-0.517313890912573,0.102353781080892
17840,"2011-01-01",12,-0.930347889301399,-0.398832903637839
17840,"2011-02-01",12,-1.00892126679538,-0.520392826925021
17840,"2011-03-01",12,-1.02693266853083,-0.565014153512915
17840,"2011-04-01",12,-0.835947643117234,-0.327845426250586
17840,"2011-05-01",12,-0.806997606489249,-0.311979741131234
17840,"2011-06-01",12,-0.555424754949105,0.0536551746175702
17840,"2011-07-01",12,-0.492516616031079,0.116826050428881
17840,"2011-08-01",12,-0.347390435925485,0.31894135651281
17840,"2011-09-01",12,-0.245507880595656,0.421961025360064
17840,"2011-10-01",12,-0.857214473865296,-0.33241116649268
17840,"2011-11-01",12,-0.736585697402915,-0.129628809901095
17840,"2011-12-01",12,-1.27123549273914,-0.840362021643175
17840,"2012-01-01",12,-1.28404131788342,-0.820081779659302
17840,"2012-02-01",12,-1.03169341485889,-0.510716451296891
17840,"2012-03-01",12,-1.14807679044603,-0.682302642798509
17840,"2012-04-01",12,-1.28218575602736,-0.863793593371919
17840,"2012-05-01",12,-0.820258485181561,-0.288254669249364
17840,"2012-06-01",12,-1.17986886951745,-0.698004116090325
17840,"2012-07-01",12,-1.09632925149165,-0.598290196676285
17840,"2012-08-01",12,-1.01930442767752,-0.482321871115646
17840,"2012-09-01",12,-0.934563547179063,-0.392663423249913
17840,"2012-10-01",12,-0.820556615240352,-0.241801321725631
17840,"2012-11-01",12,-0.521210636749803,0.19854555319288
17840,"2012-12-01",12,-0.0190605648003177,0.781143646797792
17840,"2013-01-01",12,-0.2636467080698,0.502018946067069
17840,"2013-02-01",12,-0.518397757405066,0.168576773908184
17840,"2013-03-01",12,-0.4381600904519,0.243877601236201
17840,"2013-04-01",12,-0.394938370301466,0.297278823498293
17840,"2013-05-01",12,-1.00849774228991,-0.48989219469184
17840,"2013-06-01",12,-1.02748632056887,-0.459913920675861
17840,"2013-07-01",12,-0.919551719483888,-0.331916797807524
17840,"2013-08-01",12,-0.984247827528546,-0.395691292582489
17840,"2013-09-01",12,-0.892122173931625,-0.296633825954804
17840,"2013-10-01",12,-0.877992858908658,-0.27439968864349
17840,"2013-11-01",12,-1.29765212110723,-0.806819166507769
17840,"2013-12-01",12,-1.82935201677217,-1.51250462826894
17840,"2014-01-01",12,-1.98958676633229,-1.67737883545255
17840,"2014-02-01",12,-2.0473183289582,-1.75473845858362
17840,"2014-03-01",12,-1.95105657569569,-1.65275704481363
17840,"2014-04-01",12,-2.04760794328513,-1.78845655803255
17840,"2014-05-01",12,-1.97947297906734,-1.72039427630372
17840,"2014-06-01",12,-1.83242902971558,-1.48175858262273
17840,"2014-07-01",12,-1.87423234432108,-1.53926089890725
17840,"2014-08-01",12,-1.90783382121033,-1.58476386443846
17840,"2014-09-01",12,-1.58097886756794,-1.17433372956768
17840,"2014-10-01",12,-1.30669249225565,-0.80968236636686
17840,"2014-11-01",12,-1.22879095175724,-0.666375561561014
17840,"2014-12-01",12,-0.964908474125499,-0.296866412756495
17840,"2015-01-01",12,-0.518295941898406,0.284604467981166
17840,"2015-02-01",12,-0.089501675071677,0.735579331337376
17840,"2015-03-01",12,0.214793706838971,1.03851097511915
17840,"2015-04-01",12,0.449210732988876,1.28429024670877
17840,"2015-05-01",12,0.458515028240838,1.27959829892695
17840,"2015-06-01",12,0.732085599580063,1.57907497174553
17840,"2015-07-01",12,0.728452878986477,1.55638932787441
17840,"2015-08-01",12,0.934333322534586,1.79302921089599
17840,"2015-09-01",12,0.534663018071787,1.40309872730355
17840,"2015-10-01",12,0.383933311419638,1.27909751451464
17840,"2015-11-01",12,0.373932551693241,1.34980846629373
17840,"2015-12-01",12,0.0712494736804225,1.00252956777988
17840,"2016-01-01",12,-0.120820114323269,0.78057311691037
17840,"2016-02-01",12,-0.492538965146757,0.318802400423426
17840,"2016-03-01",12,-0.755441009073867,-0.0228878411647698
17840,"2016-04-01",12,-1.17653381267832,-0.570811756565892
17840,"2016-05-01",12,-0.977015598451607,-0.328479600050596
17840,"2016-06-01",12,-0.997889360671481,-0.299482038400835
17840,"2016-07-01",12,-0.845163599685116,-0.116439031538148
17840,"2016-08-01",12,-1.08985061985763,-0.413091200375199
17840,"2016-09-01",12,-0.787470868071586,-0.0371766501468221
17840,"2016-10-01",12,-1.20034922895564,-0.582958434983091
17840,"2016-11-01",12,-1.41166198943284,-0.838624654481371
17840,"2016-12-01",12,-1.27982933855747,-0.640793516243795
17840,"2017-01-01",12,-1.75100127767164,-1.26339596138113
17840,"2017-02-01",12,-1.85970168437158,-1.42118128149266
17840,"2017-03-01",12,-1.79396179037899,-1.3560600331666
17840,"2017-04-01",12,-1.42888615252336,-0.872275543120476
17840,"2017-05-01",12,-1.45644044604636,-0.931177188050939
17840,"2017-06-01",12,-1.50113700630335,-0.936318064804883
17840,"2017-07-01",12,-1.57800610506953,-1.04940973502183
17840,"2017-08-01",12,-1.58548973890937,-1.050745044358
17840,"2017-09-01",12,-1.92903444098121,-1.54068309665484
17840,"2017-10-01",12,-1.84348335963806,-1.43417588109191
17840,"2017-11-01",12,-1.59093788571815,-1.05431409241174
17840,"2017-12-01",12,-1.58125503822516,-1.02300435034852
17840,"2018-01-01",12,-1.51511511541686,-0.903629341668701
17840,"2018-02-01",12,-1.42574574822409,-0.802943176672785
17840,"2018-03-01",12,-1.4617602335167,-0.875213878002666
17840,"2018-04-01",12,-1.85232912839322,-1.4104530485238
17840,"2018-05-01",12,-1.89087672113764,-1.48243985244311
17840,"2018-06-01",12,-2.07513100715682,-1.67655873356281
17840,"2018-07-01",12,-1.95672418198516,-1.52411052399846
17840,"2018-08-01",12,-1.84613579614897,-1.37313784335836
17840,"2018-09-01",12,-1.62555765231981,-1.09372914596267
17840,"2018-10-01",12,-0.833349789509321,-0.000195257329701613
17840,"2018-11-01",12,-1.13366862069802,-0.349165887757567
17840,"2018-12-01",12,-0.51099039188263,0.469196194822863
17840,"2019-01-01",12,-0.436768406721885,0.544606678691041
17840,"2019-02-01",12,-0.323266458989626,0.630120322489319
17840,"2019-03-01",12,-0.401331636262352,0.522076787815962
17840,"2019-04-01",12,0.255024980578391,1.2285633156016
17840,"2019-05-01",12,-0.124701918315635,0.82126701602113
17840,"2019-06-01",12,0.25141422408149,1.25057291822867
17840,"2019-07-01",12,0.503629256468028,1.46950064430853
17840,"2019-08-01",12,0.524628515693242,1.53428432652557
17840,"2019-09-01",12,0.558053935615411,1.55362280546501
17840,"2019-10-01",12,-0.164996836703754,0.852608131605991
17840,"2019-11-01",12,-0.299645757364907,0.787829074213013
17840,"2019-12-01",12,-0.72195645000914,0.250484165362423
17840,"2020-01-01",12,-1.13036397270614,-0.292837897140375
17840,"2020-02-01",12,-0.751049551601274,0.164981061809403
17840,"2020-03-01",12,-0.706979145943133,0.197341591837146
17840,"2020-04-01",12,-0.980443082257616,-0.148063245785764
17840,"2020-05-01",12,-0.783039941457258,0.0866020028633907
17840,"2020-06-01",12,-1.07384491927758,-0.23632062608517
17840,"2020-07-01",12,-1.26351149962651,-0.509363061746926
17840,"2020-08-01",12,-1.26681994402291,-0.492412908331177
17840,"2020-09-01",12,-1.47325647132529,-0.807312482452693
17840,"2020-10-01",12,-1.79925866345716,-1.26878000578619
17840,"2020-11-01",12,-1.72467687182353,-1.12733542509666
17840,"2020-12-01",12,-2.0260992318329,-1.53915890524848
17840,"2021-01-01",12,-1.85488544547064,-1.26910530742898
17840,"2021-02-01",12,-2.14110958593583,-1.67508097831577
17840,"2021-03-01",12,-1.81358187705956,-1.25241373249629
17840,"2021-04-01",12,-1.89607638464891,-1.37216983237623
17840,"2021-05-01",12,-2.103418943788,-1.67530104355378
17840,"2021-06-01",12,-1.97315021664065,-1.44517496241504
17840,"2021-07-01",12,-1.87121692407698,-1.3129220476328
17840,"2021-08-01",12,-1.72232379012273,-1.09701473176793
17840,"2021-09-01",12,-1.55080779073971,-0.879221184263278
17840,"2021-10-01",12,-1.45189586169526,-0.733518593043224
17840,"2021-11-01",12,-1.518171737299,-0.778220427847155
17840,"2021-12-01",12,-1.28954735205129,-0.436101564871483
17840,"2022-01-01",12,-1.64777730712826,-0.939916872897291
17840,"2022-02-01",12,-1.4873357828493,-0.739201570548252
17840,"2022-03-01",12,-1.49351861526247,-0.7724033797509
17840,"2022-04-01",12,-1.56909903110228,-0.880115317206214
17840,"2022-05-01",12,-1.32331773504635,-0.557297223862014
17840,"2022-06-01",12,-1.16226380815604,-0.274153046809092
17840,"2022-07-01",12,-1.14101553648363,-0.263324572521314
17840,"2022-08-01",12,-1.38858874414948,-0.583474058499023
17840,"2022-09-01",12,-1.29918992458311,-0.482936365085468
17840,"2022-10-01",12,-1.34486466789278,-0.538177702601889
17840,"2022-11-01",12,-1.39716860069952,-0.55216125550288
17840,"2022-12-01",12,-1.61666946756313,-0.871628238847414
17840,"2023-01-01",12,-1.89788387960711,-1.26100360056397
17840,"2023-02-01",12,-2.01715849678364,-1.44564672394797
17840,"2023-03-01",12,-1.86166778894529,-1.25304022079795
17840,"2023-04-01",12,-0.956379797411492,0.00696305898979127
17840,"2023-05-01",12,-0.828386945880559,0.151473563323955
17840,"2023-06-01",12,-0.311877793585335,0.818052268027065
17840,"2023-07-01",12,-0.189686662326534,0.924785542460129
17840,"2023-08-01",12,-0.10139344497176,1.06107778863215
17840,"2023-09-01",12,-0.27700233342463,0.856343077362719
17840,"2023-10-01",12,-0.100097037982994,1.07555134544431
17840,"2023-11-01",12,0.280726072913444,1.55232701879054
17840,"2023-12-01",12,0.40136208843501,1.62212169863931
17840,"2024-01-01",12,0.717473543559389,1.85659075325735
17840,"2024-02-01",12,0.604644201835888,1.70792854690341
17840,"2024-03-01",12,0.133979875193733,1.26369041787179
17840,"2024-04-01",12,-0.820997142505079,0.22362529381621
17840,"2024-05-01",12,-0.869669681972548,0.139167715348278
17840,"2024-06-01",12,-1.76599195673359,-1.05109975366936
17840,"2024-07-01",12,-1.73033889469283,-1.01297120423738
17840,"2024-08-01",12,-1.65177457284624,-0.885090427409177
17840,"2024-09-01",12,-1.49212420021977,-0.680172692682252
17840,"2024-10-01",12,-1.68425984637136,-0.954688851069981
17840,"2024-11-01",12,-2.0752862057525,-1.49357494141439
17840,"2024-12-01",12,-2.28331111328799,-1.76935771516295
17840,"2025-01-01",12,-2.81879957325823,-2.46213056513338
17840,"2025-02-01",12,-2.74201176958558,-2.3636047739015
17840,"2025-03-01",12,-2.87930453858414,-2.56094596290796
17840,"2025-04-01",12,-2.71861802076928,-2.36525359209822
17840,"2025-05-01",12,-2.82270298818678,-2.51834651631004
17840,"2025-06-01",12,-2.62839089164262,-2.21703245154845
17840,"2025-07-01",12,-2.69299572489574,-2.30506231289554
17840,"2025-08-01",12,-2.66296969563019,-2.27390423143258
17840,"2025-09-01",12,-2.75438616659086,-2.41788540729379
17840,"2025-10-01",12,-2.76678324342561,-2.44844391308725
17840,"2025-11-01",12,-2.92775357214492,-2.66271383815053
17840,"2025-12-01",12,-2.76312451829493,-2.40267417211834
