"date","scale_months","accumulated_balance_mm","selected_model","nSPEI"
1950-01-01,1,72.0501712521893,"stationary",-0.311808092015746
1950-02-01,1,56.3460219474993,"stationary",-0.66102621952302
1950-03-01,1,78.3619726979992,"stationary",0.176933809552452
1950-04-01,1,-6.97086660272505,"stationary",-1.55996211041867
1950-05-01,1,53.9488264128466,"stationary",1.29141815646735
1950-06-01,1,-56.8148995762267,"stationary",0.11630535422438
1950-07-01,1,-116.835836201999,"stationary",0.263437639718077
1950-08-01,1,-106.569271257154,"stationary",0.587451611962917
1950-09-01,1,-66.1245662927194,"stationary",-0.00255014643477186
1950-10-01,1,-11.0271852965029,"stationary",0.082002848361227
1950-11-01,1,7.27588966318925,"stationary",-1.23537969385709
1950-12-01,1,23.4398353392701,"stationary",-1.62555677118182
1951-01-01,1,93.9760581071746,"stationary",0.141287179967898
1951-02-01,1,49.6790179852157,"stationary",-0.899460717552949
1951-03-01,1,42.8606030776442,"stationary",-1.16892982678932
1951-04-01,1,29.6430279947017,"stationary",-0.522474817609473
1951-05-01,1,-4.81210533586387,"stationary",-0.482804151566178
1951-06-01,1,-27.3253443176328,"stationary",1.14253124162579
1951-07-01,1,-107.509543297359,"stationary",0.890369015778504
1951-08-01,1,-101.238946428376,"stationary",0.947651734090854
1951-09-01,1,-54.554348837081,"stationary",0.55552306532452
1951-10-01,1,48.327682628262,"stationary",1.41192721558589
1951-11-01,1,81.2995390969221,"stationary",0.801702080591955
1951-12-01,1,100.705808874532,"stationary",0.23507724858102
1952-01-01,1,71.1398732703394,"stationary",-0.33253085738546
1952-02-01,1,131.171203805962,"stationary",1.43411797790981
1952-03-01,1,76.0704259401778,"stationary",0.102157674768345
1952-04-01,1,15.1280705918342,"stationary",-0.945125975959056
1952-05-01,1,24.1394294478931,"stationary",0.513667693189593
1952-06-01,1,-44.9374500732688,"stationary",0.575874604878273
1952-07-01,1,-102.347810068141,"stationary",1.16965348861458
1952-08-01,1,-117.795692535759,"stationary",-0.367048526171842
1952-09-01,1,-96.3869819144276,"stationary",-1.93688661611397
1952-10-01,1,-52.7476965994797,"stationary",-1.7569732784904
1952-11-01,1,61.5882814937677,"stationary",0.359770421411994
1952-12-01,1,90.9579245086644,"stationary",0.0481145730018135
1953-01-01,1,123.215492079464,"stationary",0.621543633053979
1953-02-01,1,155.29975187781,"stationary",1.83996475048823
1953-03-01,1,79.9322777031498,"stationary",0.227047493423361
1953-04-01,1,67.6532467061308,"stationary",0.541341839416336
1953-05-01,1,-9.93855504541945,"stationary",-0.674318426202797
1953-06-01,1,-31.7322886255333,"stationary",1.01323236807312
1953-07-01,1,-122.24486671552,"stationary",-0.178321333380268
1953-08-01,1,-121.29663803845,"stationary",-0.707630251354034
1953-09-01,1,-61.0559779425341,"stationary",0.256985271947938
1953-10-01,1,-29.4485438134347,"stationary",-0.620471944024497
1953-11-01,1,114.111361054855,"stationary",1.37210816113722
1953-12-01,1,47.4287021917677,"stationary",-0.95940566748978
1954-01-01,1,117.724349617375,"stationary",0.540865228390341
1954-02-01,1,88.5793585784239,"stationary",0.412645195434996
1954-03-01,1,60.8344873515196,"stationary",-0.442194106992142
1954-04-01,1,106.548452410475,"stationary",1.39287288415908
1954-05-01,1,14.955174703507,"stationary",0.219971231745101
1954-06-01,1,-68.5268484517,"stationary",-0.387341877501126
1954-07-01,1,-127.473862132784,"stationary",-0.650856043251741
1954-08-01,1,-122.542622169028,"stationary",-0.831515622303665
1954-09-01,1,-73.5699396831175,"stationary",-0.424574716537774
1954-10-01,1,-30.798643393436,"stationary",-0.678613726619375
1954-11-01,1,57.238189493338,"stationary",0.250810324310823
1954-12-01,1,178.604058548121,"stationary",1.29512064392617
1955-01-01,1,33.2245796850192,"stationary",-1.3409308514423
1955-02-01,1,58.4877963786942,"stationary",-0.5848121562931
1955-03-01,1,71.0510531011423,"stationary",-0.0683562875843291
1955-04-01,1,40.417925907756,"stationary",-0.207593144706001
1955-05-01,1,-32.9401016769275,"stationary",-1.53213708891446
1955-06-01,1,-108.313346348952,"stationary",-2.15657080799408
1955-07-01,1,-103.927851895495,"stationary",1.08866144012648
1955-08-01,1,-104.689270019297,"stationary",0.721290795266549
1955-09-01,1,-68.7452687995274,"stationary",-0.145808171795379
1955-10-01,1,-40.0992349356814,"stationary",-1.10358434955362
1955-11-01,1,74.7989405601777,"stationary",0.665158417409667
1955-12-01,1,84.0380336493005,"stationary",-0.0934092664407152
1956-01-01,1,86.3365240324922,"stationary",-0.00676500405610135
1956-02-01,1,136.068293656106,"stationary",1.52448914764623
1956-03-01,1,74.0792346818647,"stationary",0.0356091896370164
1956-04-01,1,19.4898475555212,"stationary",-0.819092422722643
1956-05-01,1,15.8351108023302,"stationary",0.249180811399787
1956-06-01,1,-86.1144608357919,"stationary",-1.18078195502839
1956-07-01,1,-129.232639780153,"stationary",-0.816966044020218
1956-08-01,1,-119.872125682526,"stationary",-0.567500836639807
1956-09-01,1,-56.0235340232463,"stationary",0.491386978272963
1956-10-01,1,-28.252670554336,"stationary",-0.5697237242573
1956-11-01,1,21.3213103133326,"stationary",-0.78678498386471
1956-12-01,1,79.2677975290541,"stationary",-0.195232548757266
1957-01-01,1,44.1719885377063,"stationary",-1.01924634513186
1957-02-01,1,59.8503390907655,"stationary",-0.53649111204599
1957-03-01,1,78.7025938803371,"stationary",0.187882213465823
1957-04-01,1,33.0611216788475,"stationary",-0.422272836169961
1957-05-01,1,27.1044696603937,"stationary",0.602998358193637
1957-06-01,1,-32.8076811723187,"stationary",0.980469627396067
1957-07-01,1,-123.607220486137,"stationary",-0.297741678027438
1957-08-01,1,-134.716860489711,"stationary",-2.07033181092953
1957-09-01,1,-73.0418096588522,"stationary",-0.393168428362993
1957-10-01,1,-22.8605186464242,"stationary",-0.349734984086619
1957-11-01,1,26.7794650831921,"stationary",-0.616658529995522
1957-12-01,1,132.275842255378,"stationary",0.747298487979299
1958-01-01,1,168.267618163405,"stationary",1.15615111879043
1958-02-01,1,41.273933744207,"stationary",-1.20008902673315
1958-03-01,1,126.797946781781,"stationary",1.3445469662044
1958-04-01,1,45.6361688842205,"stationary",-0.0572005186704474
1958-05-01,1,14.0456030400443,"stationary",0.189551956787002
1958-06-01,1,-45.9565149670617,"stationary",0.538866572294368
1958-07-01,1,-116.67658837676,"stationary",0.275589577927893
1958-08-01,1,-117.624907869694,"stationary",-0.350801489535332
1958-09-01,1,-68.2419999109537,"stationary",-0.117833009913783
1958-10-01,1,-34.6711080972512,"stationary",-0.850357199930638
1958-11-01,1,-7.74084249220867,"stationary",-1.72655424154301
1958-12-01,1,74.6387379278985,"stationary",-0.297334999229868
1959-01-01,1,194.491783181929,"stationary",1.38974429329229
1959-02-01,1,44.1391803919844,"stationary",-1.09778717472688
1959-03-01,1,38.5992394576458,"stationary",-1.3509526252209
1959-04-01,1,46.7901216161064,"stationary",-0.024255121295534
1959-05-01,1,-11.0816253997096,"stationary",-0.717211609628178
1959-06-01,1,-42.3999452241376,"stationary",0.665976683306938
1959-07-01,1,-107.530555559732,"stationary",0.889141778362399
1959-08-01,1,-80.5434511940794,"stationary",1.91134018576676
1959-09-01,1,-45.1493546383057,"stationary",0.923480492194406
1959-10-01,1,29.4783679367185,"stationary",1.10238967889705
1959-11-01,1,28.3046798344567,"stationary",-0.569689429621607
1959-12-01,1,62.1720788538027,"stationary",-0.587965572677545
1960-01-01,1,88.5590013575617,"stationary",0.0373581177183486
1960-02-01,1,56.7372258379921,"stationary",-0.647084928064205
1960-03-01,1,113.746247406804,"stationary",1.09701298578316
1960-04-01,1,75.6711759435825,"stationary",0.739512141902695
1960-05-01,1,-34.9271223738681,"stationary",-1.60482965344869
1960-06-01,1,-51.82713247466,"stationary",0.316630398868045
1960-07-01,1,-115.270147843457,"stationary",0.380698364192517
1960-08-01,1,-110.204862443203,"stationary",0.306684581770524
1960-09-01,1,-81.7510046482321,"stationary",-0.934840925395631
1960-10-01,1,-51.2542689994962,"stationary",-1.67434642136774
1960-11-01,1,18.3294844138264,"stationary",-0.881206498689007
1960-12-01,1,32.8740646261072,"stationary",-1.35398981244333
1961-01-01,1,44.4688151511868,"stationary",-1.0108947056577
1961-02-01,1,136.18452007121,"stationary",1.52657952964254
1961-03-01,1,50.7475991702721,"stationary",-0.841093520557045
1961-04-01,1,-0.157141925713794,"stationary",-1.37517687695525
1961-05-01,1,-20.725523123074,"stationary",-1.07931011509055
1961-06-01,1,-72.6535787556345,"stationary",-0.572143947915711
1961-07-01,1,-129.477348464129,"stationary",-0.840291107233575
1961-08-01,1,-123.511725697042,"stationary",-0.928529540324522
1961-09-01,1,-37.8147463347145,"stationary",1.16543275437053
1961-10-01,1,-33.0244475392492,"stationary",-0.776426908980928
1961-11-01,1,36.3201611319304,"stationary",-0.327845703658701
1961-12-01,1,201.978135530032,"stationary",1.50728529342174
1962-01-01,1,42.7187439468246,"stationary",-1.06040604648829
1962-02-01,1,113.519108934371,"stationary",1.06665848557628
1962-03-01,1,45.5685853414742,"stationary",-1.05499759108888
1962-04-01,1,28.4103410829285,"stationary",-0.558614513896534
1962-05-01,1,-5.62779246448197,"stationary",-0.513150024531633
1962-06-01,1,-92.5587910029652,"stationary",-1.46875956409398
1962-07-01,1,-124.232854736773,"stationary",-0.353537053089336
1962-08-01,1,-129.217684151097,"stationary",-1.50617346228836
1962-09-01,1,-90.3751850021167,"stationary",-1.51167163392404
1962-10-01,1,-40.3034794650979,"stationary",-1.11340267973283
1962-11-01,1,-25.0014072316411,"stationary",-2.31077290381005
1962-12-01,1,178.094369851265,"stationary",1.29009436708862
1963-01-01,1,155.365101537435,"stationary",1.02299270358756
1963-02-01,1,124.064856488392,"stationary",1.29449671784376
1963-03-01,1,88.6284019133124,"stationary",0.487978820755052
1963-04-01,1,63.9568328123679,"stationary",0.446070680449541
1963-05-01,1,77.4654227808457,"stationary",1.74686601450411
1963-06-01,1,-30.7964086262864,"stationary",1.04135202105678
1963-07-01,1,-92.8365297897672,"stationary",1.58764652349179
1963-08-01,1,-122.459695535615,"stationary",-0.823238504057042
1963-09-01,1,-37.3137383403942,"stationary",1.18071541681269
1963-10-01,1,-15.0168106572459,"stationary",-0.0557543209807864
1963-11-01,1,4.71469935274559,"stationary",-1.31839070427991
1963-12-01,1,41.7844025666413,"stationary",-1.10913036327117
1964-01-01,1,19.5943824789326,"stationary",-1.78556819959584
1964-02-01,1,66.8197260291445,"stationary",-0.292244464636648
1964-03-01,1,100.017242567578,"stationary",0.788826819075524
1964-04-01,1,15.6656659336773,"stationary",-0.929657115690387
1964-05-01,1,28.8270653115366,"stationary",0.653636010194715
1964-06-01,1,-15.3695242700159,"stationary",1.45656247288376
1964-07-01,1,-121.640606097698,"stationary",-0.126321624579629
1964-08-01,1,-105.56561765155,"stationary",0.659851946806389
1964-09-01,1,-58.6227880014809,"stationary",0.37319759234329
1964-10-01,1,-52.2670404703686,"stationary",-1.73018742046663
1964-11-01,1,81.295987556004,"stationary",0.801629852692846
1964-12-01,1,58.6768578466737,"stationary",-0.673392345411791
1965-01-01,1,69.2280622972073,"stationary",-0.376563680323114
1965-02-01,1,125.01112563893,"stationary",1.31370033268434
1965-03-01,1,73.4687299042374,"stationary",0.0149149903912926
1965-04-01,1,90.7613279746982,"stationary",1.0800103751961
1965-05-01,1,14.3210506155347,"stationary",0.198787883565597
1965-06-01,1,-64.4550108070089,"stationary",-0.207962930648982
1965-07-01,1,-122.13443585827,"stationary",-0.168772361344718
1965-08-01,1,-117.76243718288,"stationary",-0.363881762184302
1965-09-01,1,-81.7643839108241,"stationary",-0.935707634304072
1965-10-01,1,8.84215484448707,"stationary",0.658874646391028
1965-11-01,1,42.1015912718861,"stationary",-0.159557464174981
1965-12-01,1,136.455189151065,"stationary",0.805507439818803
1966-01-01,1,262.917042708054,"stationary",1.84012345407084
1966-02-01,1,24.3131943446351,"stationary",-1.79817683789721
1966-03-01,1,69.1993573161821,"stationary",-0.133534533015635
1966-04-01,1,16.8307111455231,"stationary",-0.896068138867951
1966-05-01,1,-32.3307639998828,"stationary",-1.50978857104015
1966-06-01,1,-87.1146375791086,"stationary",-1.2257310599267
1966-07-01,1,-129.354459280511,"stationary",-0.828571615407259
1966-08-01,1,-115.214044769899,"stationary",-0.126121155561779
1966-09-01,1,-37.1418261520406,"stationary",1.18592530526969
1966-10-01,1,-41.0020869742885,"stationary",-1.14714884867774
1966-11-01,1,42.4936660439573,"stationary",-0.148356169310385
1966-12-01,1,176.307075339168,"stationary",1.27232092212727
1967-01-01,1,106.636067180412,"stationary",0.365093001733095
1967-02-01,1,63.5166722296388,"stationary",-0.407301200412981
1967-03-01,1,118.933194066414,"stationary",1.2001369828788
1967-04-01,1,66.8441829447179,"stationary",0.520694542520833
1967-05-01,1,34.4412105999517,"stationary",0.81225287215868
1967-06-01,1,-52.9400677342633,"stationary",0.272810016762815
1967-07-01,1,-113.878304716724,"stationary",0.480787560001244
1967-08-01,1,-116.377534905245,"stationary",-0.233411074389359
1967-09-01,1,-62.1880493033613,"stationary",0.201060214770912
1967-10-01,1,1.58450709153689,"stationary",0.467901834068328
1967-11-01,1,98.9731994784259,"stationary",1.13139754224932
1967-12-01,1,106.768349341896,"stationary",0.344175435417907
1968-01-01,1,212.975907400202,"stationary",1.53049592633556
1968-02-01,1,77.0180167457756,"stationary",0.0515260740392376
1968-03-01,1,94.7295185545402,"stationary",0.654671044315032
1968-04-01,1,-0.486183057629127,"stationary",-1.38420280919903
1968-05-01,1,37.8344312877221,"stationary",0.903425888788178
1968-06-01,1,-33.0274566273542,"stationary",0.973714032482609
1968-07-01,1,-123.584717624626,"stationary",-0.295745635622699
1968-08-01,1,-78.8886544823414,"stationary",1.96796213594664
1968-09-01,1,-23.0066095798576,"stationary",1.56211887943104
1968-10-01,1,-3.83163432064958,"stationary",0.311065515306563
1968-11-01,1,115.488412380402,"stationary",1.39235925268803
1968-12-01,1,185.406563547091,"stationary",1.36046869471594
1969-01-01,1,163.971260736722,"stationary",1.11331208032413
1969-02-01,1,79.2025565034104,"stationary",0.12234481157697
1969-03-01,1,136.763687407048,"stationary",1.5094545829359
1969-04-01,1,82.0695640443539,"stationary",0.889059623767869
1969-05-01,1,15.9118902324548,"stationary",0.251719189428665
1969-06-01,1,-48.0543026653445,"stationary",0.461208241684014
1969-07-01,1,-105.206038624188,"stationary",1.02031918846044
1969-08-01,1,-118.619647909781,"stationary",-0.445973708113261
1969-09-01,1,-75.6351782083025,"stationary",-0.549329005772335
1969-10-01,1,-4.96248470148054,"stationary",0.276670178342321
1969-11-01,1,33.859352827547,"stationary",-0.401124641875079
1969-12-01,1,162.378645939719,"stationary",1.12541212151361
1970-01-01,1,84.3107277978706,"stationary",-0.0477497684626812
1970-02-01,1,139.933357040808,"stationary",1.59270915080207
1970-03-01,1,92.1166011500804,"stationary",0.584886693727085
1970-04-01,1,-14.344338278403,"stationary",-1.75495426599172
1970-05-01,1,-14.243508815712,"stationary",-0.83601109662312
1970-06-01,1,-75.6575227050746,"stationary",-0.707807495855191
1970-07-01,1,-115.635404286497,"stationary",0.353784675665957
1970-08-01,1,-106.996859098182,"stationary",0.555939270152924
1970-09-01,1,-46.387521829202,"stationary",0.878994904013108
1970-10-01,1,48.7874284415085,"stationary",1.41861035205712
1970-11-01,1,78.7503997911794,"stationary",0.749200328959802
1970-12-01,1,61.958399743667,"stationary",-0.59313983879
1971-01-01,1,19.0177713004832,"stationary",-1.80573913911577
1971-02-01,1,104.161530210564,"stationary",0.841320379097972
1971-03-01,1,95.1310635870019,"stationary",0.665186716303202
1971-04-01,1,106.124220300924,"stationary",1.38500104269553
1971-05-01,1,3.58656897967423,"stationary",-0.175036533094991
1971-06-01,1,-46.4948696841481,"stationary",0.519126121967733
1971-07-01,1,-116.471768802579,"stationary",0.29114426041363
1971-08-01,1,-57.2304820270314,"stationary",2.55464076216149
1971-09-01,1,-75.0755871627662,"stationary",-0.515228720298591
1971-10-01,1,6.09688269919143,"stationary",0.589090033078251
1971-11-01,1,82.4910364810582,"stationary",0.825790445480871
1971-12-01,1,105.050727320418,"stationary",0.313814666677052
1972-01-01,1,38.1524110335234,"stationary",-1.1927357064677
1972-02-01,1,80.0558563383532,"stationary",0.149698063701368
1972-03-01,1,61.9145207439343,"stationary",-0.401106058366686
1972-04-01,1,96.5479743931531,"stationary",1.1995870254702
1972-05-01,1,37.9418500447742,"stationary",0.90625543846516
1972-06-01,1,9.62142177111418,"stationary",1.97723143877272
1972-07-01,1,-83.8951463661402,"stationary",1.89730961193438
1972-08-01,1,-90.0393836998895,"stationary",1.53745774164348
1972-09-01,1,-46.4472842184829,"stationary",0.876819162990175
1972-10-01,1,25.6464146329484,"stationary",1.029563531736
1972-11-01,1,47.4655786572423,"stationary",-0.00882625148614956
1972-12-01,1,3.56896203485555,"stationary",-2.25461991387088
1973-01-01,1,40.8616713623638,"stationary",-1.11366621017659
1973-02-01,1,76.431603984267,"stationary",0.0323277699029395
1973-03-01,1,86.8530545165639,"stationary",0.43697403310258
1973-04-01,1,58.1472823329034,"stationary",0.291675316306173
1973-05-01,1,8.09258129441115,"stationary",-0.0148655140272416
1973-06-01,1,-41.8095070092841,"stationary",0.686522422778762
1973-07-01,1,-113.379514327872,"stationary",0.515707369770242
1973-08-01,1,-114.47946385565,"stationary",-0.059584077260799
1973-09-01,1,-76.7081815496147,"stationary",-0.61530715139666
1973-10-01,1,-28.3057147300273,"stationary",-0.571959712854944
1973-11-01,1,57.8502488017081,"stationary",0.266392131893136
1973-12-01,1,76.0155653919007,"stationary",-0.266630484051482
1974-01-01,1,74.5921114386585,"stationary",-0.254768028332656
1974-02-01,1,42.0379404245838,"stationary",-1.17283777808872
1974-03-01,1,61.7941499402662,"stationary",-0.405668207424105
1974-04-01,1,72.906024758464,"stationary",0.672509649812963
1974-05-01,1,-12.9513463064052,"stationary",-0.787445741106578
1974-06-01,1,-97.0460402362678,"stationary",-1.66680993359394
1974-07-01,1,-122.611442151892,"stationary",-0.210163242919615
1974-08-01,1,-90.2876162193771,"stationary",1.52637103592261
1974-09-01,1,-42.7219740232268,"stationary",1.00751358463946
1974-10-01,1,-13.2142779586194,"stationary",0.00745673827916627
1974-11-01,1,38.2344509992277,"stationary",-0.271498671377206
1974-12-01,1,194.430962447578,"stationary",1.44247220461966
1975-01-01,1,104.163909262735,"stationary",0.323405757285953
1975-02-01,1,88.2081170627235,"stationary",0.401599046829149
1975-03-01,1,32.4407661899615,"stationary",-1.62004575013063
1975-04-01,1,108.1884306545,"stationary",1.42304146905383
1975-05-01,1,18.331212569311,"stationary",0.33083762838009
1975-06-01,1,-54.9046057755505,"stationary",0.194208107356392
1975-07-01,1,-122.963161820915,"stationary",-0.240919207119328
1975-08-01,1,-103.160464386348,"stationary",0.824586786591115
1975-09-01,1,-78.6388703251196,"stationary",-0.735883333921521
1975-10-01,1,-36.2019238353283,"stationary",-0.920284518367607
1975-11-01,1,45.1588490896688,"stationary",-0.0729712930941298
1975-12-01,1,85.2312811333915,"stationary",-0.0684817683519984
1976-01-01,1,129.87647486675,"stationary",0.714200500849469
1976-02-01,1,58.6706944671997,"stationary",-0.578317715520554
1976-03-01,1,46.8200692046224,"stationary",-1.0028149111939
1976-04-01,1,73.4475280719672,"stationary",0.685743040852097
1976-05-01,1,45.4130753956445,"stationary",1.09479251444908
1976-06-01,1,-67.0821644161871,"stationary",-0.323293523706516
1976-07-01,1,-102.063812228967,"stationary",1.18381797887987
1976-08-01,1,-93.4123281130919,"stationary",1.37995474858281
1976-09-01,1,-34.1575418751473,"stationary",1.27368105008509
1976-10-01,1,62.9097676439465,"stationary",1.60771810100241
1976-11-01,1,85.5530957306139,"stationary",0.886403168948415
1976-12-01,1,104.782942756068,"stationary",0.309042471706788
1977-01-01,1,89.0041636762779,"stationary",0.046091154354886
1977-02-01,1,50.4867036750357,"stationary",-0.870527951629874
1977-03-01,1,96.9653412100369,"stationary",0.712528770423653
1977-04-01,1,91.3285315102805,"stationary",1.09199279401275
1977-05-01,1,-7.9466103321863,"stationary",-0.599703909014625
1977-06-01,1,-67.2406425932062,"stationary",-0.330299530706152
1977-07-01,1,-115.583606497377,"stationary",0.357617752712934
1977-08-01,1,-123.714133663819,"stationary",-0.948851957427784
1977-09-01,1,-61.1306301337552,"stationary",0.253333761043265
1977-10-01,1,-3.2370054149473,"stationary",0.328918172736036
1977-11-01,1,0.924047423777535,"stationary",-1.44180995595569
1977-12-01,1,106.093784308118,"stationary",0.332303051373543
1978-01-01,1,184.98489720634,"stationary",1.31015579509298
1978-02-01,1,100.088663013573,"stationary",0.735867921049784
1978-03-01,1,100.733345992496,"stationary",0.806293092095542
1978-04-01,1,76.5828424087572,"stationary",0.761289469434581
1978-05-01,1,-47.8775310851802,"stationary",-2.07260612538948
1978-06-01,1,-79.3102417727335,"stationary",-0.873293940303202
1978-07-01,1,-133.463523238292,"stationary",-1.22591187287118
1978-08-01,1,-107.468377452984,"stationary",0.520723977000079
1978-09-01,1,-41.1887493718126,"stationary",1.05851465253183
1978-10-01,1,25.8881379211697,"stationary",1.0342717905692
1978-11-01,1,12.1054846303967,"stationary",-1.07974020491156
1978-12-01,1,97.7907327995467,"stationary",0.18067427049947
1979-01-01,1,148.795069193817,"stationary",0.949664217333743
1979-02-01,1,80.9407911899771,"stationary",0.177876322857019
1979-03-01,1,34.8399835847898,"stationary",-1.51432354396991
1979-04-01,1,41.3968112061118,"stationary",-0.179227045631073
1979-05-01,1,-3.13134513159097,"stationary",-0.42047753963499
1979-06-01,1,-46.5529933127728,"stationary",0.516987011113681
1979-07-01,1,-106.928906503896,"stationary",0.923976601392213
1979-08-01,1,-111.559605097027,"stationary",0.194681807638605
1979-09-01,1,-75.0118670168344,"stationary",-0.51135948813908
1979-10-01,1,9.22935858789397,"stationary",0.668487381633802
1979-11-01,1,125.612088264076,"stationary",1.53377874217969
1979-12-01,1,108.608131604065,"stationary",0.376220900392743
1980-01-01,1,122.215911444523,"stationary",0.607154465558024
1980-02-01,1,79.9960500910822,"stationary",0.147786717178391
1980-03-01,1,180.245855981715,"stationary",2.06031206995348
1980-04-01,1,92.632743321453,"stationary",1.11932707593536
1980-05-01,1,48.896024279049,"stationary",1.17733335523505
1980-06-01,1,-83.1433495963758,"stationary",-1.04681062816521
1980-07-01,1,-134.93152591179,"stationary",-1.37010139871347
1980-08-01,1,-112.246577368734,"stationary",0.136402062775756
1980-09-01,1,-59.4396182261904,"stationary",0.334790153986469
1980-10-01,1,-0.0604585691799063,"stationary",0.421620242589606
1980-11-01,1,54.0071995363865,"stationary",0.167207531553186
1980-12-01,1,79.6116531628632,"stationary",-0.187777041870882
1981-01-01,1,270.215226869489,"stationary",1.87867439226305
1981-02-01,1,100.464298001317,"stationary",0.745786875270946
1981-03-01,1,63.2232017809399,"stationary",-0.351789158093573
1981-04-01,1,30.2339481164761,"stationary",-0.50514803243469
1981-05-01,1,63.179307795065,"stationary",1.48392570301478
1981-06-01,1,-46.8636711116307,"stationary",0.505527378760664
1981-07-01,1,-109.118064977885,"stationary",0.794142475641124
1981-08-01,1,-113.473508789516,"stationary",0.0299169765087633
1981-09-01,1,-83.0764283688645,"stationary",-1.02114813730618
1981-10-01,1,-9.03977704723452,"stationary",0.14772359222396
1981-11-01,1,81.6565607456755,"stationary",0.808949873124748
1981-12-01,1,192.365565398833,"stationary",1.42415245243612
1982-01-01,1,55.8712445815253,"stationary",-0.703759556172528
1982-02-01,1,64.5638714450004,"stationary",-0.370669850574005
1982-03-01,1,46.3018519479459,"stationary",-1.02438597895515
1982-04-01,1,63.3454664912745,"stationary",0.430085096894966
1982-05-01,1,20.5793459264619,"stationary",0.40281672556078
1982-06-01,1,-70.5603572195222,"stationary",-0.478111200177298
1982-07-01,1,-90.4202388890819,"stationary",1.67802939013127
1982-08-01,1,-103.004921585314,"stationary",0.834824727603092
1982-09-01,1,-63.6517097916401,"stationary",0.127006534819217
1982-10-01,1,-5.65496341331241,"stationary",0.255318339105377
1982-11-01,1,11.4349576867897,"stationary",-1.10127385747278
1982-12-01,1,79.7018532578073,"stationary",-0.185824282144651
1983-01-01,1,93.7619297168951,"stationary",0.137274853672081
1983-02-01,1,102.856507683284,"stationary",0.808031715999625
1983-03-01,1,65.6808661839881,"stationary",-0.260616848784812
1983-04-01,1,73.7601850243811,"stationary",0.693358998683118
1983-05-01,1,25.169529923021,"stationary",0.545012976365934
1983-06-01,1,-46.6166333293399,"stationary",0.514643134366182
1983-07-01,1,-115.057831400074,"stationary",0.39621895231383
1983-08-01,1,-101.658358157182,"stationary",0.921415190794898
1983-09-01,1,-72.0603985189996,"stationary",-0.335368129827761
1983-10-01,1,20.2447782956761,"stationary",0.920079193249669
1983-11-01,1,127.543733649354,"stationary",1.55935906141299
1983-12-01,1,44.1836562927507,"stationary",-1.04498354745418
1984-01-01,1,118.244574914844,"stationary",0.548682235574804
1984-02-01,1,60.7879332782732,"stationary",-0.503328840414184
1984-03-01,1,85.8601639236004,"stationary",0.40794658051318
1984-04-01,1,104.251081956674,"stationary",1.34990614632528
1984-05-01,1,-38.2498240509656,"stationary",-1.72577272932943
1984-06-01,1,-75.7240500857261,"stationary",-0.710818418913574
1984-07-01,1,-112.34314551997,"stationary",0.586674881065874
1984-08-01,1,-89.9975650145338,"stationary",1.53931796335047
1984-09-01,1,-89.8328450023341,"stationary",-1.47433707713272
1984-10-01,1,-39.8096370790935,"stationary",-1.08969971662819
1984-11-01,1,44.4788073983744,"stationary",-0.0920789358893753
1984-12-01,1,64.7150647969893,"stationary",-0.526875706409191
1985-01-01,1,106.12154761569,"stationary",0.356494660634901
1985-02-01,1,102.541505920548,"stationary",0.799926285660701
1985-03-01,1,54.3308166190427,"stationary",-0.696476601117631
1985-04-01,1,41.2560335668384,"stationary",-0.183302631922143
1985-05-01,1,10.630213609862,"stationary",0.0733585447177101
1985-06-01,1,-72.7614751397747,"stationary",-0.577004179527672
1985-07-01,1,-109.215272130854,"stationary",0.788176788078922
1985-08-01,1,-122.436378427752,"stationary",-0.820911916679954
1985-09-01,1,-77.5332343032899,"stationary",-0.666549378276894
1985-10-01,1,105.735670896284,"stationary",2.04186298872222
1985-11-01,1,46.5752395169764,"stationary",-0.0334608113395278
1985-12-01,1,61.7325203755844,"stationary",-0.598616415258143
1986-01-01,1,92.4072275601176,"stationary",0.111709252256702
1986-02-01,1,74.3983190381654,"stationary",-0.0348271197659406
1986-03-01,1,10.1995993090161,"stationary",-2.68890667783653
1986-04-01,1,7.54368291836959,"stationary",-1.16103925893778
1986-05-01,1,100.167848288637,"stationary",2.0962044926219
1986-06-01,1,-27.9578125925872,"stationary",1.12445401796456
1986-07-01,1,-127.676982838584,"stationary",-0.669891482500123
1986-08-01,1,-123.300577053711,"stationary",-0.907350252691796
1986-09-01,1,-77.427456673011,"stationary",-0.659955615196456
1986-10-01,1,-7.23671331373665,"stationary",0.205710676291653
1986-11-01,1,90.2335269256135,"stationary",0.975559643552348
1986-12-01,1,112.503748704013,"stationary",0.442478290899966
1987-01-01,1,154.47984518511,"stationary",1.01334174911412
1987-02-01,1,70.2899798411397,"stationary",-0.173096797962318
1987-03-01,1,188.613238602238,"stationary",2.14384053079421
1987-04-01,1,50.6925384119388,"stationary",0.0861290027848176
1987-05-01,1,-6.10825685648673,"stationary",-0.531051330744227
1987-06-01,1,-50.6274293303204,"stationary",0.363276943745438
1987-07-01,1,-98.9042838787981,"stationary",1.3338354526583
1987-08-01,1,-102.548797581037,"stationary",0.864563218028675
1987-09-01,1,-86.850478910806,"stationary",-1.27161344206078
1987-10-01,1,15.1643106846885,"stationary",0.809088517116988
1987-11-01,1,79.0701555448473,"stationary",0.755858915031737
1987-12-01,1,172.686239395413,"stationary",1.2355917874579
1988-01-01,1,56.8333247049839,"stationary",-0.679034698592458
1988-02-01,1,99.2145553420434,"stationary",0.712633140347253
1988-03-01,1,169.896839813704,"stationary",1.9486698420768
1988-04-01,1,69.3217969683175,"stationary",0.583552573140385
1988-05-01,1,16.2337552549025,"stationary",0.262342078227328
1988-06-01,1,-33.8767500449718,"stationary",0.947415031801098
1988-07-01,1,-115.126455885462,"stationary",0.391212376623697
1988-08-01,1,-117.564158480352,"stationary",-0.345031984287657
1988-09-01,1,-58.1723496584148,"stationary",0.394116822166577
1988-10-01,1,66.6524112137859,"stationary",1.65314013141198
1988-11-01,1,103.792728886684,"stationary",1.21182122930639
1988-12-01,1,90.9712005974828,"stationary",0.0483790401132422
1989-01-01,1,50.1247287685732,"stationary",-0.855258594509216
1989-02-01,1,13.6582140774465,"stationary",-2.16832713199239
1989-03-01,1,59.2963996825171,"stationary",-0.501293617462113
1989-04-01,1,-36.1652673448285,"stationary",-2.3053803020936
1989-05-01,1,-17.5816268413957,"stationary",-0.961432675423821
1989-06-01,1,-69.4202475404631,"stationary",-0.427139299111339
1989-07-01,1,-126.11035816338,"stationary",-0.524216965456683
1989-08-01,1,-112.346814935574,"stationary",0.127816596512266
1989-09-01,1,-64.8311899825023,"stationary",0.0659034914223983
1989-10-01,1,54.0743529492174,"stationary",1.49294491145973
1989-11-01,1,113.75676118446,"stationary",1.36685185847278
1989-12-01,1,74.1955857031992,"stationary",-0.307277831797247
1990-01-01,1,26.7345029815383,"stationary",-1.54560289577626
1990-02-01,1,131.024356403646,"stationary",1.43133696900285
1990-03-01,1,44.6796658371149,"stationary",-1.09224513351086
1990-04-01,1,54.9046307400147,"stationary",0.203212422234862
1990-05-01,1,16.9229298445209,"stationary",0.284988354959477
1990-06-01,1,-60.8216608785768,"stationary",-0.0514298217435893
1990-07-01,1,-119.542098438057,"stationary",0.0492743310466882
1990-08-01,1,-110.738676398727,"stationary",0.263021625782269
1990-09-01,1,-48.8637485704186,"stationary",0.786575959109402
1990-10-01,1,-29.3614927013844,"stationary",-0.61675396993065
1990-11-01,1,31.3601757238066,"stationary",-0.476454351761305
1990-12-01,1,61.4589612367372,"stationary",-0.605258467769887
1991-01-01,1,46.4950484618103,"stationary",-0.954378287644615
1991-02-01,1,82.9874695771209,"stationary",0.24229046587953
1991-03-01,1,58.5925619131903,"stationary",-0.528560752975048
1991-04-01,1,98.5415667705909,"stationary",1.23943838155086
1991-05-01,1,36.8628629344647,"stationary",0.877676413048299
1991-06-01,1,-73.9081813391961,"stationary",-0.628723364730864
1991-07-01,1,-115.592927805053,"stationary",0.356928368218101
1991-08-01,1,-115.172041678964,"stationary",-0.122290734285299
1991-09-01,1,-61.8239076299363,"stationary",0.219177834479432
1991-10-01,1,43.0201028040066,"stationary",1.33204846969131
1991-11-01,1,61.6670103794298,"stationary",0.361704008651852
1991-12-01,1,211.648006045594,"stationary",1.58576825428143
1992-01-01,1,31.3522769333244,"stationary",-1.39880906970437
1992-02-01,1,67.5274384795319,"stationary",-0.267789986675886
1992-03-01,1,63.5084932484238,"stationary",-0.341107887703031
1992-04-01,1,14.7514267396565,"stationary",-0.955951782580859
1992-05-01,1,41.7148838173129,"stationary",1.00347880465043
1992-06-01,1,-1.6124911655807,"stationary",1.76230970958144
1992-07-01,1,-91.0798385301575,"stationary",1.65389774785009
1992-08-01,1,-112.070646498245,"stationary",0.151420716008217
1992-09-01,1,-65.4742636660364,"stationary",0.0320564537273293
1992-10-01,1,-38.3230590866017,"stationary",-1.0190990512056
1992-11-01,1,116.791822168106,"stationary",1.41129441167885
1992-12-01,1,130.205429233861,"stationary",0.717701372201551
1993-01-01,1,55.4155194060059,"stationary",-0.715534933856821
1993-02-01,1,64.0364704182125,"stationary",-0.389101820188088
1993-03-01,1,66.5404836003357,"stationary",-0.2291868238668
1993-04-01,1,62.379622859655,"stationary",0.404702097478448
1993-05-01,1,89.7277607235905,"stationary",1.94456916944262
1993-06-01,1,-31.7776271933985,"stationary",1.01186087513376
1993-07-01,1,-119.069633237605,"stationary",0.0876878497792775
1993-08-01,1,-109.416903864003,"stationary",0.370003179294171
1993-09-01,1,-79.6435126224573,"stationary",-0.799516272308016
1993-10-01,1,-53.9146514444402,"stationary",-1.82280734023603
1993-11-01,1,26.475814043597,"stationary",-0.626041436501521
1993-12-01,1,62.9395268685094,"stationary",-0.569434032227918
1994-01-01,1,132.484528354078,"stationary",0.749007713919687
1994-02-01,1,88.3397276826499,"stationary",0.405519433704233
1994-03-01,1,44.4265887994412,"stationary",-1.10287691054347
1994-04-01,1,21.0875327575737,"stationary",-0.77265849824173
1994-05-01,1,-7.97102654646542,"stationary",-0.600617225935358
1994-06-01,1,-81.5731590418335,"stationary",-0.975795200665358
1994-07-01,1,-105.124169312151,"stationary",1.02477489990879
1994-08-01,1,-113.482661727642,"stationary",0.0291113537117015
1994-09-01,1,-94.8831995705528,"stationary",-1.82833277295576
1994-10-01,1,-22.9257554317127,"stationary",-0.352309627254233
1994-11-01,1,145.570789939517,"stationary",1.77916294583314
1994-12-01,1,109.450326170216,"stationary",0.390727876674776
1995-01-01,1,90.9892517450177,"stationary",0.0846119696122032
1995-02-01,1,30.4762165222496,"stationary",-1.58244004185221
1995-03-01,1,74.0711462052897,"stationary",0.0353359017457281
1995-04-01,1,82.3400332498117,"stationary",0.895212177053338
1995-05-01,1,7.59733618219929,"stationary",-0.0322586783438224
1995-06-01,1,-36.0727428199462,"stationary",0.877976251008777
1995-07-01,1,-79.9416286684087,"stationary",2.01530067385567
1995-08-01,1,-107.961075651668,"stationary",0.483403855154527
1995-09-01,1,-56.3986799402092,"stationary",0.474703977662327
1995-10-01,1,-1.86156366460401,"stationary",0.369605102806179
1995-11-01,1,177.123135028236,"stationary",2.0978661284676
1995-12-01,1,47.885231340308,"stationary",-0.94747516168601
1996-01-01,1,101.356646734635,"stationary",0.274905961735039
1996-02-01,1,78.4264359148502,"stationary",0.0973130523940048
1996-03-01,1,169.57869430915,"stationary",1.9450775233194
1996-04-01,1,100.096066966714,"stationary",1.27004689116817
1996-05-01,1,-24.0705744355171,"stationary",-1.20425310106285
1996-06-01,1,-78.3734265167265,"stationary",-0.830835958396531
1996-07-01,1,-134.448491563849,"stationary",-1.32254415214288
1996-08-01,1,-105.476725780088,"stationary",0.66615907166895
1996-09-01,1,-1.09943720207577,"stationary",1.99648701149225
1996-10-01,1,71.864035915648,"stationary",1.71354279745822
1996-11-01,1,5.07892240979095,"stationary",-1.30656695917797
1996-12-01,1,125.90425869185,"stationary",0.654547786019405
1997-01-01,1,29.1045521879974,"stationary",-1.46951645791757
1997-02-01,1,65.6287682712818,"stationary",-0.333561772334653
1997-03-01,1,64.0776568860531,"stationary",-0.319874332635311
1997-04-01,1,83.9695311832048,"stationary",0.931990757139715
1997-05-01,1,-2.5758665474331,"stationary",-0.399945943154548
1997-06-01,1,-24.732090814981,"stationary",1.21503092925741
1997-07-01,1,-119.685213076712,"stationary",0.0375551516408008
1997-08-01,1,-81.09144200384,"stationary",1.89209929997286
1997-09-01,1,-17.4197903910545,"stationary",1.68710531617659
1997-10-01,1,34.8037752863162,"stationary",1.19754480619117
1997-11-01,1,45.0437763259126,"stationary",-0.0761983508695793
1997-12-01,1,113.304614457101,"stationary",0.45583445906186
1998-01-01,1,64.6502665558749,"stationary",-0.484829342422947
1998-02-01,1,34.4626696239215,"stationary",-1.44193487372941
1998-03-01,1,125.775070339195,"stationary",1.32652405245502
1998-04-01,1,56.0898334454397,"stationary",0.235724185933313
1998-05-01,1,37.7230681975326,"stationary",0.90048879752514
1998-06-01,1,-69.4307489826508,"stationary",-0.42760788700795
1998-07-01,1,-122.833717441904,"stationary",-0.229577020751998
1998-08-01,1,-131.565318518198,"stationary",-1.74579376838827
1998-09-01,1,-66.6753050368148,"stationary",-0.0321542227550874
1998-10-01,1,-13.1440781317455,"stationary",0.00988597001125457
1998-11-01,1,52.5325798319282,"stationary",0.128306081053624
1998-12-01,1,157.446745724017,"stationary",1.06953489748208
1999-01-01,1,66.8707949776535,"stationary",-0.431813161072484
1999-02-01,1,101.693425822658,"stationary",0.777967367796836
1999-03-01,1,66.4788837272777,"stationary",-0.231431001381601
1999-04-01,1,36.3457946695689,"stationary",-0.326165536468035
1999-05-01,1,-43.2097769070727,"stationary",-1.90502219019609
1999-06-01,1,-15.8034054690644,"stationary",1.44602245197157
1999-07-01,1,-112.664717812568,"stationary",0.564882823161599
1999-08-01,1,-104.359971572612,"stationary",0.743954146401297
1999-09-01,1,-50.7963354003288,"stationary",0.711111525405593
1999-10-01,1,-18.7748963972538,"stationary",-0.192752422797475
1999-11-01,1,6.87129262873447,"stationary",-1.24847232266014
1999-12-01,1,46.0934068552005,"stationary",-0.994455441754553
2000-01-01,1,154.233625063399,"stationary",1.01064506375967
2000-02-01,1,92.1714117562551,"stationary",0.517539174690406
2000-03-01,1,68.5677464296819,"stationary",-0.156039108983007
2000-04-01,1,88.3432161185083,"stationary",1.02827650571795
2000-05-01,1,22.736209534704,"stationary",0.470439798254082
2000-06-01,1,-76.3740850950138,"stationary",-0.740247659465606
2000-07-01,1,-145.95896889354,"stationary",-2.50072689815784
2000-08-01,1,-105.916917569651,"stationary",0.634759180231667
2000-09-01,1,-45.4188311096785,"stationary",0.913893923553139
2000-10-01,1,0.775381876200409,"stationary",0.44528109492517
2000-11-01,1,20.5522271862429,"stationary",-0.810985571778309
2000-12-01,1,45.488772329448,"stationary",-1.01040195864208
2001-01-01,1,13.9407064895873,"stationary",-1.98941537411486
2001-02-01,1,94.8300852410365,"stationary",0.592835119804438
2001-03-01,1,23.1658140654874,"stationary",-2.04184935621068
2001-04-01,1,20.9762219153847,"stationary",-0.775897582223364
2001-05-01,1,53.4485819904412,"stationary",1.28041133676189
2001-06-01,1,-93.7023402870972,"stationary",-1.51942755903978
2001-07-01,1,-133.607758360999,"stationary",-1.24003306390127
2001-08-01,1,-117.635543189044,"stationary",-0.351812075774428
2001-09-01,1,-70.9503565702731,"stationary",-0.270898154984334
2001-10-01,1,-35.8274200783859,"stationary",-0.903070319330574
2001-11-01,1,68.1092394293405,"stationary",0.515286801542262
2001-12-01,1,240.498066576139,"stationary",1.79395650007815
2002-01-01,1,101.509428408821,"stationary",0.277577768820777
2002-02-01,1,58.7349373548621,"stationary",-0.576037120165065
2002-03-01,1,73.4851376667432,"stationary",0.0154729320557994
2002-04-01,1,96.8253993004022,"stationary",1.20517325365994
2002-05-01,1,0.497230078668996,"stationary",-0.28706749868702
2002-06-01,1,-80.0791941156863,"stationary",-0.908137971686957
2002-07-01,1,-101.190782412593,"stationary",1.22663688135151
2002-08-01,1,-93.5355883022715,"stationary",1.37390509913984
2002-09-01,1,-51.1951889775377,"stationary",0.695160456381701
2002-10-01,1,-31.4352170005611,"stationary",-0.706339217432531
2002-11-01,1,18.0274429425944,"stationary",-0.890778874571446
2002-12-01,1,67.5722066872119,"stationary",-0.45932772552204
2003-01-01,1,57.3190299094633,"stationary",-0.666621365866658
2003-02-01,1,136.670543357851,"stationary",1.53529426931129
2003-03-01,1,88.283206843428,"stationary",0.478151300331276
2003-04-01,1,80.342712408474,"stationary",0.849455064246173
2003-05-01,1,-4.86017482404725,"stationary",-0.484590809083766
2003-06-01,1,-76.7088780286384,"stationary",-0.755410755230901
2003-07-01,1,-126.622136442596,"stationary",-0.571507060066867
2003-08-01,1,-124.432316817978,"stationary",-1.02110245606582
2003-09-01,1,-40.1636350842233,"stationary",1.09175469136513
2003-10-01,1,-14.9649907178213,"stationary",-0.0539145907914623
2003-11-01,1,25.8071555600579,"stationary",-0.646739318908883
2003-12-01,1,91.2653175912812,"stationary",0.0542310961967991
2004-01-01,1,206.043747981062,"stationary",1.47970970907412
2004-02-01,1,65.5629826815614,"stationary",-0.335849813875339
2004-03-01,1,29.519385259746,"stationary",-1.75046974296501
2004-04-01,1,18.6500876439347,"stationary",-0.843445435632697
2004-05-01,1,0.578607109714202,"stationary",-0.284096501381084
2004-06-01,1,-67.0632610172843,"stationary",-0.322458185483828
2004-07-01,1,-121.450413279544,"stationary",-0.110083245485998
2004-08-01,1,-104.311784380619,"stationary",0.747251318119793
2004-09-01,1,-87.224578110798,"stationary",-1.29680895250367
2004-10-01,1,-46.4515580932362,"stationary",-1.4194427276704
2004-11-01,1,109.789183992842,"stationary",1.30684989208507
2004-12-01,1,33.9743666027689,"stationary",-1.32317252661503
2005-01-01,1,61.6497436443678,"stationary",-0.557974304169641
2005-02-01,1,66.0767948608048,"stationary",-0.317995099672122
2005-03-01,1,96.4920477798936,"stationary",0.700421499806945
2005-04-01,1,49.648232070369,"stationary",0.0567562867452691
2005-05-01,1,0.15663321883768,"stationary",-0.299513200617896
2005-06-01,1,-61.235763706291,"stationary",-0.0690733022204143
2005-07-01,1,-122.862176536935,"stationary",-0.232068383538377
2005-08-01,1,-120.625272625877,"stationary",-0.641362450151481
2005-09-01,1,-61.7286871259602,"stationary",0.22389532278954
2005-10-01,1,11.5237804856471,"stationary",0.724319064445442
2005-11-01,1,67.502607122216,"stationary",0.501214810542101
2005-12-01,1,46.2058502765991,"stationary",-0.99149507874601
2006-01-01,1,58.7942005315953,"stationary",-0.629202834445483
2006-02-01,1,96.2660869190035,"stationary",0.632670663719299
2006-03-01,1,87.7541131181483,"stationary",0.463004354834542
2006-04-01,1,39.2070469477835,"stationary",-0.242763224704188
2006-05-01,1,-15.2663194447251,"stationary",-0.874454114829083
2006-06-01,1,-77.0164578575414,"stationary",-0.769344193705516
2006-07-01,1,-105.33283721209,"stationary",1.01339669994956
2006-08-01,1,-130.927603751894,"stationary",-1.68057736247998
2006-09-01,1,-59.8724084195644,"stationary",0.314192739933335
2006-10-01,1,50.5250057234286,"stationary",1.44354506958152
2006-11-01,1,58.1591879450792,"stationary",0.274225998903247
2006-12-01,1,3.92651567374413,"stationary",-2.24235044571358
2007-01-01,1,45.6811783298124,"stationary",-0.976975864279512
2007-02-01,1,71.9931307837733,"stationary",-0.115380033896673
2007-03-01,1,67.6069529165424,"stationary",-0.190533922705511
2007-04-01,1,35.9617110380539,"stationary",-0.337387230429576
2007-05-01,1,-0.856525446702541,"stationary",-0.336634732628015
2007-06-01,1,-81.6776930967532,"stationary",-0.98052644860682
2007-07-01,1,-134.871925754689,"stationary",-1.36422753854728
2007-08-01,1,-109.363544423225,"stationary",0.374241922535296
2007-09-01,1,-89.9564457890863,"stationary",-1.48283258437581
2007-10-01,1,-14.7382466958933,"stationary",-0.0458803522612349
2007-11-01,1,78.8340319003814,"stationary",0.750943916282281
2007-12-01,1,105.607329088547,"stationary",0.323700305864891
2008-01-01,1,52.4905755752753,"stationary",-0.792089410322903
2008-02-01,1,61.9608439293777,"stationary",-0.461958051203148
2008-03-01,1,33.5502256474327,"stationary",-1.5710091890537
2008-04-01,1,-0.780597041215636,"stationary",-1.39227010436653
2008-05-01,1,3.57728395052221,"stationary",-0.175370759160294
2008-06-01,1,-75.2986962638495,"stationary",-0.69157121811035
2008-07-01,1,-131.910798514238,"stationary",-1.07457064198905
2008-08-01,1,-120.790502774857,"stationary",-0.657636416280342
2008-09-01,1,-22.6070982215862,"stationary",1.57144424367761
2008-10-01,1,-7.62660082289252,"stationary",0.19330247625689
2008-11-01,1,56.787480809434,"stationary",0.239283918578091
2008-12-01,1,59.964416124516,"stationary",-0.641728262805508
2009-01-01,1,93.6109091625072,"stationary",0.134440348393237
2009-02-01,1,113.41101073042,"stationary",1.06418487340427
2009-03-01,1,125.793798901322,"stationary",1.32685600357987
2009-04-01,1,58.8452975981147,"stationary",0.310511936751312
2009-05-01,1,17.648877071813,"stationary",0.308695043864144
2009-06-01,1,-80.1713191719248,"stationary",-0.912311798795633
2009-07-01,1,-88.5194740474731,"stationary",1.74542636782062
2009-08-01,1,-112.716380203196,"stationary",0.0959855640858626
2009-09-01,1,-47.8638170979658,"stationary",0.824461487795495
2009-10-01,1,-33.9258669972628,"stationary",-0.816732826832281
2009-11-01,1,85.8019693139509,"stationary",0.891248965082041
2009-12-01,1,113.68674022869,"stationary",0.462175731297705
2010-01-01,1,156.765471420202,"stationary",1.0381180677866
2010-02-01,1,74.926146659366,"stationary",-0.0173083233082994
2010-03-01,1,47.6681424927735,"stationary",-0.967627515979146
2010-04-01,1,68.7457345732264,"stationary",0.56903619258937
2010-05-01,1,-23.7578386097971,"stationary",-1.1925974633368
2010-06-01,1,-37.2853384052718,"stationary",0.838731187791357
2010-07-01,1,-130.128026772644,"stationary",-0.902537074457017
2010-08-01,1,-142.419350121201,"stationary",-2.90486244716173
2010-09-01,1,-84.5591019792886,"stationary",-1.11873190872035
2010-10-01,1,51.9744223848229,"stationary",1.46396191622805
2010-11-01,1,-26.4014160985593,"stationary",-2.3597618780233
2010-12-01,1,133.350012445522,"stationary",0.762453392035886
2011-01-01,1,78.8786781441007,"stationary",-0.161315014919713
2011-02-01,1,68.9855966793696,"stationary",-0.217650194112534
2011-03-01,1,83.1894916161776,"stationary",0.328063753112276
2011-04-01,1,88.2814260568494,"stationary",1.02694065944283
2011-05-01,1,35.8058570007344,"stationary",0.849339440782815
2011-06-01,1,-23.4204567931922,"stationary",1.25073200756794
2011-07-01,1,-124.766039484594,"stationary",-0.401530831805828
2011-08-01,1,-115.008140373131,"stationary",-0.107373561416856
2011-09-01,1,-68.0641510484365,"stationary",-0.10799910132817
2011-10-01,1,-13.4535459177051,"stationary",-0.000841289502563796
2011-11-01,1,46.0662132573613,"stationary",-0.0476151814004439
2011-12-01,1,85.7421128888173,"stationary",-0.0578768896840795
2012-01-01,1,181.420032287439,"stationary",1.27889463958964
2012-02-01,1,122.120790637458,"stationary",1.25442784555643
2012-03-01,1,48.4902137418656,"stationary",-0.933656520305379
2012-04-01,1,-0.90733146226588,"stationary",-1.39574022354177
2012-05-01,1,54.1636511712596,"stationary",1.29612598270123
2012-06-01,1,-80.949559421648,"stationary",-0.947562490321053
2012-07-01,1,-132.761652226375,"stationary",-1.15734460027364
2012-08-01,1,-121.127791742805,"stationary",-0.690929104329429
2012-09-01,1,-92.5081583248513,"stationary",-1.66001506913991
2012-10-01,1,8.05080886955928,"stationary",0.63905385068799
2012-11-01,1,76.1103826527645,"stationary",0.693413969236524
2012-12-01,1,173.632126864401,"stationary",1.24528161633439
2013-01-01,1,76.8274157193756,"stationary",-0.205609058861119
2013-02-01,1,77.1378765413337,"stationary",0.0554405046875134
2013-03-01,1,47.9004432074382,"stationary",-0.958014152818734
2013-04-01,1,37.6732974129429,"stationary",-0.287424136120222
2013-05-01,1,-33.6446627244394,"stationary",-1.55794479014289
2013-06-01,1,-86.1340703897214,"stationary",-1.18166402839541
2013-07-01,1,-126.406895020553,"stationary",-0.551581015977108
2013-08-01,1,-118.398702270168,"stationary",-0.424724636864318
2013-09-01,1,-51.4711797933272,"stationary",0.684046244877921
2013-10-01,1,-6.33403078137676,"stationary",0.234164248047985
2013-11-01,1,8.79109533442111,"stationary",-1.18641972568799
2013-12-01,1,39.2668125702016,"stationary",-1.17724488147752
2014-01-01,1,62.2464279985082,"stationary",-0.543290309329888
2014-02-01,1,25.2887310630529,"stationary",-1.7641365983823
2014-03-01,1,85.8806166689191,"stationary",0.408548176259771
2014-04-01,1,-0.120911709026093,"stationary",-1.374182412989
2014-05-01,1,7.53666311983405,"stationary",-0.0343933223763334
2014-06-01,1,-44.787344894425,"stationary",0.581285982848253
2014-07-01,1,-122.42832552107,"stationary",-0.194229640065907
2014-08-01,1,-117.565909917882,"stationary",-0.345198250410962
2014-09-01,1,-7.32475099094256,"stationary",1.88701196971443
2014-10-01,1,0.948217529677053,"stationary",0.450136405662018
2014-11-01,1,53.8079582890957,"stationary",0.161978484515239
2014-12-01,1,69.6981899694522,"stationary",-0.409824896937022
2015-01-01,1,111.903741331661,"stationary",0.450824850026143
2015-02-01,1,135.557385021367,"stationary",1.5152709544145
2015-03-01,1,126.639778370281,"stationary",1.34177422571441
2015-04-01,1,41.3422659564117,"stationary",-0.180806000753678
2015-05-01,1,1.42525430499157,"stationary",-0.253247272173013
2015-06-01,1,-27.9287962576497,"stationary",1.12528681321004
2015-07-01,1,-126.370767993062,"stationary",-0.548241756610102
2015-08-01,1,-109.546534019578,"stationary",0.35967966720818
2015-09-01,1,-93.4265432289655,"stationary",-1.7246806432513
2015-10-01,1,-4.93244408840442,"stationary",0.277591445999937
2015-11-01,1,1.13898533460846,"stationary",-1.43479410593548
2015-12-01,1,6.40280913725011,"stationary",-2.15856323369768
2016-01-01,1,138.342472310657,"stationary",0.824339709478787
2016-02-01,1,51.6804257500793,"stationary",-0.827777037445534
2016-03-01,1,72.4019057578592,"stationary",-0.0215709055596002
2016-04-01,1,-20.1510266568807,"stationary",-1.90505159376138
2016-05-01,1,49.5534369224049,"stationary",1.19254885915692
2016-06-01,1,-69.6472294167701,"stationary",-0.437271434654508
2016-07-01,1,-127.202103736658,"stationary",-0.625454228205706
2016-08-01,1,-128.001800788794,"stationary",-1.38248827588837
2016-09-01,1,-36.664725504196,"stationary",1.20029379302306
2016-10-01,1,-43.4197007655693,"stationary",-1.26591933073326
2016-11-01,1,9.20651136930136,"stationary",-1.1730168101866
2016-12-01,1,200.258911493624,"stationary",1.49280676704608
2017-01-01,1,84.6844463356595,"stationary",-0.0401335433050561
2017-02-01,1,4.38031214277558,"stationary",-2.49100480042197
2017-03-01,1,97.0283566614121,"stationary",0.714135124958696
2017-04-01,1,54.1310401350649,"stationary",0.181885214509453
2017-05-01,1,43.8663406847131,"stationary",1.05707076358696
2017-06-01,1,-74.684432395188,"stationary",-0.663792833596672
2017-07-01,1,-143.112688472941,"stationary",-2.19669385090134
2017-08-01,1,-113.602565061198,"stationary",0.0185426685318914
2017-09-01,1,-94.0022886110034,"stationary",-1.76548412293845
2017-10-01,1,-14.0163072917889,"stationary",-0.0204699173955602
2017-11-01,1,82.3406651093344,"stationary",0.822766098421661
2017-12-01,1,49.6445419654338,"stationary",-0.901751086103805
2018-01-01,1,149.225991000383,"stationary",0.954596952116106
2018-02-01,1,47.7687010578964,"stationary",-0.96789220476044
2018-03-01,1,54.4695995133387,"stationary",-0.690935907651119
2018-04-01,1,-21.2248952186613,"stationary",-1.93249529238662
2018-05-01,1,20.5797044516537,"stationary",0.402828083777512
2018-06-01,1,-32.4408255765934,"stationary",0.991700804820711
2018-07-01,1,-124.164420345819,"stationary",-0.34740610951227
2018-08-01,1,-122.573892008664,"stationary",-0.834637817928518
2018-09-01,1,-78.7579597674281,"stationary",-0.743395455588674
2018-10-01,1,11.5240863782435,"stationary",0.724326381113801
2018-11-01,1,31.082280562036,"stationary",-0.484884004526705
2018-12-01,1,196.199457033833,"stationary",1.45795529572879
2019-01-01,1,216.38769944493,"stationary",1.55467756112604
2019-02-01,1,83.0486608077163,"stationary",0.244199745034403
2019-03-01,1,73.9124407768453,"stationary",0.0299688521289393
2019-04-01,1,64.7731584889899,"stationary",0.467315673694388
2019-05-01,1,-46.6292983191331,"stationary",-2.02787323992407
2019-06-01,1,-43.1282720821308,"stationary",0.640414624147785
2019-07-01,1,-103.897439636194,"stationary",1.09025617771977
2019-08-01,1,-107.359559858457,"stationary",0.528894413730259
2019-09-01,1,-68.8731099784217,"stationary",-0.152949011719614
2019-10-01,1,-35.7345416710553,"stationary",-0.898811866513276
2019-11-01,1,4.77892805085214,"stationary",-1.31630520443495
2019-12-01,1,187.795498789196,"stationary",1.38267938169514
2020-01-01,1,101.935077752233,"stationary",0.285001702677405
2020-02-01,1,135.048205931844,"stationary",1.50603622093358
2020-03-01,1,95.6264894225165,"stationary",0.678085346562641
2020-04-01,1,36.4898366586945,"stationary",-0.321958471129693
2020-05-01,1,-6.32808743393188,"stationary",-0.539248024797878
2020-06-01,1,-54.4361896836716,"stationary",0.213091801498207
2020-07-01,1,-138.672095312894,"stationary",-1.74227033366322
2020-08-01,1,-121.855630207238,"stationary",-0.763076910042679
2020-09-01,1,-98.8207483262258,"stationary",-2.11648212708138
2020-10-01,1,-66.2639966830385,"stationary",-2.62088772421768
2020-11-01,1,41.4078246478724,"stationary",-0.17944619729169
2020-12-01,1,38.4977992317178,"stationary",-1.19821642387071
2021-01-01,1,134.070852062323,"stationary",0.769790362021843
2021-02-01,1,28.0889261351754,"stationary",-1.66620869707039
2021-03-01,1,100.71796099384,"stationary",0.805919555609227
2021-04-01,1,15.0189900456939,"stationary",-0.94826226937614
2021-05-01,1,-53.2933648660177,"stationary",-2.26628967900892
2021-06-01,1,-60.9484602826684,"stationary",-0.0568265612742651
2021-07-01,1,-136.001875924126,"stationary",-1.47587343707847
2021-08-01,1,-103.832625946453,"stationary",0.779772011105271
2021-09-01,1,-65.8939593983472,"stationary",0.00976530663704149
2021-10-01,1,-39.1396362143863,"stationary",-1.05774118084275
2021-11-01,1,23.5094583441261,"stationary",-0.718224763247996
2021-12-01,1,118.977033465797,"stationary",0.547907834521157
2022-01-01,1,163.707634389158,"stationary",1.11063629003995
2022-02-01,1,88.0147112622992,"stationary",0.395829235166044
2022-03-01,1,100.913777186631,"stationary",0.810668233036459
2022-04-01,1,-17.1330158251514,"stationary",-1.82740468680585
2022-05-01,1,9.7717548608309,"stationary",0.0436857788592015
2022-06-01,1,-32.4700347646415,"stationary",0.990808652508634
2022-07-01,1,-126.097688552581,"stationary",-0.523050143811033
2022-08-01,1,-125.881344806976,"stationary",-1.1674294539067
2022-09-01,1,-70.3433007164625,"stationary",-0.236059501316901
2022-10-01,1,-26.416965590412,"stationary",-0.493202957226713
2022-11-01,1,25.6112673051515,"stationary",-0.652812171175815
2022-12-01,1,24.6390457865393,"stationary",-1.59026204591221
2023-01-01,1,19.4244051151865,"stationary",-1.79150083662501
2023-02-01,1,48.5981458155181,"stationary",-0.938181465290317
2023-03-01,1,108.490082823238,"stationary",0.985412612516527
2023-04-01,1,87.8475801660882,"stationary",1.01754169416528
2023-05-01,1,-0.136201002804773,"stationary",-0.310227360948647
2023-06-01,1,-8.69819445952425,"stationary",1.61140414413745
2023-07-01,1,-128.575919675581,"stationary",-0.754613964518606
2023-08-01,1,-131.807167522216,"stationary",-1.77055681835268
2023-09-01,1,-78.3524508752936,"stationary",-0.717850756498506
2023-10-01,1,-10.8554105843748,"stationary",0.0877586718543169
2023-11-01,1,60.7359908316931,"stationary",0.338750506977872
2023-12-01,1,61.0839125334177,"stationary",-0.614381498557778
2024-01-01,1,89.8158654870021,"stationary",0.0619253904259015
2024-02-01,1,28.5974336940568,"stationary",-1.64838799346588
2024-03-01,1,64.264506083799,"stationary",-0.312925824773123
2024-04-01,1,-8.82864294712619,"stationary",-1.60957178506391
2024-05-01,1,66.7879873311202,"stationary",1.55408649946848
2024-06-01,1,-121.00359107748,"stationary",-2.70593821924193
2024-07-01,1,-120.380520583522,"stationary",-0.019924193149924
2024-08-01,1,-114.766890029399,"stationary",-0.085503313939632
2024-09-01,1,-53.401135260855,"stationary",0.604544807024369
2024-10-01,1,-43.1240127952027,"stationary",-1.25122422316306
2024-11-01,1,58.0001419677588,"stationary",0.270195629049352
2024-12-01,1,86.2896090403511,"stationary",-0.046555240641672
2025-01-01,1,7.46021325887822,"stationary",-2.24316840759991
2025-02-01,1,56.6905441167705,"stationary",-0.648748079991129
2025-03-01,1,35.629636241853,"stationary",-1.47978188714101
2025-04-01,1,68.2822495451738,"stationary",0.557313149856578
2025-05-01,1,18.0999349259472,"stationary",0.323347676247361
2025-06-01,1,-95.7124948645936,"stationary",-1.60816587240338
2025-07-01,1,-141.783708605735,"stationary",-2.05870865626362
2025-08-01,1,-125.981986121103,"stationary",-1.17761482033676
2025-09-01,1,-77.5670268061382,"stationary",-0.668657348142254
2025-10-01,1,-22.7337302437231,"stationary",-0.344737247119534
2025-11-01,1,5.92630245689873,"stationary",-1.2790825531828
2025-12-01,1,72.9431855398611,"stationary",-0.335535059736529
1950-01-01,3,NA,"stationary",NA
1950-02-01,3,NA,"stationary",NA
1950-03-01,3,206.758165897688,"stationary",-0.569635299627558
1950-04-01,3,127.737128042773,"stationary",-1.22345619094066
1950-05-01,3,125.339932508121,"stationary",-0.131126234950421
1950-06-01,3,-9.83693976610512,"stationary",-0.183626399049501
1950-07-01,3,-119.701909365379,"stationary",0.975368892451213
1950-08-01,3,-280.22000703538,"stationary",0.323283380335079
1950-09-01,3,-289.529673751872,"stationary",0.230275199681803
1950-10-01,3,-183.721022846376,"stationary",0.144863219973226
1950-11-01,3,-69.8758619260331,"stationary",-0.875453432831669
1950-12-01,3,19.6885397059564,"stationary",-1.7099997151914
1951-01-01,3,124.691783109634,"stationary",-1.47638322428443
1951-02-01,3,167.09491143166,"stationary",-1.27373116078637
1951-03-01,3,186.515679170035,"stationary",-0.901835573297049
1951-04-01,3,122.182649057562,"stationary",-1.31256630159189
1951-05-01,3,67.691525736482,"stationary",-1.22228215717176
1951-06-01,3,-2.49442165879498,"stationary",-0.0396865384514421
1951-07-01,3,-139.646992950856,"stationary",0.6157788769216
1951-08-01,3,-236.073834043369,"stationary",1.2707902282487
1951-09-01,3,-263.302838562817,"stationary",0.96734517607764
1951-10-01,3,-107.465612637195,"stationary",1.42380163229248
1951-11-01,3,75.0728728881031,"stationary",1.36523900173177
1951-12-01,3,230.333030599716,"stationary",1.04252953268777
1952-01-01,3,253.145221241793,"stationary",0.0653365748020827
1952-02-01,3,303.016885950833,"stationary",0.382816460142758
1952-03-01,3,278.381503016479,"stationary",0.440888699318501
1952-04-01,3,222.369700337974,"stationary",0.316549685543917
1952-05-01,3,115.337925979905,"stationary",-0.314728230225639
1952-06-01,3,-5.66995003354149,"stationary",-0.101657439902705
1952-07-01,3,-123.145830693516,"stationary",0.917016862742736
1952-08-01,3,-265.080952677169,"stationary",0.696539873902109
1952-09-01,3,-316.530484518328,"stationary",-0.712157929775787
1952-10-01,3,-266.930371049667,"stationary",-2.18838833720943
1952-11-01,3,-87.5463970201396,"stationary",-1.23272616557301
1952-12-01,3,99.7985094029524,"stationary",-0.54447926350624
1953-01-01,3,275.761698081897,"stationary",0.321398268241124
1953-02-01,3,369.473168465939,"stationary",1.00487502776897
1953-03-01,3,358.447521660424,"stationary",1.22349661949035
1953-04-01,3,302.88527628709,"stationary",1.34022367899302
1953-05-01,3,137.646969363861,"stationary",0.0872835105522296
1953-06-01,3,25.982403035178,"stationary",0.488343325752787
1953-07-01,3,-163.915710386473,"stationary",0.106837342903623
1953-08-01,3,-275.273793379503,"stationary",0.451228043408335
1953-09-01,3,-304.597482696504,"stationary",-0.279706274073193
1953-10-01,3,-211.801159794419,"stationary",-0.560010110659321
1953-11-01,3,23.6068392988864,"stationary",0.759012387918114
1953-12-01,3,132.091519433188,"stationary",-0.0896557243846667
1954-01-01,3,279.264412863998,"stationary",0.359807349319283
1954-02-01,3,253.732410387567,"stationary",-0.177149504418089
1954-03-01,3,267.138195547319,"stationary",0.302396269346616
1954-04-01,3,255.962298340419,"stationary",0.790430723529224
1954-05-01,3,182.338114465502,"stationary",0.78702483812284
1954-06-01,3,52.9767786622821,"stationary",0.92855196603641
1954-07-01,3,-181.045535880977,"stationary",-0.292764330628218
1954-08-01,3,-318.543332753512,"stationary",-0.83514749267501
1954-09-01,3,-323.586423984929,"stationary",-0.97277274007201
1954-10-01,3,-226.911205245581,"stationary",-0.981280279729652
1954-11-01,3,-47.1303935832154,"stationary",-0.42591749175034
1954-12-01,3,205.043604648024,"stationary",0.793139344025393
1955-01-01,3,269.066827726479,"stationary",0.247007995744811
1955-02-01,3,270.316434611835,"stationary",0.0195974893240683
1955-03-01,3,162.763429164856,"stationary",-1.30855060648869
1955-04-01,3,169.956775387593,"stationary",-0.527074784435951
1955-05-01,3,78.5288773319708,"stationary",-1.01487549142691
1955-06-01,3,-100.835522118123,"stationary",-1.93930583600177
1955-07-01,3,-245.181299921374,"stationary",-1.86142609809652
1955-08-01,3,-316.930468263743,"stationary",-0.782249551546132
1955-09-01,3,-277.362390714319,"stationary",0.597648461268091
1955-10-01,3,-213.533773754506,"stationary",-0.607126547091073
1955-11-01,3,-34.0455631750311,"stationary",-0.177772536034877
1955-12-01,3,118.737739273797,"stationary",-0.274532216378921
1956-01-01,3,245.17349824197,"stationary",-0.0278471377799455
1956-02-01,3,306.442851337899,"stationary",0.418749549460554
1956-03-01,3,296.484052370463,"stationary",0.647754711453077
1956-04-01,3,229.637375893492,"stationary",0.424656679740779
1956-05-01,3,109.404193039716,"stationary",-0.425658094428428
1956-06-01,3,-50.7895024779405,"stationary",-1.00088819673415
1956-07-01,3,-199.511989813615,"stationary",-0.744980067188151
1956-08-01,3,-335.219226298471,"stationary",-1.3896439634418
1956-09-01,3,-305.128299485925,"stationary",-0.298548246225974
1956-10-01,3,-204.148330260108,"stationary",-0.356330556974342
1956-11-01,3,-62.9548942642497,"stationary",-0.736932408929663
1956-12-01,3,72.3364372880508,"stationary",-0.944524446191741
1957-01-01,3,144.761096380093,"stationary",-1.24170808732972
1957-02-01,3,183.290125157526,"stationary",-1.06579507138282
1957-03-01,3,182.724921508809,"stationary",-0.965635283279136
1957-04-01,3,171.61405464995,"stationary",-0.499447365579144
1957-05-01,3,138.868185219578,"stationary",0.108430126173922
1957-06-01,3,27.3579101669225,"stationary",0.512305418482382
1957-07-01,3,-129.310431998062,"stationary",0.808729856848461
1957-08-01,3,-291.131762148167,"stationary",0.0208956804791436
1957-09-01,3,-331.3658906347,"stationary",-1.26038679615886
1957-10-01,3,-230.619188794988,"stationary",-1.08776341592805
1957-11-01,3,-69.1228632220843,"stationary",-0.860329931281233
1957-12-01,3,136.194788692146,"stationary",-0.0340023310477114
1958-01-01,3,327.322925501975,"stationary",0.847799881324944
1958-02-01,3,341.81739416299,"stationary",0.764986979472001
1958-03-01,3,336.339498689392,"stationary",1.0391041987826
1958-04-01,3,213.708049410208,"stationary",0.184072319001564
1958-05-01,3,186.479718706046,"stationary",0.843793224105667
1958-06-01,3,13.725256957203,"stationary",0.26806556493972
1958-07-01,3,-148.587500303778,"stationary",0.437216021387443
1958-08-01,3,-280.258011213516,"stationary",0.322277813305874
1958-09-01,3,-302.543496157408,"stationary",-0.207262782825876
1958-10-01,3,-220.538015877899,"stationary",-0.800906903658007
1958-11-01,3,-110.653950500414,"stationary",-1.70329849777265
1958-12-01,3,32.2267873384387,"stationary",-1.52912482697279
1959-01-01,3,261.389678617619,"stationary",0.160202761305402
1959-02-01,3,313.269701501812,"stationary",0.4890954237216
1959-03-01,3,277.23020303156,"stationary",0.427064983167929
1959-04-01,3,129.528541465737,"stationary",-1.19455194041426
1959-05-01,3,74.3077356740425,"stationary",-1.09577272704901
1959-06-01,3,-6.69144900774082,"stationary",-0.121687281614622
1959-07-01,3,-161.01212618358,"stationary",0.171631249543953
1959-08-01,3,-230.473951977949,"stationary",1.36362485545997
1959-09-01,3,-233.223361392118,"stationary",1.58767061574748
1959-10-01,3,-96.2144378956666,"stationary",1.55181913051998
1959-11-01,3,12.6336931328695,"stationary",0.602860020903152
1959-12-01,3,119.955126624978,"stationary",-0.257461818261109
1960-01-01,3,179.035760045821,"stationary",-0.829613142176478
1960-02-01,3,207.468306049356,"stationary",-0.755554446794008
1960-03-01,3,259.042474602358,"stationary",0.197828057461
1960-04-01,3,246.154649188379,"stationary",0.65904302565098
1960-05-01,3,154.490300976519,"stationary",0.369443593430033
1960-06-01,3,-11.0830789049457,"stationary",-0.208264536089535
1960-07-01,3,-202.024402691985,"stationary",-0.807218521922474
1960-08-01,3,-277.302142761319,"stationary",0.399465297617145
1960-09-01,3,-307.226014934892,"stationary",-0.373451585168047
1960-10-01,3,-243.210136090931,"stationary",-1.45680353662817
1960-11-01,3,-114.675789233902,"stationary",-1.78552984745102
1960-12-01,3,-0.0507199595626666,"stationary",-1.99324430547288
1961-01-01,3,95.6723641911204,"stationary",-1.80587541880043
1961-02-01,3,213.527399848504,"stationary",-0.678220249363186
1961-03-01,3,231.400934392669,"stationary",-0.189213996094573
1961-04-01,3,186.774977315768,"stationary",-0.24801152193995
1961-05-01,3,29.8649341214843,"stationary",-1.93495640501955
1961-06-01,3,-93.5362438044223,"stationary",-1.80856574695463
1961-07-01,3,-222.856450342837,"stationary",-1.32159669743278
1961-08-01,3,-325.642652916806,"stationary",-1.06986611998749
1961-09-01,3,-290.803820495886,"stationary",0.189321875089627
1961-10-01,3,-194.350919571006,"stationary",-0.107576774521018
1961-11-01,3,-34.5190327420333,"stationary",-0.186571299552406
1961-12-01,3,205.273849122713,"stationary",0.795538878864756
1962-01-01,3,281.017040608787,"stationary",0.378890035688767
1962-02-01,3,358.215988411228,"stationary",0.910363416363534
1962-03-01,3,201.80643822267,"stationary",-0.649457994724136
1962-04-01,3,187.498035358774,"stationary",-0.236114908110941
1962-05-01,3,68.3511339599207,"stationary",-1.2096894594577
1962-06-01,3,-69.7762423845187,"stationary",-1.36861264957027
1962-07-01,3,-222.41943820422,"stationary",-1.31089183776924
1962-08-01,3,-346.009329890835,"stationary",-1.75285685620628
1962-09-01,3,-343.825723889986,"stationary",-1.71732030365484
1962-10-01,3,-259.896348618311,"stationary",-1.9649491361492
1962-11-01,3,-155.680071698856,"stationary",-2.64541599108393
1962-12-01,3,112.789483154526,"stationary",-0.358484196084299
1963-01-01,3,308.458064157059,"stationary",0.66518462108491
1963-02-01,3,457.524327877092,"stationary",1.6178683549138
1963-03-01,3,368.058359939139,"stationary",1.29747075177606
1963-04-01,3,276.650091214073,"stationary",1.04842001289144
1963-05-01,3,230.050657506526,"stationary",1.36484480286771
1963-06-01,3,110.625846966927,"stationary",1.66898973753477
1963-07-01,3,-46.1675156352079,"stationary",1.9280916992951
1963-08-01,3,-246.092633951668,"stationary",1.09129560884121
1963-09-01,3,-252.609963665776,"stationary",1.21181554262021
1963-10-01,3,-174.790244533255,"stationary",0.34181468711511
1963-11-01,3,-47.6158496448945,"stationary",-0.435303928027565
1963-12-01,3,31.482291262141,"stationary",-1.53989191189622
1964-01-01,3,66.0934843983194,"stationary",-2.13087248892477
1964-02-01,3,128.198511074718,"stationary",-1.76987151399662
1964-03-01,3,186.431351075655,"stationary",-0.903249877261192
1964-04-01,3,182.502634530399,"stationary",-0.318523750595016
1964-05-01,3,144.509973812792,"stationary",0.204772726912775
1964-06-01,3,29.123206975198,"stationary",0.542823858424614
1964-07-01,3,-108.183065056178,"stationary",1.15987431025487
1964-08-01,3,-242.575748019265,"stationary",1.15636952786229
1964-09-01,3,-285.82901175073,"stationary",0.346624859484567
1964-10-01,3,-216.4554461234,"stationary",-0.687338502007807
1964-11-01,3,-29.5938409158456,"stationary",-0.0957841467226507
1964-12-01,3,87.705804932309,"stationary",-0.719925954984118
1965-01-01,3,209.200907699885,"stationary",-0.460870539794968
1965-02-01,3,252.916045782811,"stationary",-0.187019226852837
1965-03-01,3,267.707917840374,"stationary",0.309601954208933
1965-04-01,3,289.241183517865,"stationary",1.19316446003395
1965-05-01,3,178.55110849447,"stationary",0.733922341245324
1965-06-01,3,40.627367783224,"stationary",0.735107015432877
1965-07-01,3,-172.268396049744,"stationary",-0.0846459819709787
1965-08-01,3,-304.351883848158,"stationary",-0.378342535446187
1965-09-01,3,-321.661256951974,"stationary",-0.901542616072163
1965-10-01,3,-190.684666249217,"stationary",-0.0183609181565392
1965-11-01,3,-30.820637794451,"stationary",-0.118241937989064
1965-12-01,3,187.398935267439,"stationary",0.601915583537835
1966-01-01,3,441.473823131005,"stationary",1.726367909158
1966-02-01,3,423.685426203754,"stationary",1.40601424056137
1966-03-01,3,356.429594368871,"stationary",1.20751112642854
1966-04-01,3,110.34326280634,"stationary",-1.49981181805787
1966-05-01,3,53.6993044618224,"stationary",-1.48810911301291
1966-06-01,3,-102.614690433468,"stationary",-1.97088819205212
1966-07-01,3,-248.799860859502,"stationary",-1.94777007112472
1966-08-01,3,-331.683141629518,"stationary",-1.27126241302646
1966-09-01,3,-281.71033020245,"stationary",0.471418766250335
1966-10-01,3,-193.357957896228,"stationary",-0.0831963352235339
1966-11-01,3,-35.6502470823718,"stationary",-0.20765249559597
1966-12-01,3,177.798654408837,"stationary",0.491719092973989
1967-01-01,3,325.436808563538,"stationary",0.83006927946488
1967-02-01,3,346.45981474922,"stationary",0.807091653762221
1967-03-01,3,289.085933476466,"stationary",0.565568495759406
1967-04-01,3,249.294049240771,"stationary",0.701739740692202
1967-05-01,3,220.218587611084,"stationary",1.25851049837757
1967-06-01,3,48.3453258104063,"stationary",0.857578308562993
1967-07-01,3,-132.377161851035,"stationary",0.752986673498932
1967-08-01,3,-283.195907356232,"stationary",0.243514748532218
1967-09-01,3,-292.44388892533,"stationary",0.135956059327223
1967-10-01,3,-176.981077117069,"stationary",0.294803997001788
1967-11-01,3,38.3696572666015,"stationary",0.953076222434908
1967-12-01,3,207.326055911859,"stationary",0.816818946805728
1968-01-01,3,418.717456220524,"stationary",1.57812627245653
1968-02-01,3,396.762273487873,"stationary",1.21732487464194
1968-03-01,3,384.723442700517,"stationary",1.41782903013556
1968-04-01,3,171.261352242687,"stationary",-0.505325950924094
1968-05-01,3,132.077766784633,"stationary",-0.0104013537471207
1968-06-01,3,4.32079160273875,"stationary",0.0915835450833415
1968-07-01,3,-118.777742964258,"stationary",0.990771399345654
1968-08-01,3,-235.500828734322,"stationary",1.28052447770361
1968-09-01,3,-225.479981686825,"stationary",1.71776820640164
1968-10-01,3,-105.726898382849,"stationary",1.44432536137193
1968-11-01,3,88.6501684798944,"stationary",1.49617710892976
1968-12-01,3,297.063341606843,"stationary",1.58119741891068
1969-01-01,3,464.866236664215,"stationary",1.86768410797444
1969-02-01,3,428.580380787224,"stationary",1.43830370029644
1969-03-01,3,379.937504647181,"stationary",1.38423889848823
1969-04-01,3,298.035807954813,"stationary",1.28907694255382
1969-05-01,3,234.745141683857,"stationary",1.41356138270572
1969-06-01,3,49.9271516114642,"stationary",0.882030177033838
1969-07-01,3,-137.348451057078,"stationary",0.659935257966786
1969-08-01,3,-271.879989199314,"stationary",0.535639832642284
1969-09-01,3,-299.460864742271,"stationary",-0.100062803352779
1969-10-01,3,-199.217310819564,"stationary",-0.229323237320539
1969-11-01,3,-46.738310082236,"stationary",-0.418344867587368
1969-12-01,3,191.275514065786,"stationary",0.645179366842828
1970-01-01,3,280.548726565137,"stationary",0.37379997277162
1970-02-01,3,386.622730778398,"stationary",1.14102961917489
1970-03-01,3,316.360685988759,"stationary",0.853252525327855
1970-04-01,3,217.705619912485,"stationary",0.245683011349512
1970-05-01,3,63.5287540559654,"stationary",-1.30163666510065
1970-06-01,3,-104.24536979919,"stationary",-1.9997411509076
1970-07-01,3,-205.536435807283,"stationary",-0.894268621630828
1970-08-01,3,-298.289786089753,"stationary",-0.191324373857286
1970-09-01,3,-269.019785213881,"stationary",0.823969881406267
1970-10-01,3,-104.596952485876,"stationary",1.45751311220151
1970-11-01,3,81.1503064034859,"stationary",1.42512044898375
1970-12-01,3,189.496227976355,"stationary",0.625410034838124
1971-01-01,3,159.72657083533,"stationary",-1.06329229690129
1971-02-01,3,185.137701254714,"stationary",-1.04205223738727
1971-03-01,3,218.310365098049,"stationary",-0.38758710966407
1971-04-01,3,305.416814098489,"stationary",1.36644746268538
1971-05-01,3,204.8418528676,"stationary",1.0796156768399
1971-06-01,3,63.21591959645,"stationary",1.07886941781442
1971-07-01,3,-159.380069507053,"stationary",0.20761740721146
1971-08-01,3,-220.197120513759,"stationary",1.52159067410219
1971-09-01,3,-248.777837992377,"stationary",1.29251547485385
1971-10-01,3,-126.209186490606,"stationary",1.18310240703921
1971-11-01,3,13.5123320174834,"stationary",0.615749916677964
1971-12-01,3,193.638646500668,"stationary",0.671205156692172
1972-01-01,3,225.694174835,"stationary",-0.260387512156668
1972-02-01,3,223.258994692295,"stationary",-0.554706303213678
1972-03-01,3,180.122788115811,"stationary",-1.00968768905523
1972-04-01,3,238.518351475441,"stationary",0.552692771108297
1972-05-01,3,196.404345181862,"stationary",0.97439715013692
1972-06-01,3,144.111246209042,"stationary",2.00206994296666
1972-07-01,3,-36.3318745502518,"stationary",2.0237632608919
1972-08-01,3,-164.313108294916,"stationary",2.17607852379685
1972-09-01,3,-220.381814284513,"stationary",1.79818216238565
1972-10-01,3,-110.840253285424,"stationary",1.38314770384822
1972-11-01,3,26.6647090717078,"stationary",0.800685954763887
1972-12-01,3,76.6809553250463,"stationary",-0.880947118478114
1973-01-01,3,91.8962120544617,"stationary",-1.84792965230343
1973-02-01,3,120.862237381486,"stationary",-1.86295773794068
1973-03-01,3,204.146329863195,"stationary",-0.611612705984564
1973-04-01,3,221.431940833734,"stationary",0.302392025846192
1973-05-01,3,153.092918143878,"stationary",0.346847742350359
1973-06-01,3,24.4303566180305,"stationary",0.461116138874696
1973-07-01,3,-147.096440042745,"stationary",0.467744192760634
1973-08-01,3,-269.668485192806,"stationary",0.589169643373022
1973-09-01,3,-304.567159733136,"stationary",-0.278631361710378
1973-10-01,3,-219.493360135292,"stationary",-0.771690368668564
1973-11-01,3,-47.1636474779339,"stationary",-0.426560098827596
1973-12-01,3,105.560099463581,"stationary",-0.461597173103031
1974-01-01,3,208.457925632267,"stationary",-0.469946038135983
1974-02-01,3,192.645617255143,"stationary",-0.945584726755388
1974-03-01,3,178.424201803508,"stationary",-1.03855332308776
1974-04-01,3,176.738115123314,"stationary",-0.414142700461089
1974-05-01,3,121.748828392325,"stationary",-0.196493161070211
1974-06-01,3,-37.0913617842089,"stationary",-0.728606522887946
1974-07-01,3,-232.608828694565,"stationary",-1.55909895779527
1974-08-01,3,-309.945098607537,"stationary",-0.555740077014976
1974-09-01,3,-255.621032394496,"stationary",1.14593520703758
1974-10-01,3,-146.223868201223,"stationary",0.879738053013299
1974-11-01,3,-17.7018009826186,"stationary",0.116099540785704
1974-12-01,3,219.451135488186,"stationary",0.938664745211788
1975-01-01,3,336.829322709541,"stationary",0.935396818277575
1975-02-01,3,386.802988773036,"stationary",1.14241253394878
1975-03-01,3,224.81279251542,"stationary",-0.287932986746034
1975-04-01,3,228.837313907185,"stationary",0.412899087961442
1975-05-01,3,158.960409413772,"stationary",0.440690633510676
1975-06-01,3,71.6150374482603,"stationary",1.19561059766793
1975-07-01,3,-159.536555027154,"stationary",0.204180786008546
1975-08-01,3,-281.028231982813,"stationary",0.301824765425649
1975-09-01,3,-304.762496532382,"stationary",-0.285558556087488
1975-10-01,3,-218.001258546796,"stationary",-0.730143885129491
1975-11-01,3,-69.6819450707791,"stationary",-0.871557647278451
1975-12-01,3,94.188206387732,"stationary",-0.625665714399767
1976-01-01,3,260.266605089811,"stationary",0.147376706962086
1976-02-01,3,273.778450467342,"stationary",0.0596900964752502
1976-03-01,3,235.367238538573,"stationary",-0.130926826147449
1976-04-01,3,178.938291743789,"stationary",-0.377593472203246
1976-05-01,3,165.680672672234,"stationary",0.544787712778025
1976-06-01,3,51.7784390514245,"stationary",0.91036842946029
1976-07-01,3,-123.73290124951,"stationary",0.906918142330635
1976-08-01,3,-262.558304758246,"stationary",0.753503843608152
1976-09-01,3,-229.633682217206,"stationary",1.64923472155369
1976-10-01,3,-64.6601023442928,"stationary",1.85932639652961
1976-11-01,3,114.305321499413,"stationary",1.71803562413407
1976-12-01,3,253.245806130629,"stationary",1.24536883343721
1977-01-01,3,279.34020216296,"stationary",0.360634434935051
1977-02-01,3,244.273810107382,"stationary",-0.292439940272273
1977-03-01,3,236.45620856135,"stationary",-0.115078716296825
1977-04-01,3,238.780576395353,"stationary",0.556402846334939
1977-05-01,3,180.347262388131,"stationary",0.759251674722226
1977-06-01,3,16.141278584888,"stationary",0.312408020959094
1977-07-01,3,-190.77085942277,"stationary",-0.529304004130701
1977-08-01,3,-306.538382754402,"stationary",-0.447195793002776
1977-09-01,3,-300.428370294951,"stationary",-0.13349882377665
1977-10-01,3,-188.081769212521,"stationary",0.0436204278509914
1977-11-01,3,-63.4435881249249,"stationary",-0.746674498145642
1977-12-01,3,103.780826316948,"stationary",-0.487132323753455
1978-01-01,3,292.002728938235,"stationary",0.496372141964881
1978-02-01,3,391.167344528031,"stationary",1.17559923319346
1978-03-01,3,385.806906212409,"stationary",1.42532891026786
1978-04-01,3,277.404851414827,"stationary",1.05735139374442
1978-05-01,3,129.438657316073,"stationary",-0.0573723084618215
1978-06-01,3,-50.6049304491564,"stationary",-0.997251366711009
1978-07-01,3,-260.651296096205,"stationary",-2.22938275008218
1978-08-01,3,-320.242142464009,"stationary",-0.891057452610621
1978-09-01,3,-282.120650063088,"stationary",0.459212650193372
1978-10-01,3,-122.768988903627,"stationary",1.23013821779128
1978-11-01,3,-3.19512682024621,"stationary",0.358931238867262
1978-12-01,3,135.784355351113,"stationary",-0.0395424565243641
1979-01-01,3,258.69128662376,"stationary",0.129333115374353
1979-02-01,3,327.526593183341,"stationary",0.630558218867084
1979-03-01,3,264.575843968584,"stationary",0.269739426243113
1979-04-01,3,157.177585980879,"stationary",-0.740112901194582
1979-05-01,3,73.1054496593106,"stationary",-1.1187917208988
1979-06-01,3,-8.28752723825199,"stationary",-0.153068978324992
1979-07-01,3,-156.61324494826,"stationary",0.267886848770399
1979-08-01,3,-265.041504913696,"stationary",0.697441887841406
1979-09-01,3,-293.500378617758,"stationary",0.101200794033833
1979-10-01,3,-177.342113525968,"stationary",0.286975411286699
1979-11-01,3,59.8295798351353,"stationary",1.20520158901196
1979-12-01,3,243.449578456035,"stationary",1.16117326280559
1980-01-01,3,356.436131312664,"stationary",1.10693126618164
1980-02-01,3,310.82009313967,"stationary",0.464047345317498
1980-03-01,3,382.45781751732,"stationary",1.40202224537465
1980-04-01,3,352.87464939425,"stationary",1.80434181090908
1980-05-01,3,321.774623582217,"stationary",2.13168416792056
1980-06-01,3,58.3854180041263,"stationary",1.00907216902774
1980-07-01,3,-169.178851229117,"stationary",-0.0129880732680638
1980-08-01,3,-330.3214528769,"stationary",-1.22576255084243
1980-09-01,3,-306.617721506714,"stationary",-0.351661419524979
1980-10-01,3,-171.746654164104,"stationary",0.40571652576048
1980-11-01,3,-5.49287725898379,"stationary",0.321677925161034
1980-12-01,3,133.55839413007,"stationary",-0.0696929203512905
1981-01-01,3,403.834079568738,"stationary",1.47478444392502
1981-02-01,3,450.291178033669,"stationary",1.57472914242853
1981-03-01,3,433.902726651745,"stationary",1.7240364322218
1981-04-01,3,193.921447898733,"stationary",-0.130993774983994
1981-05-01,3,156.636457692481,"stationary",0.40384811662855
1981-06-01,3,46.5495847999104,"stationary",0.829552668002832
1981-07-01,3,-92.8024282944504,"stationary",1.38266453060533
1981-08-01,3,-269.455244879031,"stationary",0.594269923210999
1981-09-01,3,-305.668002136265,"stationary",-0.317753428314925
1981-10-01,3,-205.589714205615,"stationary",-0.394107642486065
1981-11-01,3,-10.4596446704235,"stationary",0.239578648584066
1981-12-01,3,264.982349097274,"stationary",1.34157622201115
1982-01-01,3,329.893370726034,"stationary",0.871775866131938
1982-02-01,3,312.800681425359,"stationary",0.484316334005254
1982-03-01,3,166.736967974472,"stationary",-1.23940353877731
1982-04-01,3,174.211189884221,"stationary",-0.456183954633907
1982-05-01,3,130.226664365682,"stationary",-0.0433034561145648
1982-06-01,3,13.3644551982142,"stationary",0.261406786244361
1982-07-01,3,-140.401250182142,"stationary",0.601132650237024
1982-08-01,3,-263.985517693918,"stationary",0.721454931722167
1982-09-01,3,-257.076870266036,"stationary",1.11327206101329
1982-10-01,3,-172.311594790266,"stationary",0.393978712739355
1982-11-01,3,-57.8717155181628,"stationary",-0.63602015228406
1982-12-01,3,85.4818475312846,"stationary",-0.752350460264664
1983-01-01,3,184.898740661492,"stationary",-0.758106998219369
1983-02-01,3,276.320290657986,"stationary",0.0888943198668671
1983-03-01,3,262.299303584167,"stationary",0.240383450888007
1983-04-01,3,242.297558891653,"stationary",0.605765033840551
1983-05-01,3,164.61058113139,"stationary",0.528456449486869
1983-06-01,3,52.3130816180622,"stationary",0.918496553191433
1983-07-01,3,-136.504934806393,"stationary",0.675959703218991
1983-08-01,3,-263.332822886597,"stationary",0.736169229038327
1983-09-01,3,-288.776588076256,"stationary",0.254268376143152
1983-10-01,3,-153.473978380506,"stationary",0.75584546146451
1983-11-01,3,75.7281134260305,"stationary",1.37179795912947
1983-12-01,3,191.972168237781,"stationary",0.652879121333886
1984-01-01,3,289.971964856949,"stationary",0.474936909886017
1984-02-01,3,223.216164485868,"stationary",-0.555247621590479
1984-03-01,3,264.892672116717,"stationary",0.27379943348367
1984-04-01,3,250.899179158548,"stationary",0.723337416670511
1984-05-01,3,151.861421829309,"stationary",0.326808032943755
1984-06-01,3,-9.72279218001781,"stationary",-0.181372207882764
1984-07-01,3,-226.317019656662,"stationary",-1.40618128943448
1984-08-01,3,-278.06476062023,"stationary",0.37974966248574
1984-09-01,3,-292.173555536838,"stationary",0.144802002460215
1984-10-01,3,-219.640047095961,"stationary",-0.775786540684032
1984-11-01,3,-85.1636746830533,"stationary",-1.18436232432883
1984-12-01,3,69.3842351162701,"stationary",-0.987737718269731
1985-01-01,3,215.315419811053,"stationary",-0.386296009943937
1985-02-01,3,273.378118333227,"stationary",0.0550724478531563
1985-03-01,3,262.993870155281,"stationary",0.24937396500989
1985-04-01,3,198.128356106429,"stationary",-0.062785962056263
1985-05-01,3,106.217063795743,"stationary",-0.485728641376568
1985-06-01,3,-20.8752279630742,"stationary",-0.403355616470831
1985-07-01,3,-171.346533660767,"stationary",-0.0631685728592574
1985-08-01,3,-304.41312569838,"stationary",-0.380261705987022
1985-09-01,3,-309.184884861896,"stationary",-0.443976113174907
1985-10-01,3,-94.2339418347572,"stationary",1.5732339266676
1985-11-01,3,74.7776761099709,"stationary",1.36227581404349
1985-12-01,3,214.043430788845,"stationary",0.885135154879016
1986-01-01,3,200.714987452678,"stationary",-0.564638113841113
1986-02-01,3,228.538066973867,"stationary",-0.488167859950177
1986-03-01,3,177.005145907299,"stationary",-1.06273375198335
1986-04-01,3,92.1416012655511,"stationary",-1.78042558227442
1986-05-01,3,117.911130516022,"stationary",-0.267050156819719
1986-06-01,3,79.7537186144189,"stationary",1.30335713535058
1986-07-01,3,-55.4669471425349,"stationary",1.83224444073432
1986-08-01,3,-278.935372484883,"stationary",0.357072857718465
1986-09-01,3,-328.405016565306,"stationary",-1.15104183869438
1986-10-01,3,-207.964747040459,"stationary",-0.45696310853075
1986-11-01,3,5.56935693886582,"stationary",0.496743575880382
1986-12-01,3,195.50056231589,"stationary",0.691526041126502
1987-01-01,3,357.217120814736,"stationary",1.11351570052442
1987-02-01,3,337.273573730262,"stationary",0.723037960746706
1987-03-01,3,413.383063628487,"stationary",1.60423283554882
1987-04-01,3,309.595756855316,"stationary",1.40903895849
1987-05-01,3,233.19752015769,"stationary",1.39764286278631
1987-06-01,3,-6.04314777486835,"stationary",-0.108970097862469
1987-07-01,3,-155.639970065605,"stationary",0.28886196277458
1987-08-01,3,-252.080510790156,"stationary",0.974998215165026
1987-09-01,3,-288.303560370641,"stationary",0.26925727437913
1987-10-01,3,-174.234965807155,"stationary",0.35359498608533
1987-11-01,3,7.38398731872969,"stationary",0.524424280017511
1987-12-01,3,266.920705624949,"stationary",1.35699794507022
1988-01-01,3,308.589719645244,"stationary",0.666499703452021
1988-02-01,3,328.73411944244,"stationary",0.642201156055808
1988-03-01,3,325.944719860732,"stationary",0.944849709028214
1988-04-01,3,338.433192124065,"stationary",1.68103049697928
1988-05-01,3,255.452392036924,"stationary",1.61401566978915
1988-06-01,3,51.6788021782482,"stationary",0.908850897268039
1988-07-01,3,-132.769450675531,"stationary",0.74576519241265
1988-08-01,3,-266.567364410786,"stationary",0.662288957322342
1988-09-01,3,-290.862964024229,"stationary",0.187410053752661
1988-10-01,3,-109.084096924981,"stationary",1.40444082216871
1988-11-01,3,112.272790442055,"stationary",1.70155201043281
1988-12-01,3,261.416340697953,"stationary",1.3128641820855
1989-01-01,3,244.88865825274,"stationary",-0.0312009214980217
1989-02-01,3,154.754143443502,"stationary",-1.43171100854584
1989-03-01,3,123.079342528537,"stationary",-2.02589033646928
1989-04-01,3,36.789346415135,"stationary",-2.5908937050002
1989-05-01,3,5.54950549629287,"stationary",-2.38735452111225
1989-06-01,3,-123.167141726687,"stationary",-2.32875487045763
1989-07-01,3,-213.112232545238,"stationary",-1.0818164742552
1989-08-01,3,-307.877420639417,"stationary",-0.489685543432872
1989-09-01,3,-303.288363081456,"stationary",-0.233445793170756
1989-10-01,3,-123.103651968859,"stationary",1.22562259400445
1989-11-01,3,102.999924151175,"stationary",1.6240628463101
1989-12-01,3,242.026699836876,"stationary",1.14863655183564
1990-01-01,3,214.686849869197,"stationary",-0.393951364228976
1990-02-01,3,231.954445088384,"stationary",-0.445317064663998
1990-03-01,3,202.4385252223,"stationary",-0.639212853611184
1990-04-01,3,230.608652980776,"stationary",0.438881687493999
1990-05-01,3,116.507226421651,"stationary",-0.2930278740794
1990-06-01,3,11.0058997059588,"stationary",0.217649223013971
1990-07-01,3,-163.440829472113,"stationary",0.117500461491647
1990-08-01,3,-291.102435715361,"stationary",0.0217438349228498
1990-09-01,3,-279.144523407202,"stationary",0.546598581887592
1990-10-01,3,-188.96391767053,"stationary",0.0227426292920018
1990-11-01,3,-46.8650655479964,"stationary",-0.420792168484117
1990-12-01,3,63.4576442591594,"stationary",-1.07447151395399
1991-01-01,3,139.314185422354,"stationary",-1.30594300004481
1991-02-01,3,190.941479275668,"stationary",-0.967475656395155
1991-03-01,3,188.075079952121,"stationary",-0.875723828297697
1991-04-01,3,240.121598260902,"stationary",0.575312066723089
1991-05-01,3,193.996991618246,"stationary",0.943409503525651
1991-06-01,3,61.4962483658595,"stationary",1.05424759692699
1991-07-01,3,-152.638246209784,"stationary",0.352794955161987
1991-08-01,3,-304.673150823213,"stationary",-0.388416409311438
1991-09-01,3,-292.588877113953,"stationary",0.131203730769721
1991-10-01,3,-133.975846504894,"stationary",1.07166323560883
1991-11-01,3,42.8632055535002,"stationary",1.00868468335687
1991-12-01,3,316.33511922903,"stationary",1.7107094610862
1992-01-01,3,304.667293358348,"stationary",0.627075391585051
1992-02-01,3,310.52772145845,"stationary",0.461043259015883
1992-03-01,3,162.38820866128,"stationary",-1.3151023808393
1992-04-01,3,145.787358467612,"stationary",-0.928932420620821
1992-05-01,3,119.974803805393,"stationary",-0.229023277575438
1992-06-01,3,54.8538193913887,"stationary",0.956782716733363
1992-07-01,3,-50.9774458784253,"stationary",1.87920494665669
1992-08-01,3,-204.762976193983,"stationary",1.73278093766801
1992-09-01,3,-268.624748694439,"stationary",0.834177093534588
1992-10-01,3,-215.867969250883,"stationary",-0.671135740309176
1992-11-01,3,12.9944994154682,"stationary",0.608161380270791
1992-12-01,3,208.674192315366,"stationary",0.830693522176051
1993-01-01,3,302.412770807973,"stationary",0.604187386267945
1993-02-01,3,249.657419058079,"stationary",-0.226572238549349
1993-03-01,3,185.992473424554,"stationary",-0.910614187962907
1993-04-01,3,192.956576878203,"stationary",-0.146713622673158
1993-05-01,3,218.647867183581,"stationary",1.24096073739245
1993-06-01,3,120.329756389847,"stationary",1.77154684662361
1993-07-01,3,-61.1194997074134,"stationary",1.77119208746219
1993-08-01,3,-260.264164295007,"stationary",0.804053998453028
1993-09-01,3,-308.130049724065,"stationary",-0.405934401874629
1993-10-01,3,-242.9750679309,"stationary",-1.44981088605326
1993-11-01,3,-107.082350023301,"stationary",-1.63038119568733
1993-12-01,3,35.5006894676662,"stationary",-1.48173425597076
1994-01-01,3,221.899869266184,"stationary",-0.306296662006239
1994-02-01,3,283.763782905237,"stationary",0.173243793040897
1994-03-01,3,265.250844836169,"stationary",0.278381751095024
1994-04-01,3,153.853849239665,"stationary",-0.795375006115062
1994-05-01,3,57.5430950105495,"stationary",-1.41534890015445
1994-06-01,3,-68.4566528307252,"stationary",-1.34350299070267
1994-07-01,3,-194.66835490045,"stationary",-0.625239341591076
1994-08-01,3,-300.179990081626,"stationary",-0.248980067417681
1994-09-01,3,-313.490030610346,"stationary",-0.600571780893012
1994-10-01,3,-231.291616729907,"stationary",-1.10718593262349
1994-11-01,3,27.7618349372517,"stationary",0.815446385971879
1994-12-01,3,232.095360678021,"stationary",1.05887851149693
1995-01-01,3,346.010367854751,"stationary",1.01722781257477
1995-02-01,3,230.915794437484,"stationary",-0.458325895533673
1995-03-01,3,195.536614472557,"stationary",-0.751922192077407
1995-04-01,3,186.887395977351,"stationary",-0.246161118420344
1995-05-01,3,164.008515637301,"stationary",0.519227159555358
1995-06-01,3,53.8646266120648,"stationary",0.94194339062306
1995-07-01,3,-108.417035306156,"stationary",1.15628398115589
1995-08-01,3,-223.975447140023,"stationary",1.46527562500654
1995-09-01,3,-244.301384260286,"stationary",1.38256210596594
1995-10-01,3,-166.221319256481,"stationary",0.517572858204608
1995-11-01,3,118.862891423423,"stationary",1.75437108175557
1995-12-01,3,223.14680270394,"stationary",0.974508905221948
1996-01-01,3,326.365013103179,"stationary",0.838809534028158
1996-02-01,3,227.668313989793,"stationary",-0.499104392703106
1996-03-01,3,349.361776958635,"stationary",1.15022396618751
1996-04-01,3,348.101197190714,"stationary",1.76445032759823
1996-05-01,3,245.604186840347,"stationary",1.52149280850434
1996-06-01,3,-2.34793398552964,"stationary",-0.0368392413138187
1996-07-01,3,-236.892492516092,"stationary",-1.66256701359778
1996-08-01,3,-318.298643860663,"stationary",-0.827110286763595
1996-09-01,3,-241.024654546012,"stationary",1.44575536007856
1996-10-01,3,-34.7121270665158,"stationary",2.09788210357244
1996-11-01,3,75.8435211233632,"stationary",1.37295057708213
1996-12-01,3,202.847217017289,"stationary",0.77012662302257
1997-01-01,3,160.087733289639,"stationary",-1.05895416868803
1997-02-01,3,220.637579151129,"stationary",-0.587877925967861
1997-03-01,3,158.810977345332,"stationary",-1.37775822805014
1997-04-01,3,213.67595634054,"stationary",0.183574573497875
1997-05-01,3,145.471321521825,"stationary",0.220961182657427
1997-06-01,3,56.6615738207907,"stationary",0.983682807038718
1997-07-01,3,-146.993170439126,"stationary",0.469847545703589
1997-08-01,3,-225.508745895533,"stationary",1.44185157703931
1997-09-01,3,-218.196445471606,"stationary",1.83147660349328
1997-10-01,3,-63.7074571085784,"stationary",1.86761767919684
1997-11-01,3,62.4277612211743,"stationary",1.23352781814974
1997-12-01,3,193.152166069329,"stationary",0.665868897565383
1998-01-01,3,222.998657338888,"stationary",-0.292985925295178
1998-02-01,3,212.417550636897,"stationary",-0.69236449971415
1998-03-01,3,224.888006518992,"stationary",-0.286792925249665
1998-04-01,3,216.327573408557,"stationary",0.224532901208057
1998-05-01,3,219.587971982168,"stationary",1.25148369566685
1998-06-01,3,24.3821526603215,"stationary",0.460267312244306
1998-07-01,3,-154.541398227022,"stationary",0.312393767244099
1998-08-01,3,-323.829784942753,"stationary",-1.00968417516344
1998-09-01,3,-321.074340996917,"stationary",-0.879837278750024
1998-10-01,3,-211.384701686759,"stationary",-0.548737186064147
1998-11-01,3,-27.2868033366321,"stationary",-0.0538425288978299
1998-12-01,3,196.8352474242,"stationary",0.705992728967739
1999-01-01,3,276.850120533599,"stationary",0.333371756040689
1999-02-01,3,326.010966524329,"stationary",0.615869878189529
1999-03-01,3,235.04310452759,"stationary",-0.135657043050899
1999-04-01,3,204.518104219505,"stationary",0.0396490130132554
1999-05-01,3,59.6149014897739,"stationary",-1.37604494616784
1999-06-01,3,-22.6673877065683,"stationary",-0.439260965374559
1999-07-01,3,-171.677900188705,"stationary",-0.0708795080949108
1999-08-01,3,-232.828094854244,"stationary",1.32521365901071
1999-09-01,3,-267.821024785508,"stationary",0.854804910351224
1999-10-01,3,-173.931203370194,"stationary",0.360016288559785
1999-11-01,3,-62.699939168848,"stationary",-0.731852513879638
1999-12-01,3,34.1898030866812,"stationary",-1.50071802998624
2000-01-01,3,207.198324547334,"stationary",-0.485337450416616
2000-02-01,3,292.498443674855,"stationary",0.269901911103041
2000-03-01,3,314.972783249336,"stationary",0.839597971335316
2000-04-01,3,249.082374304445,"stationary",0.698879813611178
2000-05-01,3,179.647172082894,"stationary",0.749409803004897
2000-06-01,3,34.7053405581986,"stationary",0.637568035438503
2000-07-01,3,-199.59684445385,"stationary",-0.747081138930078
2000-08-01,3,-328.249971558205,"stationary",-1.15665011311594
2000-09-01,3,-297.29471757287,"stationary",-0.0259470930819456
2000-10-01,3,-150.560366803129,"stationary",0.806604333074516
2000-11-01,3,-24.0912220472352,"stationary",0.00360471948626372
2000-12-01,3,66.8163813918913,"stationary",-1.02532314604272
2001-01-01,3,79.9817060052782,"stationary",-1.97949002270671
2001-02-01,3,154.259564060072,"stationary",-1.43803128882251
2001-03-01,3,131.936605796111,"stationary",-1.86077992589412
2001-04-01,3,138.972121221909,"stationary",-1.04094273061376
2001-05-01,3,97.5906179713134,"stationary",-0.649605874320763
2001-06-01,3,-19.2775363812713,"stationary",-0.371384294427663
2001-07-01,3,-173.861516657655,"stationary",-0.121946575320444
2001-08-01,3,-344.945641837141,"stationary",-1.71689530270421
2001-09-01,3,-322.193658120316,"stationary",-0.921236954816392
2001-10-01,3,-224.413319837703,"stationary",-0.910167031671829
2001-11-01,3,-38.6685372193185,"stationary",-0.264297554288441
2001-12-01,3,272.779885927093,"stationary",1.4028391905643
2002-01-01,3,410.1167344143,"stationary",1.51905736011892
2002-02-01,3,400.742432339821,"stationary",1.24646078069643
2002-03-01,3,233.729503430426,"stationary",-0.154887629355368
2002-04-01,3,229.045474322008,"stationary",0.415961659195997
2002-05-01,3,170.807767045814,"stationary",0.621743909778813
2002-06-01,3,17.2434352633849,"stationary",0.332491276294612
2002-07-01,3,-180.77274644961,"stationary",-0.286207735359734
2002-08-01,3,-274.805564830551,"stationary",0.463037476591321
2002-09-01,3,-245.921559692402,"stationary",1.35047924430443
2002-10-01,3,-176.16599428037,"stationary",0.312393156614185
2002-11-01,3,-64.6029630355043,"stationary",-0.769812268100486
2002-12-01,3,54.1644326292453,"stationary",-1.21029008849269
2003-01-01,3,142.91867953927,"stationary",-1.26347951339979
2003-02-01,3,261.561779954526,"stationary",-0.0833404791842362
2003-03-01,3,282.272780110742,"stationary",0.487012862855644
2003-04-01,3,305.296462609753,"stationary",1.36520804448661
2003-05-01,3,163.765744427855,"stationary",0.515497316464631
2003-06-01,3,-1.2263404442116,"stationary",-0.0150739685878537
2003-07-01,3,-208.191189295281,"stationary",-0.960052831055557
2003-08-01,3,-327.763331289212,"stationary",-1.14043390210401
2003-09-01,3,-291.218088344797,"stationary",0.175910584819887
2003-10-01,3,-179.560942620023,"stationary",0.238356925970115
2003-11-01,3,-29.3214702419867,"stationary",-0.0908125520461528
2003-12-01,3,102.107482433518,"stationary",-0.511197663112963
2004-01-01,3,323.116221132401,"stationary",0.808094048244621
2004-02-01,3,362.872048253905,"stationary",0.949963687217223
2004-03-01,3,301.126115922369,"stationary",0.697707742628716
2004-04-01,3,113.732455585242,"stationary",-1.44659192686701
2004-05-01,3,48.7480800133949,"stationary",-1.58152368317327
2004-06-01,3,-47.8345662636355,"stationary",-0.942542690588461
2004-07-01,3,-187.935067187114,"stationary",-0.459844344556191
2004-08-01,3,-292.825458677447,"stationary",-0.0283937672068132
2004-09-01,3,-312.986775770961,"stationary",-0.582170691555989
2004-10-01,3,-237.987920584653,"stationary",-1.30238308074931
2004-11-01,3,-23.8869522111918,"stationary",0.00725066541221822
2004-12-01,3,97.3119925023752,"stationary",-0.580409391458667
2005-01-01,3,205.413294239979,"stationary",-0.507159513051036
2005-02-01,3,161.700905107942,"stationary",-1.34284526531345
2005-03-01,3,224.218586285066,"stationary",-0.296950067929
2005-04-01,3,212.217074711067,"stationary",0.160897013405463
2005-05-01,3,146.2969130691,"stationary",0.234809242593423
2005-06-01,3,-11.4308984170843,"stationary",-0.215150769384767
2005-07-01,3,-183.941307024388,"stationary",-0.362660880967419
2005-08-01,3,-304.723212869103,"stationary",-0.389987552890252
2005-09-01,3,-305.216136288772,"stationary",-0.301670652097261
2005-10-01,3,-170.83017926619,"stationary",0.424638857600057
2005-11-01,3,17.2977004819029,"stationary",0.6705081295818
2005-12-01,3,125.232237884462,"stationary",-0.183944938506101
2006-01-01,3,172.50265793041,"stationary",-0.909034932545867
2006-02-01,3,201.266137727198,"stationary",-0.834957699042268
2006-03-01,3,242.814400568747,"stationary",-0.0239106361241629
2006-04-01,3,223.227246984935,"stationary",0.329455509855854
2006-05-01,3,111.694840621207,"stationary",-0.382684115833507
2006-06-01,3,-53.075730354483,"stationary",-1.04584815795859
2006-07-01,3,-197.615614514356,"stationary",-0.698049347657017
2006-08-01,3,-313.276898821525,"stationary",-0.663194628932907
2006-09-01,3,-296.132849383548,"stationary",0.0133612319436488
2006-10-01,3,-140.275006448029,"stationary",0.97556058787386
2006-11-01,3,48.8117852489434,"stationary",1.07994493977061
2006-12-01,3,112.610709342252,"stationary",-0.361020551213879
2007-01-01,3,107.766881948636,"stationary",-1.66994233674842
2007-02-01,3,121.60082478733,"stationary",-1.85358969196807
2007-03-01,3,185.281262030128,"stationary",-0.922561329466469
2007-04-01,3,175.56179473837,"stationary",-0.433705950481351
2007-05-01,3,102.712138507894,"stationary",-0.552112987709245
2007-06-01,3,-46.5725075054018,"stationary",-0.917548089293884
2007-07-01,3,-217.406144298145,"stationary",-1.18774152638763
2007-08-01,3,-325.913163274667,"stationary",-1.07885812217501
2007-09-01,3,-334.191915967,"stationary",-1.36451118086174
2007-10-01,3,-214.058236908205,"stationary",-0.621456236859718
2007-11-01,3,-25.8606605845982,"stationary",-0.0281101014120937
2007-12-01,3,169.703114293035,"stationary",0.395428486855168
2008-01-01,3,236.931936564203,"stationary",-0.125493526933223
2008-02-01,3,220.0587485932,"stationary",-0.595213167773688
2008-03-01,3,148.001645152086,"stationary",-1.56927199356968
2008-04-01,3,94.7304725355948,"stationary",-1.74103532434513
2008-05-01,3,36.3469125567393,"stationary",-1.81406998312116
2008-06-01,3,-72.5020093545429,"stationary",-1.42025447259101
2008-07-01,3,-203.632210827565,"stationary",-0.847068057569749
2008-08-01,3,-327.999997552944,"stationary",-1.14831928212798
2008-09-01,3,-275.308399510681,"stationary",0.655298103189824
2008-10-01,3,-151.024201819336,"stationary",0.798612239994751
2008-11-01,3,26.5537817649553,"stationary",0.79918796525847
2008-12-01,3,109.125296111058,"stationary",-0.410611323017266
2009-01-01,3,210.362806096457,"stationary",-0.446683245459619
2009-02-01,3,266.986336017443,"stationary",-0.0193018124871388
2009-03-01,3,332.815718794249,"stationary",1.00772542675449
2009-04-01,3,298.050107229857,"stationary",1.28922954304021
2009-05-01,3,202.28797357125,"stationary",1.04831584768867
2009-06-01,3,-3.6771445019971,"stationary",-0.0627131103388173
2009-07-01,3,-151.041916147585,"stationary",0.386321135669239
2009-08-01,3,-281.407173422594,"stationary",0.291710750317205
2009-09-01,3,-249.099671348635,"stationary",1.28586934946253
2009-10-01,3,-194.506064298425,"stationary",-0.111400474137806
2009-11-01,3,4.01228521872233,"stationary",0.472758412757421
2009-12-01,3,165.562842545378,"stationary",0.345008471345121
2010-01-01,3,356.254180962844,"stationary",1.10539458647
2010-02-01,3,345.378358308259,"stationary",0.797351051350919
2010-03-01,3,279.359760572342,"stationary",0.452570994203584
2010-04-01,3,191.340023725366,"stationary",-0.173109535345527
2010-05-01,3,92.6560384562028,"stationary",-0.74394026826457
2010-06-01,3,7.70255755815748,"stationary",0.15571835082022
2010-07-01,3,-191.171203787713,"stationary",-0.539135528874793
2010-08-01,3,-309.832715299118,"stationary",-0.552136710675656
2010-09-01,3,-357.106478873135,"stationary",-2.20034686921116
2010-10-01,3,-175.004029715667,"stationary",0.337264681388879
2010-11-01,3,-58.986095693025,"stationary",-0.658073137626805
2010-12-01,3,158.923018731786,"stationary",0.262524215105081
2011-01-01,3,185.827274491063,"stationary",-0.746766609590215
2011-02-01,3,281.214287268992,"stationary",0.144553278169798
2011-03-01,3,231.053766439648,"stationary",-0.194357457744443
2011-04-01,3,240.456514352397,"stationary",0.580017796814305
2011-05-01,3,207.276774673761,"stationary",1.10902433516428
2011-06-01,3,100.666826264392,"stationary",1.55794340952783
2011-07-01,3,-112.380639277051,"stationary",1.09448978448978
2011-08-01,3,-263.194636650917,"stationary",0.739272005943471
2011-09-01,3,-307.838330906161,"stationary",-0.395440134823524
2011-10-01,3,-196.525837339273,"stationary",-0.161530448788464
2011-11-01,3,-35.4514837087802,"stationary",-0.20394237193994
2011-12-01,3,118.354780228474,"stationary",-0.2799102968729
2012-01-01,3,313.228358433617,"stationary",0.712470141965513
2012-02-01,3,389.282935813714,"stationary",1.16133958936228
2012-03-01,3,352.031036666763,"stationary",1.17210014896313
2012-04-01,3,169.703672917058,"stationary",-0.531295101852388
2012-05-01,3,101.746533450859,"stationary",-0.570453783096297
2012-06-01,3,-27.6932397126542,"stationary",-0.540101944678094
2012-07-01,3,-159.547560476763,"stationary",0.203938981264846
2012-08-01,3,-334.839003390828,"stationary",-1.37690001351028
2012-09-01,3,-346.397602294031,"stationary",-1.81099707212402
2012-10-01,3,-205.585141198097,"stationary",-0.393987340880885
2012-11-01,3,-8.34696680252748,"stationary",0.27476183499797
2012-12-01,3,257.793318386725,"stationary",1.28323289396671
2013-01-01,3,326.569925236541,"stationary",0.840735237746981
2013-02-01,3,327.59741912511,"stationary",0.631242577387316
2013-03-01,3,201.865735468147,"stationary",-0.648496200396662
2013-04-01,3,162.711617161715,"stationary",-0.647913279475324
2013-05-01,3,51.9290778959417,"stationary",-1.52154768858246
2013-06-01,3,-82.1054357012178,"stationary",-1.59976159970758
2013-07-01,3,-246.185628134714,"stationary",-1.88541554886147
2013-08-01,3,-330.939667680442,"stationary",-1.24641336052953
2013-09-01,3,-296.276777084048,"stationary",0.00850932980059771
2013-10-01,3,-176.203912844872,"stationary",0.311577496264622
2013-11-01,3,-49.0141152402829,"stationary",-0.462402934218197
2013-12-01,3,41.7238771232459,"stationary",-1.3914602613763
2014-01-01,3,110.304335903131,"stationary",-1.64117545314885
2014-02-01,3,126.801971631763,"stationary",-1.78759853213941
2014-03-01,3,173.41577573048,"stationary",-1.12415502816426
2014-04-01,3,111.048436022946,"stationary",-1.48876399719642
2014-05-01,3,93.2963680797271,"stationary",-0.731682456592809
2014-06-01,3,-37.371593483617,"stationary",-0.734214873993523
2014-07-01,3,-159.679007295661,"stationary",0.201049788639385
2014-08-01,3,-284.781580333377,"stationary",0.200168233452054
2014-09-01,3,-247.318986429894,"stationary",1.32234782270088
2014-10-01,3,-123.942443379147,"stationary",1.21424840856411
2014-11-01,3,47.4314248278301,"stationary",1.06364309303243
2014-12-01,3,124.454365788225,"stationary",-0.194730796177519
2015-01-01,3,235.409889590209,"stationary",-0.143655328215171
2015-02-01,3,317.15931632248,"stationary",0.528421563285387
2015-03-01,3,374.100904723309,"stationary",1.34222731833061
2015-04-01,3,303.53942934806,"stationary",1.34703087809933
2015-05-01,3,169.407298631684,"stationary",0.600935538832891
2015-06-01,3,14.8387240037536,"stationary",0.288555259841357
2015-07-01,3,-152.87430994572,"stationary",0.347809011367875
2015-08-01,3,-263.846098270289,"stationary",0.724606177153958
2015-09-01,3,-329.343845241605,"stationary",-1.18573630219038
2015-10-01,3,-207.905521336948,"stationary",-0.455386721468972
2015-11-01,3,-97.2200019827614,"stationary",-1.42940887758022
2015-12-01,3,2.60935038345415,"stationary",-1.95513830660861
2016-01-01,3,145.884266782515,"stationary",-1.22841410876048
2016-02-01,3,196.425707197986,"stationary",-0.897047535111235
2016-03-01,3,262.424803818595,"stationary",0.242010148621381
2016-04-01,3,103.931304851058,"stationary",-1.59965609109496
2016-05-01,3,101.804316023383,"stationary",-0.569355677417628
2016-06-01,3,-40.244819151246,"stationary",-0.791646705674858
2016-07-01,3,-147.295896231023,"stationary",0.463677708180093
2016-08-01,3,-324.851133942222,"stationary",-1.04357253309892
2016-09-01,3,-291.868630029648,"stationary",0.154756535992939
2016-10-01,3,-208.086227058559,"stationary",-0.460197904988918
2016-11-01,3,-70.877914900464,"stationary",-0.89559631471921
2016-12-01,3,166.045722097356,"stationary",0.350929427106217
2017-01-01,3,294.149869198585,"stationary",0.518893997579336
2017-02-01,3,289.323669972059,"stationary",0.235067222598821
2017-03-01,3,186.093115139847,"stationary",-0.908924885593946
2017-04-01,3,155.539708939253,"stationary",-0.767358444959416
2017-05-01,3,195.02573748119,"stationary",0.956705090249852
2017-06-01,3,23.3129484245901,"stationary",0.441390487877501
2017-07-01,3,-173.930780183416,"stationary",-0.123573442046655
2017-08-01,3,-331.399685929327,"stationary",-1.26178672318152
2017-09-01,3,-350.717542145143,"stationary",-1.96806109477396
2017-10-01,3,-221.62116096399,"stationary",-0.83130846896554
2017-11-01,3,-25.677930793458,"stationary",-0.0248239785043007
2017-12-01,3,117.968899782979,"stationary",-0.285333300218115
2018-01-01,3,281.211198075151,"stationary",0.380998391556942
2018-02-01,3,246.639234023713,"stationary",-0.263422065998959
2018-03-01,3,251.464291571618,"stationary",0.0962744143692258
2018-04-01,3,81.0134053525738,"stationary",-1.94790646933
2018-05-01,3,53.8244087463312,"stationary",-1.48574427895988
2018-06-01,3,-33.086016343601,"stationary",-0.648342968734066
2018-07-01,3,-136.025541470759,"stationary",0.685023809679123
2018-08-01,3,-279.179137931076,"stationary",0.35069122528619
2018-09-01,3,-325.496272121911,"stationary",-1.04345234316972
2018-10-01,3,-189.807765397848,"stationary",0.00264789794430909
2018-11-01,3,-36.1515928271486,"stationary",-0.2170218589221
2018-12-01,3,238.805823974113,"stationary",1.11996238263805
2019-01-01,3,443.669437040799,"stationary",1.74008814475888
2019-02-01,3,495.63581728648,"stationary",1.82829824086305
2019-03-01,3,373.348801029492,"stationary",1.33672766334607
2019-04-01,3,221.734260073551,"stationary",0.306961305800534
2019-05-01,3,92.056300946702,"stationary",-0.755424677106821
2019-06-01,3,-24.984411912274,"stationary",-0.485731362784744
2019-07-01,3,-193.655010037457,"stationary",-0.600252293677862
2019-08-01,3,-254.385271576781,"stationary",0.928299089699387
2019-09-01,3,-280.130109473072,"stationary",0.517954688203878
2019-10-01,3,-211.967211507934,"stationary",-0.564510602591373
2019-11-01,3,-99.8287235986249,"stationary",-1.48252362047714
2019-12-01,3,156.839885168993,"stationary",0.236241718806882
2020-01-01,3,294.509504592281,"stationary",0.522651971497242
2020-02-01,3,424.778782473273,"stationary",1.41327770184632
2020-03-01,3,332.609773106594,"stationary",1.00587359261354
2020-04-01,3,267.164532013055,"stationary",0.933318873717212
2020-05-01,3,125.788238647279,"stationary",-0.123013599141544
2020-06-01,3,-24.274440458909,"stationary",-0.471487397184326
2020-07-01,3,-199.436372430498,"stationary",-0.743107788941986
2020-08-01,3,-314.963915203804,"stationary",-0.718023947569018
2020-09-01,3,-359.348473846358,"stationary",-2.28208309640894
2020-10-01,3,-286.940375216503,"stationary",-2.88114736538079
2020-11-01,3,-123.676920361392,"stationary",-1.97024814771726
2020-12-01,3,13.6416271965516,"stationary",-1.79692065725908
2021-01-01,3,213.976475941913,"stationary",-0.402606332096877
2021-02-01,3,200.657577429216,"stationary",-0.842759038787448
2021-03-01,3,262.877739191339,"stationary",0.247872841597519
2021-04-01,3,143.82587717471,"stationary",-0.96125771818497
2021-05-01,3,62.4435861735167,"stationary",-1.32228767242023
2021-06-01,3,-99.2228351029921,"stationary",-1.91058452314487
2021-07-01,3,-250.243701072812,"stationary",-1.98215876737722
2021-08-01,3,-300.782962153248,"stationary",-0.26750236050011
2021-09-01,3,-305.728461268926,"stationary",-0.319907787804319
2021-10-01,3,-208.866221559187,"stationary",-0.481012650837538
2021-11-01,3,-81.5241372686074,"stationary",-1.11057292430345
2021-12-01,3,103.346855595537,"stationary",-0.493368937134953
2022-01-01,3,306.194126199081,"stationary",0.642481534838484
2022-02-01,3,370.699379117254,"stationary",1.01491862749736
2022-03-01,3,352.636122838088,"stationary",1.17701817976493
2022-04-01,3,171.795472623779,"stationary",-0.496423883127239
2022-05-01,3,93.5525162223107,"stationary",-0.726780216616272
2022-06-01,3,-39.831295728962,"stationary",-0.783389552882617
2022-07-01,3,-148.795968456391,"stationary",0.432924204178575
2022-08-01,3,-284.449068124198,"stationary",0.209305960517288
2022-09-01,3,-322.322334076019,"stationary",-0.925997478339933
2022-10-01,3,-222.641611113851,"stationary",-0.860048723642243
2022-11-01,3,-71.148999001723,"stationary",-0.901048811580979
2022-12-01,3,23.8333475012788,"stationary",-1.65031093071149
2023-01-01,3,69.6747182068773,"stationary",-2.09202367875392
2023-02-01,3,92.6615967172438,"stationary",-2.22096081574708
2023-03-01,3,176.512633753942,"stationary",-1.07113975505879
2023-04-01,3,244.935808804844,"stationary",0.642304681513177
2023-05-01,3,196.201461986521,"stationary",0.971802454789856
2023-06-01,3,79.0131847037592,"stationary",1.29376486841275
2023-07-01,3,-137.41031513791,"stationary",0.658756211885594
2023-08-01,3,-269.081281657321,"stationary",0.603188451466547
2023-09-01,3,-338.735538073091,"stationary",-1.53132454975485
2023-10-01,3,-221.015028981884,"stationary",-0.814282199816515
2023-11-01,3,-28.4718706279754,"stationary",-0.0753388624513399
2023-12-01,3,110.964492780736,"stationary",-0.384410097136408
2024-01-01,3,211.635768852113,"stationary",-0.431147846326219
2024-02-01,3,179.497211714477,"stationary",-1.11453136162836
2024-03-01,3,182.677805264858,"stationary",-0.966431094114409
2024-04-01,3,84.0332968307296,"stationary",-1.90274118229699
2024-05-01,3,122.223850467793,"stationary",-0.187808775421209
2024-06-01,3,-63.0442466934859,"stationary",-1.23978275944771
2024-07-01,3,-174.596124329881,"stationary",-0.139222484364297
2024-08-01,3,-356.1510016904,"stationary",-2.09857369950555
2024-09-01,3,-288.548545873775,"stationary",0.261502287021387
2024-10-01,3,-211.292038085456,"stationary",-0.546231714959764
2024-11-01,3,-38.5250060882989,"stationary",-0.261591146577143
2024-12-01,3,101.165738212907,"stationary",-0.524761839978016
2025-01-01,3,151.749964266988,"stationary",-1.15872608706522
2025-02-01,3,150.440366416,"stationary",-1.4868070437282
2025-03-01,3,99.7803936175017,"stationary",-2.48239365691848
2025-04-01,3,160.602429903797,"stationary",-0.683074023746038
2025-05-01,3,122.011820712974,"stationary",-0.191683733183982
2025-06-01,3,-9.33031039347252,"stationary",-0.173625012395816
2025-07-01,3,-219.396268544382,"stationary",-1.23670204090439
2025-08-01,3,-363.478189591432,"stationary",-2.35349410054309
2025-09-01,3,-345.332721532977,"stationary",-1.77223057594395
2025-10-01,3,-226.282743170965,"stationary",-0.963339918338928
2025-11-01,3,-94.3744545929626,"stationary",-1.37150634622235
2025-12-01,3,56.1357577530367,"stationary",-1.1815071765266
1950-01-01,6,NA,"stationary",NA
1950-02-01,6,NA,"stationary",NA
1950-03-01,6,NA,"stationary",NA
1950-04-01,6,NA,"stationary",NA
1950-05-01,6,NA,"stationary",NA
1950-06-01,6,196.921226131583,"stationary",-0.66946069229063
1950-07-01,6,8.03521867739412,"stationary",-0.399423384300967
1950-08-01,6,-154.880074527259,"stationary",-0.00173191847838659
1950-09-01,6,-299.366613517977,"stationary",-0.0227679694296635
1950-10-01,6,-303.422932211755,"stationary",0.716297933967096
1950-11-01,6,-350.095868961413,"stationary",-0.506569729720021
1950-12-01,6,-269.841134045916,"stationary",-1.4483373432261
1951-01-01,6,-59.0292397367419,"stationary",-1.40453251409902
1951-02-01,6,97.2190495056273,"stationary",-1.69573225864528
1951-03-01,6,206.204218875991,"stationary",-1.88961367076966
1951-04-01,6,246.874432167196,"stationary",-1.85294378126098
1951-05-01,6,234.786437168142,"stationary",-1.71805429295155
1951-06-01,6,184.02125751124,"stationary",-0.821838407369811
1951-07-01,6,-17.4643438932943,"stationary",-0.738922347573018
1951-08-01,6,-168.382308306887,"stationary",-0.187532388789202
1951-09-01,6,-265.797260221612,"stationary",0.479825687234126
1951-10-01,6,-247.112605588051,"stationary",1.34350582458478
1951-11-01,6,-161.000961155265,"stationary",1.57887076642662
1951-12-01,6,-32.9698079631011,"stationary",1.21554785696718
1952-01-01,6,145.679608604598,"stationary",0.797465665806803
1952-02-01,6,378.089758838936,"stationary",1.0961371434221
1952-03-01,6,508.714533616195,"stationary",0.961618094042786
1952-04-01,6,475.514921579767,"stationary",0.204747098843651
1952-05-01,6,418.354811930738,"stationary",0.103420949382725
1952-06-01,6,272.711552982938,"stationary",0.216056512631986
1952-07-01,6,99.2238696444578,"stationary",0.733209387972685
1952-08-01,6,-149.743026697264,"stationary",0.067490249707535
1952-09-01,6,-322.200434551869,"stationary",-0.400244179458507
1952-10-01,6,-390.076201743183,"stationary",-0.625082535588783
1952-11-01,6,-352.627349697308,"stationary",-0.54546825026277
1952-12-01,6,-216.731975115375,"stationary",-0.776163626357101
1953-01-01,6,8.83132703223006,"stationary",-0.645731477544054
1953-02-01,6,281.926771445799,"stationary",0.231625954667766
1953-03-01,6,458.246031063377,"stationary",0.568221876653601
1953-04-01,6,578.646974368987,"stationary",0.994240363147934
1953-05-01,6,507.1201378298,"stationary",0.857091664638975
1953-06-01,6,384.429924695602,"stationary",1.28295280538305
1953-07-01,6,138.969565900618,"stationary",1.13881935741439
1953-08-01,6,-137.626824015642,"stationary",0.227011511536636
1953-09-01,6,-278.615079661326,"stationary",0.296400123743769
1953-10-01,6,-375.716870180891,"stationary",-0.378643376615991
1953-11-01,6,-251.666954080617,"stationary",0.794455406837004
1953-12-01,6,-172.505963263316,"stationary",-0.216335526888742
1954-01-01,6,67.4632530695795,"stationary",0.0149752292012799
1954-02-01,6,277.339249686453,"stationary",0.185034791380768
1954-03-01,6,399.229714980507,"stationary",0.0362182110218561
1954-04-01,6,535.226711204417,"stationary",0.685977105015849
1954-05-01,6,436.070524853069,"stationary",0.267259112867937
1954-06-01,6,320.114974209601,"stationary",0.714234131419745
1954-07-01,6,74.9167624594413,"stationary",0.455373199451317
1954-08-01,6,-136.20521828801,"stationary",0.245357740919354
1954-09-01,6,-270.609645322647,"stationary",0.412247512983534
1954-10-01,6,-407.956741126558,"stationary",-0.936338334468672
1954-11-01,6,-365.673726336727,"stationary",-0.748177577586129
1954-12-01,6,-118.542819336906,"stationary",0.415065760401997
1955-01-01,6,42.1556224808975,"stationary",-0.266546698391085
1955-02-01,6,223.186041028619,"stationary",-0.387249210581896
1955-03-01,6,367.807033812879,"stationary",-0.272366140363686
1955-04-01,6,439.023603114071,"stationary",-0.117101027779617
1955-05-01,6,348.845311943806,"stationary",-0.582201198992816
1955-06-01,6,61.9279070467326,"stationary",-2.15436545462017
1955-07-01,6,-75.2245245337814,"stationary",-1.47911342285886
1955-08-01,6,-238.401590931772,"stationary",-1.18842666573864
1955-09-01,6,-378.197912832442,"stationary",-1.37765948035938
1955-10-01,6,-458.71507367588,"stationary",-1.81444492447272
1955-11-01,6,-350.976031438774,"stationary",-0.520075852395615
1955-12-01,6,-158.624651440522,"stationary",-0.0463661046292192
1956-01-01,6,31.6397244874647,"stationary",-0.385655004031835
1956-02-01,6,272.397288162868,"stationary",0.134411799254937
1956-03-01,6,415.22179164426,"stationary",0.187354347389418
1956-04-01,6,474.810874135462,"stationary",0.198709327531323
1956-05-01,6,415.847044377615,"stationary",0.0797628549492012
1956-06-01,6,245.694549892523,"stationary",-0.0924204879108351
1956-07-01,6,30.1253860798775,"stationary",-0.107094227704228
1956-08-01,6,-225.815033258755,"stationary",-1.00874767181993
1956-09-01,6,-355.917801963866,"stationary",-0.986033709406378
1956-10-01,6,-403.660320073723,"stationary",-0.861355065117295
1956-11-01,6,-398.174120562721,"stationary",-1.26260937564555
1956-12-01,6,-232.791862197875,"stationary",-0.981294983486571
1957-01-01,6,-59.3872338800153,"stationary",-1.40840785942894
1957-02-01,6,120.335230893276,"stationary",-1.46904217283891
1957-03-01,6,255.06135879686,"stationary",-1.41432325371705
1957-04-01,6,316.375151030043,"stationary",-1.24574453792131
1957-05-01,6,322.158310377104,"stationary",-0.853093215355169
1957-06-01,6,210.082831675731,"stationary",-0.513133684487321
1957-07-01,6,42.3036226518885,"stationary",0.0510019726212578
1957-08-01,6,-152.263576928588,"stationary",0.0336362267125621
1957-09-01,6,-304.007980467778,"stationary",-0.0975400883351049
1957-10-01,6,-359.929620793049,"stationary",-0.11515211574626
1957-11-01,6,-360.254625370251,"stationary",-0.663568057333554
1957-12-01,6,-195.171101942554,"stationary",-0.501067011564226
1958-01-01,6,96.7037367069871,"stationary",0.325770543442181
1958-02-01,6,272.694530940905,"stationary",0.137468784656574
1958-03-01,6,472.534287381539,"stationary",0.68554363876112
1958-04-01,6,541.030974912183,"stationary",0.729254241926297
1958-05-01,6,528.297112869035,"stationary",1.01097473613738
1958-06-01,6,350.064755646595,"stationary",0.994472115724931
1958-07-01,6,65.1205491064306,"stationary",0.337364412574366
1958-08-01,6,-93.7782925074703,"stationary",0.752418184872039
1958-09-01,6,-288.818239200205,"stationary",0.1427299878924
1958-10-01,6,-369.125516181677,"stationary",-0.267466653472079
1958-11-01,6,-390.911961713929,"stationary",-1.14704316868553
1958-12-01,6,-270.316708818969,"stationary",-1.45425064044741
1959-01-01,6,40.8516627397205,"stationary",-0.281266445136987
1959-02-01,6,202.615751001399,"stationary",-0.609482144284922
1959-03-01,6,309.456990369998,"stationary",-0.866021669147183
1959-04-01,6,390.918220083356,"stationary",-0.559772418326105
1959-05-01,6,387.577437175855,"stationary",-0.193701617077385
1959-06-01,6,270.538754023819,"stationary",0.19179176453859
1959-07-01,6,-31.4835847178431,"stationary",-0.923588565210739
1959-08-01,6,-156.166216303907,"stationary",-0.0191985865348352
1959-09-01,6,-239.914810399858,"stationary",0.816463030532849
1959-10-01,6,-257.226564079246,"stationary",1.24418709495305
1959-11-01,6,-217.84025884508,"stationary",1.12734047234488
1959-12-01,6,-113.26823476714,"stationary",0.471898458752494
1960-01-01,6,82.8213221501545,"stationary",0.180552787823088
1960-02-01,6,220.101999182226,"stationary",-0.420553072669907
1960-03-01,6,378.997601227336,"stationary",-0.160980506547083
1960-04-01,6,425.1904092342,"stationary",-0.242957506530045
1960-05-01,6,361.958607025875,"stationary",-0.449560366046909
1960-06-01,6,247.959395697412,"stationary",-0.0660687505792953
1960-07-01,6,44.130246496394,"stationary",0.0744422897735732
1960-08-01,6,-122.811841784801,"stationary",0.414075824774901
1960-09-01,6,-318.309093839837,"stationary",-0.334367915014156
1960-10-01,6,-445.234538782916,"stationary",-1.58343331249657
1960-11-01,6,-391.977931995221,"stationary",-1.16399423874266
1960-12-01,6,-307.276734894454,"stationary",-1.90705592141401
1961-01-01,6,-147.537771899811,"stationary",-2.31771134721007
1961-02-01,6,98.8516106146018,"stationary",-1.67995270304031
1961-03-01,6,231.350214433106,"stationary",-1.64710872907424
1961-04-01,6,282.447341506888,"stationary",-1.54680455930581
1961-05-01,6,243.392333969988,"stationary",-1.63521040935715
1961-06-01,6,137.864690588246,"stationary",-1.35180027843232
1961-07-01,6,-36.0814730270694,"stationary",-0.98358864744016
1961-08-01,6,-295.777718795321,"stationary",-1.98230960002465
1961-09-01,6,-384.340064300308,"stationary",-1.48532082612587
1961-10-01,6,-417.207369913843,"stationary",-1.09777159239155
1961-11-01,6,-360.161685658839,"stationary",-0.662121635669023
1961-12-01,6,-85.5299713731721,"stationary",0.754381780700131
1962-01-01,6,86.6661210377815,"stationary",0.221223846722545
1962-02-01,6,323.696955669194,"stationary",0.635028177731195
1962-03-01,6,407.080287345383,"stationary",0.110988391397319
1962-04-01,6,468.515075967561,"stationary",0.144387088424946
1962-05-01,6,426.567122371148,"stationary",0.180107634082471
1962-06-01,6,132.030195838151,"stationary",-1.4165799464881
1962-07-01,6,-34.9214028454466,"stationary",-0.968480408987431
1962-08-01,6,-277.658195930914,"stationary",-1.73617130051734
1962-09-01,6,-413.601966274505,"stationary",-1.99630170490796
1962-10-01,6,-482.315786822531,"stationary",-2.21676180601667
1962-11-01,6,-501.68940158969,"stationary",-2.96479104121307
1962-12-01,6,-231.03624073546,"stationary",-0.958912793409616
1963-01-01,6,48.5617155387478,"stationary",-0.194483919693907
1963-02-01,6,301.844256178237,"stationary",0.428940730842765
1963-03-01,6,480.847843093666,"stationary",0.751633526367299
1963-04-01,6,585.108155371132,"stationary",1.03710400057969
1963-05-01,6,687.574985383618,"stationary",1.9043439797853
1963-06-01,6,478.684206906067,"stationary",1.92298259841218
1963-07-01,6,230.482575578865,"stationary",1.8705156541867
1963-08-01,6,-16.0419764451423,"stationary",1.4787263312273
1963-09-01,6,-141.984116698849,"stationary",1.74530193708971
1963-10-01,6,-220.957760168463,"stationary",1.57779198246906
1963-11-01,6,-293.708483596563,"stationary",0.298192477468455
1963-12-01,6,-221.127672403635,"stationary",-0.832369663373425
1964-01-01,6,-108.696760134935,"stationary",-1.92715628463085
1964-02-01,6,80.5826614298239,"stationary",-1.85461696690379
1964-03-01,6,217.913642337796,"stationary",-1.7772148219027
1964-04-01,6,248.596118928719,"stationary",-1.83834000883428
1964-05-01,6,272.70848488751,"stationary",-1.34891218428574
1964-06-01,6,215.554558050853,"stationary",-0.448074938263055
1964-07-01,6,74.3195694742216,"stationary",0.448273742171345
1964-08-01,6,-98.0657742064733,"stationary",0.704881712998457
1964-09-01,6,-256.705804775532,"stationary",0.603212723748655
1964-10-01,6,-324.638511179578,"stationary",0.427967819963123
1964-11-01,6,-272.16958893511,"stationary",0.564425669637587
1964-12-01,6,-198.123206818421,"stationary",-0.538590872189974
1965-01-01,6,-7.25453842351497,"stationary",-0.828915759449467
1965-02-01,6,223.322204866965,"stationary",-0.385779376629298
1965-03-01,6,355.413722772683,"stationary",-0.397165563040759
1965-04-01,6,498.44209121775,"stationary",0.39699710399916
1965-05-01,6,431.467154277281,"stationary",0.225263762177901
1965-06-01,6,308.335285623598,"stationary",0.596470256850593
1965-07-01,6,116.972787468121,"stationary",0.921810149572243
1965-08-01,6,-125.800775353688,"stationary",0.377087847487938
1965-09-01,6,-281.03388916875,"stationary",0.260569061374104
1965-10-01,6,-362.953062298961,"stationary",-0.16483225021995
1965-11-01,6,-335.172521642609,"stationary",-0.281015317654088
1965-12-01,6,-134.262321684535,"stationary",0.240041465044246
1966-01-01,6,250.789156881789,"stationary",1.59082082090748
1966-02-01,6,392.864788409303,"stationary",1.20872217386238
1966-03-01,6,543.82852963631,"stationary",1.20199691190829
1966-04-01,6,551.817085937346,"stationary",0.8079711116356
1966-05-01,6,477.384730665577,"stationary",0.624035711752157
1966-06-01,6,253.814903935403,"stationary",0.00169772943473681
1966-07-01,6,-138.456598053162,"stationary",-2.21728970791757
1966-08-01,6,-277.983837167696,"stationary",-1.74062879437895
1966-09-01,6,-384.325020635919,"stationary",-1.48505737125791
1966-10-01,6,-442.15781875573,"stationary",-1.53047869129222
1966-11-01,6,-367.33338871189,"stationary",-0.774188512129912
1966-12-01,6,-103.911675793613,"stationary",0.570284913969869
1967-01-01,6,132.07885066731,"stationary",0.673219719305591
1967-02-01,6,310.809567666848,"stationary",0.514876459292768
1967-03-01,6,466.884587885303,"stationary",0.639717516099551
1967-04-01,6,574.730857804309,"stationary",0.967889000472357
1967-05-01,6,566.678402360303,"stationary",1.26579732809459
1967-06-01,6,337.431259286872,"stationary",0.879622840202122
1967-07-01,6,116.916887389736,"stationary",0.921235279515564
1967-08-01,6,-62.9773197451479,"stationary",1.06962804770243
1967-09-01,6,-244.098563114924,"stationary",0.765080078456616
1967-10-01,6,-309.358238968105,"stationary",0.638676162041381
1967-11-01,6,-244.82625008963,"stationary",0.866285189693748
1967-12-01,6,-85.1178330134712,"stationary",0.758369496062162
1968-01-01,6,241.736379103454,"stationary",1.53280973433956
1968-02-01,6,435.131930754475,"stationary",1.50361714544965
1968-03-01,6,592.049498612376,"stationary",1.49282137984615
1968-04-01,6,589.97880846321,"stationary",1.06891657670099
1968-05-01,6,528.840040272506,"stationary",1.01479143837128
1968-06-01,6,389.044234303256,"stationary",1.31915491783829
1968-07-01,6,52.4836092784286,"stationary",0.180572973506769
1968-08-01,6,-103.423061949688,"stationary",0.644297157876397
1968-09-01,6,-221.159190084086,"stationary",1.03312430836881
1968-10-01,6,-224.504641347107,"stationary",1.5477787645937
1968-11-01,6,-146.850660254427,"stationary",1.67453619504729
1968-12-01,6,71.583359920018,"stationary",1.90287267190891
1969-01-01,6,359.139338281366,"stationary",2.17591458766781
1969-02-01,6,517.230549267118,"stationary",1.98069733606571
1969-03-01,6,677.000846254024,"stationary",1.91668658899467
1969-04-01,6,762.902044619028,"stationary",1.96756106733111
1969-05-01,6,663.325522471081,"stationary",1.79275030370403
1969-06-01,6,429.864656258645,"stationary",1.61592233205151
1969-07-01,6,160.687356897735,"stationary",1.33581489568368
1969-08-01,6,-37.1348475154564,"stationary",1.30500672610284
1969-09-01,6,-249.533713130807,"stationary",0.696602537671039
1969-10-01,6,-336.565761876642,"stationary",0.252770999788036
1969-11-01,6,-318.61829928155,"stationary",-0.0402399728288614
1969-12-01,6,-108.185350676486,"stationary",0.525734705776682
1970-01-01,6,81.3314157455725,"stationary",0.164703613172345
1970-02-01,6,339.884420696162,"stationary",0.780081280103882
1970-03-01,6,507.636200054545,"stationary",0.953817812922526
1970-04-01,6,498.254346477622,"stationary",0.395458869151372
1970-05-01,6,450.151484834363,"stationary",0.393026210210608
1970-06-01,6,212.115316189569,"stationary",-0.488965517998771
1970-07-01,6,12.169184105202,"stationary",-0.344385256018241
1970-08-01,6,-234.761032033788,"stationary",-1.136622365341
1970-09-01,6,-373.26515501307,"stationary",-1.29106498121218
1970-10-01,6,-310.133388293159,"stationary",0.628364583647627
1970-11-01,6,-217.139479686268,"stationary",1.1336728504066
1970-12-01,6,-79.5235572375261,"stationary",0.811894770018235
1971-01-01,6,55.1296183494539,"stationary",-0.121106324522404
1971-02-01,6,266.2880076582,"stationary",0.0712533459975232
1971-03-01,6,407.806593074403,"stationary",0.117850893294057
1971-04-01,6,465.143384933819,"stationary",0.115057616080072
1971-05-01,6,389.979554122314,"stationary",-0.170039595024144
1971-06-01,6,281.526284694499,"stationary",0.313340683746073
1971-07-01,6,146.036744591436,"stationary",1.20474258921815
1971-08-01,6,-15.3552676461587,"stationary",1.48412804933606
1971-09-01,6,-185.561918395927,"stationary",1.38895014125928
1971-10-01,6,-285.589255997659,"stationary",0.935587458308513
1971-11-01,6,-206.684788496275,"stationary",1.2256493653879
1971-12-01,6,-55.1391914917088,"stationary",1.03234626675974
1972-01-01,6,99.4849883443937,"stationary",0.354300833326274
1972-02-01,6,236.771326709778,"stationary",-0.240993700272784
1972-03-01,6,373.761434616479,"stationary",-0.212922877538126
1972-04-01,6,464.212526310441,"stationary",0.106932089415404
1972-05-01,6,419.663339874157,"stationary",0.11572175072554
1972-06-01,6,324.234034324852,"stationary",0.754413153101347
1972-07-01,6,202.186476925189,"stationary",1.66990428572715
1972-08-01,6,32.0912368869461,"stationary",1.82358659296443
1972-09-01,6,-76.2705680754711,"stationary",2.1669102435764
1972-10-01,6,-147.172127835676,"stationary",2.10398203285505
1972-11-01,6,-137.648399223208,"stationary",1.73377781185276
1972-12-01,6,-143.700858959466,"stationary",0.131111508577712
1973-01-01,6,-18.9440412309623,"stationary",-0.961147639095185
1973-02-01,6,147.526946453194,"stationary",-1.19330403127094
1973-03-01,6,280.827285188241,"stationary",-1.15675254247292
1973-04-01,6,313.328152888196,"stationary",-1.27314193349761
1973-05-01,6,273.955155525365,"stationary",-1.33659663953806
1973-06-01,6,228.576686481225,"stationary",-0.293570967262744
1973-07-01,6,74.3355007909895,"stationary",0.448463297449291
1973-08-01,6,-116.575567048927,"stationary",0.489979125607912
1973-09-01,6,-280.136803115106,"stationary",0.273902244165088
1973-10-01,6,-366.589800178037,"stationary",-0.225116365261333
1973-11-01,6,-316.83213267074,"stationary",-0.0149611230295764
1973-12-01,6,-199.007060269555,"stationary",-0.54983841725789
1974-01-01,6,-11.0354345030246,"stationary",-0.871790697484742
1974-02-01,6,145.481969777209,"stationary",-1.21437505488416
1974-03-01,6,283.98430126709,"stationary",-1.1248931217156
1974-04-01,6,385.196040755581,"stationary",-0.612985934731621
1974-05-01,6,314.394445647468,"stationary",-0.93173030330462
1974-06-01,6,141.332840019299,"stationary",-1.31303855667364
1974-07-01,6,-55.870713571251,"stationary",-1.2377777708389
1974-08-01,6,-188.196270215212,"stationary",-0.46777818899335
1974-09-01,6,-292.712394178705,"stationary",0.082383694712369
1974-10-01,6,-378.832696895788,"stationary",-0.431683372167105
1974-11-01,6,-327.646899590155,"stationary",-0.17017215552851
1974-12-01,6,-36.1698969063097,"stationary",1.19006204703647
1975-01-01,6,190.605454508317,"stationary",1.17082049649917
1975-02-01,6,369.101187790418,"stationary",1.02506481154725
1975-03-01,6,444.263928003606,"stationary",0.448883269386305
1975-04-01,6,565.666636616725,"stationary",0.905806823000787
1975-05-01,6,545.763398186809,"stationary",1.13064327264287
1975-06-01,6,296.42782996368,"stationary",0.473218733042192
1975-07-01,6,69.3007588800306,"stationary",0.388119491405106
1975-08-01,6,-122.067822569041,"stationary",0.423222184775321
1975-09-01,6,-233.147459084122,"stationary",0.897177307479687
1975-10-01,6,-377.53781357395,"stationary",-0.409606486331252
1975-11-01,6,-350.710177053592,"stationary",-0.515994207455939
1975-12-01,6,-210.57429014465,"stationary",-0.697432400984087
1976-01-01,6,42.265346543015,"stationary",-0.265308814514684
1976-02-01,6,204.096505396563,"stationary",-0.593498534036332
1976-03-01,6,329.555444926305,"stationary",-0.660531685181218
1976-04-01,6,439.2048968336,"stationary",-0.11546305681423
1976-05-01,6,439.459123139576,"stationary",0.297900827846844
1976-06-01,6,287.145677589997,"stationary",0.374335084518105
1976-07-01,6,55.2053904942798,"stationary",0.21474657047237
1976-08-01,6,-96.8776320860118,"stationary",0.718139459093966
1976-09-01,6,-177.855243165782,"stationary",1.45765254244727
1976-10-01,6,-188.393003593802,"stationary",1.83107789880631
1976-11-01,6,-148.252983258833,"stationary",1.66530872283402
1976-12-01,6,23.6121239134226,"stationary",1.6189402628622
1977-01-01,6,214.680099818667,"stationary",1.34892174176157
1977-02-01,6,358.579131606795,"stationary",0.939321732443359
1977-03-01,6,489.702014691979,"stationary",0.820267651890418
1977-04-01,6,518.120778558313,"stationary",0.554716412513699
1977-05-01,6,424.621072495513,"stationary",0.162047299796908
1977-06-01,6,252.597487146238,"stationary",-0.0123459970419816
1977-07-01,6,48.0097169725833,"stationary",0.123956579361409
1977-08-01,6,-126.191120366271,"stationary",0.3722286250926
1977-09-01,6,-284.287091710063,"stationary",0.211785161919602
1977-10-01,6,-378.852628635291,"stationary",-0.432023562743112
1977-11-01,6,-369.981970879327,"stationary",-0.81578259821062
1977-12-01,6,-196.647543978003,"stationary",-0.519825175205811
1978-01-01,6,103.920959725714,"stationary",0.399395878091958
1978-02-01,6,327.723756403106,"stationary",0.671729139897099
1978-03-01,6,489.587732529358,"stationary",0.81939324719541
1978-04-01,6,569.407580353062,"stationary",0.931614463368419
1978-05-01,6,520.606001844104,"stationary",0.95622432206354
1978-06-01,6,335.201975763253,"stationary",0.858849257797974
1978-07-01,6,16.7535553186216,"stationary",-0.283477405816937
1978-08-01,6,-190.803485147936,"stationary",-0.5051034681872
1978-09-01,6,-332.725580512244,"stationary",-0.580784448083051
1978-10-01,6,-383.420284999832,"stationary",-0.510256032508873
1978-11-01,6,-323.437269284255,"stationary",-0.10915459059229
1978-12-01,6,-146.336294711975,"stationary",0.100217205352425
1979-01-01,6,135.922297720133,"stationary",0.708867658000684
1979-02-01,6,324.331466363094,"stationary",0.640838131221346
1979-03-01,6,400.360199319697,"stationary",0.0470505167416027
1979-04-01,6,415.868872604639,"stationary",-0.328587348280095
1979-05-01,6,400.632042842651,"stationary",-0.0659862925851127
1979-06-01,6,256.288316730332,"stationary",0.030151814965479
1979-07-01,6,0.564341032619013,"stationary",-0.499029390606603
1979-08-01,6,-191.936055254386,"stationary",-0.521339317572053
1979-09-01,6,-301.78790585601,"stationary",-0.061634480276006
1979-10-01,6,-333.955358474227,"stationary",0.291895715983306
1979-11-01,6,-205.211925078561,"stationary",1.2382410339678
1979-12-01,6,-50.0508001617227,"stationary",1.07579491317631
1980-01-01,6,179.094017786696,"stationary",1.08042611223645
1980-02-01,6,370.649672974805,"stationary",1.03745034504952
1980-03-01,6,625.907395973355,"stationary",1.67372044423201
1980-04-01,6,709.310780706914,"stationary",1.73022780531654
1980-05-01,6,632.594716721887,"stationary",1.64058991152228
1980-06-01,6,440.843235521446,"stationary",1.68913355072212
1980-07-01,6,183.695798165133,"stationary",1.52741219221231
1980-08-01,6,-8.54682929468294,"stationary",1.53686560007549
1980-09-01,6,-248.232303502588,"stationary",0.713178044056045
1980-10-01,6,-340.925505393221,"stationary",0.18648325526497
1980-11-01,6,-335.814330135884,"stationary",-0.290566399665887
1980-12-01,6,-173.059327376645,"stationary",-0.223193491248056
1981-01-01,6,232.087425404634,"stationary",1.46908958949989
1981-02-01,6,444.798300774685,"stationary",1.56585580234944
1981-03-01,6,567.461120781815,"stationary",1.34980245102895
1981-04-01,6,597.755527467471,"stationary",1.11883319182221
1981-05-01,6,606.92763572615,"stationary",1.50314444796002
1981-06-01,6,480.452311451656,"stationary",1.9332660088536
1981-07-01,6,101.119019604282,"stationary",0.753929171187405
1981-08-01,6,-112.81878718655,"stationary",0.534861611411941
1981-09-01,6,-259.118417336355,"stationary",0.571015955912479
1981-10-01,6,-298.392142500065,"stationary",0.780255113625033
1981-11-01,6,-279.914889549455,"stationary",0.471606338951287
1981-12-01,6,-40.6856530389907,"stationary",1.15355911703539
1982-01-01,6,124.303656520419,"stationary",0.599817511043588
1982-02-01,6,302.341036754935,"stationary",0.433751425930579
1982-03-01,6,431.719317071746,"stationary",0.33810257627027
1982-04-01,6,504.104560610255,"stationary",0.443098156159138
1982-05-01,6,443.027345791041,"stationary",0.329912395165837
1982-06-01,6,180.101423172686,"stationary",-0.867873086348393
1982-07-01,6,33.8099397020786,"stationary",-0.0589566523082328
1982-08-01,6,-133.758853328235,"stationary",0.276737160317694
1982-09-01,6,-243.712415067821,"stationary",0.769870676871946
1982-10-01,6,-312.712844972408,"stationary",0.593760174806654
1982-11-01,6,-321.857233212081,"stationary",-0.086446359674638
1982-12-01,6,-171.595022734751,"stationary",-0.205058568865503
1983-01-01,6,12.587145871226,"stationary",-0.602859854432281
1983-02-01,6,218.448575139823,"stationary",-0.438416249792664
1983-03-01,6,347.781151115451,"stationary",-0.474592460391457
1983-04-01,6,427.196299553145,"stationary",-0.22460912170927
1983-05-01,6,440.930871789376,"stationary",0.311136208244642
1983-06-01,6,314.612385202229,"stationary",0.659748194427989
1983-07-01,6,105.79262408526,"stationary",0.804431743022078
1983-08-01,6,-98.7222417552065,"stationary",0.697528780276788
1983-09-01,6,-236.463506458194,"stationary",0.857993538119508
1983-10-01,6,-289.978913186899,"stationary",0.883512966074619
1983-11-01,6,-187.604709460566,"stationary",1.38219296317222
1983-12-01,6,-96.8044198384755,"stationary",0.64291511033074
1984-01-01,6,136.497986476443,"stationary",0.714170764974168
1984-02-01,6,298.944277911898,"stationary",0.400746169784366
1984-03-01,6,456.864840354498,"stationary",0.556631396306062
1984-04-01,6,540.871144015496,"stationary",0.728071125590124
1984-05-01,6,375.077586315176,"stationary",-0.317832909760422
1984-06-01,6,255.1698799367,"stationary",0.0172985963682129
1984-07-01,6,24.5821595018857,"stationary",-0.179930617329104
1984-08-01,6,-126.203338790921,"stationary",0.372076417193339
1984-09-01,6,-301.896347716856,"stationary",-0.0633824244406458
1984-10-01,6,-445.957066752623,"stationary",-1.59585567046485
1984-11-01,6,-363.228435303283,"stationary",-0.709934865114532
1984-12-01,6,-222.789320420568,"stationary",-0.853610022390106
1985-01-01,6,-4.32462728490795,"stationary",-0.795632410556758
1985-02-01,6,188.214443650174,"stationary",-0.764463669393555
1985-03-01,6,332.378105271551,"stationary",-0.631675247148364
1985-04-01,6,413.443775917483,"stationary",-0.350950741840213
1985-05-01,6,379.595182128971,"stationary",-0.272790607832974
1985-06-01,6,242.118642192207,"stationary",-0.134170254287925
1985-07-01,6,26.7818224456627,"stationary",-0.150972759127756
1985-08-01,6,-198.196061902637,"stationary",-0.611268766922279
1985-09-01,6,-330.06011282497,"stationary",-0.534778375397213
1985-10-01,6,-265.580475495524,"stationary",1.15808105076885
1985-11-01,6,-229.63544958841,"stationary",1.01745768524464
1985-12-01,6,-95.1414540730505,"stationary",0.659645417527654
1986-01-01,6,106.481045617921,"stationary",0.425187511683093
1986-02-01,6,303.315743083838,"stationary",0.443173792567483
1986-03-01,6,391.048576696144,"stationary",-0.0427916799742125
1986-04-01,6,292.856588718229,"stationary",-1.45538867551826
1986-05-01,6,346.44919748989,"stationary",-0.606502692587901
1986-06-01,6,256.758864521718,"stationary",0.0355527386325335
1986-07-01,6,36.6746541230163,"stationary",-0.0217035542659677
1986-08-01,6,-161.02424196886,"stationary",-0.0856345915800225
1986-09-01,6,-248.651297950888,"stationary",0.707853841224688
1986-10-01,6,-263.431694182994,"stationary",1.18059392764893
1986-11-01,6,-273.366015546017,"stationary",0.550302054033299
1986-12-01,6,-132.904454249417,"stationary",0.255483269618292
1987-01-01,6,149.252373774277,"stationary",0.829224669377444
1987-02-01,6,342.842930669128,"stationary",0.8058737961862
1987-03-01,6,608.883625944377,"stationary",1.58495023731402
1987-04-01,6,666.812877670052,"stationary",1.5183798803906
1987-05-01,6,570.471093887952,"stationary",1.28939981773012
1987-06-01,6,407.339915853619,"stationary",1.45720933175371
1987-07-01,6,153.955786789711,"stationary",1.27650799103618
1987-08-01,6,-18.8829906324659,"stationary",1.45621454554448
1987-09-01,6,-294.34670814551,"stationary",0.0567907274552115
1987-10-01,6,-329.87493587276,"stationary",0.352184141614221
1987-11-01,6,-244.696523471426,"stationary",0.867624332521267
1987-12-01,6,-21.3828547456929,"stationary",1.30525397543499
1988-01-01,6,134.354753838089,"stationary",0.694379723125562
1988-02-01,6,336.11810676117,"stationary",0.746924013397327
1988-03-01,6,592.86542548568,"stationary",1.49739130580807
1988-04-01,6,647.022911769309,"stationary",1.41142300473995
1988-05-01,6,584.186511479365,"stationary",1.37253944410443
1988-06-01,6,377.62352203898,"stationary",1.22849282937206
1988-07-01,6,205.663741448534,"stationary",1.69564720099367
1988-08-01,6,-11.1149723738613,"stationary",1.51714587587609
1988-09-01,6,-239.184161845981,"stationary",0.825319366404038
1988-10-01,6,-241.853547600512,"stationary",1.39313023682998
1988-11-01,6,-154.294573968731,"stationary",1.62492712020302
1988-12-01,6,-29.4466233262759,"stationary",1.24324656126136
1989-01-01,6,135.804561327759,"stationary",0.707781929445334
1989-02-01,6,267.026933885558,"stationary",0.0789247371774693
1989-03-01,6,384.49568322649,"stationary",-0.106810050464584
1989-04-01,6,281.678004667875,"stationary",-1.55352728390552
1989-05-01,6,160.303648939795,"stationary",-2.41768622358199
1989-06-01,6,-0.0877991981505417,"stationary",-2.76027762895199
1989-07-01,6,-176.322886130103,"stationary",-2.63110262408856
1989-08-01,6,-302.327915143124,"stationary",-2.07046214651653
1989-09-01,6,-426.455504808143,"stationary",-2.22121704112821
1989-10-01,6,-336.215884514097,"stationary",0.258039806681513
1989-11-01,6,-204.877496488242,"stationary",1.24108782791243
1989-12-01,6,-61.2616632445795,"stationary",0.978921604325847
1990-01-01,6,91.5831979003385,"stationary",0.27274045306433
1990-02-01,6,334.954369239559,"stationary",0.736605993228136
1990-03-01,6,444.465225059176,"stationary",0.450632668059977
1990-04-01,6,445.295502849974,"stationary",-0.0606300733187722
1990-05-01,6,348.461671510035,"stationary",-0.586091130674004
1990-06-01,6,213.444424928259,"stationary",-0.473161796713568
1990-07-01,6,67.1678235086636,"stationary",0.362294469639877
1990-08-01,6,-174.59520929371,"stationary",-0.274609423767567
1990-09-01,6,-268.138623701243,"stationary",0.447142094641312
1990-10-01,6,-352.404747142643,"stationary",0.00659881854662689
1990-11-01,6,-337.967501263357,"stationary",-0.322714891248947
1990-12-01,6,-215.686879148043,"stationary",-0.762799057220535
1991-01-01,6,-49.6497322481759,"stationary",-1.30243250581273
1991-02-01,6,144.076413727672,"stationary",-1.2288270772652
1991-03-01,6,251.532724211281,"stationary",-1.44922980260476
1991-04-01,6,379.435783683256,"stationary",-0.666556596018039
1991-05-01,6,384.938470893914,"stationary",-0.219773190457612
1991-06-01,6,249.571328317981,"stationary",-0.0473597511440897
1991-07-01,6,87.4833520511179,"stationary",0.60177607756977
1991-08-01,6,-110.676159204967,"stationary",0.560172933604624
1991-09-01,6,-231.092628748094,"stationary",0.9211088866962
1991-10-01,6,-286.614092714678,"stationary",0.923538567603741
1991-11-01,6,-261.809945269713,"stationary",0.683467031770686
1991-12-01,6,23.7462421150766,"stationary",1.61980073271447
1992-01-01,6,170.691446853454,"stationary",1.01219855933856
1992-02-01,6,353.39092701195,"stationary",0.896018697631468
1992-03-01,6,478.72332789031,"stationary",0.734896406053514
1992-04-01,6,450.45465182596,"stationary",-0.0144980896253335
1992-05-01,6,430.502525263843,"stationary",0.216410826535646
1992-06-01,6,217.242028052669,"stationary",-0.428018349956527
1992-07-01,6,94.8099125891869,"stationary",0.684414308320345
1992-08-01,6,-84.7881723885899,"stationary",0.849368270246318
1992-09-01,6,-213.77092930305,"stationary",1.11262621649125
1992-10-01,6,-266.845415129308,"stationary",1.14470761338618
1992-11-01,6,-191.768476778515,"stationary",1.34921128972301
1992-12-01,6,-59.9505563790732,"stationary",0.9904688869818
1993-01-01,6,86.5448015570902,"stationary",0.219945634174989
1993-02-01,6,262.651918473548,"stationary",0.0333814173611301
1993-03-01,6,394.66666573992,"stationary",-0.00771876234254291
1993-04-01,6,495.369347686176,"stationary",0.371744006071108
1993-05-01,6,468.305286241661,"stationary",0.548863398069283
1993-06-01,6,306.322229814401,"stationary",0.575926498393317
1993-07-01,6,131.83707717079,"stationary",1.07044191360977
1993-08-01,6,-41.6162971114254,"stationary",1.26605017008306
1993-09-01,6,-187.800293334218,"stationary",1.36848366085369
1993-10-01,6,-304.094567638314,"stationary",0.707632359354214
1993-11-01,6,-367.346514318307,"stationary",-0.774394390210215
1993-12-01,6,-272.629360256399,"stationary",-1.48297353429301
1994-01-01,6,-21.0751986647163,"stationary",-0.985141327157365
1994-02-01,6,176.681432881936,"stationary",-0.887643124258197
1994-03-01,6,300.751534303835,"stationary",-0.95479679648487
1994-04-01,6,375.753718505849,"stationary",-0.7007872542363
1994-05-01,6,341.306877915786,"stationary",-0.658694985613366
1994-06-01,6,196.794192005443,"stationary",-0.670966499984717
1994-07-01,6,-40.8145056607851,"stationary",-1.04500725060572
1994-08-01,6,-242.636895071077,"stationary",-1.24850072363596
1994-09-01,6,-381.946683441071,"stationary",-1.44339173580019
1994-10-01,6,-425.959971630357,"stationary",-1.25016375481312
1994-11-01,6,-272.418155144375,"stationary",0.561497820165372
1994-12-01,6,-81.3946699323247,"stationary",0.794117008441911
1995-01-01,6,114.718751124844,"stationary",0.506987936502616
1995-02-01,6,258.677629374735,"stationary",-0.00823514401030711
1995-03-01,6,427.631975150578,"stationary",0.301275075323591
1995-04-01,6,532.897763832102,"stationary",0.66843189206779
1995-05-01,6,394.924310074784,"stationary",-0.121553498418806
1995-06-01,6,249.401241084622,"stationary",-0.0493320151140505
1995-07-01,6,78.4703606711954,"stationary",0.497356464161923
1995-08-01,6,-59.9669315027224,"stationary",1.09842503210584
1995-09-01,6,-190.436757648221,"stationary",1.34407231082738
1995-10-01,6,-274.638354562637,"stationary",1.06029977080688
1995-11-01,6,-105.1125557166,"stationary",1.92665039281026
1995-12-01,6,-21.1545815563459,"stationary",1.30698170950044
1996-01-01,6,160.143693846697,"stationary",0.923795141595106
1996-02-01,6,346.531205413216,"stationary",0.837716291501932
1996-03-01,6,572.508579662575,"stationary",1.3800223286049
1996-04-01,6,674.466210293893,"stationary",1.55826390797765
1996-05-01,6,473.27250083014,"stationary",0.590220566422667
1996-06-01,6,347.013842973105,"stationary",0.967182197073957
1996-07-01,6,111.208704674622,"stationary",0.861898263059957
1996-08-01,6,-72.6944570203166,"stationary",0.974060236673725
1996-09-01,6,-243.372588531542,"stationary",0.774078480866955
1996-10-01,6,-271.604619582608,"stationary",1.09357690632259
1996-11-01,6,-242.4551227373,"stationary",0.890628260350235
1996-12-01,6,-38.1774375287233,"stationary",1.17391267524814
1997-01-01,6,125.375606223123,"stationary",0.610039231285058
1997-02-01,6,296.481100274493,"stationary",0.376650081586509
1997-03-01,6,361.658194362621,"stationary",-0.334120825107808
1997-04-01,6,373.763689630178,"stationary",-0.71928023453839
1997-05-01,6,366.108900672954,"stationary",-0.407757770219739
1997-06-01,6,215.472551166123,"stationary",-0.449049779093126
1997-07-01,6,66.6827859014137,"stationary",0.356400562456034
1997-08-01,6,-80.0374243737081,"stationary",0.899125442680662
1997-09-01,6,-161.534871650816,"stationary",1.59469039666821
1997-10-01,6,-210.700627547704,"stationary",1.66175404270397
1997-11-01,6,-163.080984674359,"stationary",1.56431388683431
1997-12-01,6,-25.0442794022771,"stationary",1.27733550790039
1998-01-01,6,159.29120023031,"stationary",0.916514122754769
1998-02-01,6,274.845311858071,"stationary",0.159542506264363
1998-03-01,6,418.040172588321,"stationary",0.213496219013345
1998-04-01,6,439.326230747445,"stationary",-0.114366997948658
1998-05-01,6,432.005522619065,"stationary",0.230196771371972
1998-06-01,6,249.270159179313,"stationary",-0.0508522922339345
1998-07-01,6,61.7861751815345,"stationary",0.296470015368768
1998-08-01,6,-104.241812960585,"stationary",0.634921818705032
1998-09-01,6,-296.692188336596,"stationary",0.0197932842728949
1998-10-01,6,-365.926099913781,"stationary",-0.214073571087405
1998-11-01,6,-351.116588279385,"stationary",-0.522234540491929
1998-12-01,6,-124.239093572717,"stationary",0.352603413037381
1999-01-01,6,65.46541884684,"stationary",-0.0068972631158413
1999-02-01,6,298.724163187697,"stationary",0.398598395927348
1999-03-01,6,431.878351951789,"stationary",0.339528354077252
1999-04-01,6,481.368224753104,"stationary",0.254645925916848
1999-05-01,6,385.625868014103,"stationary",-0.212974581113932
1999-06-01,6,212.375716821021,"stationary",-0.485869152424403
1999-07-01,6,32.8402040308002,"stationary",-0.0716025269310825
1999-08-01,6,-173.21319336447,"stationary",-0.255166014282718
1999-09-01,6,-290.488412492076,"stationary",0.116958942051697
1999-10-01,6,-345.609103558899,"stationary",0.113996901643502
1999-11-01,6,-295.528034023092,"stationary",0.274549373831435
1999-12-01,6,-233.631221698827,"stationary",-0.991990453564596
2000-01-01,6,33.2671211771403,"stationary",-0.367169022040917
2000-02-01,6,229.798504506007,"stationary",-0.315946919078035
2000-03-01,6,349.162586336018,"stationary",-0.460553041834362
2000-04-01,6,456.28069885178,"stationary",0.0372194660487647
2000-05-01,6,472.145615757749,"stationary",0.580887070365261
2000-06-01,6,349.678123807535,"stationary",0.991029348397104
2000-07-01,6,49.4855298505951,"stationary",0.142691936322277
2000-08-01,6,-148.602799475311,"stationary",0.0827326971323208
2000-09-01,6,-262.589377014671,"stationary",0.524002568092475
2000-10-01,6,-350.157211256979,"stationary",0.0423997467234733
2000-11-01,6,-352.34119360544,"stationary",-0.541063173035787
2000-12-01,6,-230.478336180978,"stationary",-0.951797110815422
2001-01-01,6,-70.5786607978507,"stationary",-1.52874689121641
2001-02-01,6,130.168342012837,"stationary",-1.37045469689112
2001-03-01,6,198.752987188002,"stationary",-1.96070460101916
2001-04-01,6,218.953827227187,"stationary",-2.08709643874516
2001-05-01,6,251.850182031385,"stationary",-1.55326748594177
2001-06-01,6,112.65906941484,"stationary",-1.62776175962731
2001-07-01,6,-34.8893954357463,"stationary",-0.968063264681972
2001-08-01,6,-247.355023865827,"stationary",-1.31516178549484
2001-09-01,6,-341.471194501588,"stationary",-0.732774567209672
2001-10-01,6,-398.274836495358,"stationary",-0.767477415968165
2001-11-01,6,-383.614179056459,"stationary",-1.03114841314506
2001-12-01,6,-49.4137721932231,"stationary",1.08117432205275
2002-01-01,6,185.703414576596,"stationary",1.13275510166365
2002-02-01,6,362.073895120503,"stationary",0.968107711257215
2002-03-01,6,506.509389357519,"stationary",0.945639342090788
2002-04-01,6,639.162208736307,"stationary",1.36733899280798
2002-05-01,6,571.550199385636,"stationary",1.29606600506963
2002-06-01,6,250.972938693811,"stationary",-0.0311244044340861
2002-07-01,6,48.2727278723973,"stationary",0.127299652820335
2002-08-01,6,-103.997797784736,"stationary",0.637719205816938
2002-09-01,6,-228.678124429017,"stationary",0.948892178859003
2002-10-01,6,-356.938740729981,"stationary",-0.0664247013186545
2002-11-01,6,-339.408527866055,"stationary",-0.344319423660795
2002-12-01,6,-191.757127063157,"stationary",-0.45776713352142
2003-01-01,6,-33.2473147411006,"stationary",-1.12136979029803
2003-02-01,6,196.958816919022,"stationary",-0.670476271950535
2003-03-01,6,336.437212739988,"stationary",-0.590205142672919
2003-04-01,6,448.215142149023,"stationary",-0.0344861373307976
2003-05-01,6,425.327524382381,"stationary",0.1686117239075
2003-06-01,6,281.046439666531,"stationary",0.308094375173409
2003-07-01,6,97.105273314472,"stationary",0.70988249486665
2003-08-01,6,-163.997586861357,"stationary",-0.126636202263029
2003-09-01,6,-292.444428789008,"stationary",0.0865651136299899
2003-10-01,6,-387.752131915304,"stationary",-0.584891946465686
2003-11-01,6,-357.084801531199,"stationary",-0.61433375325908
2003-12-01,6,-189.110605911279,"stationary",-0.424281567699596
2004-01-01,6,143.555278512378,"stationary",0.77840882098583
2004-02-01,6,333.550578011918,"stationary",0.724113871232888
2004-03-01,6,403.233598355887,"stationary",0.0744857289792434
2004-04-01,6,436.848676717643,"stationary",-0.13677618263429
2004-05-01,6,411.620128267299,"stationary",0.0396434957139066
2004-06-01,6,253.291549658734,"stationary",-0.00433646323487374
2004-07-01,6,-74.2026116018717,"stationary",-1.46656020714842
2004-08-01,6,-244.077378664052,"stationary",-1.26888284197173
2004-09-01,6,-360.821342034596,"stationary",-1.07226891467677
2004-10-01,6,-425.922987771767,"stationary",-1.24952097037237
2004-11-01,6,-316.712410888639,"stationary",-0.0132719933949595
2004-12-01,6,-215.674783268585,"stationary",-0.762644377578422
2005-01-01,6,-32.5746263446739,"stationary",-1.11387993888541
2005-02-01,6,137.81395289675,"stationary",-1.29291086742074
2005-03-01,6,321.530578787441,"stationary",-0.742609076337897
2005-04-01,6,417.630368951047,"stationary",-0.312363944221431
2005-05-01,6,307.997818177042,"stationary",-0.996359371732775
2005-06-01,6,212.787687867982,"stationary",-0.480970565785866
2005-07-01,6,28.2757676866791,"stationary",-0.13134569004201
2005-08-01,6,-158.426299800003,"stationary",-0.0500176674780539
2005-09-01,6,-316.647034705856,"stationary",-0.306399417748257
2005-10-01,6,-354.771486290578,"stationary",-0.0313887553064688
2005-11-01,6,-287.4255123872,"stationary",0.37846476631797
2005-12-01,6,-179.98389840431,"stationary",-0.30946605350176
2006-01-01,6,1.67247866422039,"stationary",-0.727374977366467
2006-02-01,6,218.563838209101,"stationary",-0.437170831368142
2006-03-01,6,368.046638453209,"stationary",-0.269966994312394
2006-04-01,6,395.729904915346,"stationary",-0.515051682727033
2006-05-01,6,312.960978348405,"stationary",-0.946227615089181
2006-06-01,6,189.738670214264,"stationary",-0.75445052634275
2006-07-01,6,25.611632470579,"stationary",-0.166369455759958
2006-08-01,6,-201.582058200318,"stationary",-0.660008912829684
2006-09-01,6,-349.208579738031,"stationary",-0.86819584668496
2006-10-01,6,-337.890620962386,"stationary",0.232750859620039
2006-11-01,6,-264.465113572581,"stationary",0.65350979514355
2006-12-01,6,-183.522140041296,"stationary",-0.353843764913139
2007-01-01,6,-32.5081244993937,"stationary",-1.11313923415665
2007-02-01,6,170.412610036273,"stationary",-0.954125795638717
2007-03-01,6,297.89197137238,"stationary",-0.983898812833699
2007-04-01,6,283.328676687005,"stationary",-1.53909746122053
2007-05-01,6,224.312963295224,"stationary",-1.81818172687804
2007-06-01,6,138.708754524726,"stationary",-1.34238404550762
2007-07-01,6,-41.844349559775,"stationary",-1.0583220735576
2007-08-01,6,-223.201024766773,"stationary",-0.97125131490193
2007-09-01,6,-380.764423472402,"stationary",-1.42266919257536
2007-10-01,6,-431.464381206349,"stationary",-1.34570047088287
2007-11-01,6,-351.773823859265,"stationary",-0.53233506087149
2007-12-01,6,-164.488801673965,"stationary",-0.117657215887612
2008-01-01,6,22.8736996559989,"stationary",-0.485464130282269
2008-02-01,6,194.198088008602,"stationary",-0.700193967577576
2008-03-01,6,317.704759445121,"stationary",-0.781736826456691
2008-04-01,6,331.662409099798,"stationary",-1.10729441138368
2008-05-01,6,256.405661149939,"stationary",-1.50891244745174
2008-06-01,6,75.4996357975429,"stationary",-2.01688767602152
2008-07-01,6,-108.90173829197,"stationary",-1.88116959932531
2008-08-01,6,-291.653084996205,"stationary",-1.92659560954195
2008-09-01,6,-347.810408865224,"stationary",-0.84367787368302
2008-10-01,6,-354.656412646901,"stationary",-0.0295350767117791
2008-11-01,6,-301.446215787989,"stationary",0.196437527889326
2008-12-01,6,-166.183103399623,"stationary",-0.138400108272853
2009-01-01,6,59.3386042771218,"stationary",-0.0743959241442956
2009-02-01,6,293.540117782398,"stationary",0.347704824083647
2009-03-01,6,441.941014905307,"stationary",0.42863040492064
2009-04-01,6,508.412913326314,"stationary",0.477790060749758
2009-05-01,6,469.274309588693,"stationary",0.55697530978197
2009-06-01,6,329.138574292252,"stationary",0.801572570326589
2009-07-01,6,147.008191082272,"stationary",1.21366461323658
2009-08-01,6,-79.1191998513445,"stationary",0.908626196449181
2009-09-01,6,-252.776815850632,"stationary",0.654802543468927
2009-10-01,6,-345.54798044601,"stationary",0.114951146588779
2009-11-01,6,-277.394888203872,"stationary",0.502166316723383
2009-12-01,6,-83.5368288032568,"stationary",0.773610110161147
2010-01-01,6,161.748116664419,"stationary",0.937442771142397
2010-02-01,6,349.390643526981,"stationary",0.862164739139037
2010-03-01,6,444.92260311772,"stationary",0.454604208742039
2010-04-01,6,547.594204688209,"stationary",0.777416595407393
2010-05-01,6,438.034396764461,"stationary",0.285046027586673
2010-06-01,6,287.062318130499,"stationary",0.373436363974386
2010-07-01,6,0.168819937652476,"stationary",-0.504304296304812
2010-08-01,6,-217.176676842915,"stationary",-0.884663466563639
2010-09-01,6,-349.403921314977,"stationary",-0.8716226243562
2010-10-01,6,-366.175233503381,"stationary",-0.218216618672256
2010-11-01,6,-368.818810992143,"stationary",-0.797503754415676
2010-12-01,6,-198.183460141349,"stationary",-0.539357451227614
2011-01-01,6,10.8232447753964,"stationary",-0.622995965546756
2011-02-01,6,222.228191575967,"stationary",-0.397590281153812
2011-03-01,6,389.976785171434,"stationary",-0.0532197337204941
2011-04-01,6,426.28378884346,"stationary",-0.232952332475249
2011-05-01,6,488.491061942754,"stationary",0.713437912028637
2011-06-01,6,331.72059270404,"stationary",0.826101713657871
2011-07-01,6,128.075875075345,"stationary",1.03362325035843
2011-08-01,6,-55.9178619771558,"stationary",1.13656774618212
2011-09-01,6,-207.17150464177,"stationary",1.1810177369262
2011-10-01,6,-308.906476616324,"stationary",0.644667218370438
2011-11-01,6,-298.646120359697,"stationary",0.233624354469803
2011-12-01,6,-189.483550677688,"stationary",-0.428995696400103
2012-01-01,6,116.702521094344,"stationary",0.52641040392337
2012-02-01,6,353.831452104934,"stationary",0.899721984595741
2012-03-01,6,470.385816895236,"stationary",0.668203927910275
2012-04-01,6,482.932031350676,"stationary",0.267885403770952
2012-05-01,6,491.029469264574,"stationary",0.733476088095085
2012-06-01,6,324.337796954109,"stationary",0.755418556616304
2012-07-01,6,10.1561124402952,"stationary",-0.371175728946664
2012-08-01,6,-233.092469939968,"stationary",-1.1128309500642
2012-09-01,6,-374.090842006685,"stationary",-1.30556732452924
2012-10-01,6,-365.13270167486,"stationary",-0.200896457125877
2012-11-01,6,-343.185970193355,"stationary",-0.401275054802513
2012-12-01,6,-88.6042839073061,"stationary",0.724442636152381
2013-01-01,6,120.984784038444,"stationary",0.567964686446347
2013-02-01,6,319.250452322583,"stationary",0.594032720827578
2013-03-01,6,459.659053854872,"stationary",0.580034155970784
2013-04-01,6,489.281542398256,"stationary",0.321231535125213
2013-05-01,6,379.526497021052,"stationary",-0.27347399726217
2013-06-01,6,119.76029976693,"stationary",-1.55103822047083
2013-07-01,6,-83.474010972999,"stationary",-1.5796720883748
2013-08-01,6,-279.010589784501,"stationary",-1.7546746233198
2013-09-01,6,-378.382212785266,"stationary",-1.38089268907394
2013-10-01,6,-422.389540979586,"stationary",-1.18806047737693
2013-11-01,6,-379.953782920725,"stationary",-0.973148050219031
2013-12-01,6,-254.552899960802,"stationary",-1.25705206409644
2014-01-01,6,-65.8995769417409,"stationary",-1.47862496577943
2014-02-01,6,77.7878563914797,"stationary",-1.88097682705324
2014-03-01,6,215.139652853726,"stationary",-1.80392176742415
2014-04-01,6,221.352771926077,"stationary",-2.06716219014571
2014-05-01,6,220.09833971149,"stationary",-1.85826982788785
2014-06-01,6,136.044182246863,"stationary",-1.37207119834084
2014-07-01,6,-48.630571272715,"stationary",-1.1455978301161
2014-08-01,6,-191.48521225365,"stationary",-0.514874826030023
2014-09-01,6,-284.690579913511,"stationary",0.205687803454694
2014-10-01,6,-283.621450674808,"stationary",0.95853879508512
2014-11-01,6,-237.350155505547,"stationary",0.942089198865653
2014-12-01,6,-122.864620641669,"stationary",0.367777091048746
2015-01-01,6,111.467446211062,"stationary",0.474921929875163
2015-02-01,6,364.590741150311,"stationary",0.988648759681547
2015-03-01,6,498.555270511534,"stationary",0.887101813574943
2015-04-01,6,538.949318938269,"stationary",0.713807061146456
2015-05-01,6,486.566614954165,"stationary",0.698148375954177
2015-06-01,6,388.939628727063,"stationary",1.31834055711478
2015-07-01,6,150.66511940234,"stationary",1.24695255715416
2015-08-01,6,-94.4387996386045,"stationary",0.745149892383599
2015-09-01,6,-314.505121237851,"stationary",-0.270515069362085
2015-10-01,6,-360.779831282667,"stationary",-0.129080640191743
2015-11-01,6,-361.06610025305,"stationary",-0.676204087173687
2015-12-01,6,-326.734494858151,"stationary",-2.14098268455773
2016-01-01,6,-62.0212545544323,"stationary",-1.43687231124847
2016-02-01,6,99.2057052152246,"stationary",-1.67652565762982
2016-03-01,6,265.034154202049,"stationary",-1.31517637002731
2016-04-01,6,249.815571633573,"stationary",-1.82798386757296
2016-05-01,6,298.230023221369,"stationary",-1.09468721361318
2016-06-01,6,222.179984667349,"stationary",-0.369373942717486
2016-07-01,6,-43.3645913799653,"stationary",-1.07794410073624
2016-08-01,6,-223.046817918839,"stationary",-0.969037736896752
2016-09-01,6,-332.113449180894,"stationary",-0.570204032203794
2016-10-01,6,-355.382123289583,"stationary",-0.0412365242150469
2016-11-01,6,-395.729048842686,"stationary",-1.22367971191432
2016-12-01,6,-125.822907932292,"stationary",0.335039176196243
2017-01-01,6,86.0636421400251,"stationary",0.214872848872046
2017-02-01,6,218.445755071595,"stationary",-0.438446720898723
2017-03-01,6,352.138837237203,"stationary",-0.430342670063358
2017-04-01,6,449.689578137837,"stationary",-0.0213199703370975
2017-05-01,6,484.349407453249,"stationary",0.68042809780164
2017-06-01,6,209.406063564437,"stationary",-0.521180888360364
2017-07-01,6,-18.3910712441637,"stationary",-0.751196734676326
2017-08-01,6,-136.373948448137,"stationary",0.243184479637585
2017-09-01,6,-327.404593720553,"stationary",-0.489123736529242
2017-10-01,6,-395.551941147406,"stationary",-0.720098107083205
2017-11-01,6,-357.077616722785,"stationary",-0.61422239371584
2017-12-01,6,-232.748642362163,"stationary",-0.980744160580438
2018-01-01,6,59.5900371111607,"stationary",-0.0716139987659204
2018-02-01,6,220.961303230255,"stationary",-0.411271395379936
2018-03-01,6,369.433191354597,"stationary",-0.25609493052121
2018-04-01,6,362.224603427725,"stationary",-0.826340739402354
2018-05-01,6,300.463642770044,"stationary",-1.0722456303488
2018-06-01,6,218.378275228017,"stationary",-0.414517087128485
2018-07-01,6,-55.0121361181848,"stationary",-1.2268987913438
2018-08-01,6,-225.354729184745,"stationary",-1.00214868756499
2018-09-01,6,-358.582288465512,"stationary",-1.03288632447416
2018-10-01,6,-325.833306868607,"stationary",0.410834897981101
2018-11-01,6,-315.330730758225,"stationary",0.00617366502025425
2018-12-01,6,-86.6904481477982,"stationary",0.743120531378977
2019-01-01,6,253.861671642951,"stationary",1.61013311679957
2019-02-01,6,459.484224459331,"stationary",1.65704178634365
2019-03-01,6,612.154625003605,"stationary",1.60233989729579
2019-04-01,6,665.403697114351,"stationary",1.51094834037918
2019-05-01,6,587.692118233182,"stationary",1.39324820786193
2019-06-01,6,348.364389117218,"stationary",0.97929740064819
2019-07-01,6,28.079250036094,"stationary",-0.133925544371896
2019-08-01,6,-162.328970630079,"stationary",-0.103595977854212
2019-09-01,6,-305.114521385346,"stationary",-0.115529627601044
2019-10-01,6,-405.622221545391,"stationary",-0.895589612879646
2019-11-01,6,-354.213995175406,"stationary",-0.569928767989321
2019-12-01,6,-123.290224304079,"stationary",0.363085463290429
2020-01-01,6,82.5422930843478,"stationary",0.177588273912622
2020-02-01,6,324.950058874648,"stationary",0.646492655281067
2020-03-01,6,489.449658275586,"stationary",0.818336403864237
2020-04-01,6,561.674036605336,"stationary",0.877973771926198
2020-05-01,6,550.567021120552,"stationary",1.16245070644203
2020-06-01,6,308.335332647685,"stationary",0.596470735330621
2020-07-01,6,67.728159582557,"stationary",0.36909362863924
2020-08-01,6,-189.175676556525,"stationary",-0.481790841076239
2020-09-01,6,-383.622914305267,"stationary",-1.47276031952384
2020-10-01,6,-486.376747647,"stationary",-2.28607784115676
2020-11-01,6,-438.640835565196,"stationary",-1.90911654867303
2020-12-01,6,-345.706846649807,"stationary",-2.36748073680206
2021-01-01,6,-72.9638992745895,"stationary",-1.55419165175232
2021-02-01,6,76.980657067824,"stationary",-1.88857294826086
2021-03-01,6,276.51936638789,"stationary",-1.20012835416909
2021-04-01,6,357.802353116623,"stationary",-0.867264409087594
2021-05-01,6,263.101163602733,"stationary",-1.44343956260913
2021-06-01,6,163.654904088347,"stationary",-1.05919383203121
2021-07-01,6,-106.417823898103,"stationary",-1.85225661679786
2021-08-01,6,-238.339375979731,"stationary",-1.18754261816591
2021-09-01,6,-404.951296371919,"stationary",-1.84538089907077
2021-10-01,6,-459.109922631999,"stationary",-1.82119004573685
2021-11-01,6,-382.307099421855,"stationary",-1.01042559810999
2021-12-01,6,-202.38160567339,"stationary",-0.59282904017377
2022-01-01,6,97.3279046398947,"stationary",0.33219028143955
2022-02-01,6,289.175241848647,"stationary",0.304402842073936
2022-03-01,6,455.982978433625,"stationary",0.549208239927049
2022-04-01,6,477.98959882286,"stationary",0.225908891462043
2022-05-01,6,464.251895339565,"stationary",0.514702464049355
2022-06-01,6,312.804827109126,"stationary",0.641648676745438
2022-07-01,6,22.9995041673877,"stationary",-0.200806406266483
2022-08-01,6,-190.896551901888,"stationary",-0.506437147284958
2022-09-01,6,-362.153629804981,"stationary",-1.09570441797325
2022-10-01,6,-371.437579570242,"stationary",-0.306293030816481
2022-11-01,6,-355.598067125921,"stationary",-0.591314287371769
2022-12-01,6,-298.48898657474,"stationary",-1.80053324008967
2023-01-01,6,-152.966892906973,"stationary",-2.3713772094693
2023-02-01,6,21.5125977155208,"stationary",-2.39439342137267
2023-03-01,6,200.345981255221,"stationary",-1.94553266277901
2023-04-01,6,314.610527011721,"stationary",-1.26161966112112
2023-05-01,6,288.863058703765,"stationary",-1.1884847576584
2023-06-01,6,255.525818457702,"stationary",0.0213914889830156
2023-07-01,6,107.525493666934,"stationary",0.822941815692036
2023-08-01,6,-72.8798196708001,"stationary",0.972197725988457
2023-09-01,6,-259.722353369332,"stationary",0.562894533918921
2023-10-01,6,-358.425344119795,"stationary",-0.0905910100868995
2023-11-01,6,-297.553152285297,"stationary",0.248028096405645
2023-12-01,6,-227.771045292355,"stationary",-0.917248781980439
2024-01-01,6,-9.37926012977154,"stationary",-0.85302103142036
2024-02-01,6,151.025341086501,"stationary",-1.15713680279905
2024-03-01,6,293.642298045594,"stationary",-1.02708335240412
2024-04-01,6,295.669065682842,"stationary",-1.43054306896819
2024-05-01,6,301.72106218227,"stationary",-1.0596003296402
2024-06-01,6,119.633558571372,"stationary",-1.55241456155225
2024-07-01,6,-90.5628274991517,"stationary",-1.6649859830413
2024-08-01,6,-233.927151222607,"stationary",-1.1247360198833
2024-09-01,6,-351.592792567261,"stationary",-0.910040462704724
2024-10-01,6,-385.888162415338,"stationary",-0.552729314245886
2024-11-01,6,-394.676007778699,"stationary",-1.20691928000788
2024-12-01,6,-187.382807660868,"stationary",-0.402462662239071
2025-01-01,6,-59.5420738184682,"stationary",-1.41008353157483
2025-02-01,6,111.915360327701,"stationary",-1.55243183222743
2025-03-01,6,200.946131830409,"stationary",-1.93981306663287
2025-04-01,6,312.352394170786,"stationary",-1.28190106815295
2025-05-01,6,272.452187128974,"stationary",-1.35144269491995
2025-06-01,6,90.4500832240292,"stationary",-1.86271128236345
2025-07-01,6,-58.7938386405844,"stationary",-1.27470877366455
2025-08-01,6,-241.466368878458,"stationary",-1.23191944573138
2025-09-01,6,-354.66303192645,"stationary",-0.963977545738526
2025-10-01,6,-445.679011715347,"stationary",-1.59107568875105
2025-11-01,6,-457.852644184395,"stationary",-2.21981531331164
2025-12-01,6,-289.19696377994,"stationary",-1.68716848178633
1950-01-01,12,NA,"sigma_time",NA
1950-02-01,12,NA,"sigma_time",NA
1950-03-01,12,NA,"sigma_time",NA
1950-04-01,12,NA,"sigma_time",NA
1950-05-01,12,NA,"sigma_time",NA
1950-06-01,12,NA,"sigma_time",NA
1950-07-01,12,NA,"sigma_time",NA
1950-08-01,12,NA,"sigma_time",NA
1950-09-01,12,NA,"sigma_time",NA
1950-10-01,12,NA,"sigma_time",NA
1950-11-01,12,NA,"sigma_time",NA
1950-12-01,12,-72.9199079143331,"sigma_time",-1.84603276771945
1951-01-01,12,-50.9940210593478,"sigma_time",-1.62639618220364
1951-02-01,12,-57.6610250216314,"sigma_time",-1.66551359029435
1951-03-01,12,-93.1623946419864,"sigma_time",-1.93416890535567
1951-04-01,12,-56.5485000445597,"sigma_time",-1.6457488179736
1951-05-01,12,-115.30943179327,"sigma_time",-2.06589603006364
1951-06-01,12,-85.8198765346763,"sigma_time",-1.79592555737632
1951-07-01,12,-76.4935836300363,"sigma_time",-1.71088531894452
1951-08-01,12,-71.1632588012592,"sigma_time",-1.67064009710434
1951-09-01,12,-59.5930413456208,"sigma_time",-1.64875117134883
1951-10-01,12,-0.238173420855877,"sigma_time",-1.16257183220783
1951-11-01,12,73.785476012877,"sigma_time",-0.590224761385004
1951-12-01,12,151.051449548138,"sigma_time",0.000484008141588972
1952-01-01,12,128.215264711303,"sigma_time",-0.119014191660839
1952-02-01,12,209.70745053205,"sigma_time",0.501437352678866
1952-03-01,12,242.917273394583,"sigma_time",0.675543003532658
1952-04-01,12,228.402315991716,"sigma_time",0.499172781579586
1952-05-01,12,257.353850775473,"sigma_time",0.69613915953679
1952-06-01,12,239.741745019837,"sigma_time",0.57283286336217
1952-07-01,12,244.903478249055,"sigma_time",0.608391746334331
1952-08-01,12,228.346732141673,"sigma_time",0.491982892383506
1952-09-01,12,186.514099064326,"sigma_time",0.220074150565535
1952-10-01,12,85.4387198365843,"sigma_time",-0.49429386083509
1952-11-01,12,65.7274622334299,"sigma_time",-0.642600366542984
1952-12-01,12,55.9795778675628,"sigma_time",-0.757587761175057
1953-01-01,12,108.055196676688,"sigma_time",-0.274435749298946
1953-02-01,12,132.183744748536,"sigma_time",-0.0910224855924198
1953-03-01,12,136.045596511508,"sigma_time",-0.0886484925879733
1953-04-01,12,188.570772625804,"sigma_time",0.236855170036461
1953-05-01,12,154.492788132492,"sigma_time",-0.0152618122334004
1953-06-01,12,167.697949580227,"sigma_time",0.0908979501569801
1953-07-01,12,147.800892932848,"sigma_time",-0.0414245087197178
1953-08-01,12,144.299947430157,"sigma_time",-0.0746591546116701
1953-09-01,12,179.630951402051,"sigma_time",0.184071937027884
1953-10-01,12,202.930104188096,"sigma_time",0.366645679097942
1953-11-01,12,255.453183749183,"sigma_time",0.703364751593279
1953-12-01,12,211.923961432287,"sigma_time",0.46670607791719
1954-01-01,12,206.432818970197,"sigma_time",0.494560038975429
1954-02-01,12,139.712425670811,"sigma_time",-0.0201545245868674
1954-03-01,12,120.614635319181,"sigma_time",-0.200556793628847
1954-04-01,12,159.509841023525,"sigma_time",0.0375343956542487
1954-05-01,12,184.403570772452,"sigma_time",0.218691523931371
1954-06-01,12,147.609010946285,"sigma_time",-0.0447366150249387
1954-07-01,12,142.380015529021,"sigma_time",-0.0703009634690493
1954-08-01,12,141.134031398443,"sigma_time",-0.0867256389561122
1954-09-01,12,128.62006965786,"sigma_time",-0.17285434312186
1954-10-01,12,127.269970077858,"sigma_time",-0.156952965213402
1954-11-01,12,70.3967985163411,"sigma_time",-0.585935623329817
1954-12-01,12,201.572154872695,"sigma_time",0.407367831625572
1955-01-01,12,117.072384940339,"sigma_time",-0.180866733166058
1955-02-01,12,86.9808227406092,"sigma_time",-0.448758037766754
1955-03-01,12,97.1973884902319,"sigma_time",-0.379208018842115
1955-04-01,12,31.0668619875128,"sigma_time",-0.944602094553266
1955-05-01,12,-16.8284143929218,"sigma_time",-1.32327496953818
1955-06-01,12,-56.6149122901733,"sigma_time",-1.56022827035273
1955-07-01,12,-33.068902052884,"sigma_time",-1.37032732530303
1955-08-01,12,-15.215549903153,"sigma_time",-1.23889755095057
1955-09-01,12,-10.390879019563,"sigma_time",-1.23680865153936
1955-10-01,12,-19.6914705618083,"sigma_time",-1.2752907344954
1955-11-01,12,-2.13071949496871,"sigma_time",-1.14427870775677
1955-12-01,12,-96.6967443937897,"sigma_time",-1.99953029774565
1956-01-01,12,-43.5848000463167,"sigma_time",-1.52895610483915
1956-02-01,12,33.9956972310953,"sigma_time",-0.886591776463014
1956-03-01,12,37.0238788118177,"sigma_time",-0.863415580267366
1956-04-01,12,16.0958004595829,"sigma_time",-1.05039315237236
1956-05-01,12,64.8710129388406,"sigma_time",-0.680452173368803
1956-06-01,12,87.0698984520002,"sigma_time",-0.479324504492327
1956-07-01,12,61.7651105673422,"sigma_time",-0.653977507571886
1956-08-01,12,46.5822549041129,"sigma_time",-0.770899883926854
1956-09-01,12,59.303989680394,"sigma_time",-0.682328280027197
1956-10-01,12,71.1505540617393,"sigma_time",-0.562756893598941
1956-11-01,12,17.6729238148943,"sigma_time",-0.979751402374384
1956-12-01,12,12.902687694648,"sigma_time",-1.07641115230307
1957-01-01,12,-29.2618478001379,"sigma_time",-1.40189345757568
1957-02-01,12,-105.479802365479,"sigma_time",-1.99069547677235
1957-03-01,12,-100.856443167006,"sigma_time",-1.94964496511703
1957-04-01,12,-87.2851690436799,"sigma_time",-1.81817271214441
1957-05-01,12,-76.0158101856164,"sigma_time",-1.74194282250118
1957-06-01,12,-22.7090305221432,"sigma_time",-1.29839401356496
1957-07-01,12,-17.0836112281268,"sigma_time",-1.2362451646628
1957-08-01,12,-31.928346035312,"sigma_time",-1.34243722468417
1957-09-01,12,-48.9466216709179,"sigma_time",-1.51540519403481
1957-10-01,12,-43.5544697630061,"sigma_time",-1.43999759998646
1957-11-01,12,-38.0963149931466,"sigma_time",-1.40689006335219
1957-12-01,12,14.9117297331774,"sigma_time",-1.04879724440095
1958-01-01,12,139.007359358876,"sigma_time",0.0258406564562163
1958-02-01,12,120.430954012317,"sigma_time",-0.140534477588772
1958-03-01,12,168.526306913761,"sigma_time",0.215070881626523
1958-04-01,12,181.101354119134,"sigma_time",0.242944309302347
1958-05-01,12,168.042487498785,"sigma_time",0.144150814760685
1958-06-01,12,154.893653704041,"sigma_time",0.0521037773729904
1958-07-01,12,161.824285813418,"sigma_time",0.112895152535643
1958-08-01,12,178.916238433435,"sigma_time",0.225824688258544
1958-09-01,12,183.716048181334,"sigma_time",0.270326022681604
1958-10-01,12,171.905458730507,"sigma_time",0.208560499562891
1958-11-01,12,137.385151155106,"sigma_time",-0.0329177822894281
1958-12-01,12,79.7480468276262,"sigma_time",-0.48897002156945
1959-01-01,12,105.972211846151,"sigma_time",-0.234107506401712
1959-02-01,12,108.837458493929,"sigma_time",-0.227682041866781
1959-03-01,12,20.6387511697934,"sigma_time",-0.96946615616333
1959-04-01,12,21.7927039016793,"sigma_time",-0.974430505320302
1959-05-01,12,-3.33452453807455,"sigma_time",-1.18251839343228
1959-06-01,12,0.222045204849565,"sigma_time",-1.11025451662875
1959-07-01,12,9.36807802187747,"sigma_time",-1.021279978431
1959-08-01,12,46.449534697492,"sigma_time",-0.741496520089812
1959-09-01,12,69.5421799701399,"sigma_time",-0.568896034118813
1959-10-01,12,133.69165600411,"sigma_time",-0.0556024610357461
1959-11-01,12,169.737178330775,"sigma_time",0.210760313714104
1959-12-01,12,157.270519256679,"sigma_time",0.145631539402334
1960-01-01,12,51.3377374323114,"sigma_time",-0.688864246807904
1960-02-01,12,63.9357828783191,"sigma_time",-0.598268890791574
1960-03-01,12,139.082790827478,"sigma_time",0.00993010445083652
1960-04-01,12,167.963845154954,"sigma_time",0.171602698475401
1960-05-01,12,144.118348180795,"sigma_time",-0.0135025708335604
1960-06-01,12,134.691160930273,"sigma_time",-0.0755559145466774
1960-07-01,12,126.951568646548,"sigma_time",-0.120209578849705
1960-08-01,12,97.2901573974251,"sigma_time",-0.346408226191012
1960-09-01,12,60.6885073874988,"sigma_time",-0.627326832632896
1960-10-01,12,-20.044129548716,"sigma_time",-1.23360211076924
1960-11-01,12,-30.0193249693463,"sigma_time",-1.31826211200005
1960-12-01,12,-59.3173391970418,"sigma_time",-1.64651312489711
1961-01-01,12,-103.407525403417,"sigma_time",-1.987375012908
1961-02-01,12,-23.9602311701991,"sigma_time",-1.3253672480265
1961-03-01,12,-86.9588794067313,"sigma_time",-1.81373548235694
1961-04-01,12,-162.787197276028,"sigma_time",-2.32748309166789
1961-05-01,12,-148.585598025233,"sigma_time",-2.22342924222139
1961-06-01,12,-169.412044306208,"sigma_time",-2.29097369371999
1961-07-01,12,-183.61924492688,"sigma_time",-2.37068060617722
1961-08-01,12,-196.926108180719,"sigma_time",-2.44913300546659
1961-09-01,12,-152.989849867202,"sigma_time",-2.27230877413777
1961-10-01,12,-134.760028406955,"sigma_time",-2.09274569506456
1961-11-01,12,-116.769351688851,"sigma_time",-1.98068183128707
1961-12-01,12,52.3347192150742,"sigma_time",-0.685671634487327
1962-01-01,12,50.584648010712,"sigma_time",-0.677138096113059
1962-02-01,12,27.9192368738731,"sigma_time",-0.886360525601647
1962-03-01,12,22.7402230450753,"sigma_time",-0.923569579041547
1962-04-01,12,51.3077060537176,"sigma_time",-0.708507042093491
1962-05-01,12,66.4054367123096,"sigma_time",-0.602727371318653
1962-06-01,12,46.5002244649789,"sigma_time",-0.728952678855762
1962-07-01,12,51.7447181923348,"sigma_time",-0.670139304361258
1962-08-01,12,46.0387597382805,"sigma_time",-0.714044622580653
1962-09-01,12,-6.52167892912174,"sigma_time",-1.13791205735431
1962-10-01,12,-13.8007108549704,"sigma_time",-1.16708646051211
1962-11-01,12,-75.1222792185419,"sigma_time",-1.653241960284
1962-12-01,12,-99.0060448973088,"sigma_time",-1.96214278990279
1963-01-01,12,13.6403126933012,"sigma_time",-0.987714938013817
1963-02-01,12,24.1860602473228,"sigma_time",-0.909369899751899
1963-03-01,12,67.245876819161,"sigma_time",-0.54305633677705
1963-04-01,12,102.7923685486,"sigma_time",-0.288744589084364
1963-05-01,12,185.885583793928,"sigma_time",0.332204133404303
1963-06-01,12,247.647966170607,"sigma_time",0.735406538209802
1963-07-01,12,279.044291117613,"sigma_time",0.920724702492
1963-08-01,12,285.802279733094,"sigma_time",0.949469599475746
1963-09-01,12,338.863726394817,"sigma_time",1.22691225314943
1963-10-01,12,364.150395202669,"sigma_time",1.35684411802851
1963-11-01,12,393.866501787056,"sigma_time",1.4863416418341
1963-12-01,12,257.556534502432,"sigma_time",0.873200647204893
1964-01-01,12,121.785815443929,"sigma_time",-0.0552121374563545
1964-02-01,12,64.5406849846816,"sigma_time",-0.556849860244591
1964-03-01,12,75.9295256389467,"sigma_time",-0.460472444070505
1964-04-01,12,27.6383587602561,"sigma_time",-0.874626500941303
1964-05-01,12,-20.999998709053,"sigma_time",-1.2703947055346
1964-06-01,12,-5.57311435278252,"sigma_time",-1.10738996545454
1964-07-01,12,-34.3771906607138,"sigma_time",-1.30273501234555
1964-08-01,12,-17.4831127766494,"sigma_time",-1.17345005808752
1964-09-01,12,-38.7921624377361,"sigma_time",-1.3727645987687
1964-10-01,12,-76.0423922508589,"sigma_time",-1.62996924429007
1964-11-01,12,0.538895952399489,"sigma_time",-1.04044825603686
1964-12-01,12,17.4313512324319,"sigma_time",-0.95192830646445
1965-01-01,12,67.0650310507066,"sigma_time",-0.507166491550953
1965-02-01,12,125.256430660492,"sigma_time",-0.0343223076264674
1965-03-01,12,98.7079179971515,"sigma_time",-0.261615196974413
1965-04-01,12,173.803580038172,"sigma_time",0.273563278167632
1965-05-01,12,159.29756534217,"sigma_time",0.159304783545983
1965-06-01,12,110.212078805178,"sigma_time",-0.206388769438514
1965-07-01,12,109.718249044606,"sigma_time",-0.196240052244803
1965-08-01,12,97.5214295132768,"sigma_time",-0.290787868085254
1965-09-01,12,74.3798336039336,"sigma_time",-0.463227703856168
1965-10-01,12,135.489028918789,"sigma_time",0.0222792367041821
1965-11-01,12,96.2946326346715,"sigma_time",-0.269664074613801
1965-12-01,12,174.072963939063,"sigma_time",0.343376837653795
1966-01-01,12,367.76194434991,"sigma_time",1.51865843312953
1966-02-01,12,267.064013055615,"sigma_time",1.01046226207424
1966-03-01,12,262.79464046756,"sigma_time",0.937556342903362
1966-04-01,12,188.864023638385,"sigma_time",0.392620283658619
1966-05-01,12,142.212209022967,"sigma_time",0.0411096309357012
1966-06-01,12,119.552582250868,"sigma_time",-0.124523049416774
1966-07-01,12,112.332558828627,"sigma_time",-0.165923673657938
1966-08-01,12,114.880951241607,"sigma_time",-0.149406942521422
1966-09-01,12,159.503509000391,"sigma_time",0.19329312148651
1966-10-01,12,109.659267181615,"sigma_time",-0.160590704923907
1966-11-01,12,110.051341953687,"sigma_time",-0.153009298707283
1966-12-01,12,149.90322814179,"sigma_time",0.174748600977957
1967-01-01,12,-6.37774738585194,"sigma_time",-1.12721784576018
1967-02-01,12,32.8257304991518,"sigma_time",-0.801464724204242
1967-03-01,12,82.5595672493841,"sigma_time",-0.374055099741182
1967-04-01,12,132.573039048579,"sigma_time",-0.00962812383217691
1967-05-01,12,199.345013648413,"sigma_time",0.473067562073727
1967-06-01,12,233.519583493259,"sigma_time",0.687333620564239
1967-07-01,12,248.995738057046,"sigma_time",0.783237672677234
1967-08-01,12,247.8322479217,"sigma_time",0.768717274345865
1967-09-01,12,222.786024770379,"sigma_time",0.629765018521813
1967-10-01,12,265.372618836205,"sigma_time",0.893654063139895
1967-11-01,12,321.852152270673,"sigma_time",1.19498391223235
1967-12-01,12,252.313426273401,"sigma_time",0.886098083754045
1968-01-01,12,358.65326649319,"sigma_time",1.49159973108863
1968-02-01,12,372.154611009327,"sigma_time",1.59747146561847
1968-03-01,12,347.950935497453,"sigma_time",1.41788621656214
1968-04-01,12,280.620569495106,"sigma_time",0.999681762395188
1968-05-01,12,284.013790182876,"sigma_time",1.0262223925274
1968-06-01,12,303.926401289785,"sigma_time",1.11059405806444
1968-07-01,12,294.219988381883,"sigma_time",1.052206640627
1968-08-01,12,331.708868804786,"sigma_time",1.23878141028286
1968-09-01,12,370.89030852829,"sigma_time",1.42092561587895
1968-10-01,12,365.474167116104,"sigma_time",1.40561123280457
1968-11-01,12,381.989380018079,"sigma_time",1.47766153028146
1968-12-01,12,460.627594223274,"sigma_time",1.85925748630034
1969-01-01,12,411.622947559795,"sigma_time",1.72927082924956
1969-02-01,12,413.80748731743,"sigma_time",1.79282356722836
1969-03-01,12,455.841656169938,"sigma_time",1.88858323697566
1969-04-01,12,538.397403271921,"sigma_time",2.11950985222206
1969-05-01,12,516.474862216654,"sigma_time",2.08024521770781
1969-06-01,12,501.448016178663,"sigma_time",1.98332021265119
1969-07-01,12,519.826695179102,"sigma_time",2.02566729444512
1969-08-01,12,480.095701751662,"sigma_time",1.87686846357503
1969-09-01,12,427.467133123217,"sigma_time",1.66199964392742
1969-10-01,12,426.336282742386,"sigma_time",1.66601533312353
1969-11-01,12,344.707223189531,"sigma_time",1.3212755917446
1969-12-01,12,321.67930558216,"sigma_time",1.28548230576415
1970-01-01,12,242.018772643308,"sigma_time",0.876794789458846
1970-02-01,12,302.749573180705,"sigma_time",1.25350328720074
1970-03-01,12,258.102486923737,"sigma_time",0.947242188811407
1970-04-01,12,161.68858460098,"sigma_time",0.24477503306915
1970-05-01,12,131.533185552814,"sigma_time",0.00481379106920464
1970-06-01,12,103.929965513084,"sigma_time",-0.200614109088472
1970-07-01,12,93.5005998507745,"sigma_time",-0.266749465301326
1970-08-01,12,105.123388662374,"sigma_time",-0.17914583461902
1970-09-01,12,134.371045041474,"sigma_time",0.0567114377018215
1970-10-01,12,188.120958184463,"sigma_time",0.446927673933127
1970-11-01,12,233.012005148095,"sigma_time",0.7386780482919
1970-12-01,12,132.591758952043,"sigma_time",0.0888761958719023
1971-01-01,12,67.2988024546559,"sigma_time",-0.448777404797549
1971-02-01,12,31.5269756244115,"sigma_time",-0.777655604519164
1971-03-01,12,34.5414380613329,"sigma_time",-0.736905747703061
1971-04-01,12,155.00999664066,"sigma_time",0.20742869945429
1971-05-01,12,172.840074436046,"sigma_time",0.328384022333209
1971-06-01,12,202.002727456973,"sigma_time",0.522796062424376
1971-07-01,12,201.16636294089,"sigma_time",0.520717791191041
1971-08-01,12,250.932740012041,"sigma_time",0.827470012048077
1971-09-01,12,222.244674678477,"sigma_time",0.670551496817366
1971-10-01,12,179.55412893616,"sigma_time",0.399569155740274
1971-11-01,12,183.294765626038,"sigma_time",0.430547118329966
1971-12-01,12,226.38709320279,"sigma_time",0.770852887613318
1972-01-01,12,245.52173293583,"sigma_time",0.916089595842787
1972-02-01,12,221.41605906362,"sigma_time",0.763770111729192
1972-03-01,12,188.199516220552,"sigma_time",0.506063111387821
1972-04-01,12,178.623270312781,"sigma_time",0.390732321165552
1972-05-01,12,212.978551377881,"sigma_time",0.622349733524087
1972-06-01,12,269.094842833144,"sigma_time",0.953120476110981
1972-07-01,12,301.671465269582,"sigma_time",1.12887656621299
1972-08-01,12,268.862563596724,"sigma_time",0.941584935456736
1972-09-01,12,297.490866541008,"sigma_time",1.10950700985568
1972-10-01,12,317.040398474765,"sigma_time",1.21371412622187
1972-11-01,12,282.014940650949,"sigma_time",1.036802536972
1972-12-01,12,180.533175365386,"sigma_time",0.473579685270971
1973-01-01,12,183.242435694226,"sigma_time",0.507180721408747
1973-02-01,12,179.61818334014,"sigma_time",0.471883894641228
1973-03-01,12,204.55671711277,"sigma_time",0.630789208116253
1973-04-01,12,166.15602505252,"sigma_time",0.312961951746622
1973-05-01,12,136.306756302157,"sigma_time",0.0763863442612897
1973-06-01,12,84.8758275217588,"sigma_time",-0.315919329413165
1973-07-01,12,55.3914595600272,"sigma_time",-0.530393142167587
1973-08-01,12,30.9513794042668,"sigma_time",-0.717488099686099
1973-09-01,12,0.690482073135045,"sigma_time",-0.968493403888156
1973-10-01,12,-53.2616472898407,"sigma_time",-1.37915494207255
1973-11-01,12,-42.8769771453749,"sigma_time",-1.30777113166557
1973-12-01,12,29.5696262116702,"sigma_time",-0.745884800143071
1974-01-01,12,63.3000662879649,"sigma_time",-0.455319288039835
1974-02-01,12,28.9064027282817,"sigma_time",-0.773963678157413
1974-03-01,12,3.84749815198395,"sigma_time",-0.967523828435062
1974-04-01,12,18.6062405775446,"sigma_time",-0.838160758271913
1974-05-01,12,-2.43768702327173,"sigma_time",-1.02703920725123
1974-06-01,12,-57.6742202502555,"sigma_time",-1.40901455562376
1974-07-01,12,-66.9061480742756,"sigma_time",-1.45891350791013
1974-08-01,12,-42.7143004380028,"sigma_time",-1.27097895655671
1974-09-01,12,-8.72809291161496,"sigma_time",-1.03480684110878
1974-10-01,12,6.36334385979295,"sigma_time",-0.894346366019861
1974-11-01,12,-13.2524539426875,"sigma_time",-1.05873028112361
1974-12-01,12,105.16294311299,"sigma_time",-0.0839203895510813
1975-01-01,12,134.734740937066,"sigma_time",0.156160708204106
1975-02-01,12,180.904917575206,"sigma_time",0.499911062144509
1975-03-01,12,151.551533824901,"sigma_time",0.266306380478822
1975-04-01,12,186.833939720937,"sigma_time",0.483530383310004
1975-05-01,12,218.116498596653,"sigma_time",0.689500749980134
1975-06-01,12,260.257933057371,"sigma_time",0.930464015929776
1975-07-01,12,259.906213388348,"sigma_time",0.925213071777565
1975-08-01,12,247.033365221377,"sigma_time",0.84421662359564
1975-09-01,12,211.116468919484,"sigma_time",0.644674194346724
1975-10-01,12,188.128823042775,"sigma_time",0.499234083285536
1975-11-01,12,195.053221133216,"sigma_time",0.550168485070507
1975-12-01,12,85.85353981903,"sigma_time",-0.233475219923881
1976-01-01,12,111.566105423046,"sigma_time",-0.0232838737585999
1976-02-01,12,82.0286828275218,"sigma_time",-0.295677127591829
1976-03-01,12,96.4079858421827,"sigma_time",-0.163923953492233
1976-04-01,12,61.66708325965,"sigma_time",-0.464924973025162
1976-05-01,12,88.7489460859834,"sigma_time",-0.265613751315188
1976-06-01,12,76.5713874453469,"sigma_time",-0.348810580531766
1976-07-01,12,97.4707370372948,"sigma_time",-0.172894866325454
1976-08-01,12,107.218873310551,"sigma_time",-0.0979508241947447
1976-09-01,12,151.700201760523,"sigma_time",0.253349436990784
1976-10-01,12,250.811893239798,"sigma_time",0.898008927983055
1976-11-01,12,291.206139880743,"sigma_time",1.12202335374511
1976-12-01,12,310.75780150342,"sigma_time",1.30090211989051
1977-01-01,12,269.885490312947,"sigma_time",1.10393094277245
1977-02-01,12,261.701499520783,"sigma_time",1.06826026158461
1977-03-01,12,311.846771526198,"sigma_time",1.3130352283339
1977-04-01,12,329.727774964511,"sigma_time",1.35210878682976
1977-05-01,12,276.36808923668,"sigma_time",1.07225801310646
1977-06-01,12,276.209611059661,"sigma_time",1.04162354049682
1977-07-01,12,262.689816791251,"sigma_time",0.960248040402903
1977-08-01,12,232.388011240524,"sigma_time",0.776041967744009
1977-09-01,12,205.414922981916,"sigma_time",0.630437953103765
1977-10-01,12,139.268149923022,"sigma_time",0.179054626636022
1977-11-01,12,54.6391016161856,"sigma_time",-0.474606536961651
1977-12-01,12,55.9499431682354,"sigma_time",-0.467435449750527
1978-01-01,12,151.930676698297,"sigma_time",0.320255030295573
1978-02-01,12,201.532636036835,"sigma_time",0.677824915367012
1978-03-01,12,205.300640819294,"sigma_time",0.686251803091455
1978-04-01,12,190.554951717771,"sigma_time",0.543985651522238
1978-05-01,12,150.624030964777,"sigma_time",0.243184494289964
1978-06-01,12,138.55443178525,"sigma_time",0.148222911680154
1978-07-01,12,120.674515044335,"sigma_time",0.0243901412924671
1978-08-01,12,136.920271255171,"sigma_time",0.144565426963124
1978-09-01,12,156.862152017113,"sigma_time",0.31337786941781
1978-10-01,12,185.98729535323,"sigma_time",0.516188209875651
1978-11-01,12,197.168732559849,"sigma_time",0.594640829586934
1978-12-01,12,188.865681051278,"sigma_time",0.602563425749135
1979-01-01,12,152.675853038755,"sigma_time",0.33555020194058
1979-02-01,12,133.527981215159,"sigma_time",0.166173704791809
1979-03-01,12,67.6346188074523,"sigma_time",-0.373838156386175
1979-04-01,12,32.4485876048069,"sigma_time",-0.66954098590028
1979-05-01,12,77.1947735583961,"sigma_time",-0.325178480541362
1979-06-01,12,109.952022018357,"sigma_time",-0.0570071842049325
1979-07-01,12,136.486638752752,"sigma_time",0.152326087169771
1979-08-01,12,132.395411108709,"sigma_time",0.122373945675461
1979-09-01,12,98.572293463687,"sigma_time",-0.111230007153605
1979-10-01,12,81.9135141304113,"sigma_time",-0.236332647579274
1979-11-01,12,195.42011776409,"sigma_time",0.593472692609808
1979-12-01,12,206.237516568609,"sigma_time",0.731287268126677
1980-01-01,12,179.658358819315,"sigma_time",0.546583319377526
1980-02-01,12,178.71361772042,"sigma_time",0.52924575935647
1980-03-01,12,324.119490117345,"sigma_time",1.40133245865375
1980-04-01,12,375.355422232686,"sigma_time",1.59350409368052
1980-05-01,12,427.382791643326,"sigma_time",1.8306677851608
1980-06-01,12,390.792435359723,"sigma_time",1.63446600153947
1980-07-01,12,362.789815951829,"sigma_time",1.49717804231548
1980-08-01,12,362.102843680123,"sigma_time",1.48763397116875
1980-09-01,12,377.675092470767,"sigma_time",1.55794146782427
1980-10-01,12,368.385275313693,"sigma_time",1.51870885292948
1980-11-01,12,296.780386586003,"sigma_time",1.18672286723334
1980-12-01,12,267.783908144801,"sigma_time",1.11516214318187
1981-01-01,12,415.783223569767,"sigma_time",1.82787709409381
1981-02-01,12,436.251471480002,"sigma_time",1.9636663997034
1981-03-01,12,319.228817279227,"sigma_time",1.3851798967673
1981-04-01,12,256.83002207425,"sigma_time",0.99918225467276
1981-05-01,12,271.113305590266,"sigma_time",1.08170665919766
1981-06-01,12,307.392984075011,"sigma_time",1.24756406513633
1981-07-01,12,333.206445008917,"sigma_time",1.36742408216468
1981-08-01,12,331.979513588135,"sigma_time",1.35580976973993
1981-09-01,12,308.342703445461,"sigma_time",1.25269970364411
1981-10-01,12,299.363384967406,"sigma_time",1.20641428707718
1981-11-01,12,327.012746176695,"sigma_time",1.34251389164655
1981-12-01,12,439.766658412665,"sigma_time",1.89324734495101
1982-01-01,12,225.422676124702,"sigma_time",0.876809794149188
1982-02-01,12,189.522249568385,"sigma_time",0.627150211693602
1982-03-01,12,172.600899735391,"sigma_time",0.49683061280904
1982-04-01,12,205.71241811019,"sigma_time",0.691724019774801
1982-05-01,12,163.112456241587,"sigma_time",0.381787059084628
1982-06-01,12,139.415770133695,"sigma_time",0.197789602146835
1982-07-01,12,158.113596222498,"sigma_time",0.339958787255899
1982-08-01,12,168.5821834267,"sigma_time",0.412747679353967
1982-09-01,12,188.006902003924,"sigma_time",0.572728203927455
1982-10-01,12,191.391715637846,"sigma_time",0.593203908167741
1982-11-01,12,121.170112578961,"sigma_time",0.10239009652808
1982-12-01,12,8.5064004379348,"sigma_time",-0.832273117177305
1983-01-01,12,46.3970855733047,"sigma_time",-0.519969136409235
1983-02-01,12,84.6897218115878,"sigma_time",-0.206951601898058
1983-03-01,12,104.06873604763,"sigma_time",-0.026049318900281
1983-04-01,12,114.483454580737,"sigma_time",0.0420722258027915
1983-05-01,12,119.073638577296,"sigma_time",0.0573514123115493
1983-06-01,12,143.017362467478,"sigma_time",0.23512034892146
1983-07-01,12,118.379769956486,"sigma_time",0.0603702644662269
1983-08-01,12,119.726333384617,"sigma_time",0.0723678091705556
1983-09-01,12,111.317644657257,"sigma_time",0.0342988213828527
1983-10-01,12,137.217386366246,"sigma_time",0.22833356599011
1983-11-01,12,253.32616232881,"sigma_time",0.98308451509706
1983-12-01,12,217.807965363753,"sigma_time",0.851041796264464
1984-01-01,12,242.290610561702,"sigma_time",0.999580397942818
1984-02-01,12,200.222036156692,"sigma_time",0.721824313036479
1984-03-01,12,220.401333896304,"sigma_time",0.84572136624577
1984-04-01,12,250.892230828597,"sigma_time",0.99593664502423
1984-05-01,12,187.47287685461,"sigma_time",0.578959477408955
1984-06-01,12,158.365460098224,"sigma_time",0.357240472783452
1984-07-01,12,161.080145978328,"sigma_time",0.381789719143647
1984-08-01,12,172.740939120977,"sigma_time",0.462604321306953
1984-09-01,12,154.968492637643,"sigma_time",0.368907982206928
1984-10-01,12,94.9140772628729,"sigma_time",-0.0807020461327309
1984-11-01,12,11.8491510118932,"sigma_time",-0.755729651884508
1984-12-01,12,32.3805595161317,"sigma_time",-0.594211922851196
1985-01-01,12,20.2575322169777,"sigma_time",-0.735877250345531
1985-02-01,12,62.0111048592529,"sigma_time",-0.385637746467618
1985-03-01,12,30.4817575546952,"sigma_time",-0.631253441289139
1985-04-01,12,-32.5132908351403,"sigma_time",-1.13764711890642
1985-05-01,12,16.3667468256874,"sigma_time",-0.759694896442569
1985-06-01,12,19.3293217716388,"sigma_time",-0.709191836594093
1985-07-01,12,22.4571951607547,"sigma_time",-0.668052711844395
1985-08-01,12,-9.98161825246308,"sigma_time",-0.916463876557187
1985-09-01,12,2.31799244658109,"sigma_time",-0.828827345547719
1985-10-01,12,147.863300421959,"sigma_time",0.326578460256438
1985-11-01,12,149.959732540561,"sigma_time",0.345642048177171
1985-12-01,12,146.977188119156,"sigma_time",0.382114842004096
1986-01-01,12,133.262868063584,"sigma_time",0.250353949986384
1986-02-01,12,105.119681181201,"sigma_time",-0.0037183804453443
1986-03-01,12,60.9884638711744,"sigma_time",-0.357246576850513
1986-04-01,12,27.2761132227055,"sigma_time",-0.632999422118498
1986-05-01,12,116.81374790148,"sigma_time",0.0741334516076408
1986-06-01,12,161.617410448668,"sigma_time",0.401704556778154
1986-07-01,12,143.155699740937,"sigma_time",0.274953119167817
1986-08-01,12,142.291501114978,"sigma_time",0.270362228437484
1986-09-01,12,142.397278745257,"sigma_time",0.301685100282782
1986-10-01,12,29.4248945352357,"sigma_time",-0.586311794818554
1986-11-01,12,73.0831819438728,"sigma_time",-0.23078560993255
1986-12-01,12,123.854410272301,"sigma_time",0.214455394005719
1987-01-01,12,185.927027897293,"sigma_time",0.655979384403642
1987-02-01,12,181.818688700268,"sigma_time",0.615783878716743
1987-03-01,12,360.232327993489,"sigma_time",1.6299705235893
1987-04-01,12,403.381183487059,"sigma_time",1.7732608303239
1987-05-01,12,297.105078341935,"sigma_time",1.28480142498954
1987-06-01,12,274.435461604202,"sigma_time",1.1251954232378
1987-07-01,12,303.208160563988,"sigma_time",1.27043223394734
1987-08-01,12,323.959940036662,"sigma_time",1.36954013139787
1987-09-01,12,314.536917798867,"sigma_time",1.33983320244386
1987-10-01,12,336.937941797292,"sigma_time",1.43839270610352
1987-11-01,12,325.774570416526,"sigma_time",1.38798581870343
1987-12-01,12,385.957061107926,"sigma_time",1.74007635211446
1988-01-01,12,288.3105406278,"sigma_time",1.29508163759404
1988-02-01,12,317.235116128704,"sigma_time",1.46835192191818
1988-03-01,12,298.51871734017,"sigma_time",1.33832937702531
1988-04-01,12,317.147975896549,"sigma_time",1.39485002383666
1988-05-01,12,339.489988007938,"sigma_time",1.50953978852021
1988-06-01,12,356.240667293287,"sigma_time",1.54585655128519
1988-07-01,12,340.018495286623,"sigma_time",1.45844879705601
1988-08-01,12,325.003134387309,"sigma_time",1.38327270764042
1988-09-01,12,353.6812636397,"sigma_time",1.52682073562439
1988-10-01,12,405.169364168797,"sigma_time",1.73208423081778
1988-11-01,12,429.891937510634,"sigma_time",1.82206764791164
1988-12-01,12,348.176898712704,"sigma_time",1.5906215347326
1989-01-01,12,341.468302776293,"sigma_time",1.56682531530726
1989-02-01,12,255.911961511696,"sigma_time",1.1305418357789
1989-03-01,12,145.311521380509,"sigma_time",0.365931235428185
1989-04-01,12,39.824457067363,"sigma_time",-0.493898586900912
1989-05-01,12,6.0090749710648,"sigma_time",-0.802896153557207
1989-06-01,12,-29.5344225244265,"sigma_time",-1.05851387506562
1989-07-01,12,-40.518324802344,"sigma_time",-1.12781770810707
1989-08-01,12,-35.3009812575663,"sigma_time",-1.07617695461842
1989-09-01,12,-41.9598215816537,"sigma_time",-1.15853831546587
1989-10-01,12,-54.5378798462222,"sigma_time",-1.24969218720804
1989-11-01,12,-44.5738475484464,"sigma_time",-1.18037710755346
1989-12-01,12,-61.34946244273,"sigma_time",-1.39379427083536
1990-01-01,12,-84.7396882297649,"sigma_time",-1.63333305961552
1990-02-01,12,32.6264540964351,"sigma_time",-0.598955285823682
1990-03-01,12,18.0097202510329,"sigma_time",-0.689550479430511
1990-04-01,12,109.079618335876,"sigma_time",0.0834973838099675
1990-05-01,12,143.584175021793,"sigma_time",0.326965203687777
1990-06-01,12,152.182761683679,"sigma_time",0.376722604181423
1990-07-01,12,158.751021409002,"sigma_time",0.427897828312998
1990-08-01,12,160.359159945849,"sigma_time",0.441095970800434
1990-09-01,12,176.326601357933,"sigma_time",0.584284600106822
1990-10-01,12,92.8907557073309,"sigma_time",-0.0319060531192963
1990-11-01,12,10.4941702466776,"sigma_time",-0.707339263887985
1990-12-01,12,-2.24245421978437,"sigma_time",-0.840978274726072
1991-01-01,12,17.5180912604876,"sigma_time",-0.706392194122094
1991-02-01,12,-30.518795566038,"sigma_time",-1.14469668025319
1991-03-01,12,-16.6058994899626,"sigma_time",-0.982262995897079
1991-04-01,12,27.0310365406136,"sigma_time",-0.577977801590454
1991-05-01,12,46.9709696305574,"sigma_time",-0.438961970320178
1991-06-01,12,33.8844491699381,"sigma_time",-0.530414169448566
1991-07-01,12,37.8336198029419,"sigma_time",-0.48414638501318
1991-08-01,12,33.4002545227046,"sigma_time",-0.511296613548382
1991-09-01,12,20.4400954631869,"sigma_time",-0.611174741386866
1991-10-01,12,92.8216909685779,"sigma_time",-0.0216768770833118
1991-11-01,12,123.128525624201,"sigma_time",0.212926222312289
1991-12-01,12,273.317570433058,"sigma_time",1.25810484301628
1992-01-01,12,258.174798904572,"sigma_time",1.16048337741319
1992-02-01,12,242.714767806983,"sigma_time",1.07345679746559
1992-03-01,12,247.630699142216,"sigma_time",1.09018911151302
1992-04-01,12,163.840559111282,"sigma_time",0.518672119037128
1992-05-01,12,168.69257999413,"sigma_time",0.534491665537583
1992-06-01,12,240.988270167745,"sigma_time",0.980542568634778
1992-07-01,12,265.501359442641,"sigma_time",1.11527238503228
1992-08-01,12,268.60275462336,"sigma_time",1.13075575115681
1992-09-01,12,264.95239858726,"sigma_time",1.13785384341409
1992-10-01,12,183.609236696652,"sigma_time",0.644608565735353
1992-11-01,12,238.734048485328,"sigma_time",0.985607231056251
1992-12-01,12,157.291471673596,"sigma_time",0.542009644027447
1993-01-01,12,181.354714146277,"sigma_time",0.67850165478446
1993-02-01,12,177.863746084958,"sigma_time",0.640641238180076
1993-03-01,12,180.89573643687,"sigma_time",0.668338451979
1993-04-01,12,228.523932556868,"sigma_time",0.957221198302494
1993-05-01,12,276.536809463146,"sigma_time",1.22968349132701
1993-06-01,12,246.371673435328,"sigma_time",1.02176183422461
1993-07-01,12,218.38187872788,"sigma_time",0.850465107857261
1993-08-01,12,221.035621362122,"sigma_time",0.866980622310573
1993-09-01,12,206.866372405701,"sigma_time",0.813986554048742
1993-10-01,12,191.274780047863,"sigma_time",0.704470646313643
1993-11-01,12,100.958771923353,"sigma_time",0.0650029328065991
1993-12-01,12,33.6928695580019,"sigma_time",-0.476487501955385
1994-01-01,12,110.761878506074,"sigma_time",0.144268567627366
1994-02-01,12,135.065135770511,"sigma_time",0.319633668323495
1994-03-01,12,112.951240969616,"sigma_time",0.163798864399975
1994-04-01,12,71.6591508675351,"sigma_time",-0.170371819308788
1994-05-01,12,-26.0396364025208,"sigma_time",-1.01674323149488
1994-06-01,12,-75.8351682509557,"sigma_time",-1.37466557173742
1994-07-01,12,-61.8897043255014,"sigma_time",-1.25019987423589
1994-08-01,12,-65.9554621891404,"sigma_time",-1.26873618856393
1994-09-01,12,-81.1951491372358,"sigma_time",-1.43943184670981
1994-10-01,12,-50.2062531245083,"sigma_time",-1.16903021783494
1994-11-01,12,68.8887227714118,"sigma_time",-0.179782003183847
1994-12-01,12,115.399522073119,"sigma_time",0.243763589909883
1995-01-01,12,73.904245464059,"sigma_time",-0.161587011275486
1995-02-01,12,16.0407343036587,"sigma_time",-0.701560239492201
1995-03-01,12,45.6852917095072,"sigma_time",-0.395708335447155
1995-04-01,12,106.937792201745,"sigma_time",0.126455064337883
1995-05-01,12,122.50615493041,"sigma_time",0.222304833498967
1995-06-01,12,168.006571152297,"sigma_time",0.541251779263763
1995-07-01,12,193.18911179604,"sigma_time",0.711181502289391
1995-08-01,12,198.710697872013,"sigma_time",0.748369394026965
1995-09-01,12,237.195217502357,"sigma_time",1.01504573340849
1995-10-01,12,258.259409269465,"sigma_time",1.11923858036997
1995-11-01,12,289.811754358184,"sigma_time",1.28463387147223
1995-12-01,12,228.246659528276,"sigma_time",1.04582431557029
1996-01-01,12,238.614054517893,"sigma_time",1.07869404856526
1996-02-01,12,286.564273910494,"sigma_time",1.36335982436058
1996-03-01,12,382.071822014354,"sigma_time",1.79395215789983
1996-04-01,12,399.827855731256,"sigma_time",1.83434511500049
1996-05-01,12,368.15994511354,"sigma_time",1.71057182804387
1996-06-01,12,325.859261416759,"sigma_time",1.47002869887894
1996-07-01,12,271.352398521319,"sigma_time",1.18321800573705
1996-08-01,12,273.836748392899,"sigma_time",1.19582449060007
1996-09-01,12,329.135991131033,"sigma_time",1.49021658898222
1996-10-01,12,402.861590711285,"sigma_time",1.78435100324369
1996-11-01,12,230.81737809284,"sigma_time",0.978011237149487
1996-12-01,12,308.836405444382,"sigma_time",1.48527064311619
1997-01-01,12,236.584310897744,"sigma_time",1.07484336008239
1997-02-01,12,223.786643254176,"sigma_time",0.993922801838586
1997-03-01,12,118.285605831079,"sigma_time",0.238612066706922
1997-04-01,12,102.15907004757,"sigma_time",0.1125723479697
1997-05-01,12,123.653777935654,"sigma_time",0.254133104077953
1997-06-01,12,177.2951136374,"sigma_time",0.625690137873119
1997-07-01,12,192.058392124536,"sigma_time",0.723749261623201
1997-08-01,12,216.443675900784,"sigma_time",0.878683918457604
1997-09-01,12,200.123322711806,"sigma_time",0.814943049248993
1997-10-01,12,163.063062082474,"sigma_time",0.5585967409124
1997-11-01,12,203.027915998596,"sigma_time",0.821679700616167
1997-12-01,12,190.428271763846,"sigma_time",0.830045000078704
1998-01-01,12,225.973986131723,"sigma_time",1.01838789779655
1998-02-01,12,194.807887484363,"sigma_time",0.806591646333459
1998-03-01,12,256.505300937505,"sigma_time",1.19620619299145
1998-04-01,12,228.62560319974,"sigma_time",1.01079097234925
1998-05-01,12,268.924537944706,"sigma_time",1.23517957208489
1998-06-01,12,224.225879777036,"sigma_time",0.937657134192302
1998-07-01,12,221.077375411844,"sigma_time",0.914984593970151
1998-08-01,12,170.603498897486,"sigma_time",0.595404478993491
1998-09-01,12,121.347984251725,"sigma_time",0.284970058947554
1998-10-01,12,73.4001308336638,"sigma_time",-0.100330850827678
1998-11-01,12,80.8889343396793,"sigma_time",-0.0401323741366955
1998-12-01,12,125.031065606596,"sigma_time",0.368710934943811
1999-01-01,12,127.251594028374,"sigma_time",0.326828562239255
1999-02-01,12,194.482350227111,"sigma_time",0.813012620887659
1999-03-01,12,135.186163615194,"sigma_time",0.392725290291118
1999-04-01,12,115.442124839323,"sigma_time",0.24071190807373
1999-05-01,12,34.5092797347176,"sigma_time",-0.453968313200145
1999-06-01,12,88.136623248304,"sigma_time",-0.00978670116158195
1999-07-01,12,98.3056228776402,"sigma_time",0.0780385134902839
1999-08-01,12,125.510969823227,"sigma_time",0.289065976110694
1999-09-01,12,141.389939459713,"sigma_time",0.443392465828388
1999-10-01,12,135.759121194205,"sigma_time",0.387811003777942
1999-11-01,12,90.0978339910111,"sigma_time",0.0439044640228438
1999-12-01,12,-21.2555048778053,"sigma_time",-0.91854986963456
2000-01-01,12,66.1073252079404,"sigma_time",-0.182308035061081
2000-02-01,12,56.5853111415371,"sigma_time",-0.293609333860624
2000-03-01,12,58.6741738439413,"sigma_time",-0.22961588155848
2000-04-01,12,110.671595292881,"sigma_time",0.215460515774769
2000-05-01,12,176.617581734657,"sigma_time",0.678391829096321
2000-06-01,12,116.046902108708,"sigma_time",0.216821462133549
2000-07-01,12,82.7526510277353,"sigma_time",-0.0319969488558232
2000-08-01,12,81.1957050306961,"sigma_time",-0.035568410562739
2000-09-01,12,86.5732093213463,"sigma_time",0.0391657222214886
2000-10-01,12,106.1234875948,"sigma_time",0.178083035166996
2000-11-01,12,119.804422152309,"sigma_time",0.2833879381091
2000-12-01,12,119.199787626556,"sigma_time",0.346655804104609
2001-01-01,12,-21.0931309472556,"sigma_time",-0.972496325658722
2001-02-01,12,-18.4344574624742,"sigma_time",-0.956494750918806
2001-03-01,12,-63.8363898266687,"sigma_time",-1.3023737565472
2001-04-01,12,-131.203384029792,"sigma_time",-1.78221509061679
2001-05-01,12,-100.491011574055,"sigma_time",-1.55427253577541
2001-06-01,12,-117.819266766139,"sigma_time",-1.6373053877935
2001-07-01,12,-105.468056233597,"sigma_time",-1.52860243197683
2001-08-01,12,-117.186681852991,"sigma_time",-1.60179892497156
2001-09-01,12,-142.718207313585,"sigma_time",-1.8921417484143
2001-10-01,12,-179.321009268171,"sigma_time",-2.16380884264757
2001-11-01,12,-131.763997025074,"sigma_time",-1.80996080419887
2001-12-01,12,63.2452972216168,"sigma_time",-0.113352379910707
2002-01-01,12,150.81401914085,"sigma_time",0.538403146338074
2002-02-01,12,114.718871254676,"sigma_time",0.228197984144774
2002-03-01,12,165.038194855932,"sigma_time",0.64638718748669
2002-04-01,12,240.887372240949,"sigma_time",1.1246403833389
2002-05-01,12,187.936020329177,"sigma_time",0.777489648255762
2002-06-01,12,201.559166500588,"sigma_time",0.835727143123512
2002-07-01,12,233.976142448994,"sigma_time",1.0290812113137
2002-08-01,12,258.076097335767,"sigma_time",1.16616876374122
2002-09-01,12,277.831264928502,"sigma_time",1.30181086053272
2002-10-01,12,282.223468006327,"sigma_time",1.30670607873978
2002-11-01,12,232.141671519581,"sigma_time",1.04187777076077
2002-12-01,12,59.215811630654,"sigma_time",-0.137060673422991
2003-01-01,12,15.0254131312967,"sigma_time",-0.619621697785734
2003-02-01,12,92.9610191342857,"sigma_time",0.0536710625834288
2003-03-01,12,107.759088310971,"sigma_time",0.217226225830147
2003-04-01,12,91.2764014190423,"sigma_time",0.0973845156540586
2003-05-01,12,85.9189965163261,"sigma_time",0.0219470014875771
2003-06-01,12,89.289312603374,"sigma_time",0.0426380688268725
2003-07-01,12,63.8579585733714,"sigma_time",-0.149588999000547
2003-08-01,12,32.961230057665,"sigma_time",-0.387265666444413
2003-09-01,12,43.9927839509793,"sigma_time",-0.27578666670315
2003-10-01,12,60.4630102337191,"sigma_time",-0.151478225432576
2003-11-01,12,68.2427228511826,"sigma_time",-0.0891419529113721
2003-12-01,12,91.9358337552518,"sigma_time",0.159689185121165
2004-01-01,12,240.66055182685,"sigma_time",1.15711825479912
2004-02-01,12,169.552991150561,"sigma_time",0.677794717571287
2004-03-01,12,110.789169566879,"sigma_time",0.252390578767467
2004-04-01,12,49.0965448023394,"sigma_time",-0.23947863853105
2004-05-01,12,54.5353267361008,"sigma_time",-0.227693020606352
2004-06-01,12,64.1809437474549,"sigma_time",-0.146581228008398
2004-07-01,12,69.3526669105068,"sigma_time",-0.0951840439618513
2004-08-01,12,89.4731993478659,"sigma_time",0.0723165644504016
2004-09-01,12,42.4122563212912,"sigma_time",-0.277576278819802
2004-10-01,12,10.9256889458763,"sigma_time",-0.555369086329622
2004-11-01,12,94.9077173786608,"sigma_time",0.135124529052308
2004-12-01,12,37.6167663901486,"sigma_time",-0.308882872262972
2005-01-01,12,-106.777237946546,"sigma_time",-1.72304821519466
2005-02-01,12,-106.263425767302,"sigma_time",-1.68215762522476
2005-03-01,12,-39.2907632471545,"sigma_time",-1.05077592978142
2005-04-01,12,-8.29261882072018,"sigma_time",-0.720039703289413
2005-05-01,12,-8.7145927115967,"sigma_time",-0.756440711073089
2005-06-01,12,-2.88709540060339,"sigma_time",-0.686236493665426
2005-07-01,12,-4.29885865799482,"sigma_time",-0.68388814396742
2005-08-01,12,-20.6123469032528,"sigma_time",-0.802949988162846
2005-09-01,12,4.883544081585,"sigma_time",-0.588455379359211
2005-10-01,12,62.8588826604683,"sigma_time",-0.110414893649532
2005-11-01,12,20.5723057898419,"sigma_time",-0.468577499908315
2005-12-01,12,32.803789463672,"sigma_time",-0.341302351391358
2006-01-01,12,29.9482463508995,"sigma_time",-0.453425713055031
2006-02-01,12,60.1375384090981,"sigma_time",-0.205584522162338
2006-03-01,12,51.3996037473529,"sigma_time",-0.229715790760646
2006-04-01,12,40.9584186247673,"sigma_time",-0.284799853750637
2006-05-01,12,25.5354659612046,"sigma_time",-0.451877366524528
2006-06-01,12,9.75477180995416,"sigma_time",-0.571504750342863
2006-07-01,12,27.2841111347994,"sigma_time",-0.414305382818672
2006-08-01,12,16.9817800087826,"sigma_time",-0.485361092992041
2006-09-01,12,18.8380587151785,"sigma_time",-0.456259514137283
2006-10-01,12,57.83928395296,"sigma_time",-0.140764484376293
2006-11-01,12,48.4958647758231,"sigma_time",-0.220769642446517
2006-12-01,12,6.21653017296816,"sigma_time",-0.57899323840764
2007-01-01,12,-6.89649202881467,"sigma_time",-0.78773803921197
2007-02-01,12,-31.1694481640449,"sigma_time",-1.01957508148141
2007-03-01,12,-51.3166083656509,"sigma_time",-1.13922665102777
2007-04-01,12,-54.5619442753804,"sigma_time",-1.09574567501007
2007-05-01,12,-40.1521502773579,"sigma_time",-1.00298197472032
2007-06-01,12,-44.8133855165696,"sigma_time",-1.01058968230694
2007-07-01,12,-74.3524740591687,"sigma_time",-1.23412064320817
2007-08-01,12,-52.7884147305,"sigma_time",-1.04440363190195
2007-09-01,12,-82.8724521000219,"sigma_time",-1.33309664023013
2007-10-01,12,-148.135704519344,"sigma_time",-1.86940358553489
2007-11-01,12,-127.460860564042,"sigma_time",-1.72850117317322
2007-12-01,12,-25.780047149239,"sigma_time",-0.873457934749336
2008-01-01,12,-18.9706499037761,"sigma_time",-0.892089984865837
2008-02-01,12,-29.0029367581717,"sigma_time",-0.991902058164197
2008-03-01,12,-63.0596640272813,"sigma_time",-1.23421352169446
2008-04-01,12,-99.8019721065509,"sigma_time",-1.46593836702154
2008-05-01,12,-95.3681627093261,"sigma_time",-1.45121950102078
2008-06-01,12,-88.9891658764224,"sigma_time",-1.35602288986755
2008-07-01,12,-86.0280386359714,"sigma_time",-1.31831500345823
2008-08-01,12,-97.4549969876033,"sigma_time",-1.3908263324176
2008-09-01,12,-30.1056494201031,"sigma_time",-0.861974082071722
2008-10-01,12,-22.9940035471024,"sigma_time",-0.805541902260019
2008-11-01,12,-45.0405546380497,"sigma_time",-1.00984092166448
2008-12-01,12,-90.6834676020804,"sigma_time",-1.4851876877845
2009-01-01,12,-49.5631340148485,"sigma_time",-1.16977920407417
2009-02-01,12,1.88703278619352,"sigma_time",-0.70457456184732
2009-03-01,12,94.1306060400829,"sigma_time",0.168889019308051
2009-04-01,12,153.756500679413,"sigma_time",0.641900562679169
2009-05-01,12,167.828093800704,"sigma_time",0.714546014629322
2009-06-01,12,162.955470892629,"sigma_time",0.651140006801275
2009-07-01,12,206.346795359393,"sigma_time",0.930410677328915
2009-08-01,12,214.420917931054,"sigma_time",0.98376383926981
2009-09-01,12,189.164199054674,"sigma_time",0.874243945299717
2009-10-01,12,162.864932880304,"sigma_time",0.680056174992518
2009-11-01,12,191.879421384821,"sigma_time",0.869426046319167
2009-12-01,12,245.601745488995,"sigma_time",1.28928251719283
2010-01-01,12,308.75630774669,"sigma_time",1.56569416433803
2010-02-01,12,270.271443675636,"sigma_time",1.37848050092337
2010-03-01,12,192.145787267088,"sigma_time",0.912097708748854
2010-04-01,12,202.0462242422,"sigma_time",0.974490531677561
2010-05-01,12,160.639508560589,"sigma_time",0.674834040088569
2010-06-01,12,203.525489327242,"sigma_time",0.926536011485428
2010-07-01,12,161.916936602071,"sigma_time",0.654264775615639
2010-08-01,12,132.213966684066,"sigma_time",0.455494780815745
2010-09-01,12,95.5186818027432,"sigma_time",0.226284417584156
2010-10-01,12,181.418971184829,"sigma_time",0.81120409924717
2010-11-01,12,69.2155857723187,"sigma_time",-0.0064324838005262
2010-12-01,12,88.8788579891504,"sigma_time",0.219027106955591
2011-01-01,12,10.9920647130489,"sigma_time",-0.583413607795876
2011-02-01,12,5.05151473305252,"sigma_time",-0.657950663267163
2011-03-01,12,40.5728638564566,"sigma_time",-0.272713114777781
2011-04-01,12,60.1085553400796,"sigma_time",-0.0630624015608215
2011-05-01,12,119.672250950611,"sigma_time",0.382598716924927
2011-06-01,12,133.537132562691,"sigma_time",0.464119649402268
2011-07-01,12,138.899119850742,"sigma_time",0.504910277603455
2011-08-01,12,166.310329598812,"sigma_time",0.701028701232095
2011-09-01,12,182.805280529664,"sigma_time",0.855451192530641
2011-10-01,12,117.377312227136,"sigma_time",0.380034187113901
2011-11-01,12,189.844941583056,"sigma_time",0.876142706496158
2011-12-01,12,142.237042026352,"sigma_time",0.652996808579161
2012-01-01,12,244.77839616969,"sigma_time",1.24578812146339
2012-02-01,12,297.913590127778,"sigma_time",1.54232293643707
2012-03-01,12,263.214312253467,"sigma_time",1.35596593313325
2012-04-01,12,174.025554734351,"sigma_time",0.814832847483842
2012-05-01,12,192.383348904876,"sigma_time",0.912169436750321
2012-06-01,12,134.854246276421,"sigma_time",0.484193310184988
2012-07-01,12,126.85863353464,"sigma_time",0.428815750360082
2012-08-01,12,120.738982164966,"sigma_time",0.393969076128119
2012-09-01,12,96.2949748885514,"sigma_time",0.25551523490865
2012-10-01,12,117.799329675816,"sigma_time",0.393713389543164
2012-11-01,12,147.843499071219,"sigma_time",0.610278224198871
2012-12-01,12,235.733513046802,"sigma_time",1.2648736376726
2013-01-01,12,131.140896478739,"sigma_time",0.490175067467607
2013-02-01,12,86.1579823826146,"sigma_time",0.0896977682830197
2013-03-01,12,85.5682118481871,"sigma_time",0.139830071316825
2013-04-01,12,124.148840723396,"sigma_time",0.472079290648209
2013-05-01,12,36.3405268276969,"sigma_time",-0.279758277118354
2013-06-01,12,31.1560158596235,"sigma_time",-0.320139549129316
2013-07-01,12,37.510773065445,"sigma_time",-0.25708564421343
2013-08-01,12,40.2398625380822,"sigma_time",-0.22028051356264
2013-09-01,12,81.2768410696062,"sigma_time",0.148456227204119
2013-10-01,12,66.8920014186701,"sigma_time",0.00855563988280268
2013-11-01,12,-0.427285899673244,"sigma_time",-0.568578964825964
2013-12-01,12,-134.792600193873,"sigma_time",-1.86040884755731
2014-01-01,12,-149.37358791474,"sigma_time",-2.04544777926459
2014-02-01,12,-201.222733393021,"sigma_time",-2.39287596446021
2014-03-01,12,-163.24255993154,"sigma_time",-2.0475787722305
2014-04-01,12,-201.036769053509,"sigma_time",-2.23023038370197
2014-05-01,12,-159.855443209235,"sigma_time",-1.9130132374837
2014-06-01,12,-118.508717713939,"sigma_time",-1.53718793872673
2014-07-01,12,-114.530148214456,"sigma_time",-1.49314709620802
2014-08-01,12,-113.69735586217,"sigma_time",-1.46689984840003
2014-09-01,12,-69.5509270597852,"sigma_time",-1.14881501889789
2014-10-01,12,-62.2686787487314,"sigma_time",-1.08767657048429
2014-11-01,12,-17.2518157940568,"sigma_time",-0.706866350687634
2014-12-01,12,13.1795616051938,"sigma_time",-0.418124604703575
2015-01-01,12,62.8368749383465,"sigma_time",-0.066562867541267
2015-02-01,12,173.105528896661,"sigma_time",0.800693777681681
2015-03-01,12,213.864690598023,"sigma_time",1.09746376674796
2015-04-01,12,255.327868263461,"sigma_time",1.33443445549416
2015-05-01,12,249.216459448618,"sigma_time",1.28635168943072
2015-06-01,12,266.075008085393,"sigma_time",1.33191512578372
2015-07-01,12,262.132565613402,"sigma_time",1.30144729244187
2015-08-01,12,270.151941511706,"sigma_time",1.34691629530092
2015-09-01,12,184.050149273683,"sigma_time",0.905536848056587
2015-10-01,12,178.169487655602,"sigma_time",0.839796766245744
2015-11-01,12,125.500514701114,"sigma_time",0.482501286108483
2015-12-01,12,62.2051338689124,"sigma_time",0.0484213447761021
2016-01-01,12,88.643864847908,"sigma_time",0.169976641756295
2016-02-01,12,4.76690557662008,"sigma_time",-0.615649795364983
2016-03-01,12,-49.4709670358019,"sigma_time",-1.03995460440837
2016-04-01,12,-110.964259649094,"sigma_time",-1.48470200442371
2016-05-01,12,-62.836077031681,"sigma_time",-1.10520599747814
2016-06-01,12,-104.554510190801,"sigma_time",-1.41040976119902
2016-07-01,12,-105.385845934398,"sigma_time",-1.40411795260841
2016-08-01,12,-123.841112703614,"sigma_time",-1.52970227419128
2016-09-01,12,-67.0792949788447,"sigma_time",-1.10693583573335
2016-10-01,12,-105.56655165601,"sigma_time",-1.44270259695528
2016-11-01,12,-97.4990256213167,"sigma_time",-1.39803426298243
2016-12-01,12,96.3570767350569,"sigma_time",0.353992832088814
2017-01-01,12,42.6990507600598,"sigma_time",-0.230693336662177
2017-02-01,12,-4.6010628472439,"sigma_time",-0.692746659644029
2017-03-01,12,20.025388056309,"sigma_time",-0.394749940691455
2017-04-01,12,94.3074548482546,"sigma_time",0.288518728748502
2017-05-01,12,88.6203586105629,"sigma_time",0.205165218182931
2017-06-01,12,83.583155632145,"sigma_time",0.149267198118582
2017-07-01,12,67.6725708958614,"sigma_time",0.0297371411042947
2017-08-01,12,82.0718066234578,"sigma_time",0.156803335715206
2017-09-01,12,24.7342435166504,"sigma_time",-0.278990145960559
2017-10-01,12,54.1376369904308,"sigma_time",-0.052981806159529
2017-11-01,12,127.271790730464,"sigma_time",0.516006785752914
2017-12-01,12,-23.3425787977261,"sigma_time",-0.737503239652865
2018-01-01,12,41.198965866997,"sigma_time",-0.234937460912329
2018-02-01,12,84.5873547821178,"sigma_time",0.12340555954363
2018-03-01,12,42.0285976340444,"sigma_time",-0.185540200358141
2018-04-01,12,-33.3273377196818,"sigma_time",-0.793968334151244
2018-05-01,12,-56.6139739527412,"sigma_time",-1.03201814673595
2018-06-01,12,-14.3703671341466,"sigma_time",-0.649116352087674
2018-07-01,12,4.57790099297586,"sigma_time",-0.47803882282538
2018-08-01,12,-4.39342595449009,"sigma_time",-0.535304339840471
2018-09-01,12,10.8509028890853,"sigma_time",-0.389189872676608
2018-10-01,12,36.3912965591177,"sigma_time",-0.190895760556356
2018-11-01,12,-14.8670879881807,"sigma_time",-0.645466324830428
2018-12-01,12,131.687827080219,"sigma_time",0.655591209888729
2019-01-01,12,198.849535524766,"sigma_time",1.02546294777654
2019-02-01,12,234.129495274586,"sigma_time",1.23722056003688
2019-03-01,12,253.572336538093,"sigma_time",1.36328247628544
2019-04-01,12,339.570390245744,"sigma_time",1.77644721893292
2019-05-01,12,272.361387474957,"sigma_time",1.44863630698044
2019-06-01,12,261.67394096942,"sigma_time",1.3435935438522
2019-07-01,12,281.940921679045,"sigma_time",1.43654095387283
2019-08-01,12,297.155253829252,"sigma_time",1.5143010973837
2019-09-01,12,307.040103618259,"sigma_time",1.59500116860531
2019-10-01,12,259.78147556896,"sigma_time",1.3416613006208
2019-11-01,12,233.478123057776,"sigma_time",1.20434377391338
2019-12-01,12,225.074164813139,"sigma_time",1.27533786944743
2020-01-01,12,110.621543120442,"sigma_time",0.392370205251267
2020-02-01,12,162.621088244569,"sigma_time",0.768372073576847
2020-03-01,12,184.335136890241,"sigma_time",0.955952870596299
2020-04-01,12,156.051815059945,"sigma_time",0.78120608297192
2020-05-01,12,196.353025945146,"sigma_time",1.0196338545021
2020-06-01,12,185.045108343606,"sigma_time",0.907367943203455
2020-07-01,12,150.270452666905,"sigma_time",0.675493884915433
2020-08-01,12,135.774382318123,"sigma_time",0.586006978450912
2020-09-01,12,105.826743970319,"sigma_time",0.420692051755058
2020-10-01,12,75.2972889583358,"sigma_time",0.15166005486685
2020-11-01,12,111.926185555356,"sigma_time",0.434401903879766
2020-12-01,12,-37.3715140021221,"sigma_time",-0.8422063896076
2021-01-01,12,-5.23573969203248,"sigma_time",-0.645268846647758
2021-02-01,12,-112.195019488701,"sigma_time",-1.6209453937332
2021-03-01,12,-107.103547917377,"sigma_time",-1.51272420903107
2021-04-01,12,-128.574394530378,"sigma_time",-1.58680356827123
2021-05-01,12,-175.539671962463,"sigma_time",-1.98135135011712
2021-06-01,12,-182.05194256146,"sigma_time",-1.97067496173368
2021-07-01,12,-179.381723172692,"sigma_time",-1.94140419291536
2021-08-01,12,-161.358718911907,"sigma_time",-1.78105006035557
2021-09-01,12,-128.431929984028,"sigma_time",-1.60383949704051
2021-10-01,12,-101.307569515376,"sigma_time",-1.36349615545371
2021-11-01,12,-119.205935819122,"sigma_time",-1.5471519647067
2021-12-01,12,-38.7267015850431,"sigma_time",-0.84452370263004
2022-01-01,12,-9.08991925820781,"sigma_time",-0.673108438141792
2022-02-01,12,50.835865868916,"sigma_time",-0.138089967661057
2022-03-01,12,51.0316820617067,"sigma_time",-0.0627553697323196
2022-04-01,12,18.8796761908615,"sigma_time",-0.28613215428369
2022-05-01,12,81.94479591771,"sigma_time",0.208164425182655
2022-06-01,12,110.423221435737,"sigma_time",0.409623867065518
2022-07-01,12,120.327408807282,"sigma_time",0.484849741565646
2022-08-01,12,98.2786899467594,"sigma_time",0.334892575092482
2022-09-01,12,93.8293486286441,"sigma_time",0.351682115126761
2022-10-01,12,106.552019252618,"sigma_time",0.415317728598738
2022-11-01,12,108.653828213644,"sigma_time",0.4307492760103
2022-12-01,12,14.315840534386,"sigma_time",-0.311200201703533
2023-01-01,12,-129.967388739586,"sigma_time",-1.81040994356274
2023-02-01,12,-169.383954186367,"sigma_time",-2.08555957272751
2023-03-01,12,-161.80764854976,"sigma_time",-1.97252753247988
2023-04-01,12,-56.8270525585204,"sigma_time",-0.947513581644182
2023-05-01,12,-66.7350084221561,"sigma_time",-1.06903579621923
2023-06-01,12,-42.9631681170388,"sigma_time",-0.839942357367276
2023-07-01,12,-45.4413992400394,"sigma_time",-0.848624256450058
2023-08-01,12,-51.3672219552792,"sigma_time",-0.877473662153565
2023-09-01,12,-59.3763721141104,"sigma_time",-0.96629882049474
2023-10-01,12,-43.8148171080732,"sigma_time",-0.83970551300288
2023-11-01,12,-8.69009358153164,"sigma_time",-0.539321452494955
2023-12-01,12,27.7547731653468,"sigma_time",-0.170661471170783
2024-01-01,12,98.1462335371623,"sigma_time",0.32738333352545
2024-02-01,12,78.1455214157011,"sigma_time",0.124085528392883
2024-03-01,12,33.9199446762622,"sigma_time",-0.194773037368864
2024-04-01,12,-62.7562784369522,"sigma_time",-0.989396010243308
2024-05-01,12,4.16790989697276,"sigma_time",-0.435487092183832
2024-06-01,12,-108.137486720983,"sigma_time",-1.37032953347662
2024-07-01,12,-99.9420876289232,"sigma_time",-1.29184310829668
2024-08-01,12,-82.901810136106,"sigma_time",-1.1299572227838
2024-09-01,12,-57.9504945216674,"sigma_time",-0.942940186891118
2024-10-01,12,-90.2190967324952,"sigma_time",-1.24049625159744
2024-11-01,12,-92.9549455964294,"sigma_time",-1.28905753603739
2024-12-01,12,-67.749249089496,"sigma_time",-1.10184244063289
2025-01-01,12,-150.10490131762,"sigma_time",-1.98236841050565
2025-02-01,12,-122.011790894906,"sigma_time",-1.6770526444284
2025-03-01,12,-150.646660736852,"sigma_time",-1.8622002775567
2025-04-01,12,-73.5357682445521,"sigma_time",-1.07422334020408
2025-05-01,12,-122.223820649725,"sigma_time",-1.51993264643708
2025-06-01,12,-96.9327244368388,"sigma_time",-1.27040891076015
2025-07-01,12,-118.335912459053,"sigma_time",-1.43254797104904
2025-08-01,12,-129.551008550757,"sigma_time",-1.4996471425532
2025-09-01,12,-153.716900096041,"sigma_time",-1.79251796044827
2025-10-01,12,-133.326617544561,"sigma_time",-1.60678295022212
2025-11-01,12,-185.400457055421,"sigma_time",-2.09471778948334
2025-12-01,12,-198.746880555911,"sigma_time",-2.38531748120104
