"cell_id","series_id","scale_months","selected_model","selection_status","delta_AICc_favoring_best_nonstationary","stationary_AICc","sigma_time_AICc","nu_time_AICc","sigma_nu_time_AICc","selected_sigma_slope_median","selected_nu_slope_median","finite_nspei","nspei_mean","nspei_sd","nspei_minimum","nspei_maximum","extreme_dry_count","fit_failures","longitude","latitude","basin_fraction","cell_area_km2","basin_area_weight_km2","cell_key"
50,"cell_0050",1,"sigma_time","weak_nonstationarity",3.38505152562902,8103.61729318783,8100.23224166221,8117.62204664553,8119.77275160089,-0.0235908597572743,NA,912,-0.0164357315826962,0.99015491924529,-2.86070616440438,2.27479741791949,26,"",36.4,39.2,0.106023992145224,95.9006772953339,10.1677726562822,"cell_0050"
50,"cell_0050",12,"sigma_time","strong_nonstationarity",47.1166781402026,10692.8389257278,10645.7222475876,10718.0427011191,10648.3399505347,-0.049814900431503,NA,901,-0.033946884781201,0.993382598916708,-2.98536186341006,2.07277391416365,36,"",36.4,39.2,0.106023992145224,95.9006772953339,10.1677726562822,"cell_0050"
50,"cell_0050",3,"sigma_time","moderate_nonstationarity",8.14653708522201,9327.18836772552,9319.0418306403,9341.42984875606,9335.35705513785,-0.0246749456122472,NA,910,-0.0277977845268782,0.989896913443742,-2.70961811964992,2.18427076800698,28,"",36.4,39.2,0.106023992145224,95.9006772953339,10.1677726562822,"cell_0050"
50,"cell_0050",6,"sigma_time","strong_nonstationarity",18.9605701632518,9991.14081547679,9972.18024531354,10009.0830947984,9977.95920617077,-0.0303523319413238,NA,907,-0.0384647003374712,0.998923028228788,-2.89796650479751,2.56390960450204,36,"",36.4,39.2,0.106023992145224,95.9006772953339,10.1677726562822,"cell_0050"
51,"cell_0051",3,"sigma_time","moderate_nonstationarity",9.04805734614274,9295.32612926588,9286.27807191974,9308.8245255795,9303.2103244688,-0.0225963877720121,NA,910,-0.0278677045409499,0.989780495060193,-2.72973981625208,2.16312360123092,29,"",36.5,39.2,0.185646614323802,95.9006772953339,17.8036360512382,"cell_0051"
51,"cell_0051",6,"sigma_time","strong_nonstationarity",17.2587672170466,9955.02466629692,9937.76589907988,9973.48381260472,9944.86777630079,-0.0306995573738285,NA,907,-0.0366610681037363,0.998662307220209,-2.90774782513258,2.60576140545929,35,"",36.5,39.2,0.185646614323802,95.9006772953339,17.8036360512382,"cell_0051"
51,"cell_0051",12,"sigma_time","strong_nonstationarity",41.9228738096263,10645.0586039768,10603.1357301672,10670.0484241105,10606.3723801497,-0.0494905948474999,NA,901,-0.0306889874196612,0.992422372514766,-2.98394961339261,2.06129232849322,34,"",36.5,39.2,0.185646614323802,95.9006772953339,17.8036360512382,"cell_0051"
51,"cell_0051",1,"sigma_time","moderate_nonstationarity",5.46922575979443,8076.75878143343,8071.28955567364,8089.83160631821,8090.44791811919,-0.0224198928412227,NA,912,-0.0167968822141356,0.990755306108093,-2.81851119736791,2.37274928968575,28,"",36.5,39.2,0.185646614323802,95.9006772953339,17.8036360512382,"cell_0051"
52,"cell_0052",3,"sigma_time","moderate_nonstationarity",8.9439448783105,9287.01200125145,9278.06805637313,9299.40365352495,9294.60280007776,-0.0217821808734481,NA,910,-0.0276869807642713,0.989438965688068,-2.63608946700132,2.12465366925267,28,"",36.6,39.2,0.20820881254058,95.9006772953339,19.9673661414988,"cell_0052"
52,"cell_0052",6,"sigma_time","strong_nonstationarity",16.0263075718995,9944.56902140181,9928.54271382991,9962.18168663781,9935.55354433848,-0.0304151751258862,NA,907,-0.0346758886818451,0.998420666102413,-2.9302005695498,2.61613401367747,35,"",36.6,39.2,0.20820881254058,95.9006772953339,19.9673661414988,"cell_0052"
52,"cell_0052",12,"sigma_time","strong_nonstationarity",38.3491994391443,10626.6886168829,10588.3394174437,10651.5271797269,10592.1294159536,-0.0492015213163335,NA,901,-0.0287355186054378,0.992050077971332,-2.98223963731991,2.09489152986538,35,"",36.6,39.2,0.20820881254058,95.9006772953339,19.9673661414988,"cell_0052"
52,"cell_0052",1,"sigma_time","moderate_nonstationarity",6.06275223904322,8067.88322742691,8061.82047518787,8080.28006690456,8080.61229502595,-0.0223863948817478,NA,912,-0.0170624221860856,0.991009661723478,-2.80403618704404,2.42859177904476,29,"",36.6,39.2,0.20820881254058,95.9006772953339,19.9673661414988,"cell_0052"
53,"cell_0053",3,"sigma_time","moderate_nonstationarity",8.36214737141199,9298.50368142842,9290.14153405701,9309.70516776516,9305.67618346764,-0.0220615778407208,NA,910,-0.0273740201744656,0.988687088111075,-2.59620959016376,2.14389596473605,26,"",36.7,39.2,0.310998381777334,95.9006772953339,29.8249554501991,"cell_0053"
53,"cell_0053",6,"sigma_time","strong_nonstationarity",16.3695691904886,9955.74887293297,9939.37930374248,9971.89202543943,9945.37229293921,-0.0300791629903745,NA,907,-0.0323320650548673,0.997978978385137,-2.92771612855481,2.59806552019445,36,"",36.7,39.2,0.310998381777334,95.9006772953339,29.8249554501991,"cell_0053"
53,"cell_0053",12,"sigma_time","strong_nonstationarity",37.9398071265387,10633.2546604248,10595.3148532982,10657.9955079383,10598.929733292,-0.048566769210682,NA,901,-0.027197692517393,0.991686314794301,-3.00208411623102,2.14435444487834,35,"",36.7,39.2,0.310998381777334,95.9006772953339,29.8249554501991,"cell_0053"
53,"cell_0053",1,"sigma_time","moderate_nonstationarity",5.79914220397222,8074.86681635571,8069.06767415173,8087.04470535221,8087.69254126453,-0.0221431898585628,NA,912,-0.0169986565878858,0.990946730839582,-2.82587718470163,2.42581215967131,30,"",36.7,39.2,0.310998381777334,95.9006772953339,29.8249554501991,"cell_0053"
54,"cell_0054",12,"sigma_time","strong_nonstationarity",38.1521490857267,10650.5850715359,10612.4329224501,10675.1892117432,10616.3586167269,-0.0497638150309419,NA,901,-0.0256963605154195,0.991269069053663,-3.02047398355706,2.19775802547602,30,"",36.8,39.2,0.310786474855007,95.9006772953339,29.8046334328244,"cell_0054"
54,"cell_0054",1,"sigma_time","moderate_nonstationarity",5.2847759904671,8092.14109916015,8086.85632316968,8104.15552572707,8105.28746183565,-0.0221953654591339,NA,912,-0.0167728379322455,0.990695936854657,-2.83879090264634,2.44512431044433,28,"",36.8,39.2,0.310786474855007,95.9006772953339,29.8046334328244,"cell_0054"
54,"cell_0054",3,"sigma_time","moderate_nonstationarity",7.59542526492078,9321.36836459384,9313.77293932892,9331.19228806146,9328.02853840101,-0.0226298277989696,NA,910,-0.02686078107427,0.98788954402203,-2.63080664427799,2.16469925979742,24,"",36.8,39.2,0.310786474855007,95.9006772953339,29.8046334328244,"cell_0054"
54,"cell_0054",6,"sigma_time","strong_nonstationarity",17.0944829631208,9979.26524171288,9962.17075874976,9993.67396982339,9967.31093854828,-0.0304602910059332,NA,907,-0.029861405164655,0.997500132852497,-2.93163900731652,2.5647770076832,35,"",36.8,39.2,0.310786474855007,95.9006772953339,29.8046334328244,"cell_0054"
77,"cell_0077",1,"stationary","stationary_selected",0.870273300263761,8139.83856063567,8138.9682873354,8155.57732528205,8159.78632559399,NA,NA,912,-0.0190660363284908,0.989316757089115,-2.84626394885898,2.41056875086573,23,"",36.3,39.1,0.0143010344564041,96.03483826474,1.37339753103924,"cell_0077"
77,"cell_0077",3,"sigma_time","moderate_nonstationarity",4.20397814534772,9360.02234452257,9355.81836637722,9374.05538419405,9369.89890516204,-0.0239075805673818,NA,910,-0.0291537253089494,0.989320216812387,-2.61695077737187,2.16290312708229,30,"",36.3,39.1,0.0143010344564041,96.03483826474,1.37339753103924,"cell_0077"
77,"cell_0077",6,"sigma_time","strong_nonstationarity",14.5440083398735,10013.1879378964,9998.64392955653,10028.4802349547,10000.0129269771,-0.0268072312786462,NA,907,-0.0405649250641031,0.999434574903469,-3.06560360869381,2.4837427463775,39,"",36.3,39.1,0.0143010344564041,96.03483826474,1.37339753103924,"cell_0077"
77,"cell_0077",12,"sigma_time","strong_nonstationarity",41.3035302951557,10702.2503887564,10660.9468584612,10727.0624901585,10661.3917874046,-0.0436456078221207,NA,901,-0.0373589152519565,0.995243457137006,-3.03186605109512,2.14550794575595,37,"",36.3,39.1,0.0143010344564041,96.03483826474,1.37339753103924,"cell_0077"
78,"cell_0078",3,"sigma_time","weak_nonstationarity",3.85046187168882,9325.07957040496,9321.22910853327,9338.82526120392,9335.50703483625,-0.0224634294653079,NA,910,-0.0295503197354476,0.989282857755861,-2.62586449457442,2.13995688401236,27,"",36.4,39.1,0.621710665228246,96.03483826474,59.7058831826585,"cell_0078"
78,"cell_0078",6,"sigma_time","strong_nonstationarity",11.3344167844825,9974.26202038088,9962.9276035964,9989.05715718492,9964.58871257651,-0.0271582543121198,NA,907,-0.0387184505612629,0.998880448384877,-3.04806941776476,2.51660809534618,37,"",36.4,39.1,0.621710665228246,96.03483826474,59.7058831826585,"cell_0078"
78,"cell_0078",12,"sigma_time","strong_nonstationarity",33.7157616136301,10652.4125517208,10618.6967901072,10676.60779655,10619.1426476846,-0.0425284382335697,NA,901,-0.0340419769664109,0.994247152723171,-3.08169276191854,2.13059700049784,37,"",36.4,39.1,0.621710665228246,96.03483826474,59.7058831826585,"cell_0078"
78,"cell_0078",1,"sigma_time","weak_nonstationarity",2.13505144080227,8110.36477220654,8108.22972076574,8125.8775552644,8128.75053432768,-0.0232903833571328,NA,912,-0.0162406755286114,0.989986238060753,-2.8359200091609,2.43236432516566,27,"",36.4,39.1,0.621710665228246,96.03483826474,59.7058831826585,"cell_0078"
79,"cell_0079",3,"sigma_time","moderate_nonstationarity",7.15894457094873,9309.25531059343,9302.09636602249,9322.6927730153,9317.13889036739,-0.0214622014272047,NA,910,-0.0295645831859808,0.989243844716447,-2.60171980922483,2.10939059084342,28,"",36.5,39.1,1,96.03483826474,96.03483826474,"cell_0079"
79,"cell_0079",6,"sigma_time","strong_nonstationarity",13.7006806201589,9959.36014899553,9945.65946837537,9975.03422876042,9948.79921835013,-0.0288027020067922,NA,907,-0.0368285240748219,0.998508767802445,-2.99886222822235,2.53711140446906,36,"",36.5,39.1,1,96.03483826474,96.03483826474,"cell_0079"
79,"cell_0079",12,"sigma_time","strong_nonstationarity",35.4826382691699,10631.7373109592,10596.25467269,10656.2421561382,10597.4032323414,-0.0450494876423444,NA,901,-0.0309163823585189,0.99335839260321,-3.10881609287669,2.09407895626939,37,"",36.5,39.1,1,96.03483826474,96.03483826474,"cell_0079"
79,"cell_0079",1,"sigma_time","moderate_nonstationarity",4.7011734421676,8097.68490693819,8092.98373349602,8112.58740061409,8113.19912649661,-0.0234164127064605,NA,912,-0.0168013413276673,0.9908358853815,-2.81823568473402,2.4990660096016,29,"",36.5,39.1,1,96.03483826474,96.03483826474,"cell_0079"
80,"cell_0080",12,"sigma_time","strong_nonstationarity",34.0571869478736,10619.7011882702,10585.6440013223,10644.0878916095,10587.122910142,-0.0456776638605548,NA,901,-0.0288315990564278,0.992828752552006,-3.10031979079133,2.08798099523352,35,"",36.6,39.1,1,96.03483826474,96.03483826474,"cell_0080"
80,"cell_0080",6,"sigma_time","strong_nonstationarity",14.0034688992655,9954.93198390213,9940.92851500286,9970.52261292371,9944.29517205027,-0.0293842622392918,NA,907,-0.03476227745891,0.998234366267077,-2.97976021897678,2.53412867912134,38,"",36.6,39.1,1,96.03483826474,96.03483826474,"cell_0080"
80,"cell_0080",1,"sigma_time","moderate_nonstationarity",5.7437876378317,8094.44015367109,8088.69636603325,8108.85984016797,8108.61874262738,-0.0227054128224831,NA,912,-0.0172504640025709,0.991236655722021,-2.81755018141078,2.56185365341228,30,"",36.6,39.1,1,96.03483826474,96.03483826474,"cell_0080"
80,"cell_0080",3,"sigma_time","moderate_nonstationarity",8.29170511166376,9306.15362646939,9297.86192135773,9318.83442934767,9312.93317219878,-0.0205667165769825,NA,910,-0.0291875973979917,0.988809738109664,-2.60446537145417,2.07535080305246,29,"",36.6,39.1,1,96.03483826474,96.03483826474,"cell_0080"
81,"cell_0081",1,"sigma_time","moderate_nonstationarity",4.73276810120115,8108.72859024337,8103.99582214216,8123.19583688059,8123.8918891211,-0.0213282959768173,NA,912,-0.0175393785355337,0.990791203195554,-2.82729470149713,2.62689286597897,28,"",36.7,39.1,1,96.03483826474,96.03483826474,"cell_0081"
81,"cell_0081",12,"sigma_time","strong_nonstationarity",32.6393460510462,10629.5274310015,10596.8880849504,10653.6239212604,10597.1915710776,-0.0446749728011394,NA,901,-0.0281522171258626,0.992490668330355,-3.09091335485738,2.13671045457038,35,"",36.7,39.1,1,96.03483826474,96.03483826474,"cell_0081"
81,"cell_0081",6,"sigma_time","strong_nonstationarity",13.8511951288056,9971.35153639339,9957.50034126459,9985.02402808669,9958.5470140696,-0.0291193777613191,NA,907,-0.0331230531948634,0.998141464887705,-3.01483583685231,2.50168480846788,36,"",36.7,39.1,1,96.03483826474,96.03483826474,"cell_0081"
81,"cell_0081",3,"sigma_time","moderate_nonstationarity",7.10735630633462,9324.4086953815,9317.30133907517,9336.01561117157,9331.04601081386,-0.0207150752454466,NA,910,-0.0290300613262991,0.98792444831145,-2.64813003125418,2.05699165685595,27,"",36.7,39.1,1,96.03483826474,96.03483826474,"cell_0081"
82,"cell_0082",6,"sigma_nu_time","strong_nonstationarity",14.4319711280368,9999.96161396707,9986.27864589481,10011.6080076597,9985.52964283903,-0.038031553521315,0.13484132060292,907,-0.0317067500367036,0.997042450409978,-3.05975079664387,2.51956480285745,29,"",36.8,39.1,0.996545609331794,96.03483826474,95.7030964156156,"cell_0082"
82,"cell_0082",1,"sigma_time","weak_nonstationarity",3.82582002495565,8133.28876020431,8129.46294017935,8147.44635006246,8149.13895637383,-0.0201012679417577,NA,912,-0.0176549292216425,0.990309958166663,-2.80586705314539,2.67687276988344,28,"",36.8,39.1,0.996545609331794,96.03483826474,95.7030964156156,"cell_0082"
82,"cell_0082",12,"sigma_time","strong_nonstationarity",31.3640543433667,10652.97453101,10621.6104766667,10676.8651043622,10622.0351934595,-0.0446965252080803,NA,901,-0.0273681626866825,0.99182510245491,-3.05451430244993,2.18398602728111,32,"",36.8,39.1,0.996545609331794,96.03483826474,95.7030964156156,"cell_0082"
82,"cell_0082",3,"sigma_time","moderate_nonstationarity",6.09347762115067,9354.00128157423,9347.90780395308,9364.24084301143,9360.21624164259,-0.021148753095232,NA,910,-0.0283479820078236,0.987162983351534,-2.67797357020726,2.07461324688847,26,"",36.8,39.1,0.996545609331794,96.03483826474,95.7030964156156,"cell_0082"
83,"cell_0083",12,"sigma_time","strong_nonstationarity",33.6463654294912,10682.6642864907,10649.0179210612,10706.8278442727,10651.2712056412,-0.0463509404621962,NA,901,-0.0266306300931244,0.991037849577105,-2.99184110777114,2.21863957596165,30,"",36.9,39.1,0.258042107992958,96.03483826474,24.7810321065963,"cell_0083"
83,"cell_0083",6,"sigma_nu_time","strong_nonstationarity",17.2124941003549,10031.3430974499,10015.9640672599,10041.4721615521,10014.1306033496,-0.0398054711466929,0.127973048980118,907,-0.0302795071275948,0.997074738616526,-3.032903397943,2.4934907054057,28,"",36.9,39.1,0.258042107992958,96.03483826474,24.7810321065963,"cell_0083"
83,"cell_0083",3,"sigma_time","moderate_nonstationarity",6.33433942935881,9382.42475659152,9376.09041716216,9391.64663163931,9387.35310185027,-0.0221108559330295,NA,910,-0.0274858572381327,0.98664711168858,-2.69518308802878,2.08872106192952,24,"",36.9,39.1,0.258042107992958,96.03483826474,24.7810321065963,"cell_0083"
83,"cell_0083",1,"sigma_time","weak_nonstationarity",3.58476594423792,8155.71585957785,8152.13109363361,8169.47285643107,8171.50826674225,-0.0191562358148211,NA,912,-0.0177705590726527,0.989850216206695,-2.77192492661962,2.70713649995391,27,"",36.9,39.1,0.258042107992958,96.03483826474,24.7810321065963,"cell_0083"
104,"cell_0104",6,"sigma_nu_time","strong_nonstationarity",19.4151753491205,10052.0658843577,10034.5287403016,10067.3240125352,10032.6507090085,-0.032026061077488,0.116013893725818,907,-0.0428553576710603,0.997828781013304,-3.12425853682765,2.42198820712217,36,"",36.2,39,0.0170375992754278,96.1687021294403,1.63848380971938,"cell_0104"
104,"cell_0104",3,"sigma_time","moderate_nonstationarity",5.60806290507935,9405.04733063348,9399.4392677284,9418.44594427453,9412.30504451186,-0.0241601367514415,NA,910,-0.0297755971409024,0.988417375622342,-2.61738160121612,2.13388133241708,29,"",36.2,39,0.0170375992754278,96.1687021294403,1.63848380971938,"cell_0104"
104,"cell_0104",12,"sigma_nu_time","strong_nonstationarity",50.1900364731464,10733.1545009443,10685.8800320185,10757.693138002,10682.9644644711,-0.0461856362685706,0.133210813273429,901,-0.0364707997243111,0.993481497783059,-2.79651010454542,2.03075496217151,36,"",36.2,39,0.0170375992754278,96.1687021294403,1.63848380971938,"cell_0104"
104,"cell_0104",1,"stationary","stationary_selected",1.52498304900018,8182.85015121563,8181.32516816663,8198.22214983846,8202.85016254779,NA,NA,912,-0.0186166216431318,0.989150767215099,-2.79754512704438,2.50084899309952,23,"",36.2,39,0.0170375992754278,96.1687021294403,1.63848380971938,"cell_0104"
105,"cell_0105",1,"stationary","stationary_selected",1.52326849751353,8147.0694489171,8145.54618041959,8162.96629152854,8166.98129870764,NA,NA,912,-0.0189217253049052,0.988836638726742,-2.74408711519484,2.55182047879927,24,"",36.3,39,0.327428000330756,96.1687021294403,31.4883258326467,"cell_0105"
105,"cell_0105",3,"sigma_time","weak_nonstationarity",3.48428859948581,9362.03444737058,9358.55015877109,9375.09389365273,9371.2428425592,-0.022265005543711,NA,910,-0.030311470370067,0.988204574655105,-2.64113018947134,2.11509234163633,27,"",36.3,39,0.327428000330756,96.1687021294403,31.4883258326467,"cell_0105"
105,"cell_0105",12,"sigma_nu_time","strong_nonstationarity",39.684498307086,10670.7790274408,10634.1716476523,10694.2922146249,10631.0945291337,-0.0419038693074668,0.124869544486657,901,-0.0350939382771461,0.993863875243849,-2.78080005071387,2.05689753902664,37,"",36.3,39,0.327428000330756,96.1687021294403,31.4883258326467,"cell_0105"
105,"cell_0105",6,"sigma_nu_time","strong_nonstationarity",14.3584532455752,10003.5951810997,9991.07996898271,10017.7171660437,9989.23672785409,-0.0315286717464692,0.117449876504842,907,-0.0421482616961671,0.997500524101235,-3.04430229117592,2.45141579874264,35,"",36.3,39,0.327428000330756,96.1687021294403,31.4883258326467,"cell_0105"
106,"cell_0106",6,"sigma_nu_time","strong_nonstationarity",11.6209467126901,9984.40734427018,9974.32125136757,9997.15638394211,9972.78639755749,-0.0314416564478886,0.117743901458857,907,-0.0406196871076217,0.997217806605265,-2.9985221289547,2.47995394991675,35,"",36.4,39,1,96.1687021294403,96.1687021294403,"cell_0106"
106,"cell_0106",12,"sigma_nu_time","strong_nonstationarity",32.6038524947217,10642.9338879502,10612.865053955,10665.3691494262,10610.3300354554,-0.0402694087151188,0.11172114433259,901,-0.0323842993868972,0.993619270456103,-2.71234877048273,2.24398936529949,35,"",36.4,39,1,96.1687021294403,96.1687021294403,"cell_0106"
106,"cell_0106",3,"sigma_time","weak_nonstationarity",3.49050827386964,9344.4939897588,9341.00348148493,9357.44227374209,9353.76031288453,-0.0209987530567454,NA,910,-0.0310068439480875,0.988295814892984,-2.63939900934362,2.08332192674395,30,"",36.4,39,1,96.1687021294403,96.1687021294403,"cell_0106"
106,"cell_0106",1,"sigma_time","weak_nonstationarity",2.32225896520777,8135.50018379924,8133.17792483403,8152.06830787962,8154.65006227297,-0.0239090531884688,NA,912,-0.0162160176706986,0.989643592344723,-2.78526120440835,2.60009626199195,26,"",36.4,39,1,96.1687021294403,96.1687021294403,"cell_0106"
107,"cell_0107",6,"sigma_nu_time","strong_nonstationarity",11.9201333416167,9984.54645109191,9973.4750351296,9997.05108570674,9972.62631775029,-0.0325322737053648,0.116988556680213,907,-0.0386811038138075,0.997043800048078,-2.98377588792588,2.48921288854095,35,"",36.5,39,1,96.1687021294403,96.1687021294403,"cell_0107"
107,"cell_0107",12,"sigma_nu_time","strong_nonstationarity",29.9887625473311,10636.8182176243,10607.495226643,10659.3492289093,10606.829455077,-0.0414951585819745,0.100054243098098,901,-0.0293507048519294,0.993021072487141,-2.66604834415805,2.34512679643409,33,"",36.5,39,1,96.1687021294403,96.1687021294403,"cell_0107"
107,"cell_0107",3,"sigma_time","moderate_nonstationarity",5.50453603255846,9343.22004540315,9337.71550937059,9356.23431548138,9350.73720284205,-0.0201849227482054,NA,910,-0.031478603140461,0.988621854333014,-2.63145030703137,2.04259022981639,29,"",36.5,39,1,96.1687021294403,96.1687021294403,"cell_0107"
107,"cell_0107",1,"sigma_time","weak_nonstationarity",3.32669564642947,8139.06692377763,8135.7402281312,8155.90792784569,8157.02638352725,-0.0237472915775917,NA,912,-0.0170730237999862,0.990519352439875,-2.83662914091399,2.6697662256455,27,"",36.5,39,1,96.1687021294403,96.1687021294403,"cell_0107"
108,"cell_0108",6,"sigma_nu_time","strong_nonstationarity",14.3589083214811,9995.47004945209,9982.28153840763,10008.1336946114,9981.11114113061,-0.0349735043585077,0.12379898350435,907,-0.0366545321548456,0.996779994577072,-2.97305497393586,2.46536197345847,31,"",36.6,39,1,96.1687021294403,96.1687021294403,"cell_0108"
108,"cell_0108",12,"sigma_nu_time","strong_nonstationarity",32.7942495327843,10644.0716698165,10612.6220837598,10666.8386406468,10611.2774202838,-0.0438286582258199,0.103318137707435,901,-0.0275649923227513,0.99236704652913,-2.64661925818709,2.29931865475684,33,"",36.6,39,1,96.1687021294403,96.1687021294403,"cell_0108"
108,"cell_0108",3,"sigma_time","moderate_nonstationarity",7.29785117955544,9352.69410745187,9345.39625627232,9365.40645006545,9358.53907210992,-0.0199044001672764,NA,910,-0.0310296617307277,0.988197860681268,-2.64832768615856,2.01740562700352,29,"",36.6,39,1,96.1687021294403,96.1687021294403,"cell_0108"
108,"cell_0108",1,"sigma_time","moderate_nonstationarity",4.03424452932904,8148.43827359777,8144.40402906845,8165.09453781684,8165.527205816,-0.0227919736021349,NA,912,-0.0176974127734013,0.990754179958527,-2.8325848858681,2.73493999694586,27,"",36.6,39,1,96.1687021294403,96.1687021294403,"cell_0108"
109,"cell_0109",12,"sigma_nu_time","strong_nonstationarity",29.5086408429415,10655.0916116101,10627.3984111426,10677.3473253459,10625.5829707671,-0.0429836391062793,0.114635996225239,901,-0.0266824016758282,0.991725626137882,-2.67086924270257,2.24910708170104,31,"",36.7,39,1,96.1687021294403,96.1687021294403,"cell_0109"
109,"cell_0109",3,"sigma_time","moderate_nonstationarity",5.65509033407943,9372.23721711396,9366.58212677988,9383.64012656906,9378.31549954701,-0.0199631356096239,NA,910,-0.0300080464870715,0.987241981984961,-2.69255803129106,2.01410904841535,26,"",36.7,39,1,96.1687021294403,96.1687021294403,"cell_0109"
109,"cell_0109",1,"sigma_time","weak_nonstationarity",3.11967586787614,8163.79292812682,8160.67325225894,8180.08195346778,8181.62202202206,-0.020498552898953,NA,912,-0.0179566806876903,0.990158595033649,-2.80245051720651,2.80276531052155,25,"",36.7,39,1,96.1687021294403,96.1687021294403,"cell_0109"
109,"cell_0109",6,"sigma_nu_time","strong_nonstationarity",15.2337495906177,10011.429153261,9999.89843008726,10021.9617911495,9996.1954036704,-0.0366897757519078,0.141029565989249,907,-0.0348396535907842,0.996681359920755,-2.9836113566382,2.43103306358103,30,"",36.7,39,1,96.1687021294403,96.1687021294403,"cell_0109"
110,"cell_0110",1,"stationary","stationary_selected",1.9340644642416,8188.51946649193,8186.58540202769,8204.34592344902,8207.33182497915,NA,NA,912,-0.0209650514245438,0.988899432379297,-2.72942482971279,2.87750115190517,24,"",36.8,39,1,96.1687021294403,96.1687021294403,"cell_0110"
110,"cell_0110",12,"sigma_nu_time","strong_nonstationarity",24.8679482473981,10679.6686368786,10655.4059886131,10701.5223759797,10654.8006886312,-0.0422841868620608,0.125364059200636,901,-0.0262026696018737,0.991354609982057,-2.67102038831511,2.17378122016004,32,"",36.8,39,1,96.1687021294403,96.1687021294403,"cell_0110"
110,"cell_0110",3,"sigma_time","weak_nonstationarity",3.86966360999941,9402.34946262822,9398.47979901823,9412.35376786749,9408.77777211205,-0.0203958004972617,NA,910,-0.0286834832474342,0.986472905771812,-2.71835131268559,2.01443446560334,23,"",36.8,39,1,96.1687021294403,96.1687021294403,"cell_0110"
110,"cell_0110",6,"sigma_nu_time","strong_nonstationarity",15.5857193658321,10039.9360700332,10030.1851274759,10048.0429386786,10024.3503506674,-0.0384087178158596,0.148911453155605,907,-0.0329670883035203,0.996644377541666,-2.98653376958365,2.39460338066626,28,"",36.8,39,1,96.1687021294403,96.1687021294403,"cell_0110"
111,"cell_0111",12,"sigma_time","strong_nonstationarity",22.8305957314133,10706.1192095418,10683.2886138104,10728.1562466911,10684.7700570622,-0.0404326416657769,NA,901,-0.0275333577394012,0.991299084092922,-2.94127273975534,2.20067527308379,31,"",36.9,39,0.42889813560526,96.1687021294403,41.2465770468946,"cell_0111"
111,"cell_0111",6,"sigma_nu_time","strong_nonstationarity",15.9131636803577,10068.3122884644,10059.5795712073,10074.536271413,10052.399124784,-0.0394865482908777,0.144341784435009,907,-0.0313412286041436,0.996541822333551,-2.96223203807788,2.36373088320968,26,"",36.9,39,0.42889813560526,96.1687021294403,41.2465770468946,"cell_0111"
111,"cell_0111",1,"stationary","stationary_selected",1.13227422099044,8209.1048544666,8207.97258024561,8224.42469789877,8228.41914483958,NA,NA,912,-0.0211447730098787,0.988607794384218,-2.70984389253037,2.89551722562923,25,"",36.9,39,0.42889813560526,96.1687021294403,41.2465770468946,"cell_0111"
111,"cell_0111",3,"sigma_time","weak_nonstationarity",2.71121050752845,9428.73485680051,9426.02364629298,9437.71248372038,9435.23683901935,-0.0211210911861032,NA,910,-0.0273914940296015,0.985926392687667,-2.72350672882374,2.03858190751065,25,"",36.9,39,0.42889813560526,96.1687021294403,41.2465770468946,"cell_0111"
130,"cell_0130",12,"sigma_nu_time","strong_nonstationarity",71.726859755021,10918.9491106219,10853.2148733779,10943.9909114819,10847.2222508669,-0.0560299660406198,0.143208191844146,901,-0.0348697492016331,0.989937627236681,-2.78112316977492,2.01292998157973,34,"",36,38.9,0.0108467224454934,96.3022685288925,1.04456397760427,"cell_0130"
130,"cell_0130",6,"sigma_nu_time","strong_nonstationarity",29.2705272167459,10213.0032804912,10185.9900214678,10230.126279418,10183.7327532745,-0.0360406223437802,0.127228866815085,907,-0.0410341667618091,0.995228684798671,-3.1867660245656,2.2993957498896,33,"",36,38.9,0.0108467224454934,96.3022685288925,1.04456397760427,"cell_0130"
130,"cell_0130",3,"sigma_time","strong_nonstationarity",11.2806351943873,9552.30144393651,9541.02080874213,9567.08643354184,9554.9600528054,-0.0280298161386588,NA,910,-0.0285383780842403,0.987778273712658,-2.53049188468509,2.20326837833427,26,"",36,38.9,0.0108467224454934,96.3022685288925,1.04456397760427,"cell_0130"
130,"cell_0130",1,"sigma_time","moderate_nonstationarity",4.15571344774071,8318.56392129159,8314.40820784385,8332.51581480957,8335.86247185764,-0.0261697210927947,NA,912,-0.0141835014709955,0.98892305571321,-2.91435543992845,2.58517930090831,20,"",36,38.9,0.0108467224454934,96.3022685288925,1.04456397760427,"cell_0130"
131,"cell_0131",3,"sigma_time","moderate_nonstationarity",7.83547140892733,9467.93201907635,9460.09654766742,9481.72162282768,9473.03717374906,-0.0248622717902508,NA,910,-0.0298288394230857,0.987672209022316,-2.56940359547588,2.10252521603652,29,"",36.1,38.9,0.461930746422824,96.3022685288925,44.4849787837625,"cell_0131"
131,"cell_0131",6,"sigma_nu_time","strong_nonstationarity",25.1364833768966,10115.4738468695,10094.0685635822,10130.6780081911,10090.3373634926,-0.0334551467068664,0.127274551663721,907,-0.0423614085855857,0.996486135034121,-3.16482156652883,2.33412025750597,38,"",36.1,38.9,0.461930746422824,96.3022685288925,44.4849787837625,"cell_0131"
131,"cell_0131",12,"sigma_nu_time","strong_nonstationarity",59.0278740975664,10799.7714259897,10746.1622929506,10824.1303274057,10740.7435518921,-0.0502188713551863,0.141441787882757,901,-0.0354050122136018,0.991504852313983,-2.83781231608678,1.96861615834693,36,"",36.1,38.9,0.461930746422824,96.3022685288925,44.4849787837625,"cell_0131"
131,"cell_0131",1,"sigma_time","weak_nonstationarity",2.68212718957511,8240.88142635767,8238.19929916809,8255.65612123439,8260.01035764365,-0.02506687544636,NA,912,-0.0149248900106398,0.988835409743104,-2.85257600848637,2.56914541144021,21,"",36.1,38.9,0.461930746422824,96.3022685288925,44.4849787837625,"cell_0131"
132,"cell_0132",1,"stationary","stationary_selected",1.77675854294193,8178.87584116873,8177.09908262579,8193.73254308706,8198.47451861086,NA,NA,912,-0.0191827930166152,0.988740505806683,-2.61194045067298,2.58267906103645,23,"",36.2,38.9,0.900766535660941,96.3022685288925,86.7458607990602,"cell_0132"
132,"cell_0132",6,"sigma_nu_time","strong_nonstationarity",19.3995594901771,10034.801810153,10019.3069259337,10048.7969106289,10015.4022506628,-0.0303352299237707,0.122508900723821,907,-0.0432648486214623,0.997125115142481,-3.14093125354817,2.34881279535239,37,"",36.2,38.9,0.900766535660941,96.3022685288925,86.7458607990602,"cell_0132"
132,"cell_0132",12,"sigma_nu_time","strong_nonstationarity",45.1544555586697,10695.2978460663,10654.1248644068,10718.6992566647,10650.1433905077,-0.0438929000363396,0.127104962344276,901,-0.0364394638753802,0.993483833306827,-2.87350253557121,2.04583829094879,37,"",36.2,38.9,0.900766535660941,96.3022685288925,86.7458607990602,"cell_0132"
132,"cell_0132",3,"sigma_time","moderate_nonstationarity",4.42151337291034,9396.61830434594,9392.19679097303,9409.3779466063,9404.27269033041,-0.0223825332236481,NA,910,-0.0305182868173581,0.987583345470632,-2.62099513792286,2.07603983303056,29,"",36.2,38.9,0.900766535660941,96.3022685288925,86.7458607990602,"cell_0132"
133,"cell_0133",12,"sigma_nu_time","strong_nonstationarity",42.0642728664207,10657.5442688348,10619.7033374742,10680.2934517081,10615.4799959684,-0.0424306127433262,0.118834976502918,901,-0.0345958901314529,0.993889001980133,-2.82491837694194,2.04508983499199,35,"",36.3,38.9,0.963260645780359,96.3022685288925,92.7641853732545,"cell_0133"
133,"cell_0133",3,"sigma_time","moderate_nonstationarity",4.68253419261237,9369.66268908553,9364.98015489291,9382.51285404914,9377.17271067394,-0.0214420902310862,NA,910,-0.0313933562387973,0.987270333752212,-2.64673746026768,2.05226911683638,30,"",36.3,38.9,0.963260645780359,96.3022685288925,92.7641853732545,"cell_0133"
133,"cell_0133",6,"sigma_nu_time","strong_nonstationarity",18.2654734893367,10006.5329192789,9991.784463741,10020.115734434,9988.26744578956,-0.0312295580322977,0.124420285180982,907,-0.0425478339408594,0.996772154926006,-3.06378442481066,2.35380241888461,35,"",36.3,38.9,0.963260645780359,96.3022685288925,92.7641853732545,"cell_0133"
133,"cell_0133",1,"sigma_time","weak_nonstationarity",2.4195064444657,8159.23031475257,8156.8108083081,8175.1921562088,8178.48283571426,-0.0244992480682416,NA,912,-0.016034447273521,0.988733212811594,-2.69069937925086,2.63089593907643,21,"",36.3,38.9,0.963260645780359,96.3022685288925,92.7641853732545,"cell_0133"
134,"cell_0134",12,"sigma_nu_time","strong_nonstationarity",41.7654832619337,10667.5745896975,10629.451402465,10690.2356555549,10625.8091064355,-0.0429808123570242,0.114804869186586,901,-0.0322601206606442,0.993545912353801,-2.73631441902911,2.1199283192548,34,"",36.4,38.9,1,96.3022685288925,96.3022685288925,"cell_0134"
134,"cell_0134",3,"sigma_time","moderate_nonstationarity",6.79490483286645,9379.09599089428,9372.30108606142,9392.35490521819,9384.65592289841,-0.021041689214282,NA,910,-0.0321578740219481,0.9875489436873,-2.66271601902144,2.00879065635296,29,"",36.4,38.9,1,96.3022685288925,96.3022685288925,"cell_0134"
134,"cell_0134",6,"sigma_nu_time","strong_nonstationarity",19.9855485602257,10018.7880820528,10002.1960202234,10031.7681355386,9998.80253349256,-0.0336399928728579,0.125330726440921,907,-0.0412903763592737,0.996901030139003,-2.97746781523329,2.37594333525292,35,"",36.4,38.9,1,96.3022685288925,96.3022685288925,"cell_0134"
134,"cell_0134",1,"sigma_time","weak_nonstationarity",3.10142309264029,8173.34053988852,8170.23911679588,8190.87936552372,8192.50813676838,-0.0248312464461585,NA,912,-0.0165873790950928,0.989480903760851,-2.7494508051906,2.73954614932858,25,"",36.4,38.9,1,96.3022685288925,96.3022685288925,"cell_0134"
135,"cell_0135",12,"sigma_nu_time","strong_nonstationarity",37.2372936207375,10679.3752037511,10644.9924475136,10701.3308654902,10642.1379101304,-0.0426913806829116,0.110859971135673,901,-0.0301134550673397,0.99307008890694,-2.72550845774732,2.2512995444231,34,"",36.5,38.9,1,96.3022685288925,96.3022685288925,"cell_0135"
135,"cell_0135",3,"sigma_time","moderate_nonstationarity",7.23007416854489,9394.19975528129,9386.96968111274,9407.63459806237,9399.48217413225,-0.0203457802085797,NA,910,-0.0321860105203505,0.98786415282907,-2.6609188357158,1.96158139179051,29,"",36.5,38.9,1,96.3022685288925,96.3022685288925,"cell_0135"
135,"cell_0135",6,"sigma_nu_time","strong_nonstationarity",18.3423627591819,10036.2512943942,10021.001575999,10048.3003701698,10017.908931635,-0.0340964485795265,0.12371325084291,907,-0.0391578224538216,0.996562559948027,-2.87243351898282,2.37351409222546,32,"",36.5,38.9,1,96.3022685288925,96.3022685288925,"cell_0135"
135,"cell_0135",1,"sigma_time","weak_nonstationarity",2.84244284150645,8193.75276486635,8190.91032202485,8211.93920503543,8213.11719088727,-0.0242591108074,NA,912,-0.017343981984879,0.990055730769681,-2.79729056122064,2.80853893287707,26,"",36.5,38.9,1,96.3022685288925,96.3022685288925,"cell_0135"
136,"cell_0136",3,"sigma_time","moderate_nonstationarity",6.72547929248321,9404.86718812891,9398.14170883643,9418.11321409625,9410.61432267061,-0.0195434989565227,NA,910,-0.0310940433481469,0.987459345522738,-2.67068528473712,1.9357506757413,25,"",36.6,38.9,1,96.3022685288925,96.3022685288925,"cell_0136"
136,"cell_0136",6,"sigma_nu_time","strong_nonstationarity",16.5297399530536,10046.9614354664,10033.695328447,10058.4771860149,10030.4316955133,-0.0357898013999396,0.130068246215704,907,-0.0368001049890641,0.995518879046381,-2.83968886516928,2.33498647731181,31,"",36.6,38.9,1,96.3022685288925,96.3022685288925,"cell_0136"
136,"cell_0136",1,"sigma_time","weak_nonstationarity",2.49625510503574,8204.49517891828,8201.99892381324,8222.44294193409,8223.82880520869,-0.0234710136732131,NA,912,-0.0176618860513614,0.990145374720598,-2.77508414189817,2.86775892704304,26,"",36.6,38.9,1,96.3022685288925,96.3022685288925,"cell_0136"
136,"cell_0136",12,"sigma_nu_time","strong_nonstationarity",33.4193128138959,10683.732125525,10653.3757080171,10705.0353462358,10650.3128127111,-0.0430730776415609,0.11070360191671,901,-0.0284165473576227,0.992246737648547,-2.72059217000881,2.2627549073824,35,"",36.6,38.9,1,96.3022685288925,96.3022685288925,"cell_0136"
137,"cell_0137",12,"sigma_nu_time","strong_nonstationarity",27.9178692070291,10687.1096139391,10661.2326947697,10708.0883968979,10659.191744732,-0.0419012453612196,0.120038447812838,901,-0.0281301320752574,0.99193908946741,-2.73143113745382,2.18213692446288,32,"",36.7,38.9,1,96.3022685288925,96.3022685288925,"cell_0137"
137,"cell_0137",3,"sigma_time","moderate_nonstationarity",4.50985451346605,9418.08982907375,9413.57997456028,9430.05197554781,9424.66565230871,-0.0198071610935283,NA,910,-0.0296213985578276,0.986373646624278,-2.69837851643984,1.9526088636804,23,"",36.7,38.9,1,96.3022685288925,96.3022685288925,"cell_0137"
137,"cell_0137",6,"sigma_nu_time","strong_nonstationarity",16.2898906050141,10055.5033592586,10044.7260644502,10065.1405027673,10039.2134686535,-0.0378673311289468,0.147274142324001,907,-0.0349201703567587,0.995282589138834,-2.88878854757014,2.2851319595671,27,"",36.7,38.9,1,96.3022685288925,96.3022685288925,"cell_0137"
137,"cell_0137",1,"stationary","stationary_selected",1.78007914505542,8211.96246921869,8210.18239007364,8229.19896636027,8231.77353864726,NA,NA,912,-0.0202359290142968,0.988907349940802,-2.75213658618587,2.95537223062708,26,"",36.7,38.9,1,96.3022685288925,96.3022685288925,"cell_0137"
138,"cell_0138",12,"sigma_nu_time","strong_nonstationarity",20.2568052820425,10707.9277067793,10688.8379261727,10727.7388741552,10687.6709014973,-0.0399257420307223,0.131163722831361,901,-0.0274062411797369,0.991366969299112,-2.72944420760324,2.13664925286927,29,"",36.8,38.9,0.991453802125086,96.3022685288925,95.4792502862415,"cell_0138"
138,"cell_0138",3,"stationary","stationary_selected",1.34470308341588,9446.48534982235,9445.14064673894,9457.23875852542,9454.86019617608,NA,NA,910,-0.0285938302278676,0.983923303200864,-2.71679961320691,1.97142949096577,25,"",36.8,38.9,0.991453802125086,96.3022685288925,95.4792502862415,"cell_0138"
138,"cell_0138",6,"sigma_nu_time","strong_nonstationarity",14.3434177735307,10080.946886919,10074.6213096751,10087.5652651244,10066.6034691455,-0.0384092212387566,0.160237671134589,907,-0.0332264558816008,0.995251029048805,-2.92067977025086,2.24285668732334,25,"",36.8,38.9,0.991453802125086,96.3022685288925,95.4792502862415,"cell_0138"
138,"cell_0138",1,"stationary","stationary_selected",0.186851622851464,8233.74954268042,8233.56269105757,8250.37091983008,8254.85124063803,NA,NA,912,-0.020637049743471,0.988550330613352,-2.74452744089587,2.98355607150719,26,"",36.8,38.9,0.991453802125086,96.3022685288925,95.4792502862415,"cell_0138"
139,"cell_0139",12,"sigma_time","strong_nonstationarity",15.004869511471,10735.909723585,10720.9048540736,10755.2887710373,10721.8329487225,-0.0364232401622391,NA,901,-0.0284714270780464,0.991787749418589,-2.83194617839335,2.19920984962597,32,"",36.9,38.9,0.108284091692138,96.3022685288925,10.4280036755435,"cell_0139"
139,"cell_0139",3,"stationary","stationary_selected",-0.509917713838149,9476.74621336798,9477.25613108182,9486.41087165416,9485.77823637545,NA,NA,910,-0.0274409148551659,0.983977183462689,-2.70463459341787,2.03399368601947,23,"",36.9,38.9,0.108284091692138,96.3022685288925,10.4280036755435,"cell_0139"
139,"cell_0139",6,"sigma_nu_time","strong_nonstationarity",13.439831324531,10111.6644546848,10108.2486644073,10115.3689360018,10098.2246233603,-0.0387739472047494,0.156861949398932,907,-0.0322697189333014,0.995344514864249,-2.96431349539919,2.27320509975314,28,"",36.9,38.9,0.108284091692138,96.3022685288925,10.4280036755435,"cell_0139"
139,"cell_0139",1,"stationary","stationary_selected",-0.861684192948815,8259.23010753126,8260.09179172421,8275.29700055276,8280.93174252023,NA,NA,912,-0.0209250148655831,0.988178379805176,-2.73164413633712,2.98388106174171,27,"",36.9,38.9,0.108284091692138,96.3022685288925,10.4280036755435,"cell_0139"
157,"cell_0157",12,"sigma_nu_time","strong_nonstationarity",50.6341975772393,10987.0233635442,10937.1853504032,11012.2020300548,10936.389165967,-0.0531301064459913,0.124425318390841,901,-0.0307878141058157,0.986659392423087,-2.68508736859226,2.08183012428239,27,"",35.9,38.8,0.0021134992566245,96.4355371037292,0.203816435980916,"cell_0157"
157,"cell_0157",3,"sigma_time","moderate_nonstationarity",4.27267601448875,9617.66427601613,9613.39160000164,9633.68840231328,9627.72773392843,-0.0262872381731116,NA,910,-0.0259502418051399,0.987728419043495,-2.5126419367935,2.26679468829204,24,"",35.9,38.8,0.0021134992566245,96.4355371037292,0.203816435980916,"cell_0157"
157,"cell_0157",6,"sigma_time","strong_nonstationarity",18.8633142791532,10282.4099209311,10263.5466066519,10300.5622423392,10264.3493528737,-0.0347574366567056,NA,907,-0.0359595103892909,0.996095890093563,-3.06106025237813,2.17760279902991,35,"",35.9,38.8,0.0021134992566245,96.4355371037292,0.203816435980916,"cell_0157"
157,"cell_0157",1,"stationary","stationary_selected",1.36224758216122,8373.86123414102,8372.49898655886,8387.8520183866,8393.58789473473,NA,NA,912,-0.0172622209064783,0.990070467809892,-2.96327001554528,2.59075877637928,22,"",35.9,38.8,0.0021134992566245,96.4355371037292,0.203816435980916,"cell_0157"
158,"cell_0158",1,"sigma_time","weak_nonstationarity",3.07049564093177,8298.57644098563,8295.50594534469,8313.33212222185,8317.18468174661,-0.023920453903303,NA,912,-0.0143271690352519,0.989897529021383,-2.91413673477014,2.60693091043609,22,"",36,38.8,0.490853677819912,96.4355371037292,47.3357380599041,"cell_0158"
158,"cell_0158",12,"sigma_nu_time","strong_nonstationarity",60.0375629716527,10903.2610117463,10843.6496722677,10928.8519202442,10843.2234487747,-0.0542415850770476,0.120865661437312,901,-0.0315929891733938,0.987988721548406,-2.66805303189775,1.98502290901051,31,"",36,38.8,0.490853677819912,96.4355371037292,47.3357380599041,"cell_0158"
158,"cell_0158",3,"sigma_time","moderate_nonstationarity",9.68562869564994,9537.54305969776,9527.85743100211,9553.18206795968,9541.86525944587,-0.0261280391470223,NA,910,-0.0279859959335207,0.987851593372571,-2.57086989865487,2.21310061778458,25,"",36,38.8,0.490853677819912,96.4355371037292,47.3357380599041,"cell_0158"
158,"cell_0158",6,"sigma_nu_time","strong_nonstationarity",27.4608597600618,10201.0587218575,10173.9301922681,10218.850003184,10173.5978620974,-0.0374852873636144,0.122362088241897,907,-0.0383927025644436,0.995098765404797,-3.2114470142154,2.20514975266396,33,"",36,38.8,0.490853677819912,96.4355371037292,47.3357380599041,"cell_0158"
159,"cell_0159",12,"sigma_nu_time","strong_nonstationarity",61.7483163237193,10801.0115951488,10739.8501122892,10826.5513627795,10739.2632788251,-0.0533206979740865,0.128920045397677,901,-0.0331930072156881,0.990173834280716,-2.68797544637379,1.97173913486555,32,"",36.1,38.8,1,96.4355371037292,96.4355371037292,"cell_0159"
159,"cell_0159",3,"sigma_time","strong_nonstationarity",12.2015232741287,9453.15637430122,9440.95485102709,9468.48595537412,9454.75871126718,-0.0243923219841434,NA,910,-0.0302570819378218,0.987807173170464,-2.60450016288494,2.12600777768301,28,"",36.1,38.8,1,96.4355371037292,96.4355371037292,"cell_0159"
159,"cell_0159",6,"sigma_nu_time","strong_nonstationarity",31.9108511817485,10110.9480444327,10080.6506345852,10127.6047263992,10079.037193251,-0.03573370620343,0.12185040869668,907,-0.0412428818597107,0.996648789832801,-3.2040179788205,2.24004197140798,36,"",36.1,38.8,1,96.4355371037292,96.4355371037292,"cell_0159"
159,"cell_0159",1,"sigma_time","weak_nonstationarity",3.68711640669062,8223.57562231594,8219.88850590924,8239.58422988826,8242.19636434722,-0.0237021961077821,NA,912,-0.0153863831347252,0.990046462003227,-2.82743022896171,2.64750320612464,24,"",36.1,38.8,1,96.4355371037292,96.4355371037292,"cell_0159"
160,"cell_0160",3,"sigma_time","moderate_nonstationarity",9.76750024213652,9373.74350283419,9363.97600259205,9388.69246556183,9377.66349624369,-0.0218252760611846,NA,910,-0.0319937094573631,0.98773459435468,-2.61094959381736,2.07267746974261,27,"",36.2,38.8,1,96.4355371037292,96.4355371037292,"cell_0160"
160,"cell_0160",6,"sigma_nu_time","strong_nonstationarity",26.9313374592584,10020.884311851,9996.06745009816,10035.7509055819,9993.95297439176,-0.0325614414409449,0.119719841874466,907,-0.0432163261800968,0.997743728488452,-3.14586862393409,2.26053187528881,36,"",36.2,38.8,1,96.4355371037292,96.4355371037292,"cell_0160"
160,"cell_0160",1,"sigma_time","weak_nonstationarity",2.85096485085614,8158.04058600517,8155.18962115432,8175.46463649302,8177.99410119435,-0.0224848819618144,NA,912,-0.0165809918423497,0.989767183136893,-2.71616348960822,2.67568919442381,25,"",36.2,38.8,1,96.4355371037292,96.4355371037292,"cell_0160"
160,"cell_0160",12,"sigma_nu_time","strong_nonstationarity",50.569151206224,10685.9902735035,10635.962040789,10710.8505552875,10635.4211222973,-0.0471585935904355,0.117717096588086,901,-0.0348007793799227,0.992857648036016,-2.75402024121263,2.03172057548615,32,"",36.2,38.8,1,96.4355371037292,96.4355371037292,"cell_0160"
161,"cell_0161",3,"sigma_time","strong_nonstationarity",10.4321403451395,9375.3227365072,9364.89059616206,9390.43951872072,9378.49125683677,-0.0225386641308887,NA,910,-0.0321174898230371,0.98734261525676,-2.63602647920752,2.05536889390632,26,"",36.3,38.8,1,96.4355371037292,96.4355371037292,"cell_0161"
161,"cell_0161",6,"sigma_nu_time","strong_nonstationarity",27.3223519548101,10024.3169143169,9998.88673013835,10039.465052898,9996.99456236206,-0.0342040963516634,0.122850247011252,907,-0.0414566646733889,0.997329725375368,-3.06266367317016,2.26181897226927,36,"",36.3,38.8,1,96.4355371037292,96.4355371037292,"cell_0161"
161,"cell_0161",1,"sigma_time","weak_nonstationarity",3.17945800259258,8164.32236454238,8161.14290653979,8182.64166156832,8184.16345570232,-0.0234231426009985,NA,912,-0.016995925657446,0.989460474934447,-2.7154633109333,2.78986949001755,24,"",36.3,38.8,1,96.4355371037292,96.4355371037292,"cell_0161"
161,"cell_0161",12,"sigma_time","strong_nonstationarity",49.6670518164174,10683.0130858695,10633.3460340531,10707.7710954004,10633.6482560454,-0.044131118416475,NA,901,-0.0352082446968448,0.994977336651609,-3.06802230815076,2.11150296712527,37,"",36.3,38.8,1,96.4355371037292,96.4355371037292,"cell_0161"
162,"cell_0162",1,"sigma_time","weak_nonstationarity",2.65735261131158,8202.59193103674,8199.93457842542,8221.96368611579,8223.16204701171,-0.0230011080439727,NA,912,-0.0175250666280429,0.989627622968067,-2.69347515165442,2.90708148063786,27,"",36.4,38.8,1,96.4355371037292,96.4355371037292,"cell_0162"
162,"cell_0162",6,"sigma_nu_time","strong_nonstationarity",25.3401326839394,10059.3730496559,10035.718801779,10074.085845258,10034.0329169719,-0.0361731652176607,0.125430746600871,907,-0.0389604571635639,0.997058794303647,-2.97702999760529,2.25751075760714,37,"",36.4,38.8,1,96.4355371037292,96.4355371037292,"cell_0162"
162,"cell_0162",12,"sigma_time","strong_nonstationarity",45.70783774349,10711.9607401642,10666.2529024207,10736.4527557472,10667.2671156672,-0.0445870734217134,NA,901,-0.0326955707180492,0.994142341427426,-3.03331663607839,2.06651553357252,33,"",36.4,38.8,1,96.4355371037292,96.4355371037292,"cell_0162"
162,"cell_0162",3,"sigma_time","strong_nonstationarity",10.0891768111524,9408.36779858579,9398.27862177463,9423.62590128212,9411.80758298941,-0.0228171222633179,NA,910,-0.0318084043791005,0.987382022483158,-2.65042765813393,2.03343671880296,26,"",36.4,38.8,1,96.4355371037292,96.4355371037292,"cell_0162"
163,"cell_0163",12,"sigma_time","strong_nonstationarity",32.3488791170912,10731.4646007088,10699.1157215917,10754.2691897441,10700.9409937891,-0.0421663773218719,NA,901,-0.0302695805294577,0.993327777970918,-2.99139280345211,2.09531832533271,31,"",36.5,38.8,1,96.4355371037292,96.4355371037292,"cell_0163"
163,"cell_0163",3,"sigma_time","moderate_nonstationarity",6.19673468197834,9441.13061066142,9434.93387597944,9455.86720437582,9448.08591278282,-0.0220172890225586,NA,910,-0.0307128543897287,0.987487561233526,-2.6569579484103,1.99641736542003,24,"",36.5,38.8,1,96.4355371037292,96.4355371037292,"cell_0163"
163,"cell_0163",1,"stationary","stationary_selected",0.573072445711659,8241.86496048483,8241.29188803912,8261.52927428848,8264.27634292545,NA,NA,912,-0.0196422690205162,0.989784005737687,-2.77007569706904,3.02310364856471,25,"",36.5,38.8,1,96.4355371037292,96.4355371037292,"cell_0163"
163,"cell_0163",6,"sigma_nu_time","strong_nonstationarity",17.0738939218063,10090.3062311889,10075.0380565742,10103.0318135877,10073.2323372671,-0.0363906102942564,0.126957751830649,907,-0.0360289958968277,0.996562369361989,-2.89499307240257,2.23996680701291,33,"",36.5,38.8,1,96.4355371037292,96.4355371037292,"cell_0163"
164,"cell_0164",3,"sigma_time","weak_nonstationarity",3.0272081987132,9456.22255505399,9453.19534685527,9470.76763103684,9466.29165111517,-0.0209240257596897,NA,910,-0.0286944248284845,0.986544959843044,-2.66071988275765,2.00237098193506,25,"",36.6,38.8,1,96.4355371037292,96.4355371037292,"cell_0164"
164,"cell_0164",6,"sigma_nu_time","strong_nonstationarity",11.0370362823232,10102.2015790536,10092.9381114466,10114.1598828976,10091.1645427713,-0.0364644356722669,0.13748663442987,907,-0.0332403448429617,0.994834277216145,-2.89157611226263,2.20032867532626,27,"",36.6,38.8,1,96.4355371037292,96.4355371037292,"cell_0164"
164,"cell_0164",1,"stationary","stationary_selected",-0.688508058074149,8255.46231137908,8256.15081943715,8274.55052044712,8278.7071750491,NA,NA,912,-0.0194543304021904,0.989532773011703,-2.74856830614486,3.06295337401112,26,"",36.6,38.8,1,96.4355371037292,96.4355371037292,"cell_0164"
164,"cell_0164",12,"sigma_time","strong_nonstationarity",22.9407287778249,10730.5073943208,10707.566665543,10751.7687914182,10709.1231691254,-0.0403092355553985,NA,901,-0.028298161399922,0.992531814137406,-2.95771180959029,2.09787177898864,33,"",36.6,38.8,1,96.4355371037292,96.4355371037292,"cell_0164"
165,"cell_0165",3,"sigma_time","moderate_nonstationarity",4.92252736802038,9471.25446559595,9466.33193822793,9486.60149635107,9479.93321423797,-0.020762246552919,NA,910,-0.027736865579824,0.985087447454809,-2.62735268463535,1.94149631348592,21,"",36.7,38.8,1,96.4355371037292,96.4355371037292,"cell_0165"
165,"cell_0165",6,"sigma_nu_time","strong_nonstationarity",15.0979351364404,10116.5559765367,10103.892016852,10130.0198494624,10101.4580414003,-0.0385979321803556,0.153095669115165,907,-0.0332320408869235,0.993399789607102,-2.93112150791413,2.16424747076484,26,"",36.7,38.8,1,96.4355371037292,96.4355371037292,"cell_0165"
165,"cell_0165",1,"stationary","stationary_selected",1.41946249010107,8255.90905561383,8254.48959312373,8273.60730943977,8276.54625998417,NA,NA,912,-0.0191100873280671,0.988876520232664,-2.70104055001852,3.04453211930199,29,"",36.7,38.8,1,96.4355371037292,96.4355371037292,"cell_0165"
165,"cell_0165",12,"sigma_time","strong_nonstationarity",28.2444277203285,10740.6678668287,10712.4234391084,10763.3791493783,10714.7792991119,-0.0423569419903758,NA,901,-0.0289241512045603,0.991393939350907,-2.85902542191435,2.1333527900949,30,"",36.7,38.8,1,96.4355371037292,96.4355371037292,"cell_0165"
166,"cell_0166",3,"sigma_time","weak_nonstationarity",3.82508658930783,9502.18913620163,9498.36404961232,9516.9542574632,9510.7747680319,-0.0215545292912359,NA,910,-0.0272455398029924,0.984775300953122,-2.59235092503546,1.87951953789117,23,"",36.8,38.8,0.630967458578193,96.4355371037292,60.8476857629631,"cell_0166"
166,"cell_0166",1,"stationary","stationary_selected",1.40557687172623,8277.18340905851,8275.77783218678,8293.88991063911,8297.23234922914,NA,NA,912,-0.0192250978184343,0.988148407044533,-2.72529724008202,3.02495340650661,25,"",36.8,38.8,0.630967458578193,96.4355371037292,60.8476857629631,"cell_0166"
166,"cell_0166",6,"sigma_nu_time","strong_nonstationarity",14.5428487298013,10147.8690142558,10137.222156367,10160.1964744504,10133.326165526,-0.0399329392347524,0.155739814310046,907,-0.0333464902222808,0.992901679231928,-2.99314206013532,2.18864355422406,26,"",36.8,38.8,0.630967458578193,96.4355371037292,60.8476857629631,"cell_0166"
166,"cell_0166",12,"sigma_time","strong_nonstationarity",25.8851434426051,10764.6876911341,10738.8025476915,10787.1849068806,10742.8097994924,-0.0404999418461959,NA,901,-0.0301555381721189,0.990813481900626,-2.72287056153475,2.17971963913509,32,"",36.8,38.8,0.630967458578193,96.4355371037292,60.8476857629631,"cell_0166"
167,"cell_0167",12,"sigma_time","strong_nonstationarity",21.950628395618,10790.40757997,10768.4569515744,10811.7833895859,10773.6487629679,-0.0374333695730446,NA,901,-0.0312463572857856,0.990923440755338,-2.69214316274243,2.2230131179956,32,"",36.9,38.8,0.000121720515371723,96.4355371037292,0.0117381832764149,"cell_0167"
167,"cell_0167",1,"stationary","stationary_selected",0.464264550682856,8302.1201359938,8301.65587144312,8318.29829184229,8322.31214038848,NA,NA,912,-0.0197552747509786,0.98764210570293,-2.72165735724181,3.03075306823753,22,"",36.9,38.8,0.000121720515371723,96.4355371037292,0.0117381832764149,"cell_0167"
167,"cell_0167",3,"sigma_time","weak_nonstationarity",2.31108406155545,9531.18866499555,9528.87758093399,9544.52461973828,9539.20534973943,-0.0224459559014824,NA,910,-0.0270279046132693,0.985255826586051,-2.59309473193121,1.93041326103897,23,"",36.9,38.8,0.000121720515371723,96.4355371037292,0.0117381832764149,"cell_0167"
167,"cell_0167",6,"sigma_nu_time","strong_nonstationarity",13.3248605492099,10178.909832177,10171.2471798177,10188.8458804043,10165.5849716277,-0.0410426496418673,0.154777514165916,907,-0.0331736600895162,0.992972900985964,-3.10830736571959,2.24021944716447,24,"",36.9,38.8,0.000121720515371723,96.4355371037292,0.0117381832764149,"cell_0167"
184,"cell_0184",1,"stationary","stationary_selected",-4.15147564634572,8456.00289701883,8460.15437266518,8470.23544241209,8479.93472557332,NA,NA,912,-0.0171848085205384,0.990307047162019,-2.99000931752206,2.55305059114462,23,"",35.8,38.7,0.277428273457741,96.5685074955215,26.7908343048735,"cell_0184"
184,"cell_0184",3,"stationary","stationary_selected",-5.61039994379644,9703.15162489427,9708.76202483807,9718.94779071884,9722.06964919481,NA,NA,910,-0.0245233821447779,0.986890565245969,-2.51633828457258,2.21338263608892,21,"",35.8,38.7,0.277428273457741,96.5685074955215,26.7908343048735,"cell_0184"
184,"cell_0184",6,"sigma_time","moderate_nonstationarity",6.37141720493491,10368.2345711008,10361.8631538959,10385.2693920483,10365.1263167579,-0.0294745518509373,NA,907,-0.0317540645996674,0.996216858330042,-3.12901913406345,2.26676339881562,37,"",35.8,38.7,0.277428273457741,96.5685074955215,26.7908343048735,"cell_0184"
184,"cell_0184",12,"sigma_time","strong_nonstationarity",25.1348156195399,11062.202721102,11037.0679054825,11086.2822304039,11042.8340925352,-0.0408387116674014,NA,901,-0.0325061441761711,0.988582491855151,-2.99406758720687,2.1912647140407,34,"",35.8,38.7,0.277428273457741,96.5685074955215,26.7908343048735,"cell_0184"
185,"cell_0185",3,"stationary","stationary_selected",-1.57648066118418,9633.28651484763,9634.86299550882,9649.22182674008,9648.39207505455,NA,NA,910,-0.02532995557637,0.986717533448558,-2.50968774531399,2.20846529074605,21,"",35.9,38.7,0.644924284662989,96.5685074955215,62.2793756175217,"cell_0185"
185,"cell_0185",6,"sigma_time","strong_nonstationarity",11.089004707088,10295.7953510495,10284.7063463424,10312.790532967,10286.9520822451,-0.0309216270453742,NA,907,-0.0328303300447382,0.996032751534521,-3.14025478174167,2.20660299531735,36,"",35.9,38.7,0.644924284662989,96.5685074955215,62.2793756175217,"cell_0185"
185,"cell_0185",12,"sigma_time","strong_nonstationarity",31.4986337927767,10983.86950934,10952.3708755473,11008.8171834225,10958.6163157057,-0.0437110589513569,NA,901,-0.0328527048084343,0.98907455367152,-3.02042476306851,2.16604552007639,33,"",35.9,38.7,0.644924284662989,96.5685074955215,62.2793756175217,"cell_0185"
185,"cell_0185",1,"stationary","stationary_selected",-1.47215987479285,8390.14747599238,8391.61963586718,8404.7241882469,8412.1468507549,NA,NA,912,-0.0177392801876773,0.990599234010786,-2.92816959546993,2.58249982223108,23,"",35.9,38.7,0.644924284662989,96.5685074955215,62.2793756175217,"cell_0185"
186,"cell_0186",3,"sigma_time","moderate_nonstationarity",6.33405808558928,9553.25594616236,9546.92188807677,9569.27679941396,9560.59378183198,-0.0235188271538174,NA,910,-0.0278373417745015,0.98814262682162,-2.54365352973856,2.21986214444734,28,"",36,38.7,1,96.5685074955215,96.5685074955215,"cell_0186"
186,"cell_0186",6,"sigma_time","strong_nonstationarity",22.5550937526859,10218.6808879334,10196.1257941807,10235.4295951843,10197.3057808646,-0.0322361179296518,NA,907,-0.0365786055220669,0.99673187156965,-3.14118493557858,2.09839375400534,35,"",36,38.7,1,96.5685074955215,96.5685074955215,"cell_0186"
186,"cell_0186",12,"sigma_time","strong_nonstationarity",46.3840040419564,10906.5314945133,10860.1474904714,10932.2131365222,10865.3516468877,-0.0475525713978837,NA,901,-0.0344698325717086,0.990384905165096,-3.02749249969896,2.13217360436645,36,"",36,38.7,1,96.5685074955215,96.5685074955215,"cell_0186"
186,"cell_0186",1,"stationary","stationary_selected",1.3484272173464,8318.22521362909,8316.87678641174,8333.78843955597,8338.2601884011,NA,NA,912,-0.0186374615163021,0.991371962436807,-2.87955690297033,2.66690729440038,25,"",36,38.7,1,96.5685074955215,96.5685074955215,"cell_0186"
187,"cell_0187",12,"sigma_time","strong_nonstationarity",60.2848759335739,10821.2566898305,10760.9718138969,10847.0038261218,10765.189464559,-0.0490193445625321,NA,901,-0.0362844895840292,0.992368000734969,-3.01609735324883,2.09405824671406,35,"",36.1,38.7,1,96.5685074955215,96.5685074955215,"cell_0187"
187,"cell_0187",1,"sigma_time","weak_nonstationarity",3.39332758353157,8244.493706314,8241.10037873047,8261.83473920237,8263.56360213071,-0.0214225989237331,NA,912,-0.0167016816238149,0.991442007490529,-2.81148570130046,2.6884629223153,26,"",36.1,38.7,1,96.5685074955215,96.5685074955215,"cell_0187"
187,"cell_0187",3,"sigma_time","strong_nonstationarity",14.0987540811402,9469.79044382738,9455.69168974624,9486.13806007541,9469.86118101018,-0.023159801070695,NA,910,-0.0307390232003782,0.988158055299187,-2.64036721124586,2.16403817178405,28,"",36.1,38.7,1,96.5685074955215,96.5685074955215,"cell_0187"
187,"cell_0187",6,"sigma_time","strong_nonstationarity",33.914957558276,10136.9224537849,10103.0074962266,10153.1984808423,10103.4583085094,-0.0309304215339445,NA,907,-0.0405637673928045,0.997876816713183,-3.12776256182841,2.12189758826283,40,"",36.1,38.7,1,96.5685074955215,96.5685074955215,"cell_0187"
188,"cell_0188",1,"sigma_time","weak_nonstationarity",3.98099644400827,8188.50178696752,8184.52079052352,8207.6220295888,8207.93927237418,-0.0219358255443358,NA,912,-0.017888972324756,0.991255586119201,-2.7713231444883,2.75218990061861,28,"",36.2,38.7,1,96.5685074955215,96.5685074955215,"cell_0188"
188,"cell_0188",12,"sigma_time","strong_nonstationarity",64.5442627875636,10742.1565092878,10677.6122465002,10767.7267500024,10681.3282658876,-0.0482624990388121,NA,901,-0.0365310388059927,0.99392205863527,-2.99088730199769,2.05386190992971,33,"",36.2,38.7,1,96.5685074955215,96.5685074955215,"cell_0188"
188,"cell_0188",3,"sigma_time","strong_nonstationarity",17.315532299388,9404.17612433544,9386.86059203605,9420.89561146043,9401.57426648903,-0.0225598645807992,NA,910,-0.0321600471905646,0.988020881249465,-2.68240115400093,2.10168062904916,28,"",36.2,38.7,1,96.5685074955215,96.5685074955215,"cell_0188"
188,"cell_0188",6,"sigma_time","strong_nonstationarity",38.3380571026682,10068.8694924548,10030.5314353521,10084.6575511436,10030.7729723073,-0.0305939762476238,NA,907,-0.0421179688334909,0.998713852115073,-3.12033013403777,2.12661728875163,43,"",36.2,38.7,1,96.5685074955215,96.5685074955215,"cell_0188"
189,"cell_0189",3,"sigma_time","strong_nonstationarity",15.2546485696057,9396.94685819257,9381.69220962296,9413.78341994173,9396.41073361825,-0.0230007373169226,NA,910,-0.0318411653614074,0.987635542957256,-2.68472958257805,2.07583467654256,27,"",36.3,38.7,1,96.5685074955215,96.5685074955215,"cell_0189"
189,"cell_0189",6,"sigma_time","strong_nonstationarity",33.8720837556084,10059.4581796222,10025.5860958666,10075.4616134063,10025.9854675935,-0.0302994023708902,NA,907,-0.0402945377732195,0.998282697455343,-3.13963038461693,2.13189321033262,42,"",36.3,38.7,1,96.5685074955215,96.5685074955215,"cell_0189"
189,"cell_0189",1,"sigma_time","weak_nonstationarity",3.09045152655563,8187.75402007756,8184.663568551,8207.97404560146,8208.47112447308,-0.0218159331472185,NA,912,-0.0182539026525622,0.990671109892071,-2.76413611210212,2.88314125394855,27,"",36.3,38.7,1,96.5685074955215,96.5685074955215,"cell_0189"
189,"cell_0189",12,"sigma_time","strong_nonstationarity",57.6752829951874,10719.4871694006,10661.8118864054,10744.772295706,10666.2710697564,-0.0472153154964578,NA,901,-0.0343656758326759,0.993568751200372,-2.94366416085781,2.02757262705904,35,"",36.3,38.7,1,96.5685074955215,96.5685074955215,"cell_0189"
190,"cell_0190",3,"sigma_time","moderate_nonstationarity",8.08072771240404,9444.28906483373,9436.20833712133,9460.07837754471,9450.25607116372,-0.0225859691967071,NA,910,-0.0303815018100464,0.987493773025691,-2.69594767012425,2.05509940453219,25,"",36.4,38.7,1,96.5685074955215,96.5685074955215,"cell_0190"
190,"cell_0190",6,"sigma_nu_time","strong_nonstationarity",20.847158588911,10099.837758538,10079.2776277175,10114.009205808,10078.9905999491,-0.0357276804376416,0.124968415324542,907,-0.0359318726444692,0.996908525628749,-2.96200345080764,2.26413762197113,36,"",36.4,38.7,1,96.5685074955215,96.5685074955215,"cell_0190"
190,"cell_0190",12,"sigma_time","strong_nonstationarity",38.2093881313467,10744.8573322017,10706.6479440704,10768.9446874912,10711.4238428092,-0.0434685067293989,NA,901,-0.0312963809358144,0.992765667426202,-2.90743038069952,2.04518594659856,33,"",36.4,38.7,1,96.5685074955215,96.5685074955215,"cell_0190"
190,"cell_0190",1,"stationary","stationary_selected",0.244463281362187,8244.07059200903,8243.82612872767,8264.62038036384,8267.63868322329,NA,NA,912,-0.0199697084422162,0.990374690399551,-2.7286572466286,3.03022107502761,23,"",36.4,38.7,1,96.5685074955215,96.5685074955215,"cell_0190"
191,"cell_0191",12,"sigma_time","strong_nonstationarity",18.5685441495061,10776.0189935916,10757.4504494421,10797.6260577424,10764.0585774513,-0.0397265098791916,NA,901,-0.0275023720017619,0.991834196288761,-2.90405896238013,2.09665970561421,31,"",36.5,38.7,1,96.5685074955215,96.5685074955215,"cell_0191"
191,"cell_0191",6,"sigma_time","moderate_nonstationarity",6.63575115399181,10146.1320976329,10139.496346479,10158.0285166383,10139.9466207417,-0.0260680795390418,NA,907,-0.0325152892326418,0.996791794356793,-3.16233019702214,2.21022465385008,33,"",36.5,38.7,1,96.5685074955215,96.5685074955215,"cell_0191"
191,"cell_0191",1,"stationary","stationary_selected",-2.94700931662555,8299.53238578497,8302.4793951016,8319.87361304707,8325.95304358699,NA,NA,912,-0.0195789111953529,0.989619901074791,-2.73227214588375,3.06663787372374,25,"",36.5,38.7,1,96.5685074955215,96.5685074955215,"cell_0191"
191,"cell_0191",3,"stationary","stationary_selected",0.104780681209377,9493.62613618815,9493.52135550694,9508.49878090487,9507.42843197979,NA,NA,910,-0.0272853429995344,0.984693743019989,-2.77798611587328,2.029896513686,24,"",36.5,38.7,1,96.5685074955215,96.5685074955215,"cell_0191"
192,"cell_0192",1,"stationary","stationary_selected",-3.56967661711496,8321.91877876824,8325.48845538536,8341.70318080324,8348.5697084542,NA,NA,912,-0.018934900177341,0.989107878228709,-2.69598256191173,3.06067521418626,25,"",36.6,38.7,1,96.5685074955215,96.5685074955215,"cell_0192"
192,"cell_0192",12,"sigma_time","strong_nonstationarity",13.0900669522143,10792.7964314044,10779.7063644521,10813.4205958101,10786.0718964973,-0.0382388494422055,NA,901,-0.0264989852744192,0.990872550421661,-2.89039706929981,2.10574159004728,29,"",36.6,38.7,1,96.5685074955215,96.5685074955215,"cell_0192"
192,"cell_0192",3,"stationary","stationary_selected",-2.23841068815636,9522.11091058287,9524.34932127103,9537.28872807945,9538.15570931047,NA,NA,910,-0.0257848604951996,0.984094416821306,-2.76102835022177,2.02199893135182,21,"",36.6,38.7,1,96.5685074955215,96.5685074955215,"cell_0192"
192,"cell_0192",6,"sigma_time","weak_nonstationarity",2.40329360074065,10173.2616353625,10170.8583417618,10184.965435914,10171.261713178,-0.0264459935862811,NA,907,-0.0314505955714801,0.995134192558175,-3.15002472942261,2.19291544731859,30,"",36.6,38.7,1,96.5685074955215,96.5685074955215,"cell_0192"
193,"cell_0193",6,"sigma_nu_time","moderate_nonstationarity",5.39944994900907,10196.6874976147,10191.5149073837,10209.9191733414,10191.2880476657,-0.0366947679742236,0.139958642363899,907,-0.0308417843319945,0.992019396178925,-2.95487841705986,2.29516908837783,25,"",36.7,38.7,0.589801493794767,96.5685074955215,56.9562499743898,"cell_0193"
193,"cell_0193",1,"stationary","stationary_selected",-2.04485711549023,8327.60995741143,8329.65481452692,8346.57058932665,8352.2888492386,NA,NA,912,-0.0182228049004038,0.98846868792962,-2.75320240287999,3.04251814497841,22,"",36.7,38.7,0.589801493794767,96.5685074955215,56.9562499743898,"cell_0193"
193,"cell_0193",12,"sigma_time","strong_nonstationarity",18.1673022192736,10808.562382726,10790.3950805067,10830.2345601373,10797.2179739188,-0.0392331267435617,NA,901,-0.0280430428068435,0.990487101912614,-2.82006698101139,2.16319322034905,30,"",36.7,38.7,0.589801493794767,96.5685074955215,56.9562499743898,"cell_0193"
193,"cell_0193",3,"stationary","stationary_selected",-0.295830593353458,9543.24215191449,9543.53798250785,9559.11299204295,9556.94159007582,NA,NA,910,-0.0251667691666004,0.983416156740728,-2.73492408642959,1.96618343705803,23,"",36.7,38.7,0.589801493794767,96.5685074955215,56.9562499743898,"cell_0193"
194,"cell_0194",3,"sigma_time","weak_nonstationarity",2.79026535209232,9578.01554470699,9575.2252793549,9594.2743975345,9587.90662921596,-0.0238379888118097,NA,910,-0.0260781146430669,0.984883776748216,-2.65568424473698,1.95116155409646,26,"",36.8,38.7,0.214886789952039,96.5685074955215,20.751296586172,"cell_0194"
194,"cell_0194",6,"sigma_nu_time","moderate_nonstationarity",9.52480379648296,10238.4262714233,10229.3956633859,10253.1763487125,10228.9014676268,-0.0405859732759106,0.139341390010028,907,-0.0321644577376895,0.99064613132796,-3.05566740852095,2.20550898225234,23,"",36.8,38.7,0.214886789952039,96.5685074955215,20.751296586172,"cell_0194"
194,"cell_0194",12,"sigma_time","strong_nonstationarity",24.7389014814089,10847.9897612481,10823.2508597667,10870.6456721495,10831.4476580943,-0.039628850957022,NA,901,-0.0308528286328981,0.990426704755403,-2.73657076030142,2.21225502040539,30,"",36.8,38.7,0.214886789952039,96.5685074955215,20.751296586172,"cell_0194"
194,"cell_0194",1,"stationary","stationary_selected",0.442485910645701,8345.77506453135,8345.3325786207,8363.5578093061,8367.26020779402,NA,NA,912,-0.017802703673959,0.987392690969619,-2.77904927355813,3.01062611332427,20,"",36.8,38.7,0.214886789952039,96.5685074955215,20.751296586172,"cell_0194"
210,"cell_0210",6,"stationary","stationary_selected",-2.51286425328544,10430.8200389928,10433.332903246,10447.5500537499,10441.2126096184,NA,NA,907,-0.0271504583306297,0.991060624255476,-3.01004471030293,2.32847291603463,27,"",35.6,38.6,0.149595967570847,96.7011793468552,14.4661064896348,"cell_0210"
210,"cell_0210",12,"sigma_time","moderate_nonstationarity",9.1891525360279,11130.4430809164,11121.2539283804,11152.3889683613,11129.16961439,-0.0355759936528706,NA,901,-0.0305447247657899,0.987058272514555,-2.83841228322363,2.30569470422475,30,"",35.6,38.6,0.149595967570847,96.7011793468552,14.4661064896348,"cell_0210"
210,"cell_0210",3,"stationary","stationary_selected",-12.9829657340251,9752.4223913196,9765.40535705363,9767.24551371694,9778.32217502675,NA,NA,910,-0.0225699749685308,0.985252663239689,-2.62454518965285,2.13550689264568,22,"",35.6,38.6,0.149595967570847,96.7011793468552,14.4661064896348,"cell_0210"
210,"cell_0210",1,"stationary","stationary_selected",-11.2154135039436,8490.62362442648,8501.83903793042,8503.97982539632,8519.56832185259,NA,NA,912,-0.0160573142466444,0.990248336101462,-2.87945520084298,2.61198954631449,23,"",35.6,38.6,0.149595967570847,96.7011793468552,14.4661064896348,"cell_0210"
211,"cell_0211",3,"stationary","stationary_selected",-9.81030192140315,9734.64646556059,9744.45676748199,9749.8654830969,9757.39093794047,NA,NA,910,-0.02384173756919,0.986191911110213,-2.56684539624084,2.18852995080126,21,"",35.7,38.6,0.355211207326419,96.7011793468552,34.349342665685,"cell_0211"
211,"cell_0211",1,"stationary","stationary_selected",-8.02123335434408,8481.31525574719,8489.33648910153,8494.69299639242,8507.57857835285,NA,NA,912,-0.0168807309719487,0.99070508286232,-2.93211107069484,2.58880082133627,24,"",35.7,38.6,0.355211207326419,96.7011793468552,34.349342665685,"cell_0211"
211,"cell_0211",12,"sigma_time","strong_nonstationarity",13.0984106916912,11102.4475949726,11089.349184281,11126.0374441406,11099.2723406592,-0.0370371291601642,NA,901,-0.0307703664875727,0.987202545758249,-2.90390400734885,2.27267516684167,34,"",35.7,38.6,0.355211207326419,96.7011793468552,34.349342665685,"cell_0211"
211,"cell_0211",6,"stationary","stationary_selected",0.912805323703651,10406.4077757961,10405.4949704724,10423.3942245864,10412.0983759776,NA,NA,907,-0.0278390053173949,0.991821326064676,-3.03053921726365,2.33344583188039,30,"",35.7,38.6,0.355211207326419,96.7011793468552,34.349342665685,"cell_0211"
212,"cell_0212",1,"stationary","stationary_selected",-4.67663852960141,8466.7784310783,8471.45506960791,8480.22008216188,8490.38347185078,NA,NA,912,-0.0175017890000095,0.991041663440383,-2.91928421362171,2.53738625263081,23,"",35.8,38.6,0.951258517517893,96.7011793468552,91.9878205077214,"cell_0212"
212,"cell_0212",6,"sigma_time","weak_nonstationarity",3.61196627389472,10381.4485805835,10377.8366143096,10398.5488057504,10383.4887891906,-0.028252954363293,NA,907,-0.0299849362072907,0.995798250234938,-3.14472340333896,2.25290967413616,35,"",35.8,38.6,0.951258517517893,96.7011793468552,91.9878205077214,"cell_0212"
212,"cell_0212",3,"stationary","stationary_selected",-6.83299908942536,9714.70512322741,9721.53812231684,9730.45194964066,9734.8779816485,NA,NA,910,-0.0241327032530923,0.986839125474808,-2.47725977825107,2.26850336975139,20,"",35.8,38.6,0.951258517517893,96.7011793468552,91.9878205077214,"cell_0212"
212,"cell_0212",12,"sigma_time","strong_nonstationarity",16.3216824875453,11068.3403326403,11052.0186501527,11093.1410691997,11063.9351523804,-0.0379058655305423,NA,901,-0.030445063359978,0.98754300415441,-2.94037227190598,2.23587607977045,33,"",35.8,38.6,0.951258517517893,96.7011793468552,91.9878205077214,"cell_0212"
213,"cell_0213",6,"sigma_time","moderate_nonstationarity",8.66974903326445,10329.2906055305,10320.6208564972,10346.3297642661,10325.3848173164,-0.0299191185049713,NA,907,-0.0307186666534087,0.995447805824051,-3.15038235034945,2.19913311326274,36,"",35.9,38.6,1,96.7011793468552,96.7011793468552,"cell_0213"
213,"cell_0213",3,"stationary","stationary_selected",-2.53906377993007,9663.69158692776,9666.23065070769,9679.74670690907,9679.89018803724,NA,NA,910,-0.0246940950508296,0.986909676410613,-2.46967469057641,2.28768138512912,22,"",35.9,38.6,1,96.7011793468552,96.7011793468552,"cell_0213"
213,"cell_0213",12,"sigma_time","strong_nonstationarity",22.8156376617171,11008.2138742261,10985.3982365644,11033.7009078342,10997.8926169584,-0.0420616962504827,NA,901,-0.0308917004565777,0.988107064901779,-2.96001502800068,2.19492121380858,33,"",35.9,38.6,1,96.7011793468552,96.7011793468552,"cell_0213"
213,"cell_0213",1,"stationary","stationary_selected",-1.51067428235547,8421.43063927008,8422.94131355244,8435.24700637251,8442.73593797245,NA,NA,912,-0.0181247412970343,0.991340003741123,-2.85929457051338,2.54771145047514,24,"",35.9,38.6,1,96.7011793468552,96.7011793468552,"cell_0213"
214,"cell_0214",6,"sigma_time","strong_nonstationarity",20.5317362508558,10241.9947180774,10221.4629818265,10259.1212245779,10225.7675905786,-0.0309477956382035,NA,907,-0.0348690992018919,0.99575975805539,-3.15216639337241,2.05440218459052,37,"",36,38.6,1,96.7011793468552,96.7011793468552,"cell_0214"
214,"cell_0214",3,"sigma_time","moderate_nonstationarity",5.77552390438177,9571.84113075098,9566.0656068466,9588.2399854556,9580.32218254981,-0.0226301798229059,NA,910,-0.0273247556431199,0.988161209927043,-2.52937299816557,2.25337168298821,28,"",36,38.6,1,96.7011793468552,96.7011793468552,"cell_0214"
214,"cell_0214",12,"sigma_time","strong_nonstationarity",38.0529252750712,10920.6415563227,10882.5886310476,10946.4786516474,10893.3807914037,-0.0459034644331752,NA,901,-0.0331013510901398,0.989622208385978,-2.94636813485331,2.15015392096345,33,"",36,38.6,1,96.7011793468552,96.7011793468552,"cell_0214"
214,"cell_0214",1,"stationary","stationary_selected",1.02972550609047,8339.75290132433,8338.72317581824,8355.00645258332,8359.72671199374,NA,NA,912,-0.0190572652539836,0.992042120082999,-2.80435906269011,2.64849846572402,26,"",36,38.6,1,96.7011793468552,96.7011793468552,"cell_0214"
215,"cell_0215",3,"sigma_time","strong_nonstationarity",13.7210007761441,9481.43937830199,9467.71837752585,9498.46740288278,9482.6650721149,-0.0229098218618462,NA,910,-0.0300955548813475,0.988007353752705,-2.64339995493366,2.18916218404761,27,"",36.1,38.6,1,96.7011793468552,96.7011793468552,"cell_0215"
215,"cell_0215",12,"sigma_time","strong_nonstationarity",52.6644075555378,10829.5730539262,10776.9086463707,10855.3639734187,10785.8752800496,-0.0478950720112535,NA,901,-0.0351337512616373,0.991488001885524,-2.9097788270753,2.08582457999932,30,"",36.1,38.6,1,96.7011793468552,96.7011793468552,"cell_0215"
215,"cell_0215",1,"sigma_time","weak_nonstationarity",2.74288833688661,8259.15109517804,8256.40820684115,8276.6362719258,8278.91286665089,-0.0205049355864058,NA,912,-0.0171549762673259,0.992019353960686,-2.78570727425909,2.68120465202414,26,"",36.1,38.6,1,96.7011793468552,96.7011793468552,"cell_0215"
215,"cell_0215",6,"sigma_time","strong_nonstationarity",31.9951418313885,10154.322505501,10122.3273636696,10171.6067026284,10126.3948932753,-0.0302751903175684,NA,907,-0.0385391753975628,0.996154440048917,-3.13299004521081,2.09866623729826,39,"",36.1,38.6,1,96.7011793468552,96.7011793468552,"cell_0215"
216,"cell_0216",1,"stationary","stationary_selected",1.75429810509922,8180.57776500234,8178.82346689724,8199.87519756545,8202.33054317809,NA,NA,912,-0.019808234342574,0.992148999991635,-2.77333692370101,2.79585584905521,26,"",36.2,38.6,1,96.7011793468552,96.7011793468552,"cell_0216"
216,"cell_0216",12,"sigma_time","strong_nonstationarity",49.0280682930497,10717.6781034872,10668.6500351942,10743.1232416858,10676.1000171742,-0.045237273497978,NA,901,-0.0355624921390605,0.992889487665392,-2.8642315217956,2.04038944788039,32,"",36.2,38.6,1,96.7011793468552,96.7011793468552,"cell_0216"
216,"cell_0216",6,"sigma_time","strong_nonstationarity",30.7281752366926,10058.5980851705,10027.8699099338,10075.478615731,10031.7728314373,-0.0284013580748419,NA,907,-0.0392458845357599,0.996407650458034,-3.13207714921803,2.2093880640062,40,"",36.2,38.6,1,96.7011793468552,96.7011793468552,"cell_0216"
216,"cell_0216",3,"sigma_time","strong_nonstationarity",13.5300151094161,9392.65131878143,9379.12130367201,9409.52818176438,9394.18024892975,-0.0212013447641285,NA,910,-0.0306849211144633,0.987576623810892,-2.72563077658158,2.10737424532037,27,"",36.2,38.6,1,96.7011793468552,96.7011793468552,"cell_0216"
217,"cell_0217",12,"sigma_time","strong_nonstationarity",35.6453838274756,10729.4846955942,10693.8393117667,10754.2854951404,10702.75278744,-0.0404535041155894,NA,901,-0.0333482983694884,0.992477426924113,-2.79302850703635,2.02157454599976,33,"",36.3,38.6,1,96.7011793468552,96.7011793468552,"cell_0217"
217,"cell_0217",3,"sigma_time","moderate_nonstationarity",9.71140312205171,9426.78065249311,9417.06924937106,9443.50539789364,9432.30797691606,-0.0204627285416939,NA,910,-0.0299716874991473,0.987276130988856,-2.78377611328065,2.07337024318263,26,"",36.3,38.6,1,96.7011793468552,96.7011793468552,"cell_0217"
217,"cell_0217",6,"sigma_time","strong_nonstationarity",21.9328266290449,10085.7410034797,10063.8081768506,10102.28108154,10068.8440565604,-0.0270215184765745,NA,907,-0.0372059476670447,0.996111860924016,-3.11490424721318,2.21003720195935,36,"",36.3,38.6,1,96.7011793468552,96.7011793468552,"cell_0217"
217,"cell_0217",1,"stationary","stationary_selected",0.567011829445619,8219.95335528444,8219.386343455,8239.98579947705,8243.1794911468,NA,NA,912,-0.0198045226628341,0.991323676989764,-2.70774468785584,2.92351834458482,26,"",36.3,38.6,1,96.7011793468552,96.7011793468552,"cell_0217"
218,"cell_0218",12,"sigma_time","strong_nonstationarity",23.5836752577507,10803.7557851889,10780.1721099312,10827.4571858,10790.8609448728,-0.0386558229890929,NA,901,-0.0296300864980728,0.991461470587565,-2.90480124688573,2.0421460071673,30,"",36.4,38.6,1,96.7011793468552,96.7011793468552,"cell_0218"
218,"cell_0218",6,"sigma_time","strong_nonstationarity",11.8256714880954,10172.4434931802,10160.6178216921,10188.0493769684,10165.2406020529,-0.0266484098997401,NA,907,-0.0340232181753746,0.995873081001749,-3.12358743616892,2.14837572645961,37,"",36.4,38.6,1,96.7011793468552,96.7011793468552,"cell_0218"
218,"cell_0218",1,"stationary","stationary_selected",-2.10949201004041,8313.27335998716,8315.3828519972,8333.91647735927,8339.29704278813,NA,NA,912,-0.0194883502988446,0.990360356782482,-2.70124282549896,3.00844799661362,23,"",36.4,38.6,1,96.7011793468552,96.7011793468552,"cell_0218"
218,"cell_0218",3,"sigma_time","weak_nonstationarity",3.4156433473654,9516.09949789479,9512.68385454743,9532.31892267158,9527.75885363074,-0.0201147934849851,NA,910,-0.0280844199790446,0.987114356377401,-2.75032220807716,2.07510589381062,27,"",36.4,38.6,1,96.7011793468552,96.7011793468552,"cell_0218"
219,"cell_0219",3,"stationary","stationary_selected",-3.03673902673836,9608.21454901373,9611.25128804046,9624.05483775963,9626.33888976436,NA,NA,910,-0.0253037427808998,0.984670590205627,-2.77415305946374,2.02237247485634,22,"",36.5,38.6,1,96.7011793468552,96.7011793468552,"cell_0219"
219,"cell_0219",6,"stationary","stationary_selected",1.7938467457534,10264.421612406,10262.6277656602,10278.3753331265,10268.1299593712,NA,NA,907,-0.0252666562459993,0.991384049526878,-2.95680933697075,2.00752073555705,30,"",36.5,38.6,1,96.7011793468552,96.7011793468552,"cell_0219"
219,"cell_0219",12,"sigma_time","strong_nonstationarity",11.4223123363317,10885.0128710848,10873.5905587485,10907.0349594993,10884.4575761957,-0.0366937210886946,NA,901,-0.0260608029017096,0.990995099139602,-2.96811459571148,2.0691984514154,30,"",36.5,38.6,1,96.7011793468552,96.7011793468552,"cell_0219"
219,"cell_0219",1,"stationary","stationary_selected",-4.56569127189505,8406.45146491496,8411.01715618686,8426.97445184809,8434.6208669794,NA,NA,912,-0.0186940694170903,0.989384936572059,-2.70446459275725,3.01402676506573,22,"",36.5,38.6,1,96.7011793468552,96.7011793468552,"cell_0219"
220,"cell_0220",12,"sigma_time","moderate_nonstationarity",6.45134144429539,10928.3869213978,10921.9355799535,10949.3700274372,10932.8940498543,-0.0355517994173924,NA,901,-0.0250869130876911,0.990628750414693,-2.96418883644728,2.10211640306024,27,"",36.6,38.6,0.860117468379011,96.7011793468552,83.1743735690818,"cell_0220"
220,"cell_0220",1,"stationary","stationary_selected",-5.54641052742772,8453.96268561723,8459.50909614465,8474.16310798621,8482.83068352859,NA,NA,912,-0.0179505676779747,0.988564230184919,-2.72380093619857,2.98761110155063,19,"",36.6,38.6,0.860117468379011,96.7011793468552,83.1743735690818,"cell_0220"
220,"cell_0220",6,"stationary","stationary_selected",-2.73301617189645,10317.6477975886,10320.3808137605,10331.2368662988,10325.6811170637,NA,NA,907,-0.024422209986837,0.990628985288453,-2.95928659846203,1.98933048276452,28,"",36.6,38.6,0.860117468379011,96.7011793468552,83.1743735690818,"cell_0220"
220,"cell_0220",3,"stationary","stationary_selected",-5.79009729737845,9661.31790584627,9667.10800314364,9677.14081489958,9681.93793321039,NA,NA,910,-0.0239159567860817,0.984420950377747,-2.721690825461,2.01956392688232,22,"",36.6,38.6,0.860117468379011,96.7011793468552,83.1743735690818,"cell_0220"
221,"cell_0221",6,"stationary","stationary_selected",-1.74503352282591,10312.2685664982,10314.0136000211,10326.0846450688,10318.497821219,NA,NA,907,-0.0258932178130892,0.989577975007605,-2.99200573671205,1.9835544022497,27,"",36.7,38.6,0.0240352255600811,96.7011793468552,2.32423465752752,"cell_0221"
221,"cell_0221",3,"stationary","stationary_selected",-4.23904955252328,9651.87951645437,9656.1185660069,9667.07428370193,9669.29067100295,NA,NA,910,-0.0241978865497553,0.984440269430761,-2.65677151158545,2.00542944716914,23,"",36.7,38.6,0.0240352255600811,96.7011793468552,2.32423465752752,"cell_0221"
221,"cell_0221",1,"stationary","stationary_selected",-4.44838870949206,8431.04799976241,8435.4963884719,8450.52452751435,8458.09840780324,NA,NA,912,-0.0178882844291842,0.987606065443373,-2.74322851687779,2.99571359194316,19,"",36.7,38.6,0.0240352255600811,96.7011793468552,2.32423465752752,"cell_0221"
221,"cell_0221",12,"sigma_time","moderate_nonstationarity",7.67865542607979,10915.5950631862,10907.9164077602,10936.6681700714,10919.7377200714,-0.033215191527959,NA,901,-0.0283061212076849,0.990590207142802,-2.89600519974036,2.16951274061933,28,"",36.7,38.6,0.0240352255600811,96.7011793468552,2.32423465752752,"cell_0221"
237,"cell_0237",3,"stationary","stationary_selected",-7.34837223374052,9595.51424742353,9602.86261965727,9612.71543861185,9618.96019015043,NA,NA,910,-0.023462259116481,0.98464961992013,-2.59485601142469,2.19143982369176,19,"",35.5,38.5,0.0287885644850468,96.8335523013763,2.78769896474433,"cell_0237"
237,"cell_0237",12,"sigma_time","strong_nonstationarity",22.3769443958063,10967.4389620832,10945.0620176874,10991.1853568414,10953.8830271071,-0.0431986970343765,NA,901,-0.0294966509038086,0.986675882766073,-2.77856658731301,2.307883059169,30,"",35.5,38.5,0.0287885644850468,96.8335523013763,2.78769896474433,"cell_0237"
237,"cell_0237",1,"stationary","stationary_selected",-7.64919513456698,8338.13132883069,8345.78052396526,8350.74404673131,8364.49910000931,NA,NA,912,-0.0161371978693227,0.989795940608065,-2.6922103795149,2.42878607261018,26,"",35.5,38.5,0.0287885644850468,96.8335523013763,2.78769896474433,"cell_0237"
237,"cell_0237",6,"sigma_time","moderate_nonstationarity",4.87190911793732,10275.1179067303,10270.2459976123,10295.3601002077,10281.3864940763,-0.0295927550817942,NA,907,-0.0302754200547167,0.993222926896265,-3.08527505245295,2.18824267420734,35,"",35.5,38.5,0.0287885644850468,96.8335523013763,2.78769896474433,"cell_0237"
238,"cell_0238",3,"stationary","stationary_selected",-8.43449075284116,9630.17981105181,9638.61430180465,9646.72264209532,9653.94445107512,NA,NA,910,-0.0239919585656428,0.985283198906215,-2.60193395358301,2.21823480620811,19,"",35.6,38.5,0.884421775950151,96.8335523013763,85.6417022979451,"cell_0238"
238,"cell_0238",12,"sigma_time","strong_nonstationarity",12.709212723079,10989.2514910628,10976.5422783398,11013.0982941884,10987.9271977647,-0.0370741533363167,NA,901,-0.029338771618858,0.986678347296115,-2.75853525208951,2.3116209418262,30,"",35.6,38.5,0.884421775950151,96.8335523013763,85.6417022979451,"cell_0238"
238,"cell_0238",1,"stationary","stationary_selected",-7.64064739712376,8376.10446335354,8383.74511075066,8388.86630634853,8402.38505271114,NA,NA,912,-0.0164323522778734,0.990613094518361,-2.74308640639139,2.46488650575256,26,"",35.6,38.5,0.884421775950151,96.8335523013763,85.6417022979451,"cell_0238"
238,"cell_0238",6,"stationary","stationary_selected",1.11596723931143,10302.0302685363,10300.9143012969,10321.0776059928,10311.3302207754,NA,NA,907,-0.0279551851482492,0.990565805072795,-3.01685252730736,2.30205585351362,28,"",35.6,38.5,0.884421775950151,96.8335523013763,85.6417022979451,"cell_0238"
239,"cell_0239",3,"stationary","stationary_selected",-6.17281072733567,9650.29093012307,9656.46374085041,9666.46092425306,9671.42995802005,NA,NA,910,-0.0249712839725622,0.9860904852945,-2.59829376360955,2.25848611507701,22,"",35.7,38.5,1,96.8335523013763,96.8335523013763,"cell_0239"
239,"cell_0239",1,"stationary","stationary_selected",-5.43150355395665,8403.21434673873,8408.64585029269,8415.72396626121,8427.26660666855,NA,NA,912,-0.017200799886785,0.991495913753087,-2.81816706864863,2.46809724390757,27,"",35.7,38.5,1,96.8335523013763,96.8335523013763,"cell_0239"
239,"cell_0239",12,"sigma_time","strong_nonstationarity",11.4306483056953,11003.1837017368,10991.7530534311,11027.8996135849,11006.02110988,-0.0354112103691979,NA,901,-0.029873205913118,0.987135837011605,-2.76411929502755,2.28499494976152,31,"",35.7,38.5,1,96.8335523013763,96.8335523013763,"cell_0239"
239,"cell_0239",6,"sigma_time","weak_nonstationarity",2.03693188283796,10319.089896116,10317.0529642331,10337.2518740157,10326.6489848493,-0.0274979925770139,NA,907,-0.0304054830628854,0.994738948018986,-3.14056911874627,2.23242351033692,34,"",35.7,38.5,1,96.8335523013763,96.8335523013763,"cell_0239"
240,"cell_0240",6,"sigma_time","moderate_nonstationarity",5.18137713151373,10337.6492917669,10332.4679146354,10355.5308317909,10341.6930259227,-0.0281932287010809,NA,907,-0.0304852427622645,0.99450517731286,-3.12446384469591,2.21601682043209,34,"",35.8,38.5,1,96.8335523013763,96.8335523013763,"cell_0240"
240,"cell_0240",1,"stationary","stationary_selected",-2.44884146660115,8426.7491340213,8429.1979754879,8439.32755662209,8448.28963932942,NA,NA,912,-0.0177046256206587,0.992188609202908,-2.81223326363464,2.45229004615406,26,"",35.8,38.5,1,96.8335523013763,96.8335523013763,"cell_0240"
240,"cell_0240",3,"stationary","stationary_selected",-2.77832543587283,9668.85143863909,9671.62976407496,9685.2331495228,9686.92587414104,NA,NA,910,-0.0252224061108852,0.986546167998119,-2.56107039274795,2.27337988763875,23,"",35.8,38.5,1,96.8335523013763,96.8335523013763,"cell_0240"
240,"cell_0240",12,"sigma_time","strong_nonstationarity",14.4835325573495,11016.9093371344,11002.4258045771,11042.4425452268,11018.8293569077,-0.0372084528406483,NA,901,-0.0301754151057977,0.988097923679576,-2.76701153159517,2.24503432791479,31,"",35.8,38.5,1,96.8335523013763,96.8335523013763,"cell_0240"
241,"cell_0241",3,"stationary","stationary_selected",1.22388773066086,9644.39410114771,9643.17021341705,9661.2169555664,9659.056460634,NA,NA,910,-0.0254844481349635,0.98636124159581,-2.56406346826878,2.26487016201521,22,"",35.9,38.5,1,96.8335523013763,96.8335523013763,"cell_0241"
241,"cell_0241",12,"sigma_time","strong_nonstationarity",20.8664579783053,10993.8727404364,10973.0062824581,11019.5986816552,10989.9614091222,-0.0405024968178329,NA,901,-0.0304620339059474,0.988976937299692,-2.78389415991526,2.19700722454089,31,"",35.9,38.5,1,96.8335523013763,96.8335523013763,"cell_0241"
241,"cell_0241",1,"stationary","stationary_selected",-0.0364519345348526,8403.87677408231,8403.91322601685,8416.93770122511,8423.86042547961,NA,NA,912,-0.0181042225113325,0.992270228391039,-2.75945373953551,2.4763091110762,27,"",35.9,38.5,1,96.8335523013763,96.8335523013763,"cell_0241"
241,"cell_0241",6,"sigma_time","strong_nonstationarity",10.1936475202801,10317.1183283102,10306.9246807899,10335.0765032135,10315.9611482458,-0.0289049141545125,NA,907,-0.0312133326378744,0.993812188180674,-3.10465814299864,2.15519583877352,34,"",35.9,38.5,1,96.8335523013763,96.8335523013763,"cell_0241"
242,"cell_0242",3,"sigma_time","moderate_nonstationarity",7.99116714107731,9559.19020693503,9551.19903979395,9576.43408642457,9567.56787175734,-0.0239511610117175,NA,910,-0.026713902543919,0.987331428765232,-2.55615493617445,2.24614138213522,29,"",36,38.5,1,96.8335523013763,96.8335523013763,"cell_0242"
242,"cell_0242",12,"sigma_time","strong_nonstationarity",34.68094596013,10918.5417751494,10883.8608291893,10943.806390047,10900.3011604741,-0.0446576415911418,NA,901,-0.03148848177701,0.989575263645589,-2.8008313900252,2.13777072594487,29,"",36,38.5,1,96.8335523013763,96.8335523013763,"cell_0242"
242,"cell_0242",1,"stationary","stationary_selected",1.83618030860453,8321.66132153055,8319.82514122194,8335.71139620189,8341.02581283489,NA,NA,912,-0.018667408035606,0.991970286908915,-2.74002388878205,2.58241793293304,29,"",36,38.5,1,96.8335523013763,96.8335523013763,"cell_0242"
242,"cell_0242",6,"sigma_time","strong_nonstationarity",20.4383360833253,10238.5137816917,10218.0754456083,10257.4126852516,10227.7244885148,-0.0307930761653942,NA,907,-0.0335636085220877,0.993123589677172,-3.0952487508539,2.00927260080406,37,"",36,38.5,1,96.8335523013763,96.8335523013763,"cell_0242"
243,"cell_0243",3,"sigma_time","moderate_nonstationarity",8.81446997335661,9467.1036990712,9458.28922909785,9483.88504867389,9473.88618170181,-0.0231614432109522,NA,910,-0.0283608383947693,0.986708494267803,-2.62189346425503,2.18673795762921,26,"",36.1,38.5,1,96.8335523013763,96.8335523013763,"cell_0243"
243,"cell_0243",12,"sigma_time","strong_nonstationarity",35.6845385097004,10813.8304860892,10778.1459475795,10839.4219829857,10792.7838573756,-0.0439912206697428,NA,901,-0.0331208971304391,0.990696856176847,-2.81595879224582,2.09832041634171,32,"",36.1,38.5,1,96.8335523013763,96.8335523013763,"cell_0243"
243,"cell_0243",1,"stationary","stationary_selected",1.00799682866818,8239.37834567955,8238.37034885089,8255.30542290114,8260.83375634247,NA,NA,912,-0.0190228386075666,0.991633128613436,-2.75705397621191,2.6636049464487,29,"",36.1,38.5,1,96.8335523013763,96.8335523013763,"cell_0243"
243,"cell_0243",6,"sigma_time","strong_nonstationarity",21.9264153113818,10143.8130715589,10121.8866562475,10163.6443640103,10131.3025190378,-0.0293465215782862,NA,907,-0.0353355883291833,0.992753634289333,-3.10937820233284,2.11401061495838,34,"",36.1,38.5,1,96.8335523013763,96.8335523013763,"cell_0243"
244,"cell_0244",1,"stationary","stationary_selected",-0.831427401366454,8210.36232748756,8211.19375488892,8228.25971144761,8234.4471977829,NA,NA,912,-0.0192428856911072,0.991267208999185,-2.73725323363571,2.73520999781865,26,"",36.2,38.5,1,96.8335523013763,96.8335523013763,"cell_0244"
244,"cell_0244",6,"sigma_time","strong_nonstationarity",18.6764773942723,10100.4356315076,10081.7591541133,10120.7001627262,10091.2573380062,-0.0281666496494689,NA,907,-0.0352831807594406,0.992352352448186,-3.10129945133821,2.18826811965014,32,"",36.2,38.5,1,96.8335523013763,96.8335523013763,"cell_0244"
244,"cell_0244",12,"sigma_time","strong_nonstationarity",30.6704383611977,10754.7183545498,10724.0479161886,10780.2243140194,10737.3335706114,-0.0417740459310995,NA,901,-0.0335892125310236,0.991179724822856,-2.79825610353913,2.04892595709178,31,"",36.2,38.5,1,96.8335523013763,96.8335523013763,"cell_0244"
244,"cell_0244",3,"sigma_time","moderate_nonstationarity",6.56693846005146,9428.4898044234,9421.92286596335,9444.74549462599,9436.70302487575,-0.0225259244955783,NA,910,-0.0287860136442312,0.986244889716335,-2.68278060169733,2.13005914917107,25,"",36.2,38.5,1,96.8335523013763,96.8335523013763,"cell_0244"
245,"cell_0245",12,"sigma_time","strong_nonstationarity",21.9098976984278,10803.418467561,10781.5085698626,10828.5012059204,10795.7785559061,-0.0373196008717816,NA,901,-0.0315611547860612,0.990926768687706,-2.82837505108616,2.0064698105164,31,"",36.3,38.5,1,96.8335523013763,96.8335523013763,"cell_0245"
245,"cell_0245",3,"sigma_time","weak_nonstationarity",3.64266309960476,9497.3856913399,9493.7430282403,9513.97945106385,9508.9829124561,-0.0223317822044322,NA,910,-0.0280712258736471,0.985990502276663,-2.73803348184659,2.09336583521005,26,"",36.3,38.5,1,96.8335523013763,96.8335523013763,"cell_0245"
245,"cell_0245",1,"stationary","stationary_selected",-1.89513516353873,8281.54713065208,8283.44226581561,8300.60968702048,8306.96577921486,NA,NA,912,-0.0189310815367043,0.99034744236547,-2.69829468720699,2.83285778060728,25,"",36.3,38.5,1,96.8335523013763,96.8335523013763,"cell_0245"
245,"cell_0245",6,"sigma_time","strong_nonstationarity",12.3218414694129,10164.8026374462,10152.4807959768,10184.7097507085,10162.7548057672,-0.0264793372021397,NA,907,-0.0341924362939676,0.992356283644472,-3.0593751967908,2.18948229691826,33,"",36.3,38.5,1,96.8335523013763,96.8335523013763,"cell_0245"
246,"cell_0246",3,"stationary","stationary_selected",0.367293709256046,9643.8783960471,9643.51110233785,9661.23473491468,9659.64833602356,NA,NA,910,-0.0262419543112568,0.98447203762299,-2.82890475661349,1.96823386512156,22,"",36.4,38.5,1,96.8335523013763,96.8335523013763,"cell_0246"
246,"cell_0246",1,"stationary","stationary_selected",-2.93332952174023,8426.1712911968,8429.10462071854,8445.71846018435,8452.36305762808,NA,NA,912,-0.0182175088118627,0.989267505831115,-2.72246324474505,2.91520405907464,23,"",36.4,38.5,1,96.8335523013763,96.8335523013763,"cell_0246"
246,"cell_0246",6,"sigma_time","moderate_nonstationarity",5.5952563821229,10307.1565362769,10301.5612798948,10326.4515237361,10313.0916248915,-0.0271421386726379,NA,907,-0.0326329862318522,0.992627169639323,-3.00313967507796,2.14795806505626,30,"",36.4,38.5,1,96.8335523013763,96.8335523013763,"cell_0246"
246,"cell_0246",12,"sigma_time","strong_nonstationarity",14.2653231426939,10933.0012296994,10918.7359065567,10957.569430897,10934.8054252047,-0.0343453609929897,NA,901,-0.0284294552306077,0.990527850176607,-2.9149234128336,2.0131052091176,30,"",36.4,38.5,1,96.8335523013763,96.8335523013763,"cell_0246"
247,"cell_0247",3,"stationary","stationary_selected",-4.23416261478815,9776.16220675537,9780.39636937015,9793.45509711038,9796.64186618255,NA,NA,910,-0.024181243998328,0.984588795656653,-2.73264549994733,2.01535133268033,23,"",36.5,38.5,1,96.8335523013763,96.8335523013763,"cell_0247"
247,"cell_0247",1,"stationary","stationary_selected",-4.965378921097,8553.5702962672,8558.53567518829,8573.74090901995,8581.79076668881,NA,NA,912,-0.0170893676614014,0.988331029560048,-2.73131057616031,2.91076867509926,22,"",36.5,38.5,1,96.8335523013763,96.8335523013763,"cell_0247"
247,"cell_0247",6,"stationary","stationary_selected",-0.91524991138067,10439.5305900987,10440.4458400101,10457.9510659224,10451.7454225152,NA,NA,907,-0.0257551270544388,0.989773544771907,-2.93145749901347,2.03550858974915,26,"",36.5,38.5,1,96.8335523013763,96.8335523013763,"cell_0247"
247,"cell_0247",12,"sigma_time","moderate_nonstationarity",8.17209376817664,11053.1201786677,11044.9480848995,11076.7087830655,11060.6230988136,-0.0330932755960398,NA,901,-0.025465505814065,0.99063370438608,-2.95221142520642,2.03922136557491,26,"",36.5,38.5,1,96.8335523013763,96.8335523013763,"cell_0247"
248,"cell_0248",1,"stationary","stationary_selected",-6.25754327707182,8569.70095109909,8575.95849437616,8589.48878166529,8598.63902941406,NA,NA,912,-0.016860420330538,0.987431065863997,-2.72237411389177,2.87948048498021,20,"",36.6,38.5,0.327728581662524,96.8335523013763,31.7351227530739,"cell_0248"
248,"cell_0248",6,"stationary","stationary_selected",-7.13614457746189,10461.7111351725,10468.84727975,10478.5648967953,10480.2873227599,NA,NA,907,-0.0257617247075564,0.989506022268631,-2.96213504358441,1.99774537077611,26,"",36.6,38.5,0.327728581662524,96.8335523013763,31.7351227530739,"cell_0248"
248,"cell_0248",12,"stationary","stationary_selected",-0.576893090184967,11065.1283432463,11065.7052363365,11087.4756840252,11082.1171493182,NA,NA,901,-0.0207137385421451,0.990511611211783,-2.96689356118649,2.04986464974205,29,"",36.6,38.5,0.327728581662524,96.8335523013763,31.7351227530739,"cell_0248"
248,"cell_0248",3,"stationary","stationary_selected",-7.82890822606714,9797.83821493406,9805.66712316013,9814.2922466497,9821.57977656008,NA,NA,910,-0.0236244539681364,0.9847168433352,-2.61384839572885,2.04594452856605,23,"",36.6,38.5,0.327728581662524,96.8335523013763,31.7351227530739,"cell_0248"
265,"cell_0265",6,"sigma_time","strong_nonstationarity",27.4107591297525,10231.9560170251,10204.5452578954,10252.9449521781,10218.2520264891,-0.0320698262606515,NA,907,-0.0313151556411757,0.992319691253284,-3.10950748040176,2.1523944457918,34,"",35.5,38.4,0.0326791296423331,96.9656260037537,3.16875226302665,"cell_0265"
265,"cell_0265",12,"sigma_time","strong_nonstationarity",47.5435099587521,10932.4496504379,10884.9061404792,10954.9168361705,10900.7596741657,-0.0510928205530626,NA,901,-0.028579626619262,0.985001048829702,-2.69978695318941,2.2133650016308,27,"",35.5,38.4,0.0326791296423331,96.9656260037537,3.16875226302665,"cell_0265"
265,"cell_0265",3,"sigma_time","strong_nonstationarity",11.8876856065635,9538.31276885418,9526.42508324762,9555.35043653576,9544.13688926255,-0.0301216588545318,NA,910,-0.0252705600865174,0.987319108458925,-2.62240904103396,2.30262735096657,23,"",35.5,38.4,0.0326791296423331,96.9656260037537,3.16875226302665,"cell_0265"
265,"cell_0265",1,"sigma_time","weak_nonstationarity",3.17175545577629,8293.56323726232,8290.39148180654,8304.04978583351,8310.5441107345,-0.020839755540052,NA,912,-0.0128773057830607,0.989786813240867,-2.71942262528102,2.43892601167639,27,"",35.5,38.4,0.0326791296423331,96.9656260037537,3.16875226302665,"cell_0265"
266,"cell_0266",3,"sigma_time","moderate_nonstationarity",8.78547870653347,9579.02102114799,9570.23554244145,9595.93600643182,9587.70075157526,-0.0247246380931129,NA,910,-0.0252014776072768,0.987480922014677,-2.59384847983766,2.31789906073898,24,"",35.6,38.4,0.834262364078491,96.9656260037537,80.8947723842423,"cell_0266"
266,"cell_0266",1,"sigma_time","weak_nonstationarity",2.05394655410055,8336.62039965223,8334.56645309813,8347.53038671958,8354.61354969259,-0.0170530436591226,NA,912,-0.0133840899972496,0.990464818872966,-2.70747893080884,2.41703305531093,25,"",35.6,38.4,0.834262364078491,96.9656260037537,80.8947723842423,"cell_0266"
266,"cell_0266",6,"sigma_time","strong_nonstationarity",20.7376504299318,10266.6090081899,10245.87135776,10286.6158981674,10259.2985845152,-0.0304691760147254,NA,907,-0.0306689328669291,0.99245173779851,-3.11832754422457,2.17209083834915,33,"",35.6,38.4,0.834262364078491,96.9656260037537,80.8947723842423,"cell_0266"
266,"cell_0266",12,"sigma_time","strong_nonstationarity",35.0999946178526,10959.5209386459,10924.420944028,10983.1767285137,10941.8986200135,-0.0446728451081523,NA,901,-0.0289327300695097,0.985871463784267,-2.63902856186505,2.22965974857523,29,"",35.6,38.4,0.834262364078491,96.9656260037537,80.8947723842423,"cell_0266"
267,"cell_0267",3,"sigma_time","moderate_nonstationarity",6.07643168136383,9623.63238400374,9617.55595232238,9640.29526132712,9634.86768350755,-0.0203333868167514,NA,910,-0.0249840999599988,0.987605597225541,-2.5396160129031,2.33776217729408,25,"",35.7,38.4,1,96.9656260037537,96.9656260037537,"cell_0267"
267,"cell_0267",1,"stationary","stationary_selected",1.39342957088775,8384.4984650136,8383.10503544271,8395.9017490329,8402.94358974066,NA,NA,912,-0.0179183593472204,0.992424680669548,-2.70513993831687,2.3660570736434,27,"",35.7,38.4,1,96.9656260037537,96.9656260037537,"cell_0267"
267,"cell_0267",6,"sigma_time","strong_nonstationarity",14.6457250448584,10305.8411381968,10291.1954131519,10324.715690475,10304.158276944,-0.0284440693903349,NA,907,-0.0304611382745488,0.992618533693106,-3.10201243775121,2.16755202888612,34,"",35.7,38.4,1,96.9656260037537,96.9656260037537,"cell_0267"
267,"cell_0267",12,"sigma_time","strong_nonstationarity",24.6231943900912,10990.4907787741,10965.867584384,11015.1376529658,10984.70629058,-0.0411873886063577,NA,901,-0.0298569226568672,0.987498970272129,-2.68504793089968,2.23523414305636,34,"",35.7,38.4,1,96.9656260037537,96.9656260037537,"cell_0267"
268,"cell_0268",1,"stationary","stationary_selected",0.620494666645754,8409.32604706429,8408.70555239765,8421.03874403871,8428.35700707426,NA,NA,912,-0.017721673715051,0.992602147418051,-2.7091018659432,2.33567253926803,27,"",35.8,38.4,1,96.9656260037537,96.9656260037537,"cell_0268"
268,"cell_0268",3,"sigma_time","weak_nonstationarity",2.25318824288843,9650.57408050635,9648.32089226346,9667.04604341633,9665.76201554018,-0.0209260562814646,NA,910,-0.0241586172407731,0.987382820256673,-2.4940542026193,2.33007388270113,24,"",35.8,38.4,1,96.9656260037537,96.9656260037537,"cell_0268"
268,"cell_0268",6,"sigma_time","moderate_nonstationarity",7.7599187382566,10330.7502871908,10322.9903684526,10348.6844712872,10335.4736937799,-0.0258161099746313,NA,907,-0.0299752255248056,0.992263303444522,-3.06145493461945,2.15482550164792,31,"",35.8,38.4,1,96.9656260037537,96.9656260037537,"cell_0268"
268,"cell_0268",12,"sigma_time","strong_nonstationarity",14.129375572249,11007.5694081912,10993.440032619,11032.8449819176,11013.5850441613,-0.0367010283640463,NA,901,-0.0297583294975562,0.988900617071739,-2.71750548083515,2.22596168964225,33,"",35.8,38.4,1,96.9656260037537,96.9656260037537,"cell_0268"
269,"cell_0269",6,"sigma_time","moderate_nonstationarity",6.22132416654495,10306.1272099108,10299.9058857443,10324.4217774498,10312.6091956796,-0.0253842876623612,NA,907,-0.030062763371309,0.99144003860948,-3.04260215327482,2.09892085807723,32,"",35.9,38.4,1,96.9656260037537,96.9656260037537,"cell_0269"
269,"cell_0269",12,"sigma_time","strong_nonstationarity",11.7932333874123,10979.4917410239,10967.6985076365,11004.9180076347,10988.3568670494,-0.0355433568110804,NA,901,-0.0295611942013651,0.989605131923158,-2.75209605637709,2.19492100852931,33,"",35.9,38.4,1,96.9656260037537,96.9656260037537,"cell_0269"
269,"cell_0269",1,"stationary","stationary_selected",0.121289571801753,8380.1834587729,8380.06216920109,8392.4109536139,8400.18219412265,NA,NA,912,-0.0176230423203154,0.992114339340203,-2.76674694710439,2.37210370250086,28,"",35.9,38.4,1,96.9656260037537,96.9656260037537,"cell_0269"
269,"cell_0269",3,"stationary","stationary_selected",1.20050326526143,9623.87927055085,9622.67876728559,9640.63757812005,9640.44153948586,NA,NA,910,-0.02559166106375,0.98586764724178,-2.59171329834888,2.30329346807762,24,"",35.9,38.4,1,96.9656260037537,96.9656260037537,"cell_0269"
270,"cell_0270",1,"stationary","stationary_selected",-0.363253245754095,8310.56332856389,8310.92658180964,8323.87997751257,8332.17782868973,NA,NA,912,-0.0181008670615853,0.991213899921893,-2.76352797755047,2.48815386785183,28,"",36,38.4,1,96.9656260037537,96.9656260037537,"cell_0270"
270,"cell_0270",3,"sigma_time","weak_nonstationarity",2.68503497651182,9549.60772271253,9546.92268773601,9566.71648024132,9564.40437363284,-0.0231349240563624,NA,910,-0.0257623337782308,0.986254735392189,-2.52580640550621,2.22811425106706,25,"",36,38.4,1,96.9656260037537,96.9656260037537,"cell_0270"
270,"cell_0270",6,"sigma_time","moderate_nonstationarity",9.73529833225803,10234.3060107975,10224.5707124652,10254.2913354859,10238.0911489477,-0.0266288188461715,NA,907,-0.0311389446999496,0.990601876876827,-3.05708839205409,2.05382789722467,30,"",36,38.4,1,96.9656260037537,96.9656260037537,"cell_0270"
270,"cell_0270",12,"sigma_time","strong_nonstationarity",16.8426839990861,10906.4932513889,10889.6505673898,10931.8971758118,10909.8891213527,-0.0372591814015378,NA,901,-0.0300802758169729,0.989908282634856,-2.79407907371265,2.14807104943238,33,"",36,38.4,1,96.9656260037537,96.9656260037537,"cell_0270"
271,"cell_0271",3,"stationary","stationary_selected",1.73542360386091,9487.74731847044,9486.01189486658,9504.31666603828,9502.1907422885,NA,NA,910,-0.0273085550197917,0.9842559096719,-2.66317102894384,2.14523972495752,22,"",36.1,38.4,1,96.9656260037537,96.9656260037537,"cell_0271"
271,"cell_0271",6,"sigma_time","strong_nonstationarity",10.0812501411237,10173.1793039983,10163.0980538572,10194.7296297185,10177.213922898,-0.0273861628126313,NA,907,-0.0321148996387076,0.989523102942498,-3.06459829642066,2.11487682436995,29,"",36.1,38.4,1,96.9656260037537,96.9656260037537,"cell_0271"
271,"cell_0271",12,"sigma_time","strong_nonstationarity",17.9512598753463,10838.3165241184,10820.365264243,10863.9571409082,10839.3911303312,-0.0371465691998303,NA,901,-0.0313930007799873,0.990170318395105,-2.80548796118175,2.09117990290487,26,"",36.1,38.4,1,96.9656260037537,96.9656260037537,"cell_0271"
271,"cell_0271",1,"stationary","stationary_selected",-1.86990334227812,8257.3614629585,8259.23136630078,8271.94138586724,8281.28153700149,NA,NA,912,-0.0186989442922326,0.99056160490135,-2.73153014307596,2.56408954914305,25,"",36.1,38.4,1,96.9656260037537,96.9656260037537,"cell_0271"
272,"cell_0272",3,"stationary","stationary_selected",1.1291593132355,9473.54989890279,9472.42073958955,9489.6379166313,9487.1109298096,NA,NA,910,-0.0276777003635071,0.98420534330688,-2.7081867329973,2.0852001157707,20,"",36.2,38.4,1,96.9656260037537,96.9656260037537,"cell_0272"
272,"cell_0272",6,"sigma_time","strong_nonstationarity",10.7042899299504,10159.596615192,10148.8923252621,10181.7715420503,10162.2829090144,-0.0283473797050925,NA,907,-0.0332384460759318,0.98932224828885,-3.05235043036393,2.15193766957924,29,"",36.2,38.4,1,96.9656260037537,96.9656260037537,"cell_0272"
272,"cell_0272",12,"sigma_time","strong_nonstationarity",19.5404639507433,10816.0860245598,10796.5455606091,10841.7046293261,10813.8103520438,-0.0377128832606785,NA,901,-0.032455381956578,0.990254209232623,-2.78792558230372,2.04064106256084,26,"",36.2,38.4,1,96.9656260037537,96.9656260037537,"cell_0272"
272,"cell_0272",1,"stationary","stationary_selected",-3.48846509695795,8253.01190985421,8256.50037495117,8269.81606448507,8279.18739317616,NA,NA,912,-0.0191244555655428,0.990661383361914,-2.7410947158879,2.64281502440448,23,"",36.2,38.4,1,96.9656260037537,96.9656260037537,"cell_0272"
273,"cell_0273",6,"sigma_time","moderate_nonstationarity",9.13397847880151,10306.6056376708,10297.471659192,10328.469547707,10310.5780833551,-0.0298915880921822,NA,907,-0.0326019449203366,0.99016611040805,-3.06164967985086,2.15838424074845,28,"",36.3,38.4,1,96.9656260037537,96.9656260037537,"cell_0273"
273,"cell_0273",12,"sigma_time","strong_nonstationarity",18.6360740666623,10950.255826443,10931.6197523764,10975.7339780676,10948.8895226628,-0.0372476168088521,NA,901,-0.0300795002988234,0.990232355592451,-2.83520241905981,1.95665634096503,28,"",36.3,38.4,1,96.9656260037537,96.9656260037537,"cell_0273"
273,"cell_0273",1,"stationary","stationary_selected",-3.95002337419101,8398.7143500595,8402.66437343369,8417.37161793055,8425.78076235677,NA,NA,912,-0.0185402144904987,0.989972684875589,-2.69810087148418,2.77880362542326,23,"",36.3,38.4,1,96.9656260037537,96.9656260037537,"cell_0273"
273,"cell_0273",3,"stationary","stationary_selected",0.697418863499479,9623.56737097793,9622.86995211443,9640.63771946545,9637.94541288214,NA,NA,910,-0.0268575772080296,0.98431995196786,-2.73663876658531,2.00522264138328,22,"",36.3,38.4,1,96.9656260037537,96.9656260037537,"cell_0273"
274,"cell_0274",1,"stationary","stationary_selected",-4.76536620449951,8550.80107466574,8555.56644087024,8570.2815304054,8578.44123791269,NA,NA,912,-0.0172293020530616,0.988416923939746,-2.71061478057633,2.82298841486296,23,"",36.4,38.4,1,96.9656260037537,96.9656260037537,"cell_0274"
274,"cell_0274",12,"sigma_time","strong_nonstationarity",11.8812850050617,11089.844712855,11077.9634278499,11114.6170133714,11095.8479142482,-0.0343345641349895,NA,901,-0.0272730895209409,0.990274934037148,-2.88816973115663,1.97572461419491,28,"",36.4,38.4,1,96.9656260037537,96.9656260037537,"cell_0274"
274,"cell_0274",3,"stationary","stationary_selected",-2.76680008942458,9783.05055806652,9785.81735815594,9800.81556937427,9801.95961604181,NA,NA,910,-0.0251944011037603,0.984434585048273,-2.71033612632789,2.05203628787086,23,"",36.4,38.4,1,96.9656260037537,96.9656260037537,"cell_0274"
274,"cell_0274",6,"sigma_time","weak_nonstationarity",2.50951741406607,10461.9058325131,10459.3963150991,10483.1917382881,10473.4891131499,-0.0303239251260523,NA,907,-0.031189891558834,0.990456457594912,-3.04743893625041,2.13815449484449,28,"",36.4,38.4,1,96.9656260037537,96.9656260037537,"cell_0274"
275,"cell_0275",3,"stationary","stationary_selected",-7.84202745269249,9909.77603498379,9917.61806243648,9927.87313164718,9934.92274405626,NA,NA,910,-0.0231523629429205,0.984402237405183,-2.63430389423001,2.08949591572327,23,"",36.5,38.4,0.999704121630905,96.9656260037537,96.9369359724734,"cell_0275"
275,"cell_0275",6,"stationary","stationary_selected",-5.91875656080629,10586.2448913381,10592.1636478989,10606.8015615159,10607.8661131667,NA,NA,907,-0.0256749559780004,0.988234772344317,-2.96951132244838,2.09967670935178,26,"",36.5,38.4,0.999704121630905,96.9656260037537,96.9369359724734,"cell_0275"
275,"cell_0275",1,"stationary","stationary_selected",-6.18651680565381,8667.16190562685,8673.3484224325,8686.76161739576,8695.86579131264,NA,NA,912,-0.0159345093874044,0.986737393680349,-2.70993784971997,2.75651728427433,20,"",36.5,38.4,0.999704121630905,96.9656260037537,96.9369359724734,"cell_0275"
275,"cell_0275",12,"sigma_time","weak_nonstationarity",2.13023491161221,11197.9519871075,11195.8217521958,11221.8222868103,11214.3807966895,-0.0296820620512613,NA,901,-0.0248175357901789,0.99057285345725,-2.89377239998956,1.99407861184211,28,"",36.5,38.4,0.999704121630905,96.9656260037537,96.9369359724734,"cell_0275"
276,"cell_0276",3,"stationary","stationary_selected",-9.17295351798384,9939.28540378395,9948.45835730194,9957.19384859632,9965.74715948447,NA,NA,910,-0.0219271738479292,0.984352415926345,-2.55533856693281,2.1217415059298,23,"",36.6,38.4,0.125318667639973,96.9656260037537,12.1516030576663,"cell_0276"
276,"cell_0276",6,"stationary","stationary_selected",-7.98943933259761,10621.0480956817,10629.0375350143,10641.3598534655,10644.73981107,NA,NA,907,-0.0247154868282269,0.987489651097723,-2.95079249728358,2.11939072875782,23,"",36.6,38.4,0.125318667639973,96.9656260037537,12.1516030576663,"cell_0276"
276,"cell_0276",12,"stationary","stationary_selected",0.544195920892889,11225.4758476993,11224.9316517784,11248.8400092215,11243.3194939221,NA,NA,901,-0.0203812174496188,0.990248472732514,-2.87606627100411,1.98897876078404,23,"",36.6,38.4,0.125318667639973,96.9656260037537,12.1516030576663,"cell_0276"
276,"cell_0276",1,"stationary","stationary_selected",-6.25512229204469,8687.26722096436,8693.5223432564,8706.48192557535,8715.70274991055,NA,NA,912,-0.0155062308057004,0.986017969689107,-2.73524928714328,2.66518496934689,20,"",36.6,38.4,0.125318667639973,96.9656260037537,12.1516030576663,"cell_0276"
293,"cell_0293",6,"sigma_time","strong_nonstationarity",30.2342265670195,10350.1698882871,10319.9356617201,10370.2559250563,10334.4040379764,-0.0326190302308972,NA,907,-0.0298619574981314,0.991213666573311,-3.13270950437089,2.13848283634033,28,"",35.5,38.3,0.293720194056879,97.0974000996399,28.5194671996847,"cell_0293"
293,"cell_0293",12,"sigma_time","strong_nonstationarity",46.1958675684346,11041.614163134,10995.4182955656,11061.5939426284,11015.0618160355,-0.0486802742013057,NA,901,-0.02718073101897,0.985565124937641,-2.73202107044113,2.23422821164267,26,"",35.5,38.3,0.293720194056879,97.0974000996399,28.5194671996847,"cell_0293"
293,"cell_0293",1,"sigma_time","moderate_nonstationarity",7.61340612983076,8416.33264039469,8408.71923426486,8429.18047184913,8431.08517379946,-0.0184655239795541,NA,912,-0.014320386774696,0.989296043884831,-2.69873903433689,2.36805006557224,25,"",35.5,38.3,0.293720194056879,97.0974000996399,28.5194671996847,"cell_0293"
293,"cell_0293",3,"sigma_time","strong_nonstationarity",18.2752022313416,9652.56571884754,9634.2905166162,9669.82912456288,9652.69041484005,-0.0254182013861658,NA,910,-0.0255310121099853,0.988009638181196,-2.64770919252127,2.36237871726492,22,"",35.5,38.3,0.293720194056879,97.0974000996399,28.5194671996847,"cell_0293"
294,"cell_0294",6,"sigma_time","strong_nonstationarity",18.5884996074765,10420.0418235244,10401.453323917,10440.1053668983,10416.6127001061,-0.0303363526354638,NA,907,-0.0297657476788477,0.990802555981489,-3.0987434551575,2.17349555178741,31,"",35.6,38.3,1,97.0974000996399,97.0974000996399,"cell_0294"
294,"cell_0294",1,"sigma_time","moderate_nonstationarity",5.35432833285267,8491.12313945872,8485.76881112586,8504.01247930256,8508.37994295867,-0.0171906369177704,NA,912,-0.0139118322151749,0.989252496039612,-2.71051205828352,2.31595657848532,26,"",35.6,38.3,1,97.0974000996399,97.0974000996399,"cell_0294"
294,"cell_0294",12,"sigma_time","strong_nonstationarity",29.1509156718494,11103.2536492768,11074.102733605,11124.6878731657,11095.9589781454,-0.041011428538434,NA,901,-0.0276315351098676,0.986906125395372,-2.62114701145461,2.25134914821757,26,"",35.6,38.3,1,97.0974000996399,97.0974000996399,"cell_0294"
294,"cell_0294",3,"sigma_time","strong_nonstationarity",10.5661331188639,9730.43048908292,9719.86435596405,9747.74330901556,9738.50063329022,-0.0226386945390154,NA,910,-0.0245945247133106,0.987436168362626,-2.62978127774884,2.34170122563416,25,"",35.6,38.3,1,97.0974000996399,97.0974000996399,"cell_0294"
295,"cell_0295",3,"sigma_time","weak_nonstationarity",3.93837953048569,9760.34225396863,9756.40387443814,9777.82032010671,9775.09905030544,-0.0230458106238108,NA,910,-0.0240992882218647,0.98696704099383,-2.58588041684278,2.33340770201841,23,"",35.7,38.3,1,97.0974000996399,97.0974000996399,"cell_0295"
295,"cell_0295",12,"sigma_time","strong_nonstationarity",14.8415671975399,11118.0641697041,11103.2226025066,11141.8219380042,11125.7745635342,-0.0349459554752277,NA,901,-0.0282713226915933,0.988393584210973,-2.71258265752946,2.26037166450454,28,"",35.7,38.3,1,97.0974000996399,97.0974000996399,"cell_0295"
295,"cell_0295",1,"sigma_time","weak_nonstationarity",2.50010411450421,8519.28043879359,8516.78033467909,8532.71062176741,8539.08649478457,-0.0174153947685833,NA,912,-0.0138256433714414,0.989459511973658,-2.68346439095351,2.33696068086361,21,"",35.7,38.3,1,97.0974000996399,97.0974000996399,"cell_0295"
295,"cell_0295",6,"sigma_time","moderate_nonstationarity",8.21801603029235,10444.9928003797,10436.7747843494,10464.883590357,10451.7222153992,-0.0270223636639807,NA,907,-0.0294441350698352,0.990633870558184,-3.09355175758404,2.17164827941985,29,"",35.7,38.3,1,97.0974000996399,97.0974000996399,"cell_0295"
296,"cell_0296",1,"stationary","stationary_selected",0.416815157524979,8515.43882963382,8515.02201447629,8528.62164801255,8536.78161189306,NA,NA,912,-0.0176180598964917,0.990558475052971,-2.76474047842232,2.27942069129471,26,"",35.8,38.3,1,97.0974000996399,97.0974000996399,"cell_0296"
296,"cell_0296",3,"stationary","stationary_selected",-0.811022009600492,9762.60985242062,9763.42087443022,9780.22964892071,9782.33716594007,NA,NA,910,-0.0249890540952745,0.985605636740211,-2.58884458513987,2.31536456384558,20,"",35.8,38.3,1,97.0974000996399,97.0974000996399,"cell_0296"
296,"cell_0296",6,"stationary","stationary_selected",1.31952383893804,10448.4464717579,10447.1269479189,10468.2293072054,10462.1608772943,NA,NA,907,-0.0291392140141964,0.988710799868389,-2.89934329786593,2.21655479332201,26,"",35.8,38.3,1,97.0974000996399,97.0974000996399,"cell_0296"
296,"cell_0296",12,"sigma_time","moderate_nonstationarity",5.37782492802762,11117.5824713892,11112.2046464611,11142.4663093902,11135.3826462581,-0.0306872161369788,NA,901,-0.0282384630737284,0.989640597514046,-2.74750756365386,2.25204467202441,29,"",35.8,38.3,1,97.0974000996399,97.0974000996399,"cell_0296"
297,"cell_0297",1,"stationary","stationary_selected",-0.458162132843427,8473.68209334902,8474.14025548186,8486.05768935243,8495.14266650818,NA,NA,912,-0.017046897456961,0.989908432204634,-2.76175835496957,2.26771627026926,26,"",35.9,38.3,1,97.0974000996399,97.0974000996399,"cell_0297"
297,"cell_0297",6,"stationary","stationary_selected",1.28582323588853,10421.830824318,10420.5450010821,10442.1997054984,10436.6945933298,NA,NA,907,-0.0289629971264736,0.988464089990916,-2.85581052624304,2.15185959193625,26,"",35.9,38.3,1,97.0974000996399,97.0974000996399,"cell_0297"
297,"cell_0297",3,"stationary","stationary_selected",-1.60780257512852,9728.38740335608,9729.99520593121,9746.25298296599,9749.23980811915,NA,NA,910,-0.0247779906457616,0.984929680001572,-2.62094640604537,2.2601086346468,22,"",35.9,38.3,1,97.0974000996399,97.0974000996399,"cell_0297"
297,"cell_0297",12,"sigma_time","moderate_nonstationarity",5.68165722155936,11094.9773832888,11089.2957260673,11119.6253333433,11113.4535516133,-0.0311156640993238,NA,901,-0.0276444970039991,0.990351184869413,-2.70231248131882,2.20825513462048,27,"",35.9,38.3,1,97.0974000996399,97.0974000996399,"cell_0297"
298,"cell_0298",6,"stationary","stationary_selected",1.98954907068401,10353.3623041679,10351.3727550972,10375.082139856,10367.7878059689,NA,NA,907,-0.0283512918699244,0.987796298719609,-2.92280110753445,2.08049701354079,27,"",36,38.3,1,97.0974000996399,97.0974000996399,"cell_0298"
298,"cell_0298",12,"sigma_time","moderate_nonstationarity",6.79991140104721,11024.6479447836,11017.8480333825,11049.9104698329,11041.6206213239,-0.0328198700117297,NA,901,-0.0276813979362709,0.990643621740156,-2.7333010130155,2.1623044587614,26,"",36,38.3,1,97.0974000996399,97.0974000996399,"cell_0298"
298,"cell_0298",1,"stationary","stationary_selected",-2.35539994690407,8407.2655496258,8409.62094957271,8420.70337618787,8431.29993751634,NA,NA,912,-0.0171231480624258,0.989169436814717,-2.72183156867468,2.40654664955512,26,"",36,38.3,1,97.0974000996399,97.0974000996399,"cell_0298"
298,"cell_0298",3,"stationary","stationary_selected",-2.34409243526352,9656.46423088762,9658.80832332288,9674.00674578755,9676.77346656591,NA,NA,910,-0.0259527108595676,0.98408069761401,-2.6435832846574,2.18433162278826,21,"",36,38.3,1,97.0974000996399,97.0974000996399,"cell_0298"
299,"cell_0299",3,"stationary","stationary_selected",0.737030812641024,9664.54109207561,9663.80406126297,9681.86510186232,9680.60559468218,NA,NA,910,-0.0269922992269971,0.983836963862278,-2.66806528638597,2.10320886113966,21,"",36.1,38.3,1,97.0974000996399,97.0974000996399,"cell_0299"
299,"cell_0299",1,"stationary","stationary_selected",-2.57689533034682,8421.03772729637,8423.61462262672,8435.60753292252,8445.57782230428,NA,NA,912,-0.017487875048257,0.989217273075451,-2.73957157259117,2.53729443961891,23,"",36.1,38.3,1,97.0974000996399,97.0974000996399,"cell_0299"
299,"cell_0299",6,"sigma_time","moderate_nonstationarity",8.59979897027915,10369.207904294,10360.6081053237,10392.2518882378,10378.1037626665,-0.0282635453204641,NA,907,-0.0308910959952909,0.988199869326948,-3.03628769370631,2.16964618379851,26,"",36.1,38.3,1,97.0974000996399,97.0974000996399,"cell_0299"
299,"cell_0299",12,"sigma_time","strong_nonstationarity",15.8772789518061,11041.5254127638,11025.648133812,11066.1281955617,11049.809393203,-0.0363537339982538,NA,901,-0.0281454918197744,0.98993705084806,-2.71887010834801,2.08040263230264,24,"",36.1,38.3,1,97.0974000996399,97.0974000996399,"cell_0299"
300,"cell_0300",3,"sigma_time","weak_nonstationarity",3.09096845387467,9714.2210277233,9711.13005926943,9731.91298696321,9727.09512656042,-0.0259996310773916,NA,910,-0.0276179558515935,0.985020266295482,-2.62153089638262,2.12588589230551,22,"",36.2,38.3,1,97.0974000996399,97.0974000996399,"cell_0300"
300,"cell_0300",6,"sigma_time","strong_nonstationarity",13.2996052619292,10419.3426606503,10406.0430553883,10443.1245497577,10423.0315743163,-0.0315203257376535,NA,907,-0.0321253109804089,0.988138255528092,-3.07702780168822,2.17261511309255,25,"",36.2,38.3,1,97.0974000996399,97.0974000996399,"cell_0300"
300,"cell_0300",12,"sigma_time","strong_nonstationarity",22.5624548407068,11081.8463578765,11059.2839030358,11106.7098483175,11082.6517600667,-0.0407554719086495,NA,901,-0.028228121190424,0.989166137657487,-2.70409228209126,1.99670694461765,22,"",36.2,38.3,1,97.0974000996399,97.0974000996399,"cell_0300"
300,"cell_0300",1,"stationary","stationary_selected",-3.1291091014773,8478.60800486977,8481.73711397125,8494.93491356653,8503.98152087366,NA,NA,912,-0.0180819522371158,0.989346829504905,-2.69082544037715,2.65636608823287,22,"",36.2,38.3,1,97.0974000996399,97.0974000996399,"cell_0300"
301,"cell_0301",6,"sigma_time","strong_nonstationarity",11.7184458289958,10530.8786288479,10519.1601830189,10554.4590022895,10535.3402570417,-0.0341722594638642,NA,907,-0.0316283651460959,0.988477269102601,-3.11249744305053,2.16093527465327,25,"",36.3,38.3,1,97.0974000996399,97.0974000996399,"cell_0301"
301,"cell_0301",12,"sigma_time","strong_nonstationarity",22.4181733949499,11177.0891335742,11154.6709601793,11202.3023498256,11176.5867058774,-0.0416367664407534,NA,901,-0.0269436114215464,0.988746942171857,-2.7660063656848,1.94875553770176,24,"",36.3,38.3,1,97.0974000996399,97.0974000996399,"cell_0301"
301,"cell_0301",1,"stationary","stationary_selected",-3.98665679546866,8594.25627955381,8598.24293634928,8612.53129956842,8620.85997326862,NA,NA,912,-0.0178254047216519,0.988692805916332,-2.66404841355012,2.75848808197435,21,"",36.3,38.3,1,97.0974000996399,97.0974000996399,"cell_0301"
301,"cell_0301",3,"stationary","stationary_selected",1.94557664474814,9829.47670395124,9827.53112730649,9847.63250890705,9843.45398102741,NA,NA,910,-0.026586015470363,0.984406849764482,-2.70740418692641,2.05871699782137,21,"",36.3,38.3,1,97.0974000996399,97.0974000996399,"cell_0301"
302,"cell_0302",6,"sigma_time","weak_nonstationarity",2.50769789986771,10644.016818471,10641.5091205712,10666.653267257,10657.9953516531,-0.0333791499138552,NA,907,-0.0302972366486997,0.988717426223072,-3.10589065765965,2.13057415404145,25,"",36.4,38.3,1,97.0974000996399,97.0974000996399,"cell_0302"
302,"cell_0302",12,"sigma_time","strong_nonstationarity",12.1704005742195,11271.6808293587,11259.5104287845,11296.5745562924,11280.2226974041,-0.0363618494236658,NA,901,-0.0254240500543705,0.989006020818484,-2.80945661630421,1.96279131855681,22,"",36.4,38.3,1,97.0974000996399,97.0974000996399,"cell_0302"
302,"cell_0302",1,"stationary","stationary_selected",-5.76631319961052,8703.00503178248,8708.77134498209,8722.3470903157,8731.22949530469,NA,NA,912,-0.0165885986231959,0.987284684445541,-2.67396093799763,2.78012055805152,22,"",36.4,38.3,1,97.0974000996399,97.0974000996399,"cell_0302"
302,"cell_0302",3,"stationary","stationary_selected",-3.67372502186481,9946.07321267069,9949.74693769255,9964.17758056923,9966.03075697631,NA,NA,910,-0.0246526326952931,0.984541129028232,-2.64263928054335,2.0814548005944,24,"",36.4,38.3,1,97.0974000996399,97.0974000996399,"cell_0302"
303,"cell_0303",1,"stationary","stationary_selected",-8.33646210967345,8774.85823064555,8783.19469275522,8794.5650577267,8805.40613985062,NA,NA,912,-0.0155397449311312,0.985459690002668,-2.68743194477673,2.66382134956381,19,"",36.5,38.3,0.702137283813259,97.0974000996399,68.1757047712904,"cell_0303"
303,"cell_0303",3,"stationary","stationary_selected",-11.1782664825023,10032.3242755071,10043.5025419896,10050.2085940866,10060.8332893935,NA,NA,910,-0.0222898885524266,0.984275972507578,-2.5208412724302,2.10986962817908,24,"",36.5,38.3,0.702137283813259,97.0974000996399,68.1757047712904,"cell_0303"
303,"cell_0303",12,"stationary","stationary_selected",-2.98796169001071,11337.7005352686,11340.6884969586,11361.3645280979,11361.0019166926,NA,NA,901,-0.0213633301880599,0.990172456853732,-2.82670751782648,2.02009914991493,23,"",36.5,38.3,0.702137283813259,97.0974000996399,68.1757047712904,"cell_0303"
303,"cell_0303",6,"stationary","stationary_selected",-9.58871616786746,10728.4522107324,10738.0409269002,10749.8958049646,10755.8773724675,NA,NA,907,-0.0254269972376056,0.986571292579319,-3.03509634860831,2.14085094225133,22,"",36.5,38.3,0.702137283813259,97.0974000996399,68.1757047712904,"cell_0303"
304,"cell_0304",3,"stationary","stationary_selected",-7.41757441218761,10028.1218511755,10035.5394255877,10046.7582909354,10053.1357152983,NA,NA,910,-0.0210525495077504,0.98435577295799,-2.55512451311112,2.12856278431975,24,"",36.6,38.3,0.0260609956053165,97.0974000996399,2.53045491728437,"cell_0304"
304,"cell_0304",12,"sigma_time","moderate_nonstationarity",5.67249109749537,11356.9197286321,11351.2472375346,11380.6944002652,11371.7689074575,-0.0350551730321471,NA,901,-0.0236180217792636,0.988838278282439,-2.78967878984077,2.05029961672026,21,"",36.6,38.3,0.0260609956053165,97.0974000996399,2.53045491728437,"cell_0304"
304,"cell_0304",1,"stationary","stationary_selected",-5.09701012746518,8756.591849412,8761.68885953946,8775.14449883844,8783.43102473648,NA,NA,912,-0.0151042837433416,0.98496301488538,-2.76617822371285,2.55486796708028,21,"",36.6,38.3,0.0260609956053165,97.0974000996399,2.53045491728437,"cell_0304"
304,"cell_0304",6,"stationary","stationary_selected",-4.81054440854496,10740.3574058093,10745.1679502178,10763.1763711274,10763.5549367154,NA,NA,907,-0.0239391766246282,0.985447495512761,-3.01151751892124,2.14237755203772,20,"",36.6,38.3,0.0260609956053165,97.0974000996399,2.53045491728437,"cell_0304"
321,"cell_0321",12,"sigma_time","strong_nonstationarity",17.5533680935678,11206.7540572292,11189.2006891357,11229.2179734674,11210.380287757,-0.0392867854886497,NA,901,-0.0249388213570206,0.987575895387428,-2.7782343736343,2.30570963036607,25,"",35.5,38.2,0.356687653120552,97.2288742357788,34.6803389667132,"cell_0321"
321,"cell_0321",6,"sigma_time","moderate_nonstationarity",6.95055445720209,10537.1296780663,10530.1791236091,10558.2603060186,10544.520444865,-0.0283903319213938,NA,907,-0.0279830997693865,0.990860044513364,-3.11101580019328,2.17265254902374,29,"",35.5,38.2,0.356687653120552,97.2288742357788,34.6803389667132,"cell_0321"
321,"cell_0321",3,"sigma_time","weak_nonstationarity",2.74274995785527,9842.17669249775,9839.43394253989,9860.53640668141,9858.0301234443,-0.0246269562744569,NA,910,-0.0235078196801666,0.987258797391862,-2.61233668082806,2.29960328176944,24,"",35.5,38.2,0.356687653120552,97.2288742357788,34.6803389667132,"cell_0321"
321,"cell_0321",1,"stationary","stationary_selected",0.788646467352009,8600.17920666868,8599.39056020133,8616.77994787124,8623.46857146219,NA,NA,912,-0.0184686142052598,0.988967751234422,-2.79960159282634,2.24651582046704,25,"",35.5,38.2,0.356687653120552,97.2288742357788,34.6803389667132,"cell_0321"
322,"cell_0322",12,"stationary","stationary_selected",1.8951068181359,11326.190756021,11324.2956492029,11349.2736144566,11347.907306141,NA,NA,901,-0.0268189301032952,0.990759761277521,-2.99390105951187,2.39077706502412,21,"",35.6,38.2,1,97.2288742357788,97.2288742357788,"cell_0322"
322,"cell_0322",6,"stationary","stationary_selected",-3.70403578189325,10669.8895756027,10673.5936113846,10691.0302573419,10690.105267313,NA,NA,907,-0.0281153484808306,0.989927309162298,-2.91890301004717,2.27772436867148,27,"",35.6,38.2,1,97.2288742357788,97.2288742357788,"cell_0322"
322,"cell_0322",3,"stationary","stationary_selected",-4.08586739632665,9986.47422126984,9990.56008866616,10003.9882780653,10009.3670840016,NA,NA,910,-0.0230018820588473,0.986225306728885,-2.57881151757031,2.25579940047444,19,"",35.6,38.2,1,97.2288742357788,97.2288742357788,"cell_0322"
322,"cell_0322",1,"stationary","stationary_selected",0.945191840613916,8737.7714616919,8736.82626985128,8752.77743182044,8760.2632103382,NA,NA,912,-0.0175686776530792,0.98826402344531,-2.80744672534399,2.16976286690845,23,"",35.6,38.2,1,97.2288742357788,97.2288742357788,"cell_0322"
323,"cell_0323",6,"stationary","stationary_selected",-9.64134305265543,10733.4859873296,10743.1273303823,10754.2777762938,10760.1702742317,NA,NA,907,-0.0278027803593828,0.989751300325,-2.94543007210964,2.26553921999041,25,"",35.7,38.2,1,97.2288742357788,97.2288742357788,"cell_0323"
323,"cell_0323",12,"stationary","stationary_selected",-5.27852484965661,11382.2830646994,11387.5615895491,11406.167965279,11411.6557236149,NA,NA,901,-0.0265115956277075,0.992073766233187,-3.05813854571672,2.37994531726852,23,"",35.7,38.2,1,97.2288742357788,97.2288742357788,"cell_0323"
323,"cell_0323",3,"stationary","stationary_selected",-8.86863235591591,10050.9114373954,10059.7800697513,10068.9131157337,10079.0777937788,NA,NA,910,-0.0223196717490364,0.985864576913517,-2.57883451246675,2.2193693623776,20,"",35.7,38.2,1,97.2288742357788,97.2288742357788,"cell_0323"
323,"cell_0323",1,"stationary","stationary_selected",-1.62656938124019,8792.58144311382,8794.20801249506,8807.77949998498,8817.00411544164,NA,NA,912,-0.0171534558940571,0.9878138072743,-2.78096423078039,2.16275188023506,23,"",35.7,38.2,1,97.2288742357788,97.2288742357788,"cell_0323"
324,"cell_0324",3,"stationary","stationary_selected",-9.11964349293521,9991.1585424958,10000.2781859887,10009.3186991715,10019.5729212676,NA,NA,910,-0.0227120736458725,0.985028864337531,-2.55001546911883,2.18915301672987,20,"",35.8,38.2,1,97.2288742357788,97.2288742357788,"cell_0324"
324,"cell_0324",6,"stationary","stationary_selected",-9.39495743444422,10682.695217449,10692.0901748834,10703.6527972782,10709.0111753444,NA,NA,907,-0.0274384795783578,0.988994936593776,-2.93940915278262,2.21527244368117,26,"",35.8,38.2,1,97.2288742357788,97.2288742357788,"cell_0324"
324,"cell_0324",1,"stationary","stationary_selected",-1.83918001562961,8726.05245207224,8727.89163208787,8740.21787784754,8750.1243061929,NA,NA,912,-0.0174224266710912,0.987003931202994,-2.74397205772105,2.20561688941004,23,"",35.8,38.2,1,97.2288742357788,97.2288742357788,"cell_0324"
324,"cell_0324",12,"stationary","stationary_selected",-5.35684530911385,11339.1983353674,11344.5551806765,11363.4208960979,11369.1528403403,NA,NA,901,-0.0261075592874457,0.992601708660241,-3.02323836359162,2.35665726316208,25,"",35.8,38.2,1,97.2288742357788,97.2288742357788,"cell_0324"
325,"cell_0325",12,"stationary","stationary_selected",1.90793978864531,11304.5131825628,11302.6052427742,11327.3289879572,11328.0619272568,NA,NA,901,-0.0259605028320933,0.993318869920549,-2.92218239829938,2.30194341081789,25,"",35.9,38.2,1,97.2288742357788,97.2288742357788,"cell_0325"
325,"cell_0325",3,"stationary","stationary_selected",-6.01788616243175,9923.84658538425,9929.86447154668,9942.12191688768,9949.14373551349,NA,NA,910,-0.0235326305215847,0.984120476515437,-2.61213569648136,2.13965003639618,21,"",35.9,38.2,1,97.2288742357788,97.2288742357788,"cell_0325"
325,"cell_0325",1,"stationary","stationary_selected",-0.792011405288576,8653.54818247455,8654.34019387984,8666.17179743038,8676.07087494306,NA,NA,912,-0.0165632172611167,0.986319014729204,-2.71255240721649,2.27501121574312,24,"",35.9,38.2,1,97.2288742357788,97.2288742357788,"cell_0325"
325,"cell_0325",6,"stationary","stationary_selected",-3.8301415994556,10632.0310903529,10635.8612319524,10653.8863361044,10653.9267744135,NA,NA,907,-0.0278538415987657,0.988175664746841,-2.88699661811249,2.13515415893173,24,"",35.9,38.2,1,97.2288742357788,97.2288742357788,"cell_0325"
326,"cell_0326",12,"sigma_time","strong_nonstationarity",10.1403488548895,11291.2191673929,11281.078818538,11312.183648861,11306.9273040901,-0.0336582427503093,NA,901,-0.0246442506508176,0.991038023282361,-2.71529226710749,2.14779121084014,25,"",36,38.2,1,97.2288742357788,97.2288742357788,"cell_0326"
326,"cell_0326",1,"stationary","stationary_selected",-0.575226684095469,8616.04979304308,8616.62501972718,8628.47249841072,8638.21793879952,NA,NA,912,-0.0158223286151668,0.986368015423033,-2.69819313906349,2.34351056644006,22,"",36,38.2,1,97.2288742357788,97.2288742357788,"cell_0326"
326,"cell_0326",6,"sigma_time","weak_nonstationarity",2.56070584591725,10608.8174307851,10606.2567249392,10631.3665163915,10625.2320378341,-0.0271493151731766,NA,907,-0.0284282627804195,0.987726105389773,-2.99514466905828,2.21592975578448,22,"",36,38.2,1,97.2288742357788,97.2288742357788,"cell_0326"
326,"cell_0326",3,"stationary","stationary_selected",-2.51114294303989,9886.49066291136,9889.0018058544,9904.53006986941,9907.61013522147,NA,NA,910,-0.0246791153644692,0.983584305617173,-2.69257755040826,2.13526029818169,22,"",36,38.2,1,97.2288742357788,97.2288742357788,"cell_0326"
327,"cell_0327",1,"stationary","stationary_selected",-1.62488235033561,8638.22167920596,8639.8465615563,8652.72855425691,8661.75588696869,NA,NA,912,-0.0159238852467501,0.986916691650466,-2.68346540654632,2.4809314340968,20,"",36.1,38.2,1,97.2288742357788,97.2288742357788,"cell_0327"
327,"cell_0327",12,"sigma_time","strong_nonstationarity",15.8504683859628,11307.8216693881,11291.9712010022,11328.7910994082,11317.7394799451,-0.0365953863779188,NA,901,-0.0242672005607943,0.989625155613024,-2.62651166692995,2.07549677916167,25,"",36.1,38.2,1,97.2288742357788,97.2288742357788,"cell_0327"
327,"cell_0327",6,"sigma_time","moderate_nonstationarity",7.27215395044914,10628.9771535987,10621.7049996483,10652.3401143225,10640.3078205776,-0.0303262396616543,NA,907,-0.0291643453977101,0.987302235750284,-3.02686156395784,2.2419383902646,23,"",36.1,38.2,1,97.2288742357788,97.2288742357788,"cell_0327"
327,"cell_0327",3,"stationary","stationary_selected",-0.199921936149622,9901.13523282221,9901.33515475836,9919.15524057483,9918.74132646297,NA,NA,910,-0.0256044591217777,0.98373215728642,-2.69933107806059,2.180976033473,25,"",36.1,38.2,1,97.2288742357788,97.2288742357788,"cell_0327"
328,"cell_0328",6,"sigma_time","strong_nonstationarity",12.0355805672098,10686.2149955408,10674.1794149736,10710.4272085205,10692.6412894574,-0.0334634251401116,NA,907,-0.0303729884964769,0.987204641476063,-3.09622225446461,2.21974872074415,22,"",36.2,38.2,1,97.2288742357788,97.2288742357788,"cell_0328"
328,"cell_0328",3,"sigma_time","weak_nonstationarity",2.70332544022131,9958.42581482193,9955.72248938171,9976.73245610215,9972.44299178714,-0.0251793811206159,NA,910,-0.0261528601820074,0.985024444537044,-2.62227704252679,2.20498125795043,24,"",36.2,38.2,1,97.2288742357788,97.2288742357788,"cell_0328"
328,"cell_0328",1,"stationary","stationary_selected",-2.05079663126708,8705.9827910359,8708.03358766716,8721.75055752895,8729.84092669748,NA,NA,912,-0.016473974402335,0.987407133300356,-2.63450628911697,2.61833140283321,23,"",36.2,38.2,1,97.2288742357788,97.2288742357788,"cell_0328"
328,"cell_0328",12,"sigma_time","strong_nonstationarity",21.6274440278557,11353.7942798283,11332.1668358004,11375.1722686283,11357.6696532869,-0.0414071579871535,NA,901,-0.0241343844410301,0.987894047551382,-2.60640031597995,2.00353320532199,22,"",36.2,38.2,1,97.2288742357788,97.2288742357788,"cell_0328"
329,"cell_0329",3,"sigma_time","weak_nonstationarity",2.37385906653253,10058.7722696443,10056.3984105778,10077.674877272,10073.1025851777,-0.0257665912414304,NA,910,-0.0253742654324101,0.985520236588005,-2.66598975783601,2.15592488247598,23,"",36.3,38.2,1,97.2288742357788,97.2288742357788,"cell_0329"
329,"cell_0329",12,"sigma_time","strong_nonstationarity",23.72967740278,11442.0185301777,11418.2888527749,11463.8878705838,11442.9196407376,-0.0444556885605449,NA,901,-0.0233147351474075,0.986827307467649,-2.63382907682334,1.96675048994264,21,"",36.3,38.2,1,97.2288742357788,97.2288742357788,"cell_0329"
329,"cell_0329",1,"stationary","stationary_selected",-3.20114541024304,8807.50741573382,8810.70856114407,8825.35888802956,8832.97344260729,NA,NA,912,-0.0160872908578531,0.98706565477759,-2.66149737174305,2.71445129187142,23,"",36.3,38.2,1,97.2288742357788,97.2288742357788,"cell_0329"
329,"cell_0329",6,"sigma_time","strong_nonstationarity",12.3809210561121,10787.0538230029,10774.6729019468,10811.3220592268,10792.8115569656,-0.0354159173327017,NA,907,-0.0301701469743297,0.987449628800409,-3.1148813862538,2.1795209444049,23,"",36.3,38.2,1,97.2288742357788,97.2288742357788,"cell_0329"
330,"cell_0330",12,"sigma_time","moderate_nonstationarity",8.44644076390068,11455.72253954,11447.2760987761,11479.9317657642,11470.0365365358,-0.0372121322542512,NA,901,-0.02390372750436,0.987146247409734,-2.67480123320898,1.99285234144228,21,"",36.4,38.2,0.831173263613068,97.2288742357788,80.8140407159768,"cell_0330"
330,"cell_0330",1,"stationary","stationary_selected",-6.60548814689537,8838.99531880065,8845.60080694754,8858.13168621311,8867.8293734942,NA,NA,912,-0.0157356877587315,0.985979242663269,-2.6265028128761,2.68354234545468,19,"",36.4,38.2,0.831173263613068,97.2288742357788,80.8140407159768,"cell_0330"
330,"cell_0330",6,"stationary","stationary_selected",0.068308826388602,10821.8815469364,10821.8132381101,10844.8603019811,10839.7542903538,NA,NA,907,-0.0261548999663024,0.984967545255465,-3.11484534703351,2.10266417321697,20,"",36.4,38.2,0.831173263613068,97.2288742357788,80.8140407159768,"cell_0330"
330,"cell_0330",3,"stationary","stationary_selected",-5.47751596871603,10096.3483425432,10101.825858512,10114.4114867363,10118.239714012,NA,NA,910,-0.0239676165694034,0.984692115184916,-2.64840545612822,2.139553839725,23,"",36.4,38.2,0.831173263613068,97.2288742357788,80.8140407159768,"cell_0330"
331,"cell_0331",12,"sigma_time","strong_nonstationarity",10.4289922575717,11506.3338941688,11495.9049019112,11529.936919739,11518.6078291946,-0.0387000170112671,NA,901,-0.0237102007863692,0.987023889526727,-2.66382673443337,2.01179249474729,20,"",36.5,38.2,0.190505439320302,97.2288742357788,18.5226294009054,"cell_0331"
331,"cell_0331",1,"stationary","stationary_selected",-4.61912604288773,8859.5205051022,8864.13963114509,8878.63535816116,8886.30875008736,NA,NA,912,-0.0151562578788127,0.985191017248104,-2.62282048535132,2.60865309912881,20,"",36.5,38.2,0.190505439320302,97.2288742357788,18.5226294009054,"cell_0331"
331,"cell_0331",6,"stationary","stationary_selected",0.30082548125938,10870.883485432,10870.5826599507,10894.5951711415,10889.7578505383,NA,NA,907,-0.0248398944544473,0.984574529434003,-3.09219217917518,2.13546401459322,18,"",36.5,38.2,0.190505439320302,97.2288742357788,18.5226294009054,"cell_0331"
331,"cell_0331",3,"stationary","stationary_selected",-4.1562796634571,10134.0160364404,10138.1723161039,10152.8203106128,10155.348836963,NA,NA,910,-0.0220600103207596,0.984526519277001,-2.60930905220586,2.14354441309402,20,"",36.5,38.2,0.190505439320302,97.2288742357788,18.5226294009054,"cell_0331"
348,"cell_0348",1,"stationary","stationary_selected",-6.26906069160214,8579.96792303722,8586.23698372883,8598.7244463204,8610.17846932156,NA,NA,912,-0.0186983597816995,0.988120277227009,-2.79900676905276,2.21473927861398,21,"",35.4,38.1,0.010937528751397,97.3600480598755,1.06487832489228,"cell_0348"
348,"cell_0348",6,"stationary","stationary_selected",-4.95533494788469,10536.7307492305,10541.6860841784,10557.4251975676,10554.0081800531,NA,NA,907,-0.0224518304487272,0.990972792706158,-2.98430558767649,2.17333977112704,28,"",35.4,38.1,0.010937528751397,97.3600480598755,1.06487832489228,"cell_0348"
348,"cell_0348",3,"stationary","stationary_selected",-5.40194166860601,9826.71183212567,9832.11377379427,9846.15324222003,9850.6581235085,NA,NA,910,-0.0217765608019625,0.987140230154161,-2.58993110833853,2.26929948556045,23,"",35.4,38.1,0.010937528751397,97.3600480598755,1.06487832489228,"cell_0348"
348,"cell_0348",12,"sigma_time","weak_nonstationarity",2.64465614957953,11188.4023060486,11185.757649899,11211.7938875248,11203.3251961198,-0.0367482282830234,NA,901,-0.0215986752906399,0.987778582759362,-2.97223500730958,2.3436133511994,23,"",35.4,38.1,0.010937528751397,97.3600480598755,1.06487832489228,"cell_0348"
349,"cell_0349",3,"stationary","stationary_selected",-7.50899273491268,10051.6425812577,10059.1515739926,10070.2744854583,10077.9189384518,NA,NA,910,-0.0218186991909808,0.986346344715133,-2.52417079511903,2.22061840952457,19,"",35.5,38.1,0.761978110828732,97.3600480598755,74.1862254908584,"cell_0349"
349,"cell_0349",12,"stationary","stationary_selected",-0.563759235888938,11395.604066604,11396.1678258399,11419.2602234339,11418.5398611776,NA,NA,901,-0.0235007984473629,0.990469921355427,-3.03450328367356,2.40672107911878,22,"",35.5,38.1,0.761978110828732,97.3600480598755,74.1862254908584,"cell_0349"
349,"cell_0349",1,"stationary","stationary_selected",-4.47523004248433,8800.16165587876,8804.63688592124,8818.27855704614,8828.45498480112,NA,NA,912,-0.0180583593678012,0.987968337868556,-2.82485320868247,2.15493452372309,23,"",35.5,38.1,0.761978110828732,97.3600480598755,74.1862254908584,"cell_0349"
349,"cell_0349",6,"stationary","stationary_selected",-7.68179893927481,10747.2940058707,10754.97580481,10767.9613534418,10769.8000886923,NA,NA,907,-0.0255669714216926,0.990432050343074,-2.95758476705443,2.22897290143674,28,"",35.5,38.1,0.761978110828732,97.3600480598755,74.1862254908584,"cell_0349"
350,"cell_0350",1,"stationary","stationary_selected",-4.24482936100685,8980.68903955687,8984.93386891787,8997.98812322552,9008.32535744246,NA,NA,912,-0.0166446921135851,0.987239384315898,-2.80072557242826,2.20667131856278,24,"",35.6,38.1,1,97.3600480598755,97.3600480598755,"cell_0350"
350,"cell_0350",6,"stationary","stationary_selected",-13.2031713202796,10939.9245531635,10953.1277244838,10960.715311193,10971.0788010792,NA,NA,907,-0.0264941972994066,0.990146288074705,-2.92598229659178,2.25769858195354,20,"",35.6,38.1,1,97.3600480598755,97.3600480598755,"cell_0350"
350,"cell_0350",3,"stationary","stationary_selected",-11.9539201503376,10248.4633366642,10260.4172568145,10266.7976054801,10280.0785399442,NA,NA,910,-0.0208496630196047,0.98601433118143,-2.54984176430666,2.16139973973233,18,"",35.6,38.1,1,97.3600480598755,97.3600480598755,"cell_0350"
350,"cell_0350",12,"stationary","stationary_selected",-7.85081620840174,11579.0625172897,11586.9133334981,11602.2715535685,11610.8098793931,NA,NA,901,-0.0247193041534463,0.992396923320515,-3.10855833392811,2.37689990242405,23,"",35.6,38.1,1,97.3600480598755,97.3600480598755,"cell_0350"
351,"cell_0351",1,"stationary","stationary_selected",-3.06452661411822,9036.43654194873,9039.50106856285,9052.0758211461,9062.56258021746,NA,NA,912,-0.0163678961486413,0.986278512691321,-2.78689950473486,2.27009769202953,24,"",35.7,38.1,1,97.3600480598755,97.3600480598755,"cell_0351"
351,"cell_0351",6,"stationary","stationary_selected",-13.7913188990624,11017.8938766344,11031.6851955335,11039.3518501819,11051.6922257942,NA,NA,907,-0.0268492277112018,0.98975940091761,-2.86586049206913,2.24150678173903,22,"",35.7,38.1,1,97.3600480598755,97.3600480598755,"cell_0351"
351,"cell_0351",12,"stationary","stationary_selected",-8.60065819289593,11660.2435562683,11668.8442144612,11682.2485181581,11693.0503392865,NA,NA,901,-0.0252001396841033,0.993585671241861,-3.08547486795316,2.33940426988518,24,"",35.7,38.1,1,97.3600480598755,97.3600480598755,"cell_0351"
351,"cell_0351",3,"stationary","stationary_selected",-12.743519600408,10319.1994952672,10331.9430148676,10337.5151095462,10352.22919831,NA,NA,910,-0.0206053581724901,0.98574319816166,-2.53991831835363,2.17369056441355,20,"",35.7,38.1,1,97.3600480598755,97.3600480598755,"cell_0351"
352,"cell_0352",1,"stationary","stationary_selected",-2.45987326465911,8942.5967962937,8945.05666955835,8957.4247097119,8967.68028530392,NA,NA,912,-0.0174494161884286,0.984997318296793,-2.73833066219749,2.28683910360347,22,"",35.8,38.1,1,97.3600480598755,97.3600480598755,"cell_0352"
352,"cell_0352",6,"stationary","stationary_selected",-12.158826288427,10935.2098899711,10947.3687162596,10956.5617794186,10966.3352241873,NA,NA,907,-0.0265996332321957,0.988801145663635,-2.89722780788141,2.18534436330555,23,"",35.8,38.1,1,97.3600480598755,97.3600480598755,"cell_0352"
352,"cell_0352",12,"stationary","stationary_selected",-6.49595287028933,11589.2694414832,11595.7653943535,11611.4228177818,11620.2825622897,NA,NA,901,-0.0247745962178475,0.993634181444416,-3.05220258509018,2.32082953747404,22,"",35.8,38.1,1,97.3600480598755,97.3600480598755,"cell_0352"
352,"cell_0352",3,"stationary","stationary_selected",-12.0453871496829,10227.7370191189,10239.7824062686,10245.9346476672,10259.5181685178,NA,NA,910,-0.0210377095749633,0.98479176055065,-2.55797591145896,2.17093899932233,22,"",35.8,38.1,1,97.3600480598755,97.3600480598755,"cell_0352"
353,"cell_0353",6,"stationary","stationary_selected",-7.0300210698133,10865.2195496182,10872.249570688,10887.3304883101,10891.1790062408,NA,NA,907,-0.0266256346761218,0.987699469522173,-2.87673075400106,2.10256936642874,22,"",35.9,38.1,1,97.3600480598755,97.3600480598755,"cell_0353"
353,"cell_0353",3,"stationary","stationary_selected",-8.93001606472353,10140.2842726351,10149.2142886999,10158.5646489848,10168.6071409752,NA,NA,910,-0.0218090487608077,0.983848960316806,-2.61577646343268,2.13357839363188,19,"",35.9,38.1,1,97.3600480598755,97.3600480598755,"cell_0353"
353,"cell_0353",12,"stationary","stationary_selected",0.249412398447021,11538.6136587968,11538.3642463983,11559.1803049227,11563.1556228145,NA,NA,901,-0.0245977928610663,0.993934801984041,-2.96099692372533,2.27237073774734,25,"",35.9,38.1,1,97.3600480598755,97.3600480598755,"cell_0353"
353,"cell_0353",1,"stationary","stationary_selected",-0.628906370620825,8853.80199997278,8854.4309063434,8866.91232345246,8876.50401833851,NA,NA,912,-0.0159898614069637,0.984115992580675,-2.69614920045279,2.28638071311905,21,"",35.9,38.1,1,97.3600480598755,97.3600480598755,"cell_0353"
354,"cell_0354",1,"stationary","stationary_selected",0.0868096878984943,8793.99271833984,8793.90590865194,8806.16598649568,8815.43151236935,NA,NA,912,-0.0148632091498628,0.984491392778759,-2.66195816238902,2.37190258880651,20,"",36,38.1,1,97.3600480598755,97.3600480598755,"cell_0354"
354,"cell_0354",3,"stationary","stationary_selected",-5.46940824073681,10079.5972135936,10085.0666218343,10097.6279162428,10103.6183375699,NA,NA,910,-0.0231575935103434,0.983340153292789,-2.70860757312221,2.19070650816315,22,"",36,38.1,1,97.3600480598755,97.3600480598755,"cell_0354"
354,"cell_0354",6,"stationary","stationary_selected",-1.367723985677,10821.2592244318,10822.6269484175,10844.1944633099,10841.9296405437,NA,NA,907,-0.0265099031651844,0.986749966124261,-2.95008484147349,2.2352866015124,22,"",36,38.1,1,97.3600480598755,97.3600480598755,"cell_0354"
354,"cell_0354",12,"sigma_time","moderate_nonstationarity",7.10364786318314,11507.3122407385,11500.2085928753,11526.4836872493,11525.1431140049,-0.0322495528000253,NA,901,-0.0224561520925797,0.991238011532183,-2.75488291453603,2.11587257019097,24,"",36,38.1,1,97.3600480598755,97.3600480598755,"cell_0354"
355,"cell_0355",1,"stationary","stationary_selected",-0.308586811233909,8831.02049957633,8831.32908638756,8844.36763478265,8853.08261189319,NA,NA,912,-0.0147258043518869,0.985095779597446,-2.60619784062621,2.42036441594457,21,"",36.1,38.1,1,97.3600480598755,97.3600480598755,"cell_0355"
355,"cell_0355",6,"sigma_time","weak_nonstationarity",3.49908843681624,10862.9414856677,10859.4423972309,10886.57573878,10878.7807073773,-0.0306666423872242,NA,907,-0.0273043264354948,0.986412574161347,-3.02004791511696,2.28287286376391,23,"",36.1,38.1,1,97.3600480598755,97.3600480598755,"cell_0355"
355,"cell_0355",12,"sigma_time","strong_nonstationarity",12.8208744829244,11546.6674705287,11533.8465960458,11565.2197748864,11558.8048266144,-0.0367892522928049,NA,901,-0.0218502574553095,0.989216228375103,-2.62659410257406,2.05717679462042,24,"",36.1,38.1,1,97.3600480598755,97.3600480598755,"cell_0355"
355,"cell_0355",3,"stationary","stationary_selected",-2.38733305985443,10112.2435619789,10114.6308950388,10130.5212181029,10132.6335752976,NA,NA,910,-0.0237648915827086,0.983993778114358,-2.71715686874346,2.21647713442747,24,"",36.1,38.1,1,97.3600480598755,97.3600480598755,"cell_0355"
356,"cell_0356",1,"stationary","stationary_selected",-2.00175408350697,8891.38058002995,8893.38233411345,8907.42599807442,8915.5820821377,NA,NA,912,-0.0145362881655505,0.985511407843651,-2.64300439492412,2.49124465753996,21,"",36.2,38.1,1,97.3600480598755,97.3600480598755,"cell_0356"
356,"cell_0356",6,"sigma_time","moderate_nonstationarity",6.5197263768132,10925.6111683144,10919.0914419376,10949.6319651853,10938.2074084384,-0.0329631913311727,NA,907,-0.0280411491183418,0.986457031677928,-3.05948894723296,2.23241075370446,23,"",36.2,38.1,1,97.3600480598755,97.3600480598755,"cell_0356"
356,"cell_0356",12,"sigma_time","strong_nonstationarity",16.8004786843176,11602.1297216393,11585.329242955,11620.9125192839,11610.3733013966,-0.0407606300211967,NA,901,-0.0214557370872497,0.987333216923125,-2.5905588991107,1.99764419805337,22,"",36.2,38.1,1,97.3600480598755,97.3600480598755,"cell_0356"
356,"cell_0356",3,"stationary","stationary_selected",-1.2321019279043,10169.5851841305,10170.8172860584,10188.3681154525,10188.4879459662,NA,NA,910,-0.0236285968391387,0.98454311849424,-2.69642625676107,2.2000051013253,24,"",36.2,38.1,1,97.3600480598755,97.3600480598755,"cell_0356"
357,"cell_0357",6,"sigma_time","moderate_nonstationarity",8.2451755801867,10990.8441892589,10982.5990136788,11015.0289981591,11001.8576782608,-0.0338396498227016,NA,907,-0.0286676465390694,0.986512233121636,-3.07792994382679,2.1691215116699,20,"",36.3,38.1,0.992366653951985,97.3600480598755,96.6168651217831,"cell_0357"
357,"cell_0357",12,"sigma_time","strong_nonstationarity",19.4428289157386,11660.9041318044,11641.4613028887,11680.0628000789,11666.6590740165,-0.0431535206253681,NA,901,-0.0213756857829075,0.986188469384837,-2.58362401952607,1.99699054114998,21,"",36.3,38.1,0.992366653951985,97.3600480598755,96.6168651217831,"cell_0357"
357,"cell_0357",3,"stationary","stationary_selected",-0.980779972031087,10229.3332492604,10230.3140292324,10248.4771106655,10247.8027066807,NA,NA,910,-0.0229870113967202,0.984709327359845,-2.6986046076764,2.22739699866286,25,"",36.3,38.1,0.992366653951985,97.3600480598755,96.6168651217831,"cell_0357"
357,"cell_0357",1,"stationary","stationary_selected",-3.9496885803801,8949.82733088746,8953.77701946785,8967.76871981711,8976.54259468691,NA,NA,912,-0.0141503789898517,0.985882828749367,-2.67963754820639,2.55599301286089,22,"",36.3,38.1,0.992366653951985,97.3600480598755,96.6168651217831,"cell_0357"
358,"cell_0358",3,"stationary","stationary_selected",-0.987700646877784,10242.6251844265,10243.6128850733,10261.7403266323,10260.9020294907,NA,NA,910,-0.0224316876187015,0.984781839521823,-2.68599295487017,2.22347476202981,23,"",36.4,38.1,0.0559298926160852,97.3600480598755,5.44533703308573,"cell_0358"
358,"cell_0358",1,"stationary","stationary_selected",-3.92330615640094,8958.41013929048,8962.33344544688,8976.96672961517,8985.09484385371,NA,NA,912,-0.0144618952331017,0.985514257515347,-2.66644254270904,2.52422333901309,22,"",36.4,38.1,0.0559298926160852,97.3600480598755,5.44533703308573,"cell_0358"
358,"cell_0358",12,"sigma_time","strong_nonstationarity",18.2853427081136,11674.768863369,11656.4835206609,11695.5342814761,11681.09926675,-0.0438966407963275,NA,901,-0.0219935198007604,0.985429969913277,-2.57726475161391,2.00838004959,20,"",36.4,38.1,0.0559298926160852,97.3600480598755,5.44533703308573,"cell_0358"
358,"cell_0358",6,"sigma_time","moderate_nonstationarity",6.79556577647054,11010.6554676345,11003.859901858,11034.7353259489,11022.9126674008,-0.0351674511421046,NA,907,-0.0276466440411017,0.986274938140549,-3.10565842655142,2.12968501410309,20,"",36.4,38.1,0.0559298926160852,97.3600480598755,5.44533703308573,"cell_0358"
371,"cell_0371",6,"sigma_time","weak_nonstationarity",2.30965020036274,10411.0516311114,10408.7419809111,10430.7654499668,10420.8423016041,-0.0273939236369747,NA,907,-0.0265239014108591,0.996046014985729,-3.1628260414061,2.40330426383061,33,"",34.9,38,0.233547765101914,97.4909212207184,22.7687867688255,"cell_0371"
371,"cell_0371",12,"sigma_time","strong_nonstationarity",19.9797889454749,11115.322685766,11095.3428968205,11137.5341051127,11099.5452832938,-0.048456856231731,NA,901,-0.0233808071147363,0.988795239479599,-2.9304841019644,2.305124990606,27,"",34.9,38,0.233547765101914,97.4909212207184,22.7687867688255,"cell_0371"
371,"cell_0371",3,"stationary","stationary_selected",-7.38681802488463,9683.44960390546,9690.83642193034,9700.33553062352,9704.59134212003,NA,NA,910,-0.0210972974476917,0.98678595899744,-2.84857669205941,2.220671079826,21,"",34.9,38,0.233547765101914,97.4909212207184,22.7687867688255,"cell_0371"
371,"cell_0371",1,"stationary","stationary_selected",-12.3486813610616,8431.97917295509,8444.32785431615,8445.26878596985,8462.21927004909,NA,NA,912,-0.0194081673640182,0.989643794627307,-2.61777967003954,2.41593370498359,23,"",34.9,38,0.233547765101914,97.4909212207184,22.7687867688255,"cell_0371"
372,"cell_0372",6,"stationary","stationary_selected",-8.23381343284018,10400.944788503,10409.1786019358,10418.4840018164,10420.8851400147,NA,NA,907,-0.0219058423234699,0.992789905679276,-3.12374600886859,2.40078416874867,27,"",35,38,0.301804634423031,97.4909212207184,29.4232118385835,"cell_0372"
372,"cell_0372",12,"stationary","stationary_selected",1.08240387685328,11067.7617520286,11066.6793481518,11083.3061049869,11067.9421928468,NA,NA,901,-0.0171950285951338,0.987480465818407,-2.80092575399117,2.46364790485265,25,"",35,38,0.301804634423031,97.4909212207184,29.4232118385835,"cell_0372"
372,"cell_0372",3,"stationary","stationary_selected",-13.1107052068146,9692.47408462261,9705.58478982943,9707.97958082854,9719.03372708963,NA,NA,910,-0.020172880395369,0.986567640132594,-2.77166490870141,2.12759207479294,20,"",35,38,0.301804634423031,97.4909212207184,29.4232118385835,"cell_0372"
372,"cell_0372",1,"stationary","stationary_selected",-14.5230166109322,8447.79050833446,8462.4162726972,8462.31352494539,8480.73379070067,NA,NA,912,-0.0197446265937935,0.989160207583526,-2.68477392509652,2.43000751349626,22,"",35,38,0.301804634423031,97.4909212207184,29.4232118385835,"cell_0372"
373,"cell_0373",6,"stationary","stationary_selected",-15.8039681994978,10431.0939421671,10450.6430090232,10446.8979103665,10463.3949241914,NA,NA,907,-0.0198474885360462,0.992955565145921,-3.16387183688432,2.36087654851827,23,"",35.1,38,0.116358648799822,97.4909212207184,11.3439118634927,"cell_0373"
373,"cell_0373",12,"stationary","stationary_selected",-12.3819756438734,11072.0260021406,11090.6596447968,11084.4079777845,11097.8210734349,NA,NA,901,-0.0168861557837946,0.989404262360062,-2.8620409097007,2.54421198422675,27,"",35.1,38,0.116358648799822,97.4909212207184,11.3439118634927,"cell_0373"
373,"cell_0373",3,"stationary","stationary_selected",-14.8745519927306,9733.42447246986,9752.96131450123,9748.29902446259,9767.24678247157,NA,NA,910,-0.0194288938968139,0.986885555678214,-2.69576414764282,2.15357858620891,19,"",35.1,38,0.116358648799822,97.4909212207184,11.3439118634927,"cell_0373"
373,"cell_0373",1,"stationary","stationary_selected",-16.6719149500932,8492.60749045884,8509.48682021829,8509.27940540894,8529.3646564758,NA,NA,912,-0.0187924127534564,0.988077279595134,-2.66791767959125,2.43863508648193,22,"",35.1,38,0.116358648799822,97.4909212207184,11.3439118634927,"cell_0373"
374,"cell_0374",12,"stationary","stationary_selected",-17.0930054227028,11131.9143610884,11149.0073665111,11149.3835196016,11160.5836609365,NA,NA,901,-0.0157919140837726,0.988407688065262,-2.81391455019297,2.51976646623925,27,"",35.2,38,0.302112994988673,97.4909212207184,29.453274194196,"cell_0374"
374,"cell_0374",3,"stationary","stationary_selected",-17.3733928720576,9802.17548116909,9821.18623091612,9819.54887404115,9838.26581463449,NA,NA,910,-0.0196815908749986,0.986449601370926,-2.69408030415717,2.17872227212685,19,"",35.2,38,0.302112994988673,97.4909212207184,29.453274194196,"cell_0374"
374,"cell_0374",1,"stationary","stationary_selected",-15.7685640588443,8558.10589981934,8573.87446387818,8576.82506811224,8595.72093551246,NA,NA,912,-0.0179151773771936,0.986995695261916,-2.78689568106898,2.3747322135846,21,"",35.2,38,0.302112994988673,97.4909212207184,29.453274194196,"cell_0374"
374,"cell_0374",6,"stationary","stationary_selected",-17.8423151942225,10502.8949792404,10521.8167182743,10520.7372944347,10535.449253409,NA,NA,907,-0.0194118410639694,0.991516599410407,-3.06863089357245,2.31156028733424,26,"",35.2,38,0.302112994988673,97.4909212207184,29.453274194196,"cell_0374"
375,"cell_0375",1,"stationary","stationary_selected",-12.8833580235223,8668.26887015544,8681.15222817896,8688.11914762003,8704.21256499206,NA,NA,912,-0.0168818633830294,0.987175786870125,-2.7782417804707,2.4142214405238,21,"",35.3,38,0.670587830544604,97.4909212207184,65.3762253591965,"cell_0375"
375,"cell_0375",6,"stationary","stationary_selected",-14.5951744587037,10629.0615546283,10643.6567290871,10649.7311294719,10658.2663315511,NA,NA,907,-0.0203198678547245,0.990672026679301,-2.92629461409416,2.26684405027208,27,"",35.3,38,0.670587830544604,97.4909212207184,65.3762253591965,"cell_0375"
375,"cell_0375",12,"stationary","stationary_selected",-10.2575635370067,11266.3403212992,11276.5978848362,11289.4474854164,11293.9820121063,NA,NA,901,-0.0171383726977744,0.987074519589186,-2.7739479054592,2.45101703484593,24,"",35.3,38,0.670587830544604,97.4909212207184,65.3762253591965,"cell_0375"
375,"cell_0375",3,"stationary","stationary_selected",-15.0018028847207,9914.36078770492,9929.36259058964,9933.11771960843,9948.13375550002,NA,NA,910,-0.0194977649343189,0.987098790163253,-2.75419615783678,2.20134415539186,21,"",35.3,38,0.670587830544604,97.4909212207184,65.3762253591965,"cell_0375"
376,"cell_0376",6,"stationary","stationary_selected",-12.3434126001412,10831.0431352053,10843.3865478054,10851.419289545,10857.9537700549,NA,NA,907,-0.0225835127673464,0.990026628173412,-3.012259398602,2.23901642879119,25,"",35.4,38,0.769063235718064,97.4909212207184,74.9766833271406,"cell_0376"
376,"cell_0376",12,"stationary","stationary_selected",-5.8081429371141,11477.3939273071,11483.2020702442,11502.0068259881,11504.9112003233,NA,NA,901,-0.0206364614744134,0.986575154066915,-2.90736111449584,2.38126686638861,17,"",35.4,38,0.769063235718064,97.4909212207184,74.9766833271406,"cell_0376"
376,"cell_0376",3,"stationary","stationary_selected",-12.8457255321246,10121.6882923102,10134.5340178424,10140.0330089658,10152.8332324972,NA,NA,910,-0.019989505741396,0.986659374533425,-2.6915531596311,2.22216126263342,20,"",35.4,38,0.769063235718064,97.4909212207184,74.9766833271406,"cell_0376"
376,"cell_0376",1,"stationary","stationary_selected",-10.6532793359929,8879.52606084108,8890.17934017708,8899.83406107157,8913.6096712274,NA,NA,912,-0.0168064591764505,0.987158083416424,-2.62717207204787,2.37481736278053,21,"",35.4,38,0.769063235718064,97.4909212207184,74.9766833271406,"cell_0376"
377,"cell_0377",6,"stationary","stationary_selected",-12.8514924810788,11046.8401486844,11059.6916411655,11066.433134801,11075.5033055335,NA,NA,907,-0.0237189276657837,0.989319398163345,-3.07465416212934,2.26334659348269,24,"",35.5,38,1,97.4909212207184,97.4909212207184,"cell_0377"
377,"cell_0377",12,"stationary","stationary_selected",-5.3193794136896,11693.1033510794,11698.4227304931,11716.9711732489,11721.6364434159,NA,NA,901,-0.0235206798579819,0.987852482819625,-3.0447725240667,2.31163517308026,19,"",35.5,38,1,97.4909212207184,97.4909212207184,"cell_0377"
377,"cell_0377",3,"stationary","stationary_selected",-13.1250540876026,10343.5622475523,10356.6873016399,10361.4609433793,10375.1518759231,NA,NA,910,-0.0199915856620644,0.986094738125978,-2.61931636483738,2.20789532940036,22,"",35.5,38,1,97.4909212207184,97.4909212207184,"cell_0377"
377,"cell_0377",1,"stationary","stationary_selected",-9.15343902295172,9096.90647999614,9106.05991901909,9117.15112732139,9129.36206932327,NA,NA,912,-0.0165868663643089,0.986753496661509,-2.66429709257869,2.19057921387995,22,"",35.5,38,1,97.4909212207184,97.4909212207184,"cell_0377"
378,"cell_0378",12,"stationary","stationary_selected",-5.31728275567912,11883.2603788745,11888.5776616302,11905.5108052293,11912.1936839519,NA,NA,901,-0.0252241790792656,0.989440783753174,-3.06216038212204,2.21818694888004,23,"",35.6,38,1,97.4909212207184,97.4909212207184,"cell_0378"
378,"cell_0378",3,"stationary","stationary_selected",-13.3511220725704,10521.910366141,10535.2614882136,10539.6556390531,10554.4423688938,NA,NA,910,-0.0193525836789288,0.985943229668829,-2.65004759167134,2.21188715087634,20,"",35.6,38,1,97.4909212207184,97.4909212207184,"cell_0378"
378,"cell_0378",6,"stationary","stationary_selected",-12.986333763025,11232.7167735599,11245.7031073229,11253.0935605457,11264.0112858361,NA,NA,907,-0.0239798858068773,0.988662861721106,-3.02815881527401,2.22673979524257,25,"",35.6,38,1,97.4909212207184,97.4909212207184,"cell_0378"
378,"cell_0378",1,"stationary","stationary_selected",-7.21554533275048,9258.90760170428,9266.12314703703,9278.51685806768,9289.31245919962,NA,NA,912,-0.0157208326211121,0.98600859016042,-2.65003471387682,2.20267337219787,21,"",35.6,38,1,97.4909212207184,97.4909212207184,"cell_0378"
379,"cell_0379",1,"stationary","stationary_selected",-3.09914770813339,9338.31612610413,9341.41527381226,9355.33321059288,9364.40827360566,NA,NA,912,-0.0153455916895363,0.985112880742691,-2.73388485664814,2.22814593578176,21,"",35.7,38,1,97.4909212207184,97.4909212207184,"cell_0379"
379,"cell_0379",3,"stationary","stationary_selected",-10.976616853317,10620.2888849855,10631.2655018389,10638.1698403063,10651.5532032421,NA,NA,910,-0.0183324696836276,0.986526042841348,-2.68453072525358,2.20615641279387,21,"",35.7,38,1,97.4909212207184,97.4909212207184,"cell_0379"
379,"cell_0379",12,"stationary","stationary_selected",-0.917646796602639,12017.8015943061,12018.7192411027,12035.6949423587,12041.5780356731,NA,NA,901,-0.0267916770215147,0.991015684579276,-2.96161510198115,2.12599566967626,25,"",35.7,38,1,97.4909212207184,97.4909212207184,"cell_0379"
379,"cell_0379",6,"stationary","stationary_selected",-9.78216817357861,11350.477648198,11360.2598163716,11373.0795197474,11382.3085889499,NA,NA,907,-0.024678493623445,0.987978415280556,-2.87031986223786,2.19451798363666,29,"",35.7,38,1,97.4909212207184,97.4909212207184,"cell_0379"
380,"cell_0380",6,"stationary","stationary_selected",-3.27935767311646,11252.8692475236,11256.1486051967,11275.2363865679,11279.5556980718,NA,NA,907,-0.0261744433078066,0.987542198329182,-2.81549557046105,2.13377460837092,22,"",35.8,38,1,97.4909212207184,97.4909212207184,"cell_0380"
380,"cell_0380",1,"stationary","stationary_selected",0.24463291543907,9207.57986724225,9207.33523432681,9222.99819302391,9230.03965160109,NA,NA,912,-0.0159541047657966,0.98458829397418,-2.87076337265279,2.27022751184086,20,"",35.8,38,1,97.4909212207184,97.4909212207184,"cell_0380"
380,"cell_0380",3,"stationary","stationary_selected",-5.78189580151047,10504.1993073193,10509.9812031208,10523.1058367883,10531.6877265368,NA,NA,910,-0.0188258958011553,0.985932243176122,-2.69765024929801,2.19125916585697,20,"",35.8,38,1,97.4909212207184,97.4909212207184,"cell_0380"
380,"cell_0380",12,"sigma_time","moderate_nonstationarity",8.9782368418837,11944.7484644278,11935.7702275859,11957.482908435,11957.9448134088,-0.034145767845429,NA,901,-0.0229428650604917,0.989992492603806,-2.78055405875606,2.05102595145196,23,"",35.8,38,1,97.4909212207184,97.4909212207184,"cell_0380"
381,"cell_0381",12,"sigma_time","strong_nonstationarity",13.9575135995947,11850.9890882457,11837.0315746461,11864.1500070582,11859.8559980959,-0.0359470868739315,NA,901,-0.0223921035949359,0.989740280251162,-2.72261193664196,2.01220993414502,20,"",35.9,38,1,97.4909212207184,97.4909212207184,"cell_0381"
381,"cell_0381",6,"stationary","stationary_selected",0.753268398200817,11149.7404858185,11148.9872174203,11171.9907119994,11171.5556023196,NA,NA,907,-0.0261579927438511,0.986673213945888,-2.90597239933758,2.14537872393527,23,"",35.9,38,1,97.4909212207184,97.4909212207184,"cell_0381"
381,"cell_0381",3,"stationary","stationary_selected",-2.57571134678983,10393.4050516777,10395.9807630245,10412.5397962314,10417.1538462783,NA,NA,910,-0.0196391932470825,0.98520803412074,-2.72355573498072,2.16035427935566,21,"",35.9,38,1,97.4909212207184,97.4909212207184,"cell_0381"
381,"cell_0381",1,"sigma_time","weak_nonstationarity",2.36582072490819,9099.76191639804,9097.39609567313,9114.4076223527,9119.79185090281,-0.0263825374663011,NA,912,-0.0111077437999457,0.983567533424027,-2.80585442416448,2.34222122095348,19,"",35.9,38,1,97.4909212207184,97.4909212207184,"cell_0381"
382,"cell_0382",6,"sigma_time","moderate_nonstationarity",4.26277466129432,11092.5388941398,11088.2761194785,11115.1404844418,11110.4384993003,-0.0326904751678289,NA,907,-0.0252187507235008,0.985581095080315,-2.99414113875374,2.27171690108213,19,"",36,38,1,97.4909212207184,97.4909212207184,"cell_0382"
382,"cell_0382",3,"stationary","stationary_selected",0.143256278075569,10326.9616377359,10326.8183814579,10346.2573647982,10347.3521951602,NA,NA,910,-0.0206330539667895,0.984773657580698,-2.78329285243489,2.2218464482949,23,"",36,38,1,97.4909212207184,97.4909212207184,"cell_0382"
382,"cell_0382",12,"sigma_time","strong_nonstationarity",17.7574688061341,11797.3467328371,11779.589264031,11811.2695556798,11802.906095349,-0.0389957746143987,NA,901,-0.0219827391291985,0.988864043339035,-2.6444243847813,2.01885955434366,21,"",36,38,1,97.4909212207184,97.4909212207184,"cell_0382"
382,"cell_0382",1,"sigma_time","weak_nonstationarity",3.32344641388772,9034.52530704711,9031.20186063322,9048.82342651284,9053.30228607586,-0.0266773471853874,NA,912,-0.00981162918845511,0.983998365577182,-2.76737896137733,2.45064479363018,20,"",36,38,1,97.4909212207184,97.4909212207184,"cell_0382"
383,"cell_0383",3,"stationary","stationary_selected",1.43000045259396,10326.7826132112,10325.3526127586,10346.4847525022,10345.4667217637,NA,NA,910,-0.0209100442369947,0.984783115345486,-2.79636827539919,2.23228630485555,22,"",36.1,38,1,97.4909212207184,97.4909212207184,"cell_0383"
383,"cell_0383",1,"sigma_time","weak_nonstationarity",2.56907758344823,9030.19055407344,9027.62147649,9045.27007581291,9049.9950972478,-0.0272187963777093,NA,912,-0.00954290735175688,0.984788803788004,-2.69876307451097,2.4625567510092,22,"",36.1,38,1,97.4909212207184,97.4909212207184,"cell_0383"
383,"cell_0383",12,"sigma_time","strong_nonstationarity",20.2734326400641,11804.9535459807,11784.6801133406,11819.7639342163,11808.3663658162,-0.0415503764301685,NA,901,-0.0217711227165456,0.987309012640911,-2.5550278827667,2.00697259804181,20,"",36.1,38,1,97.4909212207184,97.4909212207184,"cell_0383"
383,"cell_0383",6,"sigma_time","moderate_nonstationarity",6.66350276293633,11102.3461982412,11095.6826954782,11125.6747711514,11117.7480112557,-0.0337574734617447,NA,907,-0.0255519033863302,0.985402100184223,-3.04230498675811,2.26367575838529,20,"",36.1,38,1,97.4909212207184,97.4909212207184,"cell_0383"
384,"cell_0384",3,"stationary","stationary_selected",0.804174971555767,10370.5473965186,10369.743221547,10390.6553803693,10389.4057163601,NA,NA,910,-0.0203738755371501,0.984852701516946,-2.76462639776302,2.34156064160645,25,"",36.2,38,1,97.4909212207184,97.4909212207184,"cell_0384"
384,"cell_0384",6,"sigma_time","moderate_nonstationarity",7.73148288448101,11153.9856219099,11146.2541390254,11178.0229182213,11167.9354012502,-0.0346948762065715,NA,907,-0.0262766746126183,0.985617082446688,-3.069817700663,2.19075578926019,20,"",36.2,38,1,97.4909212207184,97.4909212207184,"cell_0384"
384,"cell_0384",12,"sigma_time","strong_nonstationarity",21.6443382552734,11850.6296781295,11828.9853398742,11866.7990723563,11853.0432374055,-0.0427127861389451,NA,901,-0.0217553016467442,0.985805452689232,-2.58117019549007,1.95493756214726,21,"",36.2,38,1,97.4909212207184,97.4909212207184,"cell_0384"
384,"cell_0384",1,"stationary","stationary_selected",0.233762904905234,9067.02953684868,9066.79577394378,9084.36977105128,9089.50221848827,NA,NA,912,-0.0126779273776503,0.985667111019423,-2.69923842662865,2.39008385171815,21,"",36.2,38,1,97.4909212207184,97.4909212207184,"cell_0384"
385,"cell_0385",6,"sigma_time","moderate_nonstationarity",7.80496617251083,11202.2317716602,11194.4268054877,11226.5272323056,11215.4046385008,-0.0350771164962517,NA,907,-0.026903232292739,0.985866843406174,-3.08120410135647,2.15846239675915,21,"",36.3,38,0.960318608077428,97.4909212207184,93.6223457668665,"cell_0385"
385,"cell_0385",12,"sigma_time","strong_nonstationarity",22.0501970826663,11893.843734081,11871.7935369983,11911.6513257533,11896.1636411769,-0.0448083764125809,NA,901,-0.0219767944440598,0.985115383148886,-2.63833188416053,1.96658210637353,19,"",36.3,38,0.960318608077428,97.4909212207184,93.6223457668665,"cell_0385"
385,"cell_0385",1,"stationary","stationary_selected",-2.55630257168559,9101.46330733534,9104.01960990703,9120.20021215166,9127.03585080217,NA,NA,912,-0.0128031456779015,0.985948273448137,-2.65762489333121,2.36756898504378,23,"",36.3,38,0.960318608077428,97.4909212207184,93.6223457668665,"cell_0385"
385,"cell_0385",3,"stationary","stationary_selected",-0.800387489200148,10411.4419550732,10412.2423425624,10431.6804006876,10431.2963741048,NA,NA,910,-0.0197454104282362,0.984667265624255,-2.70791566327959,2.40314077028395,25,"",36.3,38,0.960318608077428,97.4909212207184,93.6223457668665,"cell_0385"
386,"cell_0386",6,"sigma_time","strong_nonstationarity",13.5918125500957,11212.533448878,11198.9416363279,11236.7956617134,11220.5397320177,-0.0378595741350687,NA,907,-0.0260252731270421,0.985813132622815,-3.08673349757017,2.15897341896788,21,"",36.4,38,0.320653758680969,97.4909212207184,31.2608303266936,"cell_0386"
386,"cell_0386",12,"sigma_time","strong_nonstationarity",29.5950357614711,11914.4614077335,11884.866371972,11929.7860934926,11909.2275620877,-0.0478694010517432,NA,901,-0.0216968861866139,0.984366499720249,-2.6436360415771,2.00163379281382,18,"",36.4,38,0.320653758680969,97.4909212207184,31.2608303266936,"cell_0386"
386,"cell_0386",1,"stationary","stationary_selected",0.212450641776741,9084.08656093339,9083.87411029162,9101.97963987936,9106.63820396535,NA,NA,912,-0.0126280513991407,0.986100026661482,-2.63390590026799,2.36214446318356,22,"",36.4,38,0.320653758680969,97.4909212207184,31.2608303266936,"cell_0386"
386,"cell_0386",3,"sigma_time","moderate_nonstationarity",4.48489125609558,10405.1683949256,10400.6835036695,10425.3758657487,10420.0267633007,-0.031264388408808,NA,910,-0.0192441689270034,0.985393330583577,-2.70998382346787,2.35769837014582,20,"",36.4,38,0.320653758680969,97.4909212207184,31.2608303266936,"cell_0386"
399,"cell_0399",12,"sigma_time","strong_nonstationarity",11.3486728130683,11151.5605550311,11140.211882218,11176.4082690126,11157.197155724,-0.043637238036563,NA,901,-0.0204111265256158,0.987662766200239,-2.84536349738063,2.43015685327634,27,"",34.9,37.9,0.798892957199989,97.6214933680725,77.9891235230986,"cell_0399"
399,"cell_0399",1,"stationary","stationary_selected",-11.6754124499876,8466.12456083909,8479.41398742763,8477.79997328907,8496.47426015083,NA,NA,912,-0.0178134894591785,0.99123778843706,-2.65228273791034,2.75435736123297,24,"",34.9,37.9,0.798892957199989,97.6214933680725,77.9891235230986,"cell_0399"
399,"cell_0399",3,"stationary","stationary_selected",-7.65613903198937,9717.42209991198,9725.07823894397,9734.80383060732,9741.0940269859,NA,NA,910,-0.0197147660702549,0.98782842041957,-2.82977683748808,2.15998842608827,21,"",34.9,37.9,0.798892957199989,97.6214933680725,77.9891235230986,"cell_0399"
399,"cell_0399",6,"stationary","stationary_selected",-0.170797464917996,10454.5424007139,10454.7131981788,10478.8480645596,10473.9197589379,NA,NA,907,-0.0252043861491095,0.991171172438932,-2.9044576125614,2.39878736415966,25,"",34.9,37.9,0.798892957199989,97.6214933680725,77.9891235230986,"cell_0399"
400,"cell_0400",3,"stationary","stationary_selected",-16.1195015637932,9816.05450488766,9834.41576335691,9832.17400645145,9849.79374199211,NA,NA,910,-0.0185253996433032,0.987647698836827,-2.78280532821602,2.13789439288703,22,"",35,37.9,1,97.6214933680725,97.6214933680725,"cell_0400"
400,"cell_0400",1,"stationary","stationary_selected",-14.5639064665247,8574.27848450093,8592.33409883937,8588.84239096746,8610.39110767887,NA,NA,912,-0.0176664738399925,0.990496135463048,-2.64198568091699,2.77721274236826,22,"",35,37.9,1,97.6214933680725,97.6214933680725,"cell_0400"
400,"cell_0400",12,"stationary","stationary_selected",-12.2837942357473,11174.3695646538,11186.6533588895,11191.5759383646,11194.5750110589,NA,NA,901,-0.0155943166435574,0.988511838884892,-2.71001887861733,2.56732317116943,25,"",35,37.9,1,97.6214933680725,97.6214933680725,"cell_0400"
400,"cell_0400",6,"stationary","stationary_selected",-16.208261537422,10527.2637066588,10543.4719681962,10547.538661093,10560.83037875,NA,NA,907,-0.0219756371811596,0.991487149992878,-2.99690496683718,2.39172334487762,23,"",35,37.9,1,97.6214933680725,97.6214933680725,"cell_0400"
401,"cell_0401",12,"stationary","stationary_selected",-16.7283197053857,11267.0980700381,11288.1055746883,11283.8263897435,11300.3287504589,NA,NA,901,-0.0155661926029435,0.988400425189272,-2.6662807630542,2.56161119098983,26,"",35.1,37.9,1,97.6214933680725,97.6214933680725,"cell_0401"
401,"cell_0401",1,"stationary","stationary_selected",-17.2333736658275,8695.29365756706,8714.10875827674,8712.52703123289,8734.32246639121,NA,NA,912,-0.0163605141284493,0.988271681909162,-2.77544409502131,2.62484578864266,21,"",35.1,37.9,1,97.6214933680725,97.6214933680725,"cell_0401"
401,"cell_0401",6,"stationary","stationary_selected",-19.0448781344439,10638.3133777971,10659.8692071748,10657.3582559315,10677.0995926141,NA,NA,907,-0.0214470247048384,0.991118722615465,-2.9815239323348,2.36877201424048,24,"",35.1,37.9,1,97.6214933680725,97.6214933680725,"cell_0401"
401,"cell_0401",3,"stationary","stationary_selected",-15.6587522115387,9936.23795895261,9957.92039368089,9951.89671116415,9973.82443704188,NA,NA,910,-0.0186554180879398,0.986953046092089,-2.7657481202589,2.11350916066915,21,"",35.1,37.9,1,97.6214933680725,97.6214933680725,"cell_0401"
402,"cell_0402",12,"stationary","stationary_selected",-21.1136760611989,11423.1462774885,11445.6218258034,11444.2599535497,11464.4243110849,NA,NA,901,-0.0181084495667369,0.985623592298427,-2.6377638208703,2.46463956883605,23,"",35.2,37.9,0.99814072838073,97.6214933680725,97.4399884960225,"cell_0402"
402,"cell_0402",6,"stationary","stationary_selected",-19.2359927457819,10799.4047212015,10822.09523967,10818.6407139473,10839.9717079505,NA,NA,907,-0.0223450004418018,0.989977356598411,-2.89838710586637,2.3566391418691,26,"",35.2,37.9,0.99814072838073,97.6214933680725,97.4399884960225,"cell_0402"
402,"cell_0402",3,"stationary","stationary_selected",-16.3314215954233,10094.1532625899,10116.3614100163,10110.4846841853,10133.6084780249,NA,NA,910,-0.0192125216694563,0.986381345618316,-2.76689207771934,2.12286302957759,17,"",35.2,37.9,0.99814072838073,97.6214933680725,97.4399884960225,"cell_0402"
402,"cell_0402",1,"stationary","stationary_selected",-18.0695969977278,8852.65330248736,8870.72289948508,8871.93564286342,8892.15735208921,NA,NA,912,-0.015372085264255,0.987405138351697,-2.9418398423864,2.44077322065479,22,"",35.2,37.9,0.99814072838073,97.6214933680725,97.4399884960225,"cell_0402"
403,"cell_0403",1,"stationary","stationary_selected",-15.6896196395192,9021.36852391619,9037.05814355571,9041.90214503455,9059.22658023236,NA,NA,912,-0.0154554284031093,0.98665548334773,-2.91160239198522,2.36757965496936,21,"",35.3,37.9,1,97.6214933680725,97.6214933680725,"cell_0403"
403,"cell_0403",6,"stationary","stationary_selected",-19.6818563207707,10975.7839054845,10995.4657618053,10997.1477236007,11014.4134538634,NA,NA,907,-0.0235976137040798,0.989714249510476,-2.79045775699961,2.40338992307093,23,"",35.3,37.9,1,97.6214933680725,97.6214933680725,"cell_0403"
403,"cell_0403",12,"stationary","stationary_selected",-16.7825028846219,11614.8678295423,11631.6503324269,11639.8836426322,11654.4944092801,NA,NA,901,-0.019993710172034,0.984318531786891,-2.70159153987961,2.37053856393637,20,"",35.3,37.9,1,97.6214933680725,97.6214933680725,"cell_0403"
403,"cell_0403",3,"stationary","stationary_selected",-17.5060931442949,10262.7354611782,10282.0752962745,10280.2415543225,10301.0354463492,NA,NA,910,-0.0191987714906892,0.986491900530703,-2.85246004203439,2.22974427035206,16,"",35.3,37.9,1,97.6214933680725,97.6214933680725,"cell_0403"
404,"cell_0404",3,"stationary","stationary_selected",-15.4674936019474,10458.7757763422,10474.2432699441,10476.3469866505,10493.2115907382,NA,NA,910,-0.0185775060664662,0.986784245436159,-2.80652974106228,2.27883283799028,20,"",35.4,37.9,1,97.6214933680725,97.6214933680725,"cell_0404"
404,"cell_0404",1,"stationary","stationary_selected",-13.2932844443985,9222.287802647,9235.5810870914,9242.91952063937,9257.81505127738,NA,NA,912,-0.0154553376000526,0.986572716299219,-2.71939676044616,2.39521802323422,21,"",35.4,37.9,1,97.6214933680725,97.6214933680725,"cell_0404"
404,"cell_0404",6,"stationary","stationary_selected",-14.8899464163333,11172.9327001747,11187.822646591,11194.6220260477,11206.5087080816,NA,NA,907,-0.0244202503194911,0.989425398263896,-2.90073151291918,2.44362240479374,29,"",35.4,37.9,1,97.6214933680725,97.6214933680725,"cell_0404"
404,"cell_0404",12,"stationary","stationary_selected",-8.0901854447693,11828.3761690864,11836.4663545312,11853.2316520129,11860.6988605685,NA,NA,901,-0.0232115732719896,0.983647250886563,-2.79446069235108,2.27594807357689,19,"",35.4,37.9,1,97.6214933680725,97.6214933680725,"cell_0404"
405,"cell_0405",12,"stationary","stationary_selected",-2.32891852107241,12035.9330061933,12038.2619247144,12058.7330307737,12061.9034149056,NA,NA,901,-0.0257276167512232,0.984677819350034,-2.9148036316033,2.16012428758152,21,"",35.5,37.9,1,97.6214933680725,97.6214933680725,"cell_0405"
405,"cell_0405",3,"stationary","stationary_selected",-13.2815536991784,10666.0759159137,10679.3574696129,10683.7809630468,10698.5589007136,NA,NA,910,-0.01830330633676,0.986770538430182,-2.68448733452885,2.21366348714038,22,"",35.5,37.9,1,97.6214933680725,97.6214933680725,"cell_0405"
405,"cell_0405",6,"stationary","stationary_selected",-12.0807421923473,11378.2415053387,11390.322247531,11399.6362772156,11409.3140337205,NA,NA,907,-0.0236645966135368,0.988621473338373,-3.03494755664937,2.39302946513147,26,"",35.5,37.9,1,97.6214933680725,97.6214933680725,"cell_0405"
405,"cell_0405",1,"stationary","stationary_selected",-11.0033694296235,9430.27390144247,9441.27727087209,9450.29031253032,9463.16520616076,NA,NA,912,-0.0152819076870036,0.986233476762124,-2.71828829828437,2.30465571348472,21,"",35.5,37.9,1,97.6214933680725,97.6214933680725,"cell_0405"
406,"cell_0406",12,"sigma_time","weak_nonstationarity",3.24310485827664,12249.7162322776,12246.4731274193,12268.4518580047,12269.3453047803,-0.0343029719603839,NA,901,-0.0248805850682041,0.985893953271618,-2.77945576275605,2.16788387229343,20,"",35.6,37.9,1,97.6214933680725,97.6214933680725,"cell_0406"
406,"cell_0406",6,"stationary","stationary_selected",-8.42393764699409,11572.8488389523,11581.2727765993,11595.9226881002,11602.8077688624,NA,NA,907,-0.0226691740130975,0.987475088212645,-2.97308665846647,2.2423666258834,27,"",35.6,37.9,1,97.6214933680725,97.6214933680725,"cell_0406"
406,"cell_0406",1,"stationary","stationary_selected",-7.28196828369437,9585.8726136505,9593.15458193419,9604.24311450742,9614.63942473925,NA,NA,912,-0.0147702212558636,0.985223211296866,-2.72075761272156,2.11178780986458,21,"",35.6,37.9,1,97.6214933680725,97.6214933680725,"cell_0406"
406,"cell_0406",3,"stationary","stationary_selected",-10.7288499933184,10838.168385465,10848.8972354583,10855.4736366171,10868.3247128474,NA,NA,910,-0.0172276184649471,0.986712957115663,-2.75950356248322,2.22922052028905,23,"",35.6,37.9,1,97.6214933680725,97.6214933680725,"cell_0406"
407,"cell_0407",12,"sigma_time","moderate_nonstationarity",8.70515370015164,12323.7639436938,12315.0587899937,12338.9823928015,12337.0324692641,-0.0356965317796857,NA,901,-0.0245443123760849,0.986589819606874,-2.70727432434322,2.13089251687184,24,"",35.7,37.9,1,97.6214933680725,97.6214933680725,"cell_0407"
407,"cell_0407",6,"stationary","stationary_selected",-4.8091667445824,11630.0487919112,11634.8579586558,11653.6070182286,11658.2291928686,NA,NA,907,-0.0227484015318807,0.986808164040483,-2.90146042941456,2.13266639879559,25,"",35.7,37.9,1,97.6214933680725,97.6214933680725,"cell_0407"
407,"cell_0407",1,"stationary","stationary_selected",-4.94021817558678,9609.93044911257,9614.87066728816,9627.13566012163,9636.16533523643,NA,NA,912,-0.0146580787392434,0.984849162857187,-2.71170769520356,2.10823477482637,21,"",35.7,37.9,1,97.6214933680725,97.6214933680725,"cell_0407"
407,"cell_0407",3,"stationary","stationary_selected",-8.2355301098487,10877.4327926425,10885.6683227523,10895.3324098438,10905.9328953176,NA,NA,910,-0.0165451937330223,0.986803337581618,-2.78669075406072,2.22889233996684,23,"",35.7,37.9,1,97.6214933680725,97.6214933680725,"cell_0407"
408,"cell_0408",6,"stationary","stationary_selected",1.58128668048084,11540.7491668922,11539.1678802117,11563.0193545289,11563.7727446182,NA,NA,907,-0.0245418133573518,0.986531103593033,-2.87680953714686,2.11455763858603,24,"",35.8,37.9,1,97.6214933680725,97.6214933680725,"cell_0408"
408,"cell_0408",1,"stationary","stationary_selected",-1.43421824883808,9492.19258280514,9493.62680105398,9508.09062451933,9514.51920916893,NA,NA,912,-0.0145207031141454,0.98483548362114,-2.8193060883341,2.19665723801853,18,"",35.8,37.9,1,97.6214933680725,97.6214933680725,"cell_0408"
408,"cell_0408",3,"stationary","stationary_selected",-2.84763841351742,10774.1910208995,10777.038659313,10792.9890925561,10798.70206992,NA,NA,910,-0.0166719580041181,0.986870384799894,-2.77681958718383,2.2269846271693,20,"",35.8,37.9,1,97.6214933680725,97.6214933680725,"cell_0408"
408,"cell_0408",12,"sigma_time","strong_nonstationarity",18.148383999036,12251.30028729,12233.1519032909,12261.6601472404,12254.3072527811,-0.0385237788064258,NA,901,-0.0239113032795259,0.987243900785473,-2.6246580006372,2.09295812471332,23,"",35.8,37.9,1,97.6214933680725,97.6214933680725,"cell_0408"
409,"cell_0409",3,"sigma_time","moderate_nonstationarity",4.51718023951071,10651.7542559373,10647.2370756978,10670.8096565354,10669.9773904752,-0.0287489306604146,NA,910,-0.0150397613586849,0.987091231561017,-2.78927544784991,2.22336359765631,19,"",35.9,37.9,1,97.6214933680725,97.6214933680725,"cell_0409"
409,"cell_0409",12,"sigma_time","strong_nonstationarity",28.6255899187472,12152.0059536667,12123.3803637479,12157.4496300582,12143.6732235282,-0.0407606029326313,NA,901,-0.0233733181697311,0.988000741353922,-2.72563626468261,2.07315221901129,22,"",35.9,37.9,1,97.6214933680725,97.6214933680725,"cell_0409"
409,"cell_0409",6,"sigma_time","moderate_nonstationarity",9.16233080443817,11430.0275119637,11420.8651811593,11449.0637240742,11445.7660414763,-0.0358892813809166,NA,907,-0.0235901464650224,0.985676709396013,-2.95162334072769,2.20259159499475,22,"",35.9,37.9,1,97.6214933680725,97.6214933680725,"cell_0409"
409,"cell_0409",1,"sigma_time","weak_nonstationarity",2.95689438619047,9358.91904517494,9355.96215078875,9372.76354263287,9375.88987205504,-0.0324438771560275,NA,912,-0.0103297317253107,0.98412957764033,-2.93906151220188,2.34271893616001,21,"",35.9,37.9,1,97.6214933680725,97.6214933680725,"cell_0409"
410,"cell_0410",12,"sigma_time","strong_nonstationarity",27.9505058960985,12032.3878208165,12004.4373149204,12042.2840116491,12026.3423322672,-0.0416916203183005,NA,901,-0.0229516085378447,0.987594126347232,-2.63619554152483,2.02296606909415,20,"",36,37.9,1,97.6214933680725,97.6214933680725,"cell_0410"
410,"cell_0410",6,"sigma_time","moderate_nonstationarity",9.14575212844102,11313.8691055927,11304.7233534642,11333.3233347314,11329.5249463049,-0.034695692335217,NA,907,-0.0238713041035592,0.985124109346174,-3.01742964292728,2.25899244302276,22,"",36,37.9,1,97.6214933680725,97.6214933680725,"cell_0410"
410,"cell_0410",1,"sigma_time","weak_nonstationarity",3.07961643749695,9237.38214527608,9234.30252883858,9250.70565537928,9253.63897360288,-0.0298790619321161,NA,912,-0.00938369972710473,0.984032241509511,-2.92869594568002,2.41547150404856,23,"",36,37.9,1,97.6214933680725,97.6214933680725,"cell_0410"
410,"cell_0410",3,"sigma_time","moderate_nonstationarity",4.82135621302587,10531.3774692571,10526.5561130441,10551.2021615891,10549.2388965921,-0.0276785710036416,NA,910,-0.0164842185626935,0.986773649074803,-2.76109523811394,2.29255320251264,21,"",36,37.9,1,97.6214933680725,97.6214933680725,"cell_0410"
411,"cell_0411",12,"sigma_time","strong_nonstationarity",27.415845504127,12050.9219328342,12023.50608733,12062.9207145392,12046.059359405,-0.0432173009149165,NA,901,-0.0232094984299971,0.986101379850613,-2.61381246604594,2.01165848356949,20,"",36.1,37.9,1,97.6214933680725,97.6214933680725,"cell_0411"
411,"cell_0411",6,"sigma_time","moderate_nonstationarity",9.1796084872567,11333.1799086976,11324.0003002104,11354.4800807714,11348.9074867717,-0.0342994247591643,NA,907,-0.0243574311234922,0.98519399638858,-3.04638176084047,2.20154833275979,22,"",36.1,37.9,1,97.6214933680725,97.6214933680725,"cell_0411"
411,"cell_0411",1,"stationary","stationary_selected",1.56535188233283,9230.0552666848,9228.48991480246,9244.15116923541,9247.84597101958,NA,NA,912,-0.0121224403344919,0.985744643527461,-2.95671100960151,2.36408171339234,21,"",36.1,37.9,1,97.6214933680725,97.6214933680725,"cell_0411"
411,"cell_0411",3,"sigma_time","weak_nonstationarity",3.95597327102223,10538.5157635228,10534.5597902518,10559.1588617236,10557.2073535875,-0.0264712562937627,NA,910,-0.0168180511326418,0.986581449025937,-2.79273749482267,2.36558500333934,23,"",36.1,37.9,1,97.6214933680725,97.6214933680725,"cell_0411"
412,"cell_0412",12,"sigma_time","strong_nonstationarity",26.1965574444421,12086.5180405437,12060.3214830992,12102.2030511635,12083.5580391775,-0.0455896717727686,NA,901,-0.0233045839374194,0.984994224274232,-2.65116857661095,1.97929122881583,19,"",36.2,37.9,1,97.6214933680725,97.6214933680725,"cell_0412"
412,"cell_0412",6,"sigma_time","moderate_nonstationarity",8.23211993690711,11372.0262155173,11363.7940955804,11395.603544439,11387.6660681835,-0.0356101617868208,NA,907,-0.0250939301397693,0.985617830978556,-3.0708761880511,2.18391823480295,23,"",36.2,37.9,1,97.6214933680725,97.6214933680725,"cell_0412"
412,"cell_0412",1,"stationary","stationary_selected",-1.00486048361745,9251.16245108151,9252.16731156513,9267.11356129069,9272.51985238143,NA,NA,912,-0.0122359476792611,0.986281232285861,-2.80515610362652,2.32377794595316,21,"",36.2,37.9,1,97.6214933680725,97.6214933680725,"cell_0412"
412,"cell_0412",3,"stationary","stationary_selected",1.08401272517222,10569.422046957,10568.3380342318,10590.8555557583,10590.2492624381,NA,NA,910,-0.0177855114445513,0.985372888155225,-2.78799490587135,2.48965073472498,21,"",36.2,37.9,1,97.6214933680725,97.6214933680725,"cell_0412"
413,"cell_0413",3,"stationary","stationary_selected",-1.0719982755254,10601.8793003403,10602.9512986158,10623.2454659356,10623.8300199514,NA,NA,910,-0.0174635447700049,0.984868653089782,-2.72048931018239,2.5191128993602,20,"",36.3,37.9,1,97.6214933680725,97.6214933680725,"cell_0413"
413,"cell_0413",1,"stationary","stationary_selected",-2.78932963113039,9276.78462407568,9279.57395370681,9294.22378238444,9300.698698914,NA,NA,912,-0.0128090998714091,0.986444943931027,-2.64167847559089,2.3459682781745,22,"",36.3,37.9,1,97.6214933680725,97.6214933680725,"cell_0413"
413,"cell_0413",12,"sigma_time","strong_nonstationarity",25.2193948374806,12119.8311862979,12094.6117914605,12138.1947422387,12117.8253179139,-0.0453223899026452,NA,901,-0.0235227413115081,0.984521704413526,-2.66595956474412,1.95061965077458,18,"",36.3,37.9,1,97.6214933680725,97.6214933680725,"cell_0413"
413,"cell_0413",6,"sigma_time","moderate_nonstationarity",7.39266186681743,11410.676954228,11403.2842923612,11434.9032388108,11425.4657103837,-0.0366270377421224,NA,907,-0.0256303561370574,0.986093808848128,-3.08835161153065,2.26576215908425,24,"",36.3,37.9,1,97.6214933680725,97.6214933680725,"cell_0413"
414,"cell_0414",12,"sigma_time","strong_nonstationarity",27.8116113812957,12108.6825368882,12080.8709255069,12126.7179742605,12104.2032000861,-0.046862643228115,NA,901,-0.0238982730610094,0.984214716525678,-2.65524715547571,1.95215240579164,18,"",36.4,37.9,0.664996429022521,97.6214933680725,64.9179444856139,"cell_0414"
414,"cell_0414",6,"sigma_time","moderate_nonstationarity",9.46227667539279,11396.3281071188,11386.8658304434,11420.6096206443,11408.8988422038,-0.0378074883612744,NA,907,-0.0253427159831956,0.986126498303933,-3.09856879793182,2.27111501166102,23,"",36.4,37.9,0.664996429022521,97.6214933680725,64.9179444856139,"cell_0414"
414,"cell_0414",1,"stationary","stationary_selected",-1.83497748052287,9239.28733499093,9241.12231247145,9256.68433514366,9262.27731717878,NA,NA,912,-0.012618865811415,0.986682870352416,-2.60006752184282,2.37943190450573,22,"",36.4,37.9,0.664996429022521,97.6214933680725,64.9179444856139,"cell_0414"
414,"cell_0414",3,"stationary","stationary_selected",1.1334641849844,10574.9363848244,10573.8029206394,10595.9623791111,10594.3998235899,NA,NA,910,-0.0171582236200524,0.984747337681723,-2.75111889476672,2.51945557416186,20,"",36.4,37.9,0.664996429022521,97.6214933680725,64.9179444856139,"cell_0414"
425,"cell_0425",6,"sigma_time","strong_nonstationarity",30.3358658287671,10272.3909292501,10242.0550634213,10289.8511112731,10264.3160182109,-0.0345290036623787,NA,907,-0.0291359605318616,0.990451014379213,-2.98389991249959,2.34549874122579,22,"",34.7,37.8,0.00556269375698274,97.7517641527557,0.543763128186584,"cell_0425"
425,"cell_0425",1,"sigma_time","weak_nonstationarity",2.74445152044791,8197.40663182209,8194.66218030164,8199.05470146006,8210.58729215228,-0.0258939246520393,NA,912,-0.0110168628080832,0.990207161316958,-3.02796848975725,2.40942572261414,20,"",34.7,37.8,0.00556269375698274,97.7517641527557,0.543763128186584,"cell_0425"
425,"cell_0425",3,"sigma_time","strong_nonstationarity",21.2063644745722,9474.39087389371,9453.18450941914,9485.30124630482,9471.2491658133,-0.0363106700655522,NA,910,-0.0208587439286531,0.988152087166414,-2.57480573268945,2.2036558783512,24,"",34.7,37.8,0.00556269375698274,97.7517641527557,0.543763128186584,"cell_0425"
425,"cell_0425",12,"sigma_time","strong_nonstationarity",36.0384674656034,11023.3283785203,10987.2899110547,11038.8074135776,11010.9538244707,-0.0440465786053882,NA,901,-0.0266510545218344,0.987121799727852,-2.93169411574781,2.37373097912189,21,"",34.7,37.8,0.00556269375698274,97.7517641527557,0.543763128186584,"cell_0425"
426,"cell_0426",6,"sigma_time","moderate_nonstationarity",6.27611707192045,10383.1764762007,10376.9003591288,10408.0806901629,10398.8038310878,-0.0285811688250598,NA,907,-0.0268737291916845,0.991449847604055,-2.90906488198706,2.36982050994717,24,"",34.8,37.8,0.32171608005488,97.7517641527557,31.4483143816738,"cell_0426"
426,"cell_0426",1,"stationary","stationary_selected",-5.69378973716812,8356.01879488457,8365.33083198343,8361.71258462174,8379.90172176665,NA,NA,912,-0.0156941251121305,0.992432804662825,-2.87959440622198,2.87275054892034,24,"",34.8,37.8,0.32171608005488,97.7517641527557,31.4483143816738,"cell_0426"
426,"cell_0426",3,"stationary","stationary_selected",-0.950454542033185,9614.29949334148,9615.24994788351,9628.97817921197,9631.47131667884,NA,NA,910,-0.0193176063047337,0.988570467189937,-2.79121724195085,2.22073045275531,24,"",34.8,37.8,0.32171608005488,97.7517641527557,31.4483143816738,"cell_0426"
426,"cell_0426",12,"sigma_time","strong_nonstationarity",10.9951070415846,11107.4298929484,11096.4347859068,11130.0906662046,11119.5866507221,-0.0395823615456413,NA,901,-0.0220504860989898,0.986042617184743,-2.85000861491564,2.45595155884347,21,"",34.8,37.8,0.32171608005488,97.7517641527557,31.4483143816738,"cell_0426"
427,"cell_0427",1,"stationary","stationary_selected",-10.426529512597,8554.26156843299,8570.34056491087,8564.68809794559,8585.80263492063,NA,NA,912,-0.0159406452349622,0.992181185941371,-2.67460473354202,2.95040677389663,25,"",34.9,37.8,0.987442848906067,97.7517641527557,96.5242804805911,"cell_0427"
427,"cell_0427",3,"stationary","stationary_selected",-14.5492947666626,9801.47823728749,9816.02753205416,9817.23074456585,9831.93345581268,NA,NA,910,-0.0181201725120534,0.988875343048552,-2.79753301982651,2.19737897203246,25,"",34.9,37.8,0.987442848906067,97.7517641527557,96.5242804805911,"cell_0427"
427,"cell_0427",6,"stationary","stationary_selected",-10.9479855283025,10539.5300771023,10550.4780626306,10563.6001224227,10570.9378244073,NA,NA,907,-0.0242615945254716,0.99041353304217,-2.79842493524496,2.42726998540305,23,"",34.9,37.8,0.987442848906067,97.7517641527557,96.5242804805911,"cell_0427"
427,"cell_0427",12,"stationary","stationary_selected",-6.38208770663914,11223.5124864095,11229.8945741161,11248.1549718128,11249.5205673368,NA,NA,901,-0.0195951931213323,0.986305846117591,-2.62367388142179,2.53536518513579,24,"",34.9,37.8,0.987442848906067,97.7517641527557,96.5242804805911,"cell_0427"
428,"cell_0428",12,"stationary","stationary_selected",-17.1269931090974,11355.6217499062,11372.7487430153,11377.7574995489,11389.8988470082,NA,NA,901,-0.0168406885922326,0.986846571018559,-2.58745620808233,2.53403138282935,25,"",35,37.8,1,97.7517641527557,97.7517641527557,"cell_0428"
428,"cell_0428",1,"stationary","stationary_selected",-14.4608577611361,8732.6785572973,8751.66108004589,8747.13941505844,8769.36928695927,NA,NA,912,-0.01568812596651,0.991167734898871,-2.61458743715807,2.8911207307465,24,"",35,37.8,1,97.7517641527557,97.7517641527557,"cell_0428"
428,"cell_0428",6,"stationary","stationary_selected",-19.2144809798356,10701.8639766494,10721.0784576292,10723.1177746148,10740.50034561,NA,NA,907,-0.0230209645912926,0.990861315214648,-2.83030954354138,2.38169037107351,25,"",35,37.8,1,97.7517641527557,97.7517641527557,"cell_0428"
428,"cell_0428",3,"stationary","stationary_selected",-15.8098263158081,9981.59034408944,10001.9250407413,9997.40017040524,10017.8376071972,NA,NA,910,-0.0175754646591269,0.988526746509418,-2.78416466319922,2.15344657104782,26,"",35,37.8,1,97.7517641527557,97.7517641527557,"cell_0428"
429,"cell_0429",6,"stationary","stationary_selected",-21.0326343086326,10873.4669858401,10894.7536359551,10894.4996201488,10914.616074732,NA,NA,907,-0.0235455934891013,0.990233462761509,-2.77709510798377,2.35193286614526,24,"",35.1,37.8,1,97.7517641527557,97.7517641527557,"cell_0429"
429,"cell_0429",1,"stationary","stationary_selected",-17.9623910237515,8905.52325161867,8924.80735765743,8923.48564264242,8945.25398036216,NA,NA,912,-0.0150009362136226,0.989311840450341,-2.80260153776008,2.70054257129668,22,"",35.1,37.8,1,97.7517641527557,97.7517641527557,"cell_0429"
429,"cell_0429",3,"stationary","stationary_selected",-15.652662415443,10157.3958287697,10178.9921956551,10173.0484911851,10195.289053642,NA,NA,910,-0.0179819748566456,0.987518248252463,-2.80060450994014,2.1611736761784,22,"",35.1,37.8,1,97.7517641527557,97.7517641527557,"cell_0429"
429,"cell_0429",12,"stationary","stationary_selected",-20.1774127505778,11519.7511346465,11539.9285473971,11543.2178946348,11560.6087800869,NA,NA,901,-0.0179936231815338,0.985460162291306,-2.61989710039485,2.47330658491503,24,"",35.1,37.8,1,97.7517641527557,97.7517641527557,"cell_0429"
430,"cell_0430",6,"stationary","stationary_selected",-21.1675162280262,11070.0891385946,11091.2566548226,11092.3707622359,11112.5777588219,NA,NA,907,-0.0247020321086997,0.989108747631534,-2.67362596335035,2.42891037478987,23,"",35.2,37.8,1,97.7517641527557,97.7517641527557,"cell_0430"
430,"cell_0430",1,"stationary","stationary_selected",-18.4540495883157,9101.73566024174,9120.18970983006,9122.24037789187,9142.31372469729,NA,NA,912,-0.0147383651627414,0.987820854755085,-2.92724760896299,2.48963643958418,22,"",35.2,37.8,1,97.7517641527557,97.7517641527557,"cell_0430"
430,"cell_0430",3,"stationary","stationary_selected",-16.5313155814511,10351.2672230446,10372.382981328,10367.7985386261,10390.1569189076,NA,NA,910,-0.0187745016262124,0.986598346312276,-2.84512522741285,2.20928743745429,17,"",35.2,37.8,1,97.7517641527557,97.7517641527557,"cell_0430"
430,"cell_0430",12,"stationary","stationary_selected",-19.5291946560355,11718.0050374581,11737.5342321141,11743.6289270598,11762.3367653574,NA,NA,901,-0.0212010028187771,0.982662541066923,-2.50588838004055,2.36204654413702,23,"",35.2,37.8,1,97.7517641527557,97.7517641527557,"cell_0430"
431,"cell_0431",1,"stationary","stationary_selected",-17.5403209704,9312.73689465015,9330.27721562055,9333.94470298866,9352.26773211577,NA,NA,912,-0.014967887996376,0.98681393566015,-2.86724457850652,2.40709665880438,21,"",35.3,37.8,1,97.7517641527557,97.7517641527557,"cell_0431"
431,"cell_0431",6,"stationary","stationary_selected",-20.3423028164652,11278.4082975055,11298.750600322,11301.6559968363,11321.0270587485,NA,NA,907,-0.0259848054058808,0.989177317852996,-2.60541519876382,2.49997421637303,22,"",35.3,37.8,1,97.7517641527557,97.7517641527557,"cell_0431"
431,"cell_0431",3,"stationary","stationary_selected",-18.0085933170285,10559.1918439828,10578.9877180353,10577.2004372999,10598.6529018358,NA,NA,910,-0.0178784208145477,0.986636603137017,-2.94567859393658,2.34319315969178,17,"",35.3,37.8,1,97.7517641527557,97.7517641527557,"cell_0431"
431,"cell_0431",12,"stationary","stationary_selected",-17.6415425446994,11931.7278645251,11949.3694070698,11957.6083516655,11975.0039074083,NA,NA,901,-0.0235044044715865,0.982088716627191,-2.57372742596873,2.30015840104085,18,"",35.3,37.8,1,97.7517641527557,97.7517641527557,"cell_0431"
432,"cell_0432",3,"stationary","stationary_selected",-14.9280825593487,10753.0044731993,10767.9325557587,10771.1283107433,10788.1490690176,NA,NA,910,-0.017034076269154,0.987119849173837,-2.96937107787828,2.3518423464244,18,"",35.4,37.8,1,97.7517641527557,97.7517641527557,"cell_0432"
432,"cell_0432",12,"stationary","stationary_selected",-6.18977738552894,12143.2417206895,12149.431498075,12166.4894558329,12175.2377632646,NA,NA,901,-0.026702374591104,0.982083842682635,-2.64647045294626,2.1690421789922,20,"",35.4,37.8,1,97.7517641527557,97.7517641527557,"cell_0432"
432,"cell_0432",1,"stationary","stationary_selected",-14.0661571486908,9511.56785145482,9525.63400860351,9531.55990129186,9546.89035625314,NA,NA,912,-0.0149590937889621,0.986549657409071,-2.66631324799366,2.392021057257,22,"",35.4,37.8,1,97.7517641527557,97.7517641527557,"cell_0432"
432,"cell_0432",6,"stationary","stationary_selected",-14.0654148680333,11475.4131809224,11489.4785957904,11499.4948963091,11512.4885026859,NA,NA,907,-0.0263249703074763,0.988943107333074,-2.70941116262687,2.50944645820155,21,"",35.4,37.8,1,97.7517641527557,97.7517641527557,"cell_0432"
433,"cell_0433",1,"stationary","stationary_selected",-10.9127756451235,9684.65461925347,9695.56739489859,9703.07907890503,9715.89186557448,NA,NA,912,-0.0147402251229906,0.985809651795256,-2.7325578029223,2.29175588349401,22,"",35.5,37.8,1,97.7517641527557,97.7517641527557,"cell_0433"
433,"cell_0433",6,"stationary","stationary_selected",-8.80746775301122,11657.2881541891,11666.0956219421,11681.5207388267,11689.3819256492,NA,NA,907,-0.0246086526157861,0.987938369673276,-2.82882215915356,2.4034053931945,22,"",35.5,37.8,1,97.7517641527557,97.7517641527557,"cell_0433"
433,"cell_0433",3,"stationary","stationary_selected",-11.1549311569906,10924.9400168379,10936.0949479949,10942.8726223243,10956.2531254415,NA,NA,910,-0.016363878833972,0.987079760270377,-2.84196331091018,2.21841896355728,23,"",35.5,37.8,1,97.7517641527557,97.7517641527557,"cell_0433"
433,"cell_0433",12,"sigma_time","weak_nonstationarity",3.10250675623683,12335.593158633,12332.4906518767,12354.8103501197,12356.5412708007,-0.0349074248973921,NA,901,-0.0262390439382692,0.9833550227023,-2.60480263709623,2.16347928332314,21,"",35.5,37.8,1,97.7517641527557,97.7517641527557,"cell_0433"
434,"cell_0434",6,"stationary","stationary_selected",-5.62471435825501,11841.9887617488,11847.6134761071,11866.3298164105,11871.6906192884,NA,NA,907,-0.0225397130235354,0.986928578432438,-2.86319643276861,2.23351714176366,23,"",35.6,37.8,1,97.7517641527557,97.7517641527557,"cell_0434"
434,"cell_0434",3,"stationary","stationary_selected",-9.06959891975566,11092.0914500353,11101.161048955,11110.0499994495,11121.3278312296,NA,NA,910,-0.0156461313339663,0.986624532242704,-2.79876076832465,2.22128623570001,23,"",35.6,37.8,1,97.7517641527557,97.7517641527557,"cell_0434"
434,"cell_0434",12,"sigma_time","moderate_nonstationarity",8.67031948561998,12532.0174179049,12523.3470984193,12548.0704367703,12545.764411666,-0.035706487490732,NA,901,-0.0263216200669698,0.984461253296455,-2.58689626903189,2.19861812557027,22,"",35.6,37.8,1,97.7517641527557,97.7517641527557,"cell_0434"
434,"cell_0434",1,"stationary","stationary_selected",-8.53315538750758,9842.59122642447,9851.12438181197,9859.67799033834,9870.87506376402,NA,NA,912,-0.0145631726668603,0.985035730871504,-2.74919971184475,2.09318357913898,22,"",35.6,37.8,1,97.7517641527557,97.7517641527557,"cell_0434"
435,"cell_0435",6,"stationary","stationary_selected",-3.3922655364513,11909.7775971358,11913.1698626723,11933.7032046104,11937.6807151615,NA,NA,907,-0.0217702337061755,0.986445100263756,-2.89947643000324,2.15174165563929,20,"",35.7,37.8,1,97.7517641527557,97.7517641527557,"cell_0435"
435,"cell_0435",3,"stationary","stationary_selected",-7.71263623062623,11146.8996633974,11154.612299628,11165.4117568967,11175.3135055774,NA,NA,910,-0.0155356023296865,0.986411968570837,-2.8322376761798,2.19642058214352,23,"",35.7,37.8,1,97.7517641527557,97.7517641527557,"cell_0435"
435,"cell_0435",12,"sigma_time","strong_nonstationarity",12.808816594712,12609.8425773219,12597.0337607272,12624.3024731673,12618.6802310121,-0.0365751836392076,NA,901,-0.026067696904041,0.98504236985606,-2.55555001791541,2.17206115499923,23,"",35.7,37.8,1,97.7517641527557,97.7517641527557,"cell_0435"
435,"cell_0435",1,"stationary","stationary_selected",-7.10818318754355,9886.46510136599,9893.57328455353,9902.80333886052,9913.05404143844,NA,NA,912,-0.0146340419459643,0.984918842684018,-2.75295267087246,2.08659192048595,21,"",35.7,37.8,1,97.7517641527557,97.7517641527557,"cell_0435"
436,"cell_0436",3,"stationary","stationary_selected",-4.14825631428357,11004.9160945863,11009.0643509005,11024.1233814954,11030.8323559697,NA,NA,910,-0.0157001642549657,0.986773344429882,-2.82552203989606,2.21140423060933,24,"",35.8,37.8,1,97.7517641527557,97.7517641527557,"cell_0436"
436,"cell_0436",12,"sigma_time","strong_nonstationarity",20.0864228667597,12485.9160619314,12465.8296390647,12498.2391396554,12487.2985600406,-0.0388879574031209,NA,901,-0.0256346429074882,0.985587564343467,-2.57681251020451,2.11370342128129,22,"",35.8,37.8,1,97.7517641527557,97.7517641527557,"cell_0436"
436,"cell_0436",1,"stationary","stationary_selected",-4.77979607434827,9734.21968342483,9738.99947949917,9749.54030480106,9757.76796313521,NA,NA,912,-0.0140240001635196,0.985219686126607,-2.87500872438946,2.22082832459465,21,"",35.8,37.8,1,97.7517641527557,97.7517641527557,"cell_0436"
436,"cell_0436",6,"stationary","stationary_selected",1.10032914645308,11774.8276009358,11773.7272717894,11797.29289009,11798.5782575441,NA,NA,907,-0.0233092569021087,0.986502135684229,-2.89872108848947,2.14215432361775,24,"",35.8,37.8,1,97.7517641527557,97.7517641527557,"cell_0436"
437,"cell_0437",1,"stationary","stationary_selected",-2.50391978639709,9565.13246458045,9567.63638436685,9579.40950121179,9585.82570843751,NA,NA,912,-0.0138976529351869,0.985194105845365,-2.94073238436909,2.37099907856394,22,"",35.9,37.8,1,97.7517641527557,97.7517641527557,"cell_0437"
437,"cell_0437",12,"sigma_time","strong_nonstationarity",26.1497360366684,12345.8009721827,12319.651236146,12356.6835450376,12341.0705587766,-0.0409453681389872,NA,901,-0.0250251794393484,0.986282845641093,-2.58520399758071,2.11592265825879,22,"",35.9,37.8,1,97.7517641527557,97.7517641527557,"cell_0437"
437,"cell_0437",6,"sigma_time","moderate_nonstationarity",4.98573233569368,11627.9243716575,11622.9386393218,11647.798834017,11647.7308738525,-0.0340291902365085,NA,907,-0.0223436184713406,0.985839807688883,-2.96832447148467,2.17939354546881,24,"",35.9,37.8,1,97.7517641527557,97.7517641527557,"cell_0437"
437,"cell_0437",3,"stationary","stationary_selected",-0.573472200334436,10848.5338750494,10849.1073472498,10868.3581039035,10871.897609503,NA,NA,910,-0.0159588893972743,0.987194755080475,-2.81183541294176,2.20322481199351,25,"",35.9,37.8,1,97.7517641527557,97.7517641527557,"cell_0437"
438,"cell_0438",6,"sigma_time","moderate_nonstationarity",5.47047088613726,11506.0294300118,11500.5589591257,11524.1671916746,11525.1501787985,-0.0330169330070869,NA,907,-0.0227646108753916,0.985268006080287,-3.00348141405449,2.18699041870568,23,"",36,37.8,0.999930523028849,97.7517641527557,97.7449726562577,"cell_0438"
438,"cell_0438",3,"stationary","stationary_selected",-0.0256849491579487,10707.2105549481,10707.2362398973,10727.4610166529,10730.584034097,NA,NA,910,-0.0164814123876427,0.987115077636307,-2.89341926006319,2.37742021320215,22,"",36,37.8,0.999930523028849,97.7517641527557,97.7449726562577,"cell_0438"
438,"cell_0438",1,"stationary","stationary_selected",-2.81775539107548,9404.65948601892,9407.47724141,9417.66615126994,9425.20783784987,NA,NA,912,-0.0139135047099318,0.98533624926296,-3.04313714231958,2.42197827983716,20,"",36,37.8,0.999930523028849,97.7517641527557,97.7449726562577,"cell_0438"
438,"cell_0438",12,"sigma_time","strong_nonstationarity",26.4786423914702,12230.1884489166,12203.7098065251,12241.2539994784,12225.3392630599,-0.0413381848137881,NA,901,-0.024423263822478,0.986567963642992,-2.60593149858351,2.0912319109883,20,"",36,37.8,0.999930523028849,97.7517641527557,97.7449726562577,"cell_0438"
439,"cell_0439",6,"sigma_time","moderate_nonstationarity",4.40051938157376,11497.8450862844,11493.4445669029,11519.0636273928,11518.5041025467,-0.0334358307602363,NA,907,-0.0235880466473878,0.985612558361236,-3.04141371994221,2.12840299455487,23,"",36.1,37.8,1,97.7517641527557,97.7517641527557,"cell_0439"
439,"cell_0439",3,"stationary","stationary_selected",-2.20110634999401,10687.8297519696,10690.0308583196,10709.4702163486,10713.6596594134,NA,NA,910,-0.0166711666376776,0.986234844235759,-2.76586776382487,2.49874026485953,22,"",36.1,37.8,1,97.7517641527557,97.7517641527557,"cell_0439"
439,"cell_0439",12,"sigma_time","strong_nonstationarity",24.7186014840427,12222.0156186683,12197.2970171842,12236.7198080381,12219.7723906983,-0.041921038497479,NA,901,-0.0245605760009552,0.985556855928237,-2.65090468543051,2.00518118749189,19,"",36.1,37.8,1,97.7517641527557,97.7517641527557,"cell_0439"
439,"cell_0439",1,"stationary","stationary_selected",-4.59183021354329,9371.70235431086,9376.2941845244,9385.28284606664,9394.08649178046,NA,NA,912,-0.0135591153596115,0.98582017214671,-2.93252679489216,2.3147675361827,21,"",36.1,37.8,1,97.7517641527557,97.7517641527557,"cell_0439"
440,"cell_0440",3,"stationary","stationary_selected",-3.43576172054782,10718.4728366149,10721.9085983354,10740.7441305556,10745.0580530037,NA,NA,910,-0.0167883474204371,0.98539678229025,-2.74203794991561,2.55337257862215,22,"",36.2,37.8,0.895782066602795,97.7517641527557,87.5642773068246,"cell_0440"
440,"cell_0440",12,"sigma_time","strong_nonstationarity",24.4804254120572,12256.3647259159,12231.8843005038,12273.9158321746,12254.4868657976,-0.043822470897939,NA,901,-0.0248387026370239,0.984804123373417,-2.67281298107218,1.981770318449,21,"",36.2,37.8,0.895782066602795,97.7517641527557,87.5642773068246,"cell_0440"
440,"cell_0440",6,"sigma_time","moderate_nonstationarity",4.46381660885891,11534.0282264471,11529.5644098383,11557.3338847076,11553.8452895572,-0.0353700385343492,NA,907,-0.0243905225920806,0.986081610575148,-3.06730046160224,2.22760478800137,25,"",36.2,37.8,0.895782066602795,97.7517641527557,87.5642773068246,"cell_0440"
440,"cell_0440",1,"stationary","stationary_selected",-5.16367489203367,9394.54457663834,9399.70825153037,9409.01310822267,9418.04614643344,NA,NA,912,-0.0135280868064597,0.986301406917791,-2.78646978234586,2.3768375618774,22,"",36.2,37.8,0.895782066602795,97.7517641527557,87.5642773068246,"cell_0440"
441,"cell_0441",1,"stationary","stationary_selected",-4.96184215693393,9416.71757581933,9421.67941797627,9431.88981963171,9440.40104438488,NA,NA,912,-0.0136075406721503,0.986608997004387,-2.64691445480816,2.45811086373484,22,"",36.3,37.8,0.281392780928752,97.7517641527557,27.5066407556354,"cell_0441"
441,"cell_0441",12,"sigma_time","strong_nonstationarity",24.5639718583807,12285.8641013505,12261.3001294921,12305.1856320677,12283.6255280393,-0.0443991866312789,NA,901,-0.0251031596273009,0.984605579236637,-2.67774380139425,1.95894845633812,19,"",36.3,37.8,0.281392780928752,97.7517641527557,27.5066407556354,"cell_0441"
441,"cell_0441",3,"stationary","stationary_selected",-3.93350942249344,10746.6934268981,10750.6269363206,10768.7898411298,10772.8998836828,NA,NA,910,-0.0167695641340028,0.984950489508252,-2.71471230678571,2.57740679220108,18,"",36.3,37.8,0.281392780928752,97.7517641527557,27.5066407556354,"cell_0441"
441,"cell_0441",6,"sigma_time","moderate_nonstationarity",4.71857104096307,11566.9581043449,11562.239533304,11590.6835966159,11584.9315964544,-0.035348135995332,NA,907,-0.0249037393577494,0.986614818786463,-3.0763556844965,2.3161593720015,25,"",36.3,37.8,0.281392780928752,97.7517641527557,27.5066407556354,"cell_0441"
442,"cell_0442",12,"sigma_time","strong_nonstationarity",26.3573879554242,12269.5030512767,12243.1456633213,12288.9296641366,12265.5507517531,-0.0446635367322555,NA,901,-0.0257199691348813,0.984501238783234,-2.66445754171517,1.93270080034633,18,"",36.4,37.8,0.0971233977210477,97.7517641527557,9.49398346774215,"cell_0442"
442,"cell_0442",6,"sigma_time","moderate_nonstationarity",6.09364112955154,11548.3519640833,11542.2583229537,11572.1223016361,11564.6857284914,-0.0368814633009961,NA,907,-0.0247845132883657,0.986626565704688,-3.08283472768436,2.33369953653698,24,"",36.4,37.8,0.0971233977210477,97.7517641527557,9.49398346774215,"cell_0442"
442,"cell_0442",1,"stationary","stationary_selected",-4.21263432784872,9375.21473335697,9379.42736768482,9390.21679220101,9397.94872733809,NA,NA,912,-0.0134971110540549,0.986945053549145,-2.59275928923405,2.50796803201629,22,"",36.4,37.8,0.0971233977210477,97.7517641527557,9.49398346774215,"cell_0442"
442,"cell_0442",3,"stationary","stationary_selected",-2.33119444885415,10716.8630386091,10719.194233058,10738.4772628798,10740.9945623424,NA,NA,910,-0.0164517277965456,0.984898276948234,-2.71082908033504,2.593203119802,18,"",36.4,37.8,0.0971233977210477,97.7517641527557,9.49398346774215,"cell_0442"
451,"cell_0451",12,"sigma_time","strong_nonstationarity",39.0224392189357,11021.342094548,10982.3196553291,11042.2953764353,11000.8340636156,-0.0493373881613949,NA,901,-0.0233567111879405,0.988110795814686,-3.03932674459932,2.40066406997268,21,"",34.5,37.7,0.00856695010473982,97.8817332265778,0.838547924717546,"cell_0451"
451,"cell_0451",6,"sigma_time","strong_nonstationarity",22.4412094379459,10260.538610107,10238.097400669,10283.7718790891,10256.4600071487,-0.0363239110439719,NA,907,-0.0262647450834102,0.991361789758572,-3.0002337161471,2.40009815644717,22,"",34.5,37.7,0.00856695010473982,97.8817332265778,0.838547924717546,"cell_0451"
451,"cell_0451",3,"sigma_time","strong_nonstationarity",13.6533143927845,9475.63483531369,9461.9815209209,9492.38503433132,9482.07973786642,-0.0371239412265764,NA,910,-0.0197342520620691,0.988112277938492,-2.57393734108805,2.25966466794005,22,"",34.5,37.7,0.00856695010473982,97.8817332265778,0.838547924717546,"cell_0451"
451,"cell_0451",1,"stationary","stationary_selected",1.29056302357458,8218.60399794686,8217.31343492329,8225.94319751785,8236.25355691434,NA,NA,912,-0.0183214310358683,0.987055225955047,-3.17954247663924,2.24514329648986,20,"",34.5,37.7,0.00856695010473982,97.8817332265778,0.838547924717546,"cell_0451"
452,"cell_0452",12,"sigma_time","strong_nonstationarity",26.1511336880085,11111.3243309405,11085.1731972525,11131.9988529866,11106.5972669855,-0.0415355455024388,NA,901,-0.023689956607187,0.989056779963384,-3.01049392829179,2.43740319876462,22,"",34.6,37.7,0.217052650659161,97.8817332265778,21.2454896479416,"cell_0452"
452,"cell_0452",6,"sigma_time","strong_nonstationarity",16.3958503345875,10361.4227318586,10345.026881524,10384.538444742,10362.7597928757,-0.0323758091499914,NA,907,-0.0268384884722453,0.992816827630417,-2.94969067264998,2.42050619957851,21,"",34.6,37.7,0.217052650659161,97.8817332265778,21.2454896479416,"cell_0452"
452,"cell_0452",3,"sigma_time","moderate_nonstationarity",8.51810849862159,9587.03835401181,9578.52024551319,9604.74665045821,9599.32499809277,-0.032585342717029,NA,910,-0.020057393586154,0.988143921154494,-2.61214704791473,2.23789679991684,25,"",34.6,37.7,0.217052650659161,97.8817332265778,21.2454896479416,"cell_0452"
452,"cell_0452",1,"stationary","stationary_selected",0.478495575667694,8332.80947173041,8332.33097615474,8338.74297887255,8351.44548187314,NA,NA,912,-0.0186228949717558,0.987304149519001,-3.16822053604505,2.16531651079669,21,"",34.6,37.7,0.217052650659161,97.8817332265778,21.2454896479416,"cell_0452"
453,"cell_0453",3,"sigma_time","moderate_nonstationarity",9.36548697085891,9729.60723307357,9720.24174610271,9746.17874303342,9741.2976871497,-0.0302533552226383,NA,910,-0.019669190631285,0.989013576944595,-2.58772168569411,2.27938785391242,21,"",34.7,37.7,0.653827599273149,97.8817332265778,63.9977786482282,"cell_0453"
453,"cell_0453",12,"sigma_time","strong_nonstationarity",19.1370614857005,11265.3064699253,11246.1694084396,11281.5649828676,11270.127314425,-0.0354346388569315,NA,901,-0.0260545049759009,0.989889884506058,-2.86007811789844,2.41540044488275,26,"",34.7,37.7,0.653827599273149,97.8817332265778,63.9977786482282,"cell_0453"
453,"cell_0453",1,"stationary","stationary_selected",1.05450657125039,8461.91088572262,8460.85637915137,8467.73200255714,8479.40325720856,NA,NA,912,-0.0176425181430297,0.988614067597441,-3.12353315824443,2.23843662158341,25,"",34.7,37.7,0.653827599273149,97.8817332265778,63.9977786482282,"cell_0453"
453,"cell_0453",6,"sigma_time","strong_nonstationarity",16.5000544045452,10512.9048257681,10496.4047713635,10533.5556795705,10516.9076039582,-0.0310372061488801,NA,907,-0.027382454380966,0.993588531803471,-2.85023078830657,2.43369180595344,22,"",34.7,37.7,0.653827599273149,97.8817332265778,63.9977786482282,"cell_0453"
454,"cell_0454",3,"sigma_time","strong_nonstationarity",12.2345731551977,9924.03173056662,9911.79715741142,9936.04994328715,9932.61534158817,-0.0310941228660991,NA,910,-0.0181254137925292,0.990371687002254,-2.65514254150408,2.30242145705206,25,"",34.8,37.7,1,97.8817332265778,97.8817332265778,"cell_0454"
454,"cell_0454",1,"stationary","stationary_selected",1.34371812506288,8625.92114767361,8624.57742954855,8630.63808068534,8641.64903660767,NA,NA,912,-0.0157633462781122,0.990540495540329,-2.99883187724321,2.70643527506691,24,"",34.8,37.7,1,97.8817332265778,97.8817332265778,"cell_0454"
454,"cell_0454",6,"sigma_time","strong_nonstationarity",16.2991387199763,10722.665335982,10706.366197262,10736.5332312101,10730.7868636021,-0.0296984244648092,NA,907,-0.0285784891088222,0.994381124065721,-2.74583841552072,2.4126106989111,25,"",34.8,37.7,1,97.8817332265778,97.8817332265778,"cell_0454"
454,"cell_0454",12,"sigma_time","strong_nonstationarity",15.8968643583994,11480.994736225,11465.0978718666,11487.0473935024,11486.5580818256,-0.0308108721964512,NA,901,-0.0294735894394728,0.991430936343016,-2.61487238346698,2.39268352849028,32,"",34.8,37.7,1,97.8817332265778,97.8817332265778,"cell_0454"
455,"cell_0455",6,"stationary","stationary_selected",-2.04780479500732,10822.6180818584,10824.6658866534,10846.3840648215,10847.3597613671,NA,NA,907,-0.0272290226328315,0.992171429739485,-2.72533169116885,2.40372222005729,24,"",34.9,37.7,1,97.8817332265778,97.8817332265778,"cell_0455"
455,"cell_0455",12,"stationary","stationary_selected",0.845032833416553,11554.3480227664,11553.502989933,11574.8787514788,11578.8219945944,NA,NA,901,-0.0270516377785446,0.987854371549644,-2.54973958360632,2.43622621360572,29,"",34.9,37.7,1,97.8817332265778,97.8817332265778,"cell_0455"
455,"cell_0455",1,"stationary","stationary_selected",-10.6456332383896,8772.34145677732,8782.98709001571,8785.28791728154,8801.57247283075,NA,NA,912,-0.0153665977642249,0.990334663812968,-2.72049176220458,2.84965742485326,23,"",34.9,37.7,1,97.8817332265778,97.8817332265778,"cell_0455"
455,"cell_0455",3,"stationary","stationary_selected",-6.5747663454822,10050.2480794656,10056.8228458111,10067.1736107305,10075.8972608237,NA,NA,910,-0.0182591612052224,0.98891737630855,-2.84390401037105,2.22443173392662,22,"",34.9,37.7,1,97.8817332265778,97.8817332265778,"cell_0455"
456,"cell_0456",6,"stationary","stationary_selected",-14.9830994312142,10948.5065767599,10963.4896761911,10971.4787853823,10984.1594666028,NA,NA,907,-0.0247508967494484,0.991194643192208,-2.81187203256394,2.37305082648562,27,"",35,37.7,1,97.8817332265778,97.8817332265778,"cell_0456"
456,"cell_0456",12,"stationary","stationary_selected",-11.9901576980337,11651.3919452502,11663.3821029483,11676.5561982811,11688.5009091101,NA,NA,901,-0.0233121234171567,0.984125518962725,-2.39532459737005,2.40944621310687,21,"",35,37.7,1,97.8817332265778,97.8817332265778,"cell_0456"
456,"cell_0456",1,"stationary","stationary_selected",-16.9127473204062,8914.77049894982,8931.89382169034,8931.68324627023,8951.71480822994,NA,NA,912,-0.0151413860059612,0.990036660386452,-2.60765679232517,2.86947031881767,26,"",35,37.7,1,97.8817332265778,97.8817332265778,"cell_0456"
456,"cell_0456",3,"stationary","stationary_selected",-16.9652237072823,10192.2912153474,10209.3258839001,10209.2564390547,10226.9489502797,NA,NA,910,-0.0176152550273807,0.98837852862685,-2.77864077990328,2.22307348054075,22,"",35,37.7,1,97.8817332265778,97.8817332265778,"cell_0456"
457,"cell_0457",12,"stationary","stationary_selected",-18.6881225732268,11754.3442609008,11773.032383474,11779.8991182806,11798.4656044358,NA,NA,901,-0.0236729986633613,0.981544592832347,-2.45984469378746,2.33652264314226,20,"",35.1,37.7,1,97.8817332265778,97.8817332265778,"cell_0457"
457,"cell_0457",1,"stationary","stationary_selected",-19.4148472047273,9043.33388671937,9062.8276532542,9062.7487339241,9084.12967820372,NA,NA,912,-0.0148042000618734,0.989246044828152,-2.80188866274528,2.81018225466686,23,"",35.1,37.7,1,97.8817332265778,97.8817332265778,"cell_0457"
457,"cell_0457",3,"stationary","stationary_selected",-15.8385320615707,10309.7945010021,10330.5219682613,10325.6330330637,10347.0521505876,NA,NA,910,-0.0179163590124197,0.988116313054766,-2.79272166003373,2.2187139610805,22,"",35.1,37.7,1,97.8817332265778,97.8817332265778,"cell_0457"
457,"cell_0457",6,"stationary","stationary_selected",-20.1307235659006,11065.24218845,11085.3729120159,11087.3462191921,11106.0549441555,NA,NA,907,-0.0241354330897283,0.990021405397432,-2.77850474574016,2.37040374932353,27,"",35.1,37.7,1,97.8817332265778,97.8817332265778,"cell_0457"
458,"cell_0458",1,"stationary","stationary_selected",-20.0137843675002,9201.06212241696,9221.80946304455,9221.07590678446,9243.07866634367,NA,NA,912,-0.0151172765428931,0.988267684698399,-2.82353746803352,2.71918155290393,24,"",35.2,37.7,1,97.8817332265778,97.8817332265778,"cell_0458"
458,"cell_0458",3,"stationary","stationary_selected",-15.7827532179508,10453.7208001401,10475.4967004865,10469.5035533581,10492.3052037288,NA,NA,910,-0.0179004585277936,0.987424915976123,-2.85290313558818,2.20546288097359,22,"",35.2,37.7,1,97.8817332265778,97.8817332265778,"cell_0458"
458,"cell_0458",12,"stationary","stationary_selected",-20.4352929108809,11885.4476374135,11905.8829303244,11911.0307762357,11931.7574585751,NA,NA,901,-0.0247811344771896,0.980148960525915,-2.4233015697927,2.24847015605419,16,"",35.2,37.7,1,97.8817332265778,97.8817332265778,"cell_0458"
458,"cell_0458",6,"stationary","stationary_selected",-21.752364252523,11207.6891755171,11229.4415397696,11229.5779920653,11250.7480149406,NA,NA,907,-0.0248312767310299,0.989119638753907,-2.69837308038722,2.43734000069412,26,"",35.2,37.7,1,97.8817332265778,97.8817332265778,"cell_0458"
459,"cell_0459",6,"stationary","stationary_selected",-19.8705828353886,11370.6683164057,11390.5388992411,11393.4632170483,11413.6725160658,NA,NA,907,-0.0266997388057922,0.988441755557483,-2.57824093535382,2.45417196530398,22,"",35.3,37.7,1,97.8817332265778,97.8817332265778,"cell_0459"
459,"cell_0459",12,"stationary","stationary_selected",-16.6165612041696,12042.2693494003,12058.8859106045,12066.3168940034,12085.0108402396,NA,NA,901,-0.0265193347918603,0.980324549712503,-2.48765306344731,2.14787944378099,19,"",35.3,37.7,1,97.8817332265778,97.8817332265778,"cell_0459"
459,"cell_0459",1,"stationary","stationary_selected",-19.7431627258211,9370.83265103359,9391.57967324834,9390.57581375941,9412.40296099647,NA,NA,912,-0.0149659016385995,0.987732143551218,-2.71505012635953,2.60940694433559,22,"",35.3,37.7,1,97.8817332265778,97.8817332265778,"cell_0459"
459,"cell_0459",3,"stationary","stationary_selected",-16.7785544931648,10618.0046382216,10638.2490941172,10634.7831927148,10656.3550765224,NA,NA,910,-0.0167967882850536,0.986791912692993,-2.94947539402284,2.26564609543454,20,"",35.3,37.7,1,97.8817332265778,97.8817332265778,"cell_0459"
460,"cell_0460",1,"stationary","stationary_selected",-18.2098574601405,9548.11058099229,9566.32043845243,9566.86707852096,9586.33533786977,NA,NA,912,-0.014595544528815,0.98754912792729,-2.68321798107828,2.50303021253065,20,"",35.4,37.7,1,97.8817332265778,97.8817332265778,"cell_0460"
460,"cell_0460",6,"stationary","stationary_selected",-14.0078311858433,11545.6590172962,11559.6668484821,11568.5523580076,11583.7472863238,NA,NA,907,-0.0277212317452164,0.988666809797364,-2.55955665874928,2.41407359554136,25,"",35.4,37.7,1,97.8817332265778,97.8817332265778,"cell_0460"
460,"cell_0460",3,"stationary","stationary_selected",-16.1383605501651,10796.6663505913,10812.8047111415,10814.2676659183,10832.2753359742,NA,NA,910,-0.0157557362932841,0.986775612948429,-3.0205551385231,2.22089592950866,18,"",35.4,37.7,1,97.8817332265778,97.8817332265778,"cell_0460"
460,"cell_0460",12,"stationary","stationary_selected",-5.6486978570083,12219.5897218952,12225.2384197523,12237.8105566386,12249.6632378173,NA,NA,901,-0.0292045331774411,0.982739277802095,-2.66829349716363,2.15061239613504,22,"",35.4,37.7,1,97.8817332265778,97.8817332265778,"cell_0460"
461,"cell_0461",1,"stationary","stationary_selected",-14.9021388806505,9711.899011975,9726.80115085565,9729.97399345077,9746.42640370025,NA,NA,912,-0.0144255008911158,0.986578045769271,-2.78498081708691,2.33606495697154,21,"",35.5,37.7,1,97.8817332265778,97.8817332265778,"cell_0461"
461,"cell_0461",3,"stationary","stationary_selected",-13.1150509176623,10963.4154212428,10976.5304721604,10981.7684546392,10996.9113167979,NA,NA,910,-0.0149130000575878,0.986652843483585,-2.97050536607506,2.18886384028554,19,"",35.5,37.7,1,97.8817332265778,97.8817332265778,"cell_0461"
461,"cell_0461",6,"stationary","stationary_selected",-9.13055302134126,11713.7481628308,11722.8787158521,11736.8925140404,11747.4595524851,NA,NA,907,-0.0259609691879102,0.987781156838195,-2.66264617189888,2.26997569172384,24,"",35.5,37.7,1,97.8817332265778,97.8817332265778,"cell_0461"
461,"cell_0461",12,"sigma_time","weak_nonstationarity",3.43439148866855,12386.644007401,12383.2096159123,12401.2639377987,12406.1046817574,-0.0326762410258082,NA,901,-0.0266462351991341,0.983934981038152,-2.58210803231711,2.18504629374127,21,"",35.5,37.7,1,97.8817332265778,97.8817332265778,"cell_0461"
462,"cell_0462",3,"stationary","stationary_selected",-11.3995662739399,11126.6681260935,11138.0676923675,11145.6666591028,11159.2095156931,NA,NA,910,-0.0148931512618976,0.986079329458179,-2.81845059441244,2.15537031595319,23,"",35.6,37.7,1,97.8817332265778,97.8817332265778,"cell_0462"
462,"cell_0462",12,"sigma_time","moderate_nonstationarity",8.498110411585,12561.968591515,12553.4704811034,12575.3298996426,12575.6344129309,-0.0331954023649941,NA,901,-0.0265190759020949,0.985550287249742,-2.64394057707244,2.19136562191778,21,"",35.6,37.7,1,97.8817332265778,97.8817332265778,"cell_0462"
462,"cell_0462",1,"stationary","stationary_selected",-12.6147602722212,9865.92026301192,9878.53502328414,9883.89592587139,9898.45677508767,NA,NA,912,-0.0147861009592892,0.985475655632627,-2.79020701587201,2.15923128634964,21,"",35.6,37.7,1,97.8817332265778,97.8817332265778,"cell_0462"
462,"cell_0462",6,"stationary","stationary_selected",-6.27167518469469,11888.1645428443,11894.436218029,11911.4847953027,11919.3219486285,NA,NA,907,-0.0241091873697972,0.986793961053446,-2.72684701572617,2.14645358822136,24,"",35.6,37.7,1,97.8817332265778,97.8817332265778,"cell_0462"
463,"cell_0463",6,"stationary","stationary_selected",-3.47985733305904,11925.2980299664,11928.7778872994,11947.9974309719,11953.5986719865,NA,NA,907,-0.023686090049541,0.98675812340242,-2.73494577684639,2.17736260737839,24,"",35.7,37.7,1,97.8817332265778,97.8817332265778,"cell_0463"
463,"cell_0463",1,"stationary","stationary_selected",-10.9027180817102,9891.91839935703,9902.82111743874,9909.38540781317,9922.34237412527,NA,NA,912,-0.0146193434146333,0.985447752221348,-2.83464889886247,2.13715908207944,22,"",35.7,37.7,1,97.8817332265778,97.8817332265778,"cell_0463"
463,"cell_0463",12,"sigma_time","strong_nonstationarity",14.2094273770836,12599.6182472304,12585.4088198533,12611.8767541827,12607.1697216487,-0.0346587354996669,NA,901,-0.0263086589648769,0.986433156130867,-2.67043422553658,2.14452678796575,20,"",35.7,37.7,1,97.8817332265778,97.8817332265778,"cell_0463"
463,"cell_0463",3,"stationary","stationary_selected",-9.55309336713071,11160.3290902991,11169.8821836663,11180.1534544933,11192.0545802105,NA,NA,910,-0.0152391031869679,0.985976064056673,-2.77819997330082,2.14486343501438,22,"",35.7,37.7,1,97.8817332265778,97.8817332265778,"cell_0463"
464,"cell_0464",6,"stationary","stationary_selected",-0.0667221081384923,11817.3599564075,11817.4266785156,11838.3632350644,11842.0610299734,NA,NA,907,-0.0241062730593337,0.987512570837331,-2.76509262280166,2.19406161778539,24,"",35.8,37.7,1,97.8817332265778,97.8817332265778,"cell_0464"
464,"cell_0464",12,"sigma_time","strong_nonstationarity",20.969504534627,12499.9997214896,12479.0302169549,12509.492706103,12499.8609365347,-0.0360569439956085,NA,901,-0.0263149409392296,0.987048013899945,-2.70942056859747,2.11003304890212,22,"",35.8,37.7,1,97.8817332265778,97.8817332265778,"cell_0464"
464,"cell_0464",1,"stationary","stationary_selected",-9.59454083206401,9773.24730083265,9782.84184166471,9789.73812464097,9801.3042376659,NA,NA,912,-0.0139831512604766,0.986032822200355,-2.86403169089295,2.20794794896325,21,"",35.8,37.7,1,97.8817332265778,97.8817332265778,"cell_0464"
464,"cell_0464",3,"stationary","stationary_selected",-7.27856430601059,11050.0169682637,11057.2955325697,11070.5136598688,11080.4930531021,NA,NA,910,-0.0152292575444554,0.986462228870702,-2.82285012762987,2.1618887978723,25,"",35.8,37.7,1,97.8817332265778,97.8817332265778,"cell_0464"
465,"cell_0465",12,"sigma_time","strong_nonstationarity",25.4309632343193,12351.2570336929,12325.8260704586,12359.9403420016,12346.2589045103,-0.0372934732943342,NA,901,-0.0258078046270861,0.987307046192365,-2.71432388492441,2.09234125480536,23,"",35.9,37.7,0.692092679176611,97.8817332265778,67.7432309912325,"cell_0465"
465,"cell_0465",1,"stationary","stationary_selected",-9.63975417917027,9605.43179689722,9615.07155107639,9621.09015965716,9632.60563624033,NA,NA,912,-0.0140067487279349,0.986379666306715,-2.96282725337836,2.28342751841909,21,"",35.9,37.7,0.692092679176611,97.8817332265778,67.7432309912325,"cell_0465"
465,"cell_0465",3,"stationary","stationary_selected",-6.62140291495962,10887.029589697,10893.650992612,10908.5054388471,10917.5958978126,NA,NA,910,-0.0155060376938078,0.986880765881512,-2.79895227063548,2.22514020733997,25,"",35.9,37.7,0.692092679176611,97.8817332265778,67.7432309912325,"cell_0465"
465,"cell_0465",6,"sigma_time","weak_nonstationarity",2.15243686336544,11658.2760509755,11656.1236141121,11677.6670792155,11680.1274406047,-0.0323242960403887,NA,907,-0.0214438150992112,0.986985145932807,-2.83932645781042,2.25159035107685,22,"",35.9,37.7,0.692092679176611,97.8817332265778,67.7432309912325,"cell_0465"
466,"cell_0466",1,"stationary","stationary_selected",-10.8133987822785,9445.02639891002,9455.8397976923,9459.76658403516,9472.73685338339,NA,NA,912,-0.0142824154928469,0.986432233574184,-2.97736001049191,2.33088959682195,20,"",36,37.7,0.108259145182392,97.8817332265778,10.5965927680802,"cell_0466"
466,"cell_0466",12,"sigma_time","strong_nonstationarity",25.9195040666127,12213.5685912864,12187.6490872198,12224.0882693804,12208.4582278143,-0.0384754347644144,NA,901,-0.024841978464598,0.987051893178076,-2.70593591690635,2.05228311038502,25,"",36,37.7,0.108259145182392,97.8817332265778,10.5965927680802,"cell_0466"
466,"cell_0466",3,"stationary","stationary_selected",-7.76157040919497,10731.173848725,10738.9354191342,10753.5697275802,10763.197416213,NA,NA,910,-0.0158859611563701,0.98678998367874,-2.73079755130387,2.27505958200596,27,"",36,37.7,0.108259145182392,97.8817332265778,10.5965927680802,"cell_0466"
466,"cell_0466",6,"sigma_time","weak_nonstationarity",2.40777253693705,11511.4253581555,11509.0175856186,11530.5119150981,11532.5599906978,-0.0337427373323467,NA,907,-0.0210192101580702,0.987147759872763,-2.88925674199728,2.24739241548765,22,"",36,37.7,0.108259145182392,97.8817332265778,10.5965927680802,"cell_0466"
467,"cell_0467",3,"stationary","stationary_selected",-7.61704119248861,10689.6308714188,10697.2479126113,10712.4072343105,10721.4741783035,NA,NA,910,-0.0163387293861506,0.986066500607907,-2.72788070012531,2.40552786616548,21,"",36.1,37.7,0.524743316166186,97.8817332265778,51.3627852854083,"cell_0467"
467,"cell_0467",6,"sigma_time","weak_nonstationarity",3.65957532517132,11485.5383962888,11481.8788209636,11505.9418617824,11505.909133362,-0.0327860951957276,NA,907,-0.0219847916507801,0.987321862449598,-2.9294981526198,2.21249542882382,21,"",36.1,37.7,0.524743316166186,97.8817332265778,51.3627852854083,"cell_0467"
467,"cell_0467",1,"stationary","stationary_selected",-11.8796999525457,9392.40865219981,9404.28835215236,9405.76083874287,9419.78444231408,NA,NA,912,-0.0134831515551916,0.987056933603253,-2.98338075083887,2.30035650513621,21,"",36.1,37.7,0.524743316166186,97.8817332265778,51.3627852854083,"cell_0467"
467,"cell_0467",12,"sigma_time","strong_nonstationarity",26.0776195592043,12194.5010847357,12168.4234651765,12206.5388043218,12190.0083043415,-0.0389461048651195,NA,901,-0.0254658660480123,0.986702379589305,-2.76083203397086,2.03476357366974,25,"",36.1,37.7,0.524743316166186,97.8817332265778,51.3627852854083,"cell_0467"
468,"cell_0468",6,"sigma_time","weak_nonstationarity",3.40509936263152,11493.6250582482,11490.2199588855,11515.7791084634,11513.8611571319,-0.0320648360549758,NA,907,-0.0231974516168413,0.987945914684461,-2.97865338117172,2.14317797473615,22,"",36.2,37.7,0.146038645459434,97.8817332265778,14.2945157356311,"cell_0468"
468,"cell_0468",12,"sigma_time","strong_nonstationarity",25.5168608731747,12197.5649945239,12172.0481336507,12213.5911129887,12194.7248266746,-0.0401703401014036,NA,901,-0.0260395245641507,0.985805744084383,-2.76235384281972,2.00477687361796,24,"",36.2,37.7,0.146038645459434,97.8817332265778,14.2945157356311,"cell_0468"
468,"cell_0468",1,"stationary","stationary_selected",-11.9434621399196,9393.43325740598,9405.37671954589,9406.00899430164,9420.40398290966,NA,NA,912,-0.0129332102130826,0.987385372993608,-2.87831401718376,2.43960693017135,21,"",36.2,37.7,0.146038645459434,97.8817332265778,14.2945157356311,"cell_0468"
468,"cell_0468",3,"stationary","stationary_selected",-8.19062035388743,10693.7674403076,10701.9580606615,10716.4510598409,10725.3833238001,NA,NA,910,-0.0168099328131366,0.985529190170671,-2.71706377049032,2.47586377892098,21,"",36.2,37.7,0.146038645459434,97.8817332265778,14.2945157356311,"cell_0468"
478,"cell_0478",12,"sigma_time","strong_nonstationarity",13.8159796477303,11141.4514985276,11127.6355188798,11164.7743962378,11137.5281409703,-0.0425159725197897,NA,901,-0.0221929409649416,0.988624196110687,-3.18540909164218,2.42445857601885,21,"",34.4,37.6,0.0492574640296348,98.011400242424,4.82779302193534,"cell_0478"
478,"cell_0478",1,"stationary","stationary_selected",-4.29538020923792,8385.24916327273,8389.54454348196,8396.4147030894,8410.01053433717,NA,NA,912,-0.0158839304431025,0.986111405732334,-3.06580056218492,2.15720165990883,20,"",34.4,37.6,0.0492574640296348,98.011400242424,4.82779302193534,"cell_0478"
478,"cell_0478",3,"stationary","stationary_selected",-3.38858671533671,9635.54929307131,9638.93787978665,9653.74138210224,9657.83508997136,NA,NA,910,-0.0173349520650905,0.988506975622965,-2.66175501132899,2.36384241456849,21,"",34.4,37.6,0.0492574640296348,98.011400242424,4.82779302193534,"cell_0478"
478,"cell_0478",6,"stationary","stationary_selected",0.555714262545735,10404.4168962663,10403.8611820037,10428.2758046354,10421.1371759489,NA,NA,907,-0.0205629601553358,0.992566612477549,-2.83201981153067,2.53328872807598,24,"",34.4,37.6,0.0492574640296348,98.011400242424,4.82779302193534,"cell_0478"
479,"cell_0479",12,"sigma_time","moderate_nonstationarity",7.83340145111833,11236.1903574814,11228.3569560303,11259.9960204911,11244.8581372682,-0.0356579286916488,NA,901,-0.0214327181167094,0.989229916548042,-3.1160415879499,2.48021978903663,20,"",34.5,37.6,0.477045746079952,98.011400242424,46.7559215529879,"cell_0479"
479,"cell_0479",1,"stationary","stationary_selected",-5.40284318772501,8506.86012519147,8512.26296837919,8519.24524387961,8532.64108440318,NA,NA,912,-0.0164214107482991,0.986360202481866,-3.06224501417117,2.05837521433131,23,"",34.5,37.6,0.477045746079952,98.011400242424,46.7559215529879,"cell_0479"
479,"cell_0479",3,"stationary","stationary_selected",-6.77101543037861,9756.5522405797,9763.32325601008,9776.6945402225,9784.09635389017,NA,NA,910,-0.0182472816960892,0.987875208940033,-2.75397818479346,2.32024272407682,23,"",34.5,37.6,0.477045746079952,98.011400242424,46.7559215529879,"cell_0479"
479,"cell_0479",6,"stationary","stationary_selected",-2.93753818981713,10504.3769562153,10507.3144944051,10527.0765681888,10523.458987991,NA,NA,907,-0.0228679258285929,0.994094718197259,-2.852398275229,2.55747226190677,23,"",34.5,37.6,0.477045746079952,98.011400242424,46.7559215529879,"cell_0479"
480,"cell_0480",1,"stationary","stationary_selected",-5.03997408916439,8652.18230288794,8657.22227697711,8664.79077583472,8677.5232177516,NA,NA,912,-0.0171043420862092,0.987395954809608,-3.04960829524427,2.19576553005438,22,"",34.6,37.6,1,98.011400242424,98.011400242424,"cell_0480"
480,"cell_0480",3,"stationary","stationary_selected",-8.96203851115388,9905.67771879118,9914.63975730234,9926.83934040736,9937.26863962206,NA,NA,910,-0.0189736203596295,0.987994425828978,-2.69771653034477,2.30327826450031,22,"",34.6,37.6,1,98.011400242424,98.011400242424,"cell_0480"
480,"cell_0480",6,"stationary","stationary_selected",-5.48845014990729,10642.1497677905,10647.6382179405,10664.209228053,10664.4042739576,NA,NA,907,-0.024901358719244,0.994861182246996,-2.75646592153545,2.57190472676295,25,"",34.6,37.6,1,98.011400242424,98.011400242424,"cell_0480"
480,"cell_0480",12,"sigma_time","weak_nonstationarity",2.37196925807984,11370.9857327531,11368.613763495,11394.0110585606,11390.2684511177,-0.0310159612478575,NA,901,-0.0221741488389685,0.989748273403851,-3.00119850469505,2.48275713782763,24,"",34.6,37.6,1,98.011400242424,98.011400242424,"cell_0480"
481,"cell_0481",6,"stationary","stationary_selected",-4.61995692171149,10806.2172686094,10810.8372255311,10827.7226786451,10829.8923297293,NA,NA,907,-0.026259850631135,0.995402436712768,-2.75134280007915,2.55269502301501,26,"",34.7,37.6,1,98.011400242424,98.011400242424,"cell_0481"
481,"cell_0481",12,"stationary","stationary_selected",1.27625976158561,11540.8042843784,11539.5280246168,11560.7987455601,11563.2499855109,NA,NA,901,-0.0279996786532435,0.993582443528965,-2.62795932898013,2.51744098469773,27,"",34.7,37.6,1,98.011400242424,98.011400242424,"cell_0481"
481,"cell_0481",1,"stationary","stationary_selected",-4.51022852756978,8798.22578998802,8802.73601851559,8811.42523427663,8823.04992670714,NA,NA,912,-0.0172265649444307,0.988637901322159,-3.01437681856166,2.26639130364039,22,"",34.7,37.6,1,98.011400242424,98.011400242424,"cell_0481"
481,"cell_0481",3,"stationary","stationary_selected",-8.36803503476767,10062.02021667,10070.3882517048,10082.7466546437,10093.6666789669,NA,NA,910,-0.0188547017957128,0.988947095931475,-2.78816433388433,2.34698396504505,21,"",34.7,37.6,1,98.011400242424,98.011400242424,"cell_0481"
482,"cell_0482",1,"stationary","stationary_selected",-3.49717225297172,8904.11054451399,8907.60771676696,8918.05921658667,8927.82758915408,NA,NA,912,-0.0164130954602129,0.98922606515104,-2.89892117064991,2.37623765337367,24,"",34.8,37.6,1,98.011400242424,98.011400242424,"cell_0482"
482,"cell_0482",3,"stationary","stationary_selected",-3.07907047014851,10195.574067886,10198.6531383561,10213.5795067032,10221.2816715601,NA,NA,910,-0.0178155911795234,0.989704007045451,-2.75677475541285,2.32236299607125,20,"",34.8,37.6,1,98.011400242424,98.011400242424,"cell_0482"
482,"cell_0482",6,"stationary","stationary_selected",1.04125752897562,10977.2588582465,10976.2176007175,10997.3286509173,10997.5371482885,NA,NA,907,-0.0271530759769149,0.995139325074694,-2.80326507976041,2.48317061161346,25,"",34.8,37.6,1,98.011400242424,98.011400242424,"cell_0482"
482,"cell_0482",12,"sigma_time","moderate_nonstationarity",4.93901743035713,11729.2740934751,11724.3350760448,11743.8015336518,11747.5397321206,-0.0301020809915934,NA,901,-0.0259727141256884,0.987812900671002,-2.62433890349452,2.34966376196999,28,"",34.8,37.6,1,98.011400242424,98.011400242424,"cell_0482"
483,"cell_0483",1,"stationary","stationary_selected",-2.56616759813733,9013.30885212349,9015.87501972162,9025.7586569,9034.97038995072,NA,NA,912,-0.0153086933152879,0.989587989323057,-2.78307963299676,2.63105284274493,22,"",34.9,37.6,1,98.011400242424,98.011400242424,"cell_0483"
483,"cell_0483",3,"stationary","stationary_selected",0.48035534756491,10335.5769469522,10335.0965916046,10350.0397363382,10356.9208856691,NA,NA,910,-0.0180714236665572,0.990309870767394,-2.79652231631135,2.27093364044244,24,"",34.9,37.6,1,98.011400242424,98.011400242424,"cell_0483"
483,"cell_0483",12,"sigma_time","moderate_nonstationarity",5.09449544651397,11910.4086235626,11905.3141281161,11918.3143393892,11925.3996367107,-0.0286170482809423,NA,901,-0.028171911938219,0.987159510080927,-2.61874286751475,2.25628276245288,27,"",34.9,37.6,1,98.011400242424,98.011400242424,"cell_0483"
483,"cell_0483",6,"sigma_time","weak_nonstationarity",2.87900442077625,11146.4549745079,11143.5759700871,11163.4227057079,11166.4003995095,-0.0292804639009366,NA,907,-0.0255786802995949,0.993455406099824,-2.70840284013382,2.37896280175929,28,"",34.9,37.6,1,98.011400242424,98.011400242424,"cell_0483"
484,"cell_0484",1,"stationary","stationary_selected",-14.1868663084806,9078.49315336525,9092.68001967373,9097.30459461331,9113.26104065852,NA,NA,912,-0.0153868999732795,0.989159880937116,-2.63455656949646,2.71254179849333,24,"",35,37.6,1,98.011400242424,98.011400242424,"cell_0484"
484,"cell_0484",3,"stationary","stationary_selected",-13.6984667100714,10387.4613724531,10401.1598391632,10405.6639063354,10421.1178204343,NA,NA,910,-0.0170942720923671,0.988851043264986,-2.79596174215902,2.23108272836492,21,"",35,37.6,1,98.011400242424,98.011400242424,"cell_0484"
484,"cell_0484",12,"stationary","stationary_selected",-8.50338035120149,11941.8253659505,11950.3287463017,11963.1162745332,11975.9223777179,NA,NA,901,-0.0283154011637754,0.983523783373147,-2.58376352564582,2.25670011083894,15,"",35,37.6,1,98.011400242424,98.011400242424,"cell_0484"
484,"cell_0484",6,"stationary","stationary_selected",-11.4919627988147,11192.6735652478,11204.1655280466,11215.1313545771,11224.9926267368,NA,NA,907,-0.0245467792341202,0.991534121679851,-2.79096496529918,2.3473711059718,27,"",35,37.6,1,98.011400242424,98.011400242424,"cell_0484"
485,"cell_0485",12,"stationary","stationary_selected",-15.3808284611696,11989.6234397667,12005.0042682278,12012.8981233413,12030.9344413655,NA,NA,901,-0.0270114790055033,0.980674684808221,-2.54717092233988,2.21894510965902,15,"",35.1,37.6,1,98.011400242424,98.011400242424,"cell_0485"
485,"cell_0485",6,"stationary","stationary_selected",-18.1457013640684,11259.3217383678,11277.4674397319,11280.9131632644,11297.989600765,NA,NA,907,-0.0236485995195921,0.989909641812799,-2.75326686342426,2.29831457411871,25,"",35.1,37.6,1,98.011400242424,98.011400242424,"cell_0485"
485,"cell_0485",1,"stationary","stationary_selected",-19.1884687754809,9170.76735228191,9190.92187166716,9189.95582105739,9211.43454434082,NA,NA,912,-0.0156816184168844,0.989058178955992,-2.70231020512633,2.73539163006575,21,"",35.1,37.6,1,98.011400242424,98.011400242424,"cell_0485"
485,"cell_0485",3,"stationary","stationary_selected",-16.8501178824499,10460.1098585212,10479.6265263388,10476.9599764036,10497.3936091717,NA,NA,910,-0.017172907921906,0.988195958549854,-2.7819944782319,2.24898634069294,24,"",35.1,37.6,1,98.011400242424,98.011400242424,"cell_0485"
486,"cell_0486",6,"stationary","stationary_selected",-19.9506891395285,11357.4818130432,11377.4325021828,11379.1853925496,11399.8360131332,NA,NA,907,-0.0250996131854696,0.988482111237865,-2.57383075152524,2.28600070554075,25,"",35.2,37.6,1,98.011400242424,98.011400242424,"cell_0486"
486,"cell_0486",1,"stationary","stationary_selected",-18.9127109488054,9298.0270389578,9319.76752829397,9316.9397499066,9339.97204875221,NA,NA,912,-0.0154106018581541,0.988156764208858,-2.64705327980203,2.59445775726565,21,"",35.2,37.6,1,98.011400242424,98.011400242424,"cell_0486"
486,"cell_0486",3,"stationary","stationary_selected",-16.1906312236588,10568.1965827206,10588.9843834263,10584.3872139442,10606.1679167718,NA,NA,910,-0.0163098112780179,0.987266240111545,-2.84083076629181,2.26011876253408,22,"",35.2,37.6,1,98.011400242424,98.011400242424,"cell_0486"
486,"cell_0486",12,"stationary","stationary_selected",-16.88214108799,12061.670320314,12078.552461402,12083.7662477719,12103.7406294905,NA,NA,901,-0.0270124106637362,0.980474629860197,-2.61653302216871,2.21009980622137,14,"",35.2,37.6,1,98.011400242424,98.011400242424,"cell_0486"
487,"cell_0487",1,"stationary","stationary_selected",-17.845417131286,9443.25793852726,9464.44970953159,9461.10335565855,9483.36692150051,NA,NA,912,-0.0140357202138274,0.988099956266921,-2.83051232108921,2.4201735757286,21,"",35.3,37.6,1,98.011400242424,98.011400242424,"cell_0487"
487,"cell_0487",3,"stationary","stationary_selected",-16.0417879015131,10712.9443041323,10732.3876672443,10728.9860920338,10749.7466561286,NA,NA,910,-0.0158773070362731,0.986322686483117,-2.89931385705253,2.25306325936997,21,"",35.3,37.6,1,98.011400242424,98.011400242424,"cell_0487"
487,"cell_0487",12,"stationary","stationary_selected",-14.5238076518563,12169.913000039,12184.4368076908,12186.7544536613,12206.5812453115,NA,NA,901,-0.0280913466496597,0.983239353285608,-2.71032157421889,2.19708162919943,20,"",35.3,37.6,1,98.011400242424,98.011400242424,"cell_0487"
487,"cell_0487",6,"stationary","stationary_selected",-18.6230261347118,11491.7927371945,11510.4157633292,11513.1806265053,11533.9893170462,NA,NA,907,-0.0276735808837035,0.987859044981243,-2.4850791424501,2.24583230330876,24,"",35.3,37.6,1,98.011400242424,98.011400242424,"cell_0487"
488,"cell_0488",1,"stationary","stationary_selected",-17.8071396995001,9580.8413952447,9600.84291854467,9598.6485349442,9620.08646300529,NA,NA,912,-0.0143927936362502,0.987300539796253,-2.85038823728281,2.31789790226428,16,"",35.4,37.6,1,98.011400242424,98.011400242424,"cell_0488"
488,"cell_0488",3,"stationary","stationary_selected",-16.2893796914923,10847.046539097,10864.7014796968,10863.3359187885,10882.6566125311,NA,NA,910,-0.0154825160503743,0.985839987530519,-2.93267021395384,2.22639427929662,20,"",35.4,37.6,1,98.011400242424,98.011400242424,"cell_0488"
488,"cell_0488",12,"stationary","stationary_selected",-8.79443210408681,12277.0817125159,12285.87614462,12290.1743262617,12306.3565706567,NA,NA,901,-0.030712958278465,0.985197878422574,-2.78657882889561,2.21093621856629,25,"",35.4,37.6,1,98.011400242424,98.011400242424,"cell_0488"
488,"cell_0488",6,"stationary","stationary_selected",-15.3992243876055,11613.6526990035,11629.0519233911,11634.6081342179,11652.6562506793,NA,NA,907,-0.0279011446176616,0.988025394076966,-2.61244878057992,2.1539712009477,24,"",35.4,37.6,1,98.011400242424,98.011400242424,"cell_0488"
489,"cell_0489",3,"stationary","stationary_selected",-15.2158099357657,11005.3016395203,11020.517449456,11023.7668650346,11040.766020094,NA,NA,910,-0.0150907152312988,0.985359897349479,-2.93592343338739,2.13660119887598,21,"",35.5,37.6,1,98.011400242424,98.011400242424,"cell_0489"
489,"cell_0489",12,"stationary","stationary_selected",-0.355526509687479,12415.2392973854,12415.5948238951,12426.8187474004,12436.2514122573,NA,NA,901,-0.0324205519927441,0.987063679028869,-2.8483994132926,2.20211920474393,30,"",35.5,37.6,1,98.011400242424,98.011400242424,"cell_0489"
489,"cell_0489",6,"stationary","stationary_selected",-11.0282624497449,11764.3855583861,11775.4138208358,11785.7439138862,11799.4904041173,NA,NA,907,-0.027081064271173,0.987581893652089,-2.60269239434971,2.12110377442575,25,"",35.5,37.6,1,98.011400242424,98.011400242424,"cell_0489"
489,"cell_0489",1,"stationary","stationary_selected",-17.583506384246,9737.68215753486,9755.2656639191,9755.83473716884,9775.45505190148,NA,NA,912,-0.0153907322621878,0.98607962595858,-2.77349217025001,2.25869157864438,18,"",35.5,37.6,1,98.011400242424,98.011400242424,"cell_0489"
490,"cell_0490",6,"stationary","stationary_selected",-7.46949964100349,11941.5560794018,11949.0255790428,11963.3625814604,11973.4463501369,NA,NA,907,-0.026554078451313,0.986965933919299,-2.55494646419661,2.18800214212056,27,"",35.6,37.6,0.932633615725964,98.011400242424,91.4087265904565,"cell_0490"
490,"cell_0490",1,"stationary","stationary_selected",-14.9376193318185,9915.02852932531,9929.96614865713,9933.51077194204,9950.58141760097,NA,NA,912,-0.0160351769964168,0.985351108281994,-2.69897308187752,2.27160879322888,22,"",35.6,37.6,0.932633615725964,98.011400242424,91.4087265904565,"cell_0490"
490,"cell_0490",3,"stationary","stationary_selected",-12.9998324893586,11187.1747940371,11200.1746265264,11207.6477858504,11222.491904802,NA,NA,910,-0.0156293908034268,0.985069164587551,-2.85848672672837,2.08285671090833,21,"",35.6,37.6,0.932633615725964,98.011400242424,91.4087265904565,"cell_0490"
490,"cell_0490",12,"sigma_time","moderate_nonstationarity",7.1499278308911,12578.014551562,12570.8646237311,12589.2696997505,12592.0586906598,-0.0292819745658887,NA,901,-0.027168092408526,0.987731652025854,-2.72253980836832,2.15127513218589,23,"",35.6,37.6,0.932633615725964,98.011400242424,91.4087265904565,"cell_0490"
491,"cell_0491",3,"stationary","stationary_selected",-11.103109835487,11235.2607312962,11246.3638411317,11256.7601777053,11269.8548846457,NA,NA,910,-0.0161000321677938,0.985255511084624,-2.82899457547315,2.10592429663654,22,"",35.7,37.6,0.437429450816684,98.011400242424,42.8730729818177,"cell_0491"
491,"cell_0491",12,"sigma_time","strong_nonstationarity",14.0740012321767,12622.8209127271,12608.7469114949,12633.0969796738,12629.8268653149,-0.03123164323831,NA,901,-0.0272015196963183,0.98885413855105,-2.73379856570969,2.09376052635421,23,"",35.7,37.6,0.437429450816684,98.011400242424,42.8730729818177,"cell_0491"
491,"cell_0491",1,"stationary","stationary_selected",-13.2165806438461,9958.11495592678,9971.33153657062,9976.26771449921,9991.60897145844,NA,NA,912,-0.0162908250960433,0.985261667979914,-2.70979222484931,2.18816862654662,23,"",35.7,37.6,0.437429450816684,98.011400242424,42.8730729818177,"cell_0491"
491,"cell_0491",6,"stationary","stationary_selected",-4.45423152199692,11988.8934549533,11993.3476864753,12010.5239190641,12017.8390651929,NA,NA,907,-0.0259835137641739,0.987161244432051,-2.55756265380574,2.21505357331354,27,"",35.7,37.6,0.437429450816684,98.011400242424,42.8730729818177,"cell_0491"
492,"cell_0492",3,"stationary","stationary_selected",-9.49208594909396,11117.8059876927,11127.2980736417,11140.0732076762,11151.6621609908,NA,NA,910,-0.0162111261031962,0.985900694696584,-2.82685551953498,2.18564194896344,23,"",35.8,37.6,0.166448947127612,98.011400242424,16.3138943768545,"cell_0492"
492,"cell_0492",12,"sigma_time","strong_nonstationarity",21.0571314317713,12510.9435489158,12489.8864174841,12519.0024604414,12509.9803863657,-0.0337523349118361,NA,901,-0.0277958450437068,0.989436001988665,-2.7442528796498,2.06439177081993,25,"",35.8,37.6,0.166448947127612,98.011400242424,16.3138943768545,"cell_0492"
492,"cell_0492",1,"stationary","stationary_selected",-12.477904000214,9838.06394311147,9850.54184711169,9855.44833469822,9870.07428007432,NA,NA,912,-0.0159894026614816,0.985783215546673,-2.82847109175242,2.22602930277294,21,"",35.8,37.6,0.166448947127612,98.011400242424,16.3138943768545,"cell_0492"
492,"cell_0492",6,"stationary","stationary_selected",-1.21796048706528,11869.4439926323,11870.6619531194,11890.0319701946,11895.0251937557,NA,NA,907,-0.025358589807816,0.988082095574365,-2.71782139188807,2.23487909890125,27,"",35.8,37.6,0.166448947127612,98.011400242424,16.3138943768545,"cell_0492"
493,"cell_0493",3,"stationary","stationary_selected",-9.54239888853044,10959.21538029,10968.7577791785,10982.3520571533,10993.5659606449,NA,NA,910,-0.0165570556381518,0.986436679549704,-2.82943650967824,2.25608749122975,26,"",35.9,37.6,0.0767900346438127,98.011400242424,7.52629882010433,"cell_0493"
493,"cell_0493",12,"sigma_time","strong_nonstationarity",25.4479240825385,12358.7602009732,12333.3122768906,12368.2300142372,12353.5128302641,-0.0373522918591052,NA,901,-0.0274485084956058,0.989139915056654,-2.70199539313801,2.11400228321149,26,"",35.9,37.6,0.0767900346438127,98.011400242424,7.52629882010433,"cell_0493"
493,"cell_0493",1,"stationary","stationary_selected",-12.7319665551349,9686.50016961077,9699.23213616591,9703.95036375135,9718.72904515767,NA,NA,912,-0.0161438326228379,0.986229065433427,-2.82015012491265,2.27746350168423,21,"",35.9,37.6,0.0767900346438127,98.011400242424,7.52629882010433,"cell_0493"
493,"cell_0493",6,"stationary","stationary_selected",0.972503689861696,11708.1115206328,11707.1390169429,11728.6226423037,11731.3184843716,NA,NA,907,-0.0236030429099288,0.98833538852581,-2.80450028114902,2.2373552069975,24,"",35.9,37.6,0.0767900346438127,98.011400242424,7.52629882010433,"cell_0493"
506,"cell_0506",1,"stationary","stationary_selected",-10.4982562333007,8617.90916839,8628.4074246233,8633.19568455805,8649.5372079991,NA,NA,912,-0.01438478339551,0.986422732619879,-2.9445818836836,2.22404007083709,21,"",34.4,37.5,0.384253783875296,98.140764854126,37.7109602476136,"cell_0506"
506,"cell_0506",6,"stationary","stationary_selected",-15.6429644275104,10628.8020661337,10644.4450305612,10647.4277178543,10658.5531200491,NA,NA,907,-0.0175459024486095,0.993554552604963,-2.9723672386999,2.58051306756322,18,"",34.4,37.5,0.384253783875296,98.140764854126,37.7109602476136,"cell_0506"
506,"cell_0506",12,"stationary","stationary_selected",-10.7017767161069,11338.7376693223,11349.4394460384,11357.3076053265,11358.2351656276,NA,NA,901,-0.0181050891479194,0.990425240839976,-3.05709287188091,2.53617346766225,20,"",34.4,37.5,0.384253783875296,98.140764854126,37.7109602476136,"cell_0506"
506,"cell_0506",3,"stationary","stationary_selected",-16.6348117898142,9871.76559277407,9888.40040456388,9889.57929127821,9905.74050252757,NA,NA,910,-0.0152498513326067,0.988560505203015,-2.71809064242072,2.35893979505387,23,"",34.4,37.5,0.384253783875296,98.140764854126,37.7109602476136,"cell_0506"
507,"cell_0507",3,"stationary","stationary_selected",-19.5449550490612,10001.3390788416,10020.8840338907,10021.6274632844,10041.1100623179,NA,NA,910,-0.0166960682442064,0.987042817871063,-2.73489853619652,2.3184128529311,20,"",34.5,37.5,1,98.140764854126,98.140764854126,"cell_0507"
507,"cell_0507",1,"stationary","stationary_selected",-12.74813447218,8746.64386175862,8759.3919962308,8764.41546089019,8781.10174181235,NA,NA,912,-0.0149241935347244,0.986511898422765,-2.89752771281847,2.17835579160083,18,"",34.5,37.5,1,98.140764854126,98.140764854126,"cell_0507"
507,"cell_0507",12,"stationary","stationary_selected",-15.2932094510961,11435.7814641213,11451.0746735724,11458.0423025834,11468.9353875656,NA,NA,901,-0.0199583251594063,0.990793227661604,-2.96408950603882,2.55949613488631,19,"",34.5,37.5,1,98.140764854126,98.140764854126,"cell_0507"
507,"cell_0507",6,"stationary","stationary_selected",-17.6994975393845,10730.4961910978,10749.1918788847,10748.1956886372,10763.5506375753,NA,NA,907,-0.0207986191195292,0.994157086483498,-2.91951988239507,2.62205264446009,22,"",34.5,37.5,1,98.140764854126,98.140764854126,"cell_0507"
508,"cell_0508",3,"stationary","stationary_selected",-20.358198906184,10188.2863438407,10208.6445427468,10209.8999959278,10230.7922658114,NA,NA,910,-0.0174095800868225,0.987106357345341,-2.66365981013505,2.27667809167274,20,"",34.6,37.5,1,98.140764854126,98.140764854126,"cell_0508"
508,"cell_0508",12,"stationary","stationary_selected",-15.4082663548452,11611.471155881,11626.8794222359,11635.356490296,11650.4297408644,NA,NA,901,-0.0228752944679259,0.990479742218475,-2.77918781299707,2.51584965866433,26,"",34.6,37.5,1,98.140764854126,98.140764854126,"cell_0508"
508,"cell_0508",1,"stationary","stationary_selected",-13.8885459659923,8929.4652657345,8943.35381170049,8947.63541021247,8964.35293524893,NA,NA,912,-0.0162640514121042,0.987366038031491,-2.88799270749388,2.30434683036222,22,"",34.6,37.5,1,98.140764854126,98.140764854126,"cell_0508"
508,"cell_0508",6,"stationary","stationary_selected",-19.3066163726362,10901.0212654096,10920.3278817823,10920.7391386174,10938.3901581503,NA,NA,907,-0.0236157053925253,0.994060266958504,-2.71106020548482,2.6129629355493,24,"",34.6,37.5,1,98.140764854126,98.140764854126,"cell_0508"
509,"cell_0509",3,"stationary","stationary_selected",-20.3360784722881,10320.8266111171,10341.1626895894,10341.7616574419,10362.7185364613,NA,NA,910,-0.0170514400451327,0.987372824231713,-2.68496787085882,2.23331598176528,20,"",34.7,37.5,1,98.140764854126,98.140764854126,"cell_0509"
509,"cell_0509",12,"stationary","stationary_selected",-14.4933179398795,11770.0335349985,11784.5268529384,11793.4203390159,11809.0219462831,NA,NA,901,-0.0249240950620292,0.988536293544359,-2.60771589754098,2.45315163445946,27,"",34.7,37.5,1,98.140764854126,98.140764854126,"cell_0509"
509,"cell_0509",1,"stationary","stationary_selected",-14.9124880806012,9052.74102528122,9067.65351336182,9071.53700455616,9087.97673082428,NA,NA,912,-0.0168944926983679,0.987912279602762,-2.80132776902896,2.35618503140727,22,"",34.7,37.5,1,98.140764854126,98.140764854126,"cell_0509"
509,"cell_0509",6,"stationary","stationary_selected",-19.0524208155075,11048.3602528572,11067.4126736727,11067.9386128478,11085.5343673945,NA,NA,907,-0.023382532654194,0.993569403025963,-2.7552352548975,2.55262561452603,26,"",34.7,37.5,1,98.140764854126,98.140764854126,"cell_0509"
510,"cell_0510",1,"stationary","stationary_selected",-15.7474431889368,9115.30671515081,9131.05415833974,9134.14567091385,9150.35647065713,NA,NA,912,-0.0166756348333347,0.988365244151464,-2.66381994256064,2.32338239225929,23,"",34.8,37.5,1,98.140764854126,98.140764854126,"cell_0510"
510,"cell_0510",12,"stationary","stationary_selected",-13.2304656218457,11902.5440686088,11915.7745342307,11925.7974341778,11940.9352355483,NA,NA,901,-0.0263717541209255,0.985861141579273,-2.45481687768258,2.37873740468518,24,"",34.8,37.5,1,98.140764854126,98.140764854126,"cell_0510"
510,"cell_0510",6,"stationary","stationary_selected",-18.1191979909054,11162.779826302,11180.8990242929,11181.3881448456,11197.2036905141,NA,NA,907,-0.0219704290867434,0.993107880928939,-2.89395542892322,2.47237551063273,28,"",34.8,37.5,1,98.140764854126,98.140764854126,"cell_0510"
510,"cell_0510",3,"stationary","stationary_selected",-19.6353811489225,10400.0506354703,10419.7617020721,10419.6860166193,10439.9475138503,NA,NA,910,-0.0163387239542356,0.987576994183839,-2.79902060549556,2.18933271594356,15,"",34.8,37.5,1,98.140764854126,98.140764854126,"cell_0510"
511,"cell_0511",6,"stationary","stationary_selected",-15.4634108022747,11281.6248776211,11297.0882884233,11300.8965097499,11313.4577245638,NA,NA,907,-0.0215306370231681,0.992251765851753,-2.90985517188288,2.40357299457876,25,"",34.9,37.5,1,98.140764854126,98.140764854126,"cell_0511"
511,"cell_0511",3,"stationary","stationary_selected",-17.5404561471059,10472.9228058297,10490.4632619768,10491.9569116834,10510.2877559013,NA,NA,910,-0.01602986535003,0.988080373005307,-2.81690511341548,2.18119160077366,21,"",34.9,37.5,1,98.140764854126,98.140764854126,"cell_0511"
511,"cell_0511",12,"stationary","stationary_selected",-10.7049491010785,12045.3682667634,12056.0732158645,12067.2130858487,12081.4453954736,NA,NA,901,-0.0279248571068713,0.984064923650118,-2.51309344965847,2.3342524866068,20,"",34.9,37.5,1,98.140764854126,98.140764854126,"cell_0511"
511,"cell_0511",1,"stationary","stationary_selected",-15.3185284460633,9160.78381695401,9176.10234540007,9179.9459488223,9195.10011643639,NA,NA,912,-0.0158807216490237,0.988728705337743,-2.60778291089939,2.2965382404037,19,"",34.9,37.5,1,98.140764854126,98.140764854126,"cell_0511"
512,"cell_0512",12,"stationary","stationary_selected",-7.12644899065162,12194.9500889107,12202.0765379013,12212.8984122889,12226.0367846983,NA,NA,901,-0.0298026005964917,0.983719213604972,-2.66902275207483,2.30180237311573,17,"",35,37.5,1,98.140764854126,98.140764854126,"cell_0512"
512,"cell_0512",1,"stationary","stationary_selected",-14.0242593517487,9213.45477122278,9227.47903057452,9233.40736417137,9247.19059028461,NA,NA,912,-0.0148320689316637,0.988876097084671,-2.68924223752765,2.39836074245237,20,"",35,37.5,1,98.140764854126,98.140764854126,"cell_0512"
512,"cell_0512",3,"stationary","stationary_selected",-13.6760928485492,10557.8913062786,10571.5673991271,10577.2410090069,10592.4877539777,NA,NA,910,-0.0158533068446244,0.988565907981923,-2.7238100716022,2.16727920975955,24,"",35,37.5,1,98.140764854126,98.140764854126,"cell_0512"
512,"cell_0512",6,"stationary","stationary_selected",-11.3838829542929,11408.9863117249,11420.3701946792,11429.4836097011,11439.2891426999,NA,NA,907,-0.0225459915372303,0.99129363955771,-2.79501312130542,2.326132232139,27,"",35,37.5,1,98.140764854126,98.140764854126,"cell_0512"
513,"cell_0513",6,"stationary","stationary_selected",-13.9430016972492,11441.6136078491,11455.5566095464,11461.867319831,11476.9598284175,NA,NA,907,-0.0238689482674263,0.990113482929628,-2.66722652873664,2.26161272677916,24,"",35.1,37.5,1,98.140764854126,98.140764854126,"cell_0513"
513,"cell_0513",12,"stationary","stationary_selected",-8.14620305714743,12210.7311579524,12218.8773610095,12224.6089100619,12240.2017452577,NA,NA,901,-0.0298572968914274,0.983435045753645,-2.77820871265433,2.2846181704183,17,"",35.1,37.5,1,98.140764854126,98.140764854126,"cell_0513"
513,"cell_0513",3,"stationary","stationary_selected",-16.6863767775576,10598.7579156278,10615.4442924054,10617.0829850341,10635.1684709263,NA,NA,910,-0.0150902284671514,0.987859509869776,-2.8968240777165,2.20274517038332,21,"",35.1,37.5,1,98.140764854126,98.140764854126,"cell_0513"
513,"cell_0513",1,"stationary","stationary_selected",-18.9141691559853,9277.08702388988,9297.19369331941,9296.00119304586,9317.50368541782,NA,NA,912,-0.0151640628097421,0.988620387367085,-2.77562194327998,2.42671589659589,22,"",35.1,37.5,1,98.140764854126,98.140764854126,"cell_0513"
514,"cell_0514",12,"stationary","stationary_selected",-10.8585109649594,12229.3208637345,12240.1793746994,12240.4576467443,12258.9494832005,NA,NA,901,-0.0291033670892303,0.984287026115835,-2.82371216989009,2.26851408890156,20,"",35.2,37.5,1,98.140764854126,98.140764854126,"cell_0514"
514,"cell_0514",3,"stationary","stationary_selected",-16.908765519438,10684.4572113883,10702.7208562373,10701.3659769078,10720.9015200928,NA,NA,910,-0.015139029086604,0.986877649640442,-2.85563344954878,2.23342320978317,21,"",35.2,37.5,1,98.140764854126,98.140764854126,"cell_0514"
514,"cell_0514",6,"stationary","stationary_selected",-16.6686678995302,11502.3151692844,11518.983837184,11521.965499544,11541.326920391,NA,NA,907,-0.0257654089938353,0.988682997295739,-2.63675783695826,2.20961992368506,23,"",35.2,37.5,1,98.140764854126,98.140764854126,"cell_0514"
514,"cell_0514",1,"stationary","stationary_selected",-18.2362092901549,9380.27337285804,9400.86555562746,9398.50958214819,9420.30947478927,NA,NA,912,-0.0139914092051207,0.988289815568355,-2.8649119055429,2.38994436149356,21,"",35.2,37.5,1,98.140764854126,98.140764854126,"cell_0514"
515,"cell_0515",6,"stationary","stationary_selected",-17.3974602594899,11587.3589493709,11604.7564096304,11606.0106692132,11626.555768129,NA,NA,907,-0.0274311728988993,0.987409931270355,-2.67364171816201,2.14814022840828,20,"",35.3,37.5,1,98.140764854126,98.140764854126,"cell_0515"
515,"cell_0515",3,"stationary","stationary_selected",-15.3241169129542,10794.5130547842,10812.3244601754,10809.8371716972,10829.168322577,NA,NA,910,-0.0156672795970908,0.985252943101032,-2.79423723423502,2.23710268909991,20,"",35.3,37.5,1,98.140764854126,98.140764854126,"cell_0515"
515,"cell_0515",1,"stationary","stationary_selected",-17.5395520211478,9494.32643118403,9514.22549986412,9511.86598320518,9532.65148112303,NA,NA,912,-0.0130958032537124,0.988338061194441,-2.88716574191711,2.36234166782207,21,"",35.3,37.5,1,98.140764854126,98.140764854126,"cell_0515"
515,"cell_0515",12,"stationary","stationary_selected",-9.05881301950649,12265.8218795323,12279.0584044183,12274.8806925518,12295.3945553979,NA,NA,901,-0.0293103010526138,0.986234660420676,-2.82237429581057,2.25157712508117,19,"",35.3,37.5,1,98.140764854126,98.140764854126,"cell_0515"
516,"cell_0516",3,"stationary","stationary_selected",-15.3807926273985,10915.3074508805,10932.0377899297,10930.6882435079,10949.238021395,NA,NA,910,-0.0158745725441649,0.984640387629477,-2.80781097484043,2.19253941858791,19,"",35.4,37.5,1,98.140764854126,98.140764854126,"cell_0516"
516,"cell_0516",12,"stationary","stationary_selected",-7.02553104551043,12337.8993478864,12347.7794989397,12344.9248789319,12363.1813182945,NA,NA,901,-0.0315925151789032,0.987736933585247,-2.85717729338422,2.23055460755228,23,"",35.4,37.5,1,98.140764854126,98.140764854126,"cell_0516"
516,"cell_0516",1,"stationary","stationary_selected",-17.6677117491581,9623.00748128904,9642.2180692211,9640.67519303819,9661.22126641343,NA,NA,912,-0.013844268749552,0.987449758050004,-2.88368347881679,2.27679262269822,20,"",35.4,37.5,1,98.140764854126,98.140764854126,"cell_0516"
516,"cell_0516",6,"stationary","stationary_selected",-15.2187027686177,11688.7855373692,11704.0042401379,11707.182031205,11725.8156825374,NA,NA,907,-0.0280043419606689,0.987427012965176,-2.7782486127857,2.18362959194794,23,"",35.4,37.5,1,98.140764854126,98.140764854126,"cell_0516"
517,"cell_0517",12,"stationary","stationary_selected",-0.166989863306299,12463.4260124988,12463.5930023621,12469.5000292735,12480.3573242115,NA,NA,901,-0.033931157519807,0.989283521146357,-2.91290183566191,2.1849586608885,29,"",35.5,37.5,1,98.140764854126,98.140764854126,"cell_0517"
517,"cell_0517",1,"stationary","stationary_selected",-17.6699122130267,9785.07671155259,9802.74662376562,9803.05862473403,9822.99719603353,NA,NA,912,-0.0156863628408216,0.985983787501432,-2.84488671922246,2.16933306775278,20,"",35.5,37.5,1,98.140764854126,98.140764854126,"cell_0517"
517,"cell_0517",6,"stationary","stationary_selected",-10.7351013257812,11831.7367315253,11842.4718328511,11850.9436921953,11865.2286124656,NA,NA,907,-0.0278075258720718,0.987346803931022,-2.80628014156807,2.19501219811127,25,"",35.5,37.5,1,98.140764854126,98.140764854126,"cell_0517"
517,"cell_0517",3,"stationary","stationary_selected",-15.1932932202981,11070.9532849164,11086.1465781367,11088.9821072525,11106.080691682,NA,NA,910,-0.0157494476006824,0.98481700213102,-2.84385050942215,2.07609674569815,20,"",35.5,37.5,1,98.140764854126,98.140764854126,"cell_0517"
518,"cell_0518",12,"sigma_time","moderate_nonstationarity",9.26113438668472,12614.4284436572,12605.1673092705,12621.322706124,12624.0442535356,-0.0282435334967213,NA,901,-0.0278790882037807,0.989781701458775,-2.76577878338111,2.09670274954441,30,"",35.6,37.5,0.509273193273633,98.140764854126,49.9804607075775,"cell_0518"
518,"cell_0518",1,"stationary","stationary_selected",-15.2937542592172,9965.68932518107,9980.98307944028,9983.51618424256,10001.4288136493,NA,NA,912,-0.0170404865522616,0.985223512585432,-2.7796022259642,2.2058881644737,22,"",35.6,37.5,0.509273193273633,98.140764854126,49.9804607075775,"cell_0518"
518,"cell_0518",6,"stationary","stationary_selected",-6.72018371033118,12002.0836416004,12008.8038253108,12022.1483214302,12032.3601582474,NA,NA,907,-0.0277544881295256,0.987263138750829,-2.6855997442228,2.18727432048847,27,"",35.6,37.5,0.509273193273633,98.140764854126,49.9804607075775,"cell_0518"
518,"cell_0518",3,"stationary","stationary_selected",-12.8840066888224,11252.6756315714,11265.5596382602,11273.1456979067,11287.9216011653,NA,NA,910,-0.016289813041938,0.984975010820844,-2.82379666792033,2.04490948253805,22,"",35.6,37.5,0.509273193273633,98.140764854126,49.9804607075775,"cell_0518"
534,"cell_0534",1,"stationary","stationary_selected",-18.9949313919533,8849.45630726784,8868.45123865979,8869.42912768693,8890.3216624303,NA,NA,912,-0.0135852400166779,0.986540996876102,-2.84298048520646,2.1740700728837,19,"",34.4,37.4,0.0290510120801427,98.2698267166367,2.85483792305854,"cell_0534"
534,"cell_0534",6,"stationary","stationary_selected",-13.1667110687649,10834.7196064963,10856.6189838962,10847.886317565,10871.4446182327,NA,NA,907,-0.0204651612417711,0.991121599969246,-2.91360824188002,2.63535049664978,21,"",34.4,37.4,0.0290510120801427,98.2698267166367,2.85483792305854,"cell_0534"
534,"cell_0534",3,"stationary","stationary_selected",-15.7244542691114,10086.0122582407,10107.537108281,10101.7367125099,10123.8002937391,NA,NA,910,-0.0146432283344094,0.987646539736895,-2.80195868044614,2.39937389584016,22,"",34.4,37.4,0.0290510120801427,98.2698267166367,2.85483792305854,"cell_0534"
534,"cell_0534",12,"stationary","stationary_selected",-19.3979198202469,11506.4596677858,11532.1024933509,11525.857587606,11551.1562909173,NA,NA,901,-0.0182543406027254,0.990261823594886,-2.81779215535602,2.5379877688907,25,"",34.4,37.4,0.0290510120801427,98.2698267166367,2.85483792305854,"cell_0534"
535,"cell_0535",3,"stationary","stationary_selected",-13.6222726069009,10293.687573782,10312.3754016309,10307.3098463889,10328.018840368,NA,NA,910,-0.0171909681635197,0.987651128157953,-2.75989016603467,2.35336872502844,23,"",34.5,37.4,0.47628676859612,98.2698267166367,46.8046182173676,"cell_0535"
535,"cell_0535",1,"stationary","stationary_selected",-17.6856518757249,9099.99546484095,9118.26304285297,9117.68111671668,9137.77738115677,NA,NA,912,-0.0177377817609037,0.985775847573962,-2.59421546508094,2.11618065686803,26,"",34.5,37.4,0.47628676859612,98.2698267166367,46.8046182173676,"cell_0535"
535,"cell_0535",12,"stationary","stationary_selected",-23.5500937622055,11681.8368525714,11707.7101409185,11705.3869463336,11732.0415558852,NA,NA,901,-0.02000300653671,0.98724008993392,-2.65669665106502,2.44450287589735,22,"",34.5,37.4,0.47628676859612,98.2698267166367,46.8046182173676,"cell_0535"
535,"cell_0535",6,"stationary","stationary_selected",-15.287813660243,11010.5309244129,11029.4372931107,11025.8187380732,11047.914734216,NA,NA,907,-0.0223309982195992,0.990106846502597,-2.79501212131529,2.63725821807367,20,"",34.5,37.4,0.47628676859612,98.2698267166367,46.8046182173676,"cell_0535"
536,"cell_0536",12,"stationary","stationary_selected",-25.4216771771044,11900.1636832183,11925.8064033769,11925.5853603954,11951.9454151955,NA,NA,901,-0.0208147482498726,0.984463598857635,-2.70181217533398,2.33186057165788,23,"",34.6,37.4,0.570358643588319,98.2698267166367,56.04904507176,"cell_0536"
536,"cell_0536",6,"stationary","stationary_selected",-18.4184078974977,11214.4548432024,11233.6263672508,11232.8732510999,11255.2159891588,NA,NA,907,-0.0224370895337845,0.990012119196476,-2.65060300632437,2.58794160287627,22,"",34.6,37.4,0.570358643588319,98.2698267166367,56.04904507176,"cell_0536"
536,"cell_0536",1,"stationary","stationary_selected",-16.1367589838119,9336.74193117777,9356.15239008572,9352.87869016159,9373.78477735767,NA,NA,912,-0.0192829107757104,0.986282418743025,-2.49059175547921,2.15845387520256,22,"",34.6,37.4,0.570358643588319,98.2698267166367,56.04904507176,"cell_0536"
536,"cell_0536",3,"stationary","stationary_selected",-14.7119350817611,10519.695367978,10538.9694416589,10534.4073030598,10555.5961184816,NA,NA,910,-0.0181435457069349,0.987802051773273,-2.87351911148083,2.31071048953996,22,"",34.6,37.4,0.570358643588319,98.2698267166367,56.04904507176,"cell_0536"
537,"cell_0537",12,"stationary","stationary_selected",-25.3531138969483,12038.6558323493,12064.2338400704,12064.0089462462,12090.2430516713,NA,NA,901,-0.0216231271397468,0.983625304028163,-2.66475261062787,2.32243520506631,20,"",34.7,37.4,0.314767432521236,98.2698267166367,30.9321410499025,"cell_0537"
537,"cell_0537",1,"stationary","stationary_selected",-15.0808178783755,9464.71406059872,9484.89881382402,9479.7948784771,9501.32682925322,NA,NA,912,-0.0188120216941353,0.986756335817708,-2.5125643917729,2.20867053344936,23,"",34.7,37.4,0.314767432521236,98.2698267166367,30.9321410499025,"cell_0537"
537,"cell_0537",3,"stationary","stationary_selected",-13.9476940881377,10650.3982374498,10669.631285347,10664.3459315379,10685.6625785145,NA,NA,910,-0.017868613022823,0.988217264541152,-2.94186153067371,2.27099168165598,24,"",34.7,37.4,0.314767432521236,98.2698267166367,30.9321410499025,"cell_0537"
537,"cell_0537",6,"stationary","stationary_selected",-18.0498339337373,11345.3216348949,11363.9632654589,11363.3714688286,11385.3761372775,NA,NA,907,-0.0217817547780043,0.990646037799701,-2.63809441936273,2.5476267625519,21,"",34.7,37.4,0.314767432521236,98.2698267166367,30.9321410499025,"cell_0537"
538,"cell_0538",6,"stationary","stationary_selected",-14.8312757708336,11354.2134679803,11369.3906655184,11369.0447437512,11387.8626250744,NA,NA,907,-0.0202195543693139,0.991891377910073,-2.79897941661405,2.51083797977749,20,"",34.8,37.4,0.783745818303909,98.2698267166367,77.0185657546137,"cell_0538"
538,"cell_0538",1,"stationary","stationary_selected",-14.5835221184552,9409.176841109,9429.6791312993,9423.76036322745,9445.90292710313,NA,NA,912,-0.0174914291145447,0.987325467573695,-2.52722167605998,2.17565186711829,22,"",34.8,37.4,0.783745818303909,98.2698267166367,77.0185657546137,"cell_0538"
538,"cell_0538",12,"stationary","stationary_selected",-24.9645753066688,12055.2915250335,12080.9311931323,12080.2561003402,12106.5686654579,NA,NA,901,-0.022995727698125,0.984979221004176,-2.55000066814409,2.32994677736987,20,"",34.8,37.4,0.783745818303909,98.2698267166367,77.0185657546137,"cell_0538"
538,"cell_0538",3,"stationary","stationary_selected",-10.4146934831861,10621.7093505285,10638.4277790436,10632.1240440117,10651.8713783424,NA,NA,910,-0.0156242188934485,0.98933991402914,-2.96598677496444,2.23597039459537,24,"",34.8,37.4,0.783745818303909,98.2698267166367,77.0185657546137,"cell_0538"
539,"cell_0539",3,"stationary","stationary_selected",-12.0050082053313,10565.7734497118,10586.5084859978,10577.7784579171,10600.2895600326,NA,NA,910,-0.0131613727153534,0.98925349423569,-2.94073643452256,2.21165321769247,23,"",34.9,37.4,1,98.2698267166367,98.2698267166367,"cell_0539"
539,"cell_0539",6,"stationary","stationary_selected",-12.8793880800895,11362.3212826532,11383.0138625286,11375.2006707333,11398.6669702981,NA,NA,907,-0.0193773706220479,0.991054114550091,-2.95590824364769,2.41563694639564,18,"",34.9,37.4,1,98.2698267166367,98.2698267166367,"cell_0539"
539,"cell_0539",1,"stationary","stationary_selected",-16.5433179552965,9313.53448318156,9335.74846313154,9330.07780113685,9353.48764708431,NA,NA,912,-0.0166652610571236,0.987461250063653,-2.47017681349976,2.22579069679018,21,"",34.9,37.4,1,98.2698267166367,98.2698267166367,"cell_0539"
539,"cell_0539",12,"stationary","stationary_selected",-23.4398475488961,12109.8052208756,12133.2450684244,12134.9702804198,12159.1818553531,NA,NA,901,-0.0246249208549253,0.983090348058146,-2.43060649820608,2.339383960518,17,"",34.9,37.4,1,98.2698267166367,98.2698267166367,"cell_0539"
540,"cell_0540",6,"stationary","stationary_selected",-16.4534472581017,11411.5823732511,11428.0358205092,11429.4037956392,11445.4038188342,NA,NA,907,-0.0209207390714454,0.988941925051729,-2.92523049379148,2.31573785573158,21,"",35,37.4,1,98.2698267166367,98.2698267166367,"cell_0540"
540,"cell_0540",12,"stationary","stationary_selected",-9.80860833119368,12214.3548945804,12224.1635029116,12229.5494513093,12245.6749120688,NA,NA,901,-0.0293768809885422,0.982826413085815,-2.60906485974018,2.31651254204824,12,"",35,37.4,1,98.2698267166367,98.2698267166367,"cell_0540"
540,"cell_0540",3,"stationary","stationary_selected",-17.4051586049154,10545.3623580066,10564.4950417723,10562.7675166116,10581.969376514,NA,NA,910,-0.0127288665299265,0.988789380890973,-2.81150816120688,2.16638588118777,25,"",35,37.4,1,98.2698267166367,98.2698267166367,"cell_0540"
540,"cell_0540",1,"stationary","stationary_selected",-19.2505677200352,9241.14839715552,9262.71507795112,9260.39896487556,9282.66107510477,NA,NA,912,-0.0150556450892786,0.988004102676204,-2.72126409964348,2.27882830854721,21,"",35,37.4,1,98.2698267166367,98.2698267166367,"cell_0540"
541,"cell_0541",12,"stationary","stationary_selected",-0.639147003501421,12271.1632536314,12272.5221007466,12271.8024006349,12285.7195649378,NA,NA,901,-0.0330251481035366,0.986507829313565,-2.78679094652686,2.29812671157329,20,"",35.1,37.4,1,98.2698267166367,98.2698267166367,"cell_0541"
541,"cell_0541",1,"stationary","stationary_selected",-18.0019368215708,9274.69876417945,9292.70070100102,9293.1883287016,9312.99226909282,NA,NA,912,-0.0135448043490722,0.988660570461622,-2.86311522314489,2.314024307774,21,"",35.1,37.4,1,98.2698267166367,98.2698267166367,"cell_0541"
541,"cell_0541",3,"stationary","stationary_selected",-12.2650533221986,10609.594049551,10621.8591028732,10627.2028899201,10641.7301245656,NA,NA,910,-0.0120076371593941,0.988996548191556,-3.00369781501597,2.23718316490845,23,"",35.1,37.4,1,98.2698267166367,98.2698267166367,"cell_0541"
541,"cell_0541",6,"stationary","stationary_selected",-8.38523913867721,11478.3294888765,11486.7147280152,11495.2970545031,11507.5207432501,NA,NA,907,-0.0237717642782895,0.989074436017606,-2.62225200357069,2.27255176440817,25,"",35.1,37.4,1,98.2698267166367,98.2698267166367,"cell_0541"
542,"cell_0542",1,"stationary","stationary_selected",-18.3980017027643,9336.50818959066,9355.22910438705,9354.90619129343,9375.20523982742,NA,NA,912,-0.0123960001537943,0.988960832395401,-2.88976958908284,2.32936972827794,21,"",35.2,37.4,1,98.2698267166367,98.2698267166367,"cell_0542"
542,"cell_0542",12,"stationary","stationary_selected",1.26609852781439,12261.1459368547,12263.1993380943,12259.8798383269,12274.8939193172,NA,NA,901,-0.032558991140804,0.985975119656609,-2.82606971525972,2.26378146941669,18,"",35.2,37.4,1,98.2698267166367,98.2698267166367,"cell_0542"
542,"cell_0542",3,"stationary","stationary_selected",-14.0052599654973,10661.6097233094,10675.6149832749,10678.6142012827,10694.2765762357,NA,NA,910,-0.0124743760323559,0.987032156772878,-2.99321140724562,2.2900387460922,19,"",35.2,37.4,1,98.2698267166367,98.2698267166367,"cell_0542"
542,"cell_0542",6,"stationary","stationary_selected",-9.92357862959398,11504.7423979547,11514.6659765843,11521.6923960794,11535.5296803613,NA,NA,907,-0.0240412830183198,0.987892170931575,-2.65180339612936,2.23822371700616,20,"",35.2,37.4,1,98.2698267166367,98.2698267166367,"cell_0542"
543,"cell_0543",3,"stationary","stationary_selected",-15.8644919186627,10740.3062361842,10756.1707281029,10756.461680783,10773.9018032139,NA,NA,910,-0.0134027169898016,0.985120661895795,-2.89997195922421,2.27317937627748,18,"",35.3,37.4,1,98.2698267166367,98.2698267166367,"cell_0543"
543,"cell_0543",6,"stationary","stationary_selected",-12.824064992783,11552.9809256873,11565.8049906801,11570.3255268066,11586.9137787241,NA,NA,907,-0.0250122300714404,0.986967814090286,-2.72870559217214,2.1950493082469,20,"",35.3,37.4,1,98.2698267166367,98.2698267166367,"cell_0543"
543,"cell_0543",1,"stationary","stationary_selected",-18.4740927098119,9426.37027545782,9444.84436816763,9445.10620446303,9464.76219651237,NA,NA,912,-0.0116618331696179,0.988718794941966,-2.88937026622882,2.32792977600368,23,"",35.3,37.4,1,98.2698267166367,98.2698267166367,"cell_0543"
543,"cell_0543",12,"stationary","stationary_selected",-0.119227782630333,12262.2480507305,12266.6255884073,12262.3672785131,12278.6450875409,NA,NA,901,-0.0316509156100171,0.985880836292484,-2.80783021966014,2.22131104756523,19,"",35.3,37.4,1,98.2698267166367,98.2698267166367,"cell_0543"
544,"cell_0544",3,"stationary","stationary_selected",-14.2253752322722,10877.550140776,10891.7755160083,10893.7260451287,10909.9559625967,NA,NA,910,-0.0134654725331772,0.984943392765681,-2.91900525691268,2.16905905392174,17,"",35.4,37.4,1,98.2698267166367,98.2698267166367,"cell_0544"
544,"cell_0544",6,"stationary","stationary_selected",-9.5801388602049,11663.9958418266,11673.5759806868,11680.672617973,11694.6622820505,NA,NA,907,-0.0264532706825211,0.987691064295164,-2.84684160225061,2.11390767298054,24,"",35.4,37.4,1,98.2698267166367,98.2698267166367,"cell_0544"
544,"cell_0544",12,"nu_time","moderate_nonstationarity",4.54103213815142,12340.0564318355,12338.3734185317,12335.5153996973,12348.3322865624,NA,-0.15601021567907,901,-0.0421359170448952,0.985210616838916,-2.6658171549928,2.34889362709438,26,"",35.4,37.4,1,98.2698267166367,98.2698267166367,"cell_0544"
544,"cell_0544",1,"stationary","stationary_selected",-17.7479489886027,9570.59136490612,9588.33931389472,9588.66835667694,9608.25813809995,NA,NA,912,-0.0123185498190134,0.988137635910783,-2.92130912107078,2.28214220174536,22,"",35.4,37.4,1,98.2698267166367,98.2698267166367,"cell_0544"
545,"cell_0545",12,"sigma_time","strong_nonstationarity",14.8765038549063,12511.6445394248,12496.7680355699,12496.8219485803,12502.4591164864,-0.0282357187710778,NA,901,-0.0289466289302264,0.987482751517511,-2.75770968076235,2.07397117939389,30,"",35.5,37.4,0.940008550655266,98.2698267166367,92.3744773850498,"cell_0545"
545,"cell_0545",1,"stationary","stationary_selected",-15.0441338935725,9789.87898857076,9804.92312246433,9806.0167405344,9823.93894172064,NA,NA,912,-0.0139007599372485,0.987400744114699,-2.88124571509479,2.17790922307128,22,"",35.5,37.4,0.940008550655266,98.2698267166367,92.3744773850498,"cell_0545"
545,"cell_0545",3,"stationary","stationary_selected",-9.62317142675602,11095.4459490277,11105.0691204544,11112.1978372749,11124.9127875862,NA,NA,910,-0.0141673679222498,0.985922803546199,-2.93667470833016,2.04985458081123,20,"",35.5,37.4,0.940008550655266,98.2698267166367,92.3744773850498,"cell_0545"
545,"cell_0545",6,"stationary","stationary_selected",-1.88158447407295,11857.6755853684,11859.5571698425,11872.4535096101,11880.6022073719,NA,NA,907,-0.0284761165315014,0.989446022222266,-2.89926530834963,2.14288345559146,25,"",35.5,37.4,0.940008550655266,98.2698267166367,92.3744773850498,"cell_0545"
546,"cell_0546",12,"sigma_time","strong_nonstationarity",19.3856337396755,12628.9397057948,12609.5540720551,12626.5016402642,12624.6008712349,-0.0304192145713462,NA,901,-0.0272167807292604,0.989192683707316,-2.67653469682001,2.08116780618004,30,"",35.6,37.4,0.00837234130223563,98.2698267166367,0.822748528983235,"cell_0546"
546,"cell_0546",1,"stationary","stationary_selected",-14.3183014156439,9980.8536269173,9995.17192833295,9998.01638820561,10014.707702097,NA,NA,912,-0.0158020707345655,0.986323741419011,-2.78500949374133,2.13552304386813,22,"",35.6,37.4,0.00837234130223563,98.2698267166367,0.822748528983235,"cell_0546"
546,"cell_0546",3,"stationary","stationary_selected",-9.9910177477941,11274.6703801014,11284.6613978492,11294.2686430701,11306.2072952192,NA,NA,910,-0.0151216053775441,0.985937719512772,-2.86015339330782,2.06425364504743,21,"",35.6,37.4,0.00837234130223563,98.2698267166367,0.822748528983235,"cell_0546"
546,"cell_0546",6,"stationary","stationary_selected",-1.4149569835281,12014.0816624089,12015.4966193924,12033.5302541295,12038.9020348793,NA,NA,907,-0.0278933349544468,0.989021689876968,-2.77174630421087,2.19105462520671,24,"",35.6,37.4,0.00837234130223563,98.2698267166367,0.822748528983235,"cell_0546"
566,"cell_0566",1,"stationary","stationary_selected",-14.8896349514507,9690.45069044657,9709.94663857869,9705.34032539802,9726.40042757638,NA,NA,912,-0.0175588844724677,0.987731300649999,-2.5223244200219,2.29352013257909,23,"",34.8,37.3,0.39384819240308,98.3985854858475,38.7541050286209,"cell_0566"
566,"cell_0566",3,"stationary","stationary_selected",-11.1519862739333,10876.1859706023,10889.1027155267,10887.3379568763,10903.7318892591,NA,NA,910,-0.0147629556429888,0.989697474798075,-2.93133997351614,2.24771209846746,24,"",34.8,37.3,0.39384819240308,98.3985854858475,38.7541050286209,"cell_0566"
566,"cell_0566",6,"stationary","stationary_selected",-11.4692967080809,11596.6314112561,11608.1007079642,11615.5091970738,11630.2821731692,NA,NA,907,-0.0211505646703186,0.989013724020857,-2.60653694085797,2.48134142544546,20,"",34.8,37.3,0.39384819240308,98.3985854858475,38.7541050286209,"cell_0566"
566,"cell_0566",12,"stationary","stationary_selected",-25.4500577441831,12289.659862797,12315.4677709085,12315.1099205412,12341.5815923219,NA,NA,901,-0.0235105416104229,0.982847521858473,-2.59283979810886,2.27007366899111,20,"",34.8,37.3,0.39384819240308,98.3985854858475,38.7541050286209,"cell_0566"
567,"cell_0567",3,"stationary","stationary_selected",-12.8745850174328,10736.6152678407,10754.9656695274,10749.4898528581,10769.5309792399,NA,NA,910,-0.0120846532699756,0.989798961206367,-2.90222460908829,2.22441318930209,23,"",34.9,37.3,1,98.3985854858475,98.3985854858475,"cell_0567"
567,"cell_0567",6,"stationary","stationary_selected",-16.6324454712721,11523.0131890386,11541.656645828,11539.6456345098,11561.3695696282,NA,NA,907,-0.0208862838074149,0.98898165277869,-2.78852764796113,2.39946213026737,22,"",34.9,37.3,1,98.3985854858475,98.3985854858475,"cell_0567"
567,"cell_0567",12,"stationary","stationary_selected",-19.5358176320824,12281.1075135217,12301.8641675205,12300.6433311538,12324.1702139752,NA,NA,901,-0.0263561451725564,0.98272414772563,-2.55944804424235,2.31325697529658,12,"",34.9,37.3,1,98.3985854858475,98.3985854858475,"cell_0567"
567,"cell_0567",1,"stationary","stationary_selected",-17.4727926657306,9516.50839499899,9538.0720855865,9533.98118766472,9556.6281024558,NA,NA,912,-0.0168026412154169,0.987074605628306,-2.473199766556,2.30355366490027,21,"",34.9,37.3,1,98.3985854858475,98.3985854858475,"cell_0567"
568,"cell_0568",1,"stationary","stationary_selected",-19.7462501209739,9387.37433901213,9409.00215095293,9407.12058913311,9429.71882993852,NA,NA,912,-0.0149800287409273,0.987573901653904,-2.68932128245654,2.34684564793824,19,"",35,37.3,1,98.3985854858475,98.3985854858475,"cell_0568"
568,"cell_0568",3,"stationary","stationary_selected",-16.1300798924349,10660.8394144121,10678.9798466599,10676.9694943046,10695.5193473413,NA,NA,910,-0.0110405502648322,0.989271942866236,-2.93756413653477,2.19856895699425,22,"",35,37.3,1,98.3985854858475,98.3985854858475,"cell_0568"
568,"cell_0568",12,"stationary","stationary_selected",-4.27192817733339,12324.6271113296,12330.695682355,12328.8990395069,12344.8531667746,NA,NA,901,-0.0310829008386969,0.985397152335981,-2.62399224805019,2.32792204603749,14,"",35,37.3,1,98.3985854858475,98.3985854858475,"cell_0568"
568,"cell_0568",6,"stationary","stationary_selected",-14.7265236246567,11516.2492266163,11530.975750241,11533.4418241399,11550.1006055091,NA,NA,907,-0.0215819179016687,0.988054643362679,-2.82720655020499,2.31517401618846,22,"",35,37.3,1,98.3985854858475,98.3985854858475,"cell_0568"
569,"cell_0569",1,"stationary","stationary_selected",-18.8495023306405,9365.03964795865,9383.88915028929,9384.83699378467,9404.99043226117,NA,NA,912,-0.0127297689873794,0.988579261043545,-2.82850992409558,2.35818488761419,20,"",35.1,37.3,1,98.3985854858475,98.3985854858475,"cell_0569"
569,"cell_0569",12,"nu_time","moderate_nonstationarity",5.23892058119782,12323.4065079319,12320.5958202186,12318.1675873508,12330.23391759,NA,-0.148811112938102,901,-0.0410757826466861,0.984903622137462,-2.44890334073035,2.53345145609097,9,"",35.1,37.3,1,98.3985854858475,98.3985854858475,"cell_0569"
569,"cell_0569",3,"stationary","stationary_selected",-12.6194350768874,10670.1079687515,10682.7274038284,10686.6547616273,10700.5276467524,NA,NA,910,-0.0110745102125083,0.987902403510099,-2.99783332795657,2.22901305521164,19,"",35.1,37.3,1,98.3985854858475,98.3985854858475,"cell_0569"
569,"cell_0569",6,"stationary","stationary_selected",-7.06503493829587,11529.6372772002,11536.7023121385,11545.7042567753,11556.397587327,NA,NA,907,-0.022754873629633,0.987133692154393,-2.64326593214474,2.2878010980305,21,"",35.1,37.3,1,98.3985854858475,98.3985854858475,"cell_0569"
570,"cell_0570",1,"stationary","stationary_selected",-16.6041026078983,9362.92637458936,9379.53047719726,9382.53529240617,9400.67883079604,NA,NA,912,-0.0113448937935978,0.989007786854242,-2.86424348354446,2.35046060796891,22,"",35.2,37.3,1,98.3985854858475,98.3985854858475,"cell_0570"
570,"cell_0570",12,"nu_time","moderate_nonstationarity",8.169189996348,12300.3694121311,12293.4433911619,12292.2002221348,12302.3564526795,NA,-0.162606440547962,901,-0.0426160715489221,0.984441198592985,-2.58485500262696,2.5333136524441,11,"",35.2,37.3,1,98.3985854858475,98.3985854858475,"cell_0570"
570,"cell_0570",3,"stationary","stationary_selected",-9.33034950576257,10691.3559871472,10700.6863366529,10708.2036953696,10719.3587215072,NA,NA,910,-0.011504773133916,0.986176671469386,-3.0282112331611,2.31069100609322,20,"",35.2,37.3,1,98.3985854858475,98.3985854858475,"cell_0570"
570,"cell_0570",6,"stationary","stationary_selected",-3.10540117067103,11537.4073875408,11540.5127887115,11553.035838059,11560.8080241119,NA,NA,907,-0.0230622011012244,0.986355146784124,-2.69639848080266,2.26558504249041,21,"",35.2,37.3,1,98.3985854858475,98.3985854858475,"cell_0570"
571,"cell_0571",3,"stationary","stationary_selected",-9.29183237931647,10697.1984165356,10706.490248915,10714.379350456,10725.589025067,NA,NA,910,-0.0127935868999893,0.9843604025182,-2.96684359129269,2.37281991713953,20,"",35.3,37.3,1,98.3985854858475,98.3985854858475,"cell_0571"
571,"cell_0571",12,"sigma_time","moderate_nonstationarity",6.9226379308875,12271.9776183889,12265.054980458,12265.9422947223,12275.7440014444,-0.0325817385390452,NA,901,-0.0229831191755606,0.98208120845541,-2.49128899049885,2.17260850196502,12,"",35.3,37.3,1,98.3985854858475,98.3985854858475,"cell_0571"
571,"cell_0571",6,"stationary","stationary_selected",-3.10442287706428,11537.2690236502,11540.3734465272,11553.9850195188,11561.1759839968,NA,NA,907,-0.022371958176787,0.985466730567894,-2.81367348185947,2.22611246706263,18,"",35.3,37.3,1,98.3985854858475,98.3985854858475,"cell_0571"
571,"cell_0571",1,"stationary","stationary_selected",-15.1017576257327,9352.52881167364,9367.63056929937,9371.44403372196,9388.3665135949,NA,NA,912,-0.0101512648613163,0.989384166785922,-2.93409587097364,2.32741944701784,23,"",35.3,37.3,1,98.3985854858475,98.3985854858475,"cell_0571"
572,"cell_0572",6,"stationary","stationary_selected",0.186557655641082,11660.1700006625,11659.9834430068,11675.9745806329,11681.0071059677,NA,NA,907,-0.0245241923811938,0.98709527978827,-2.86948507570413,2.15350326929626,23,"",35.4,37.3,1,98.3985854858475,98.3985854858475,"cell_0572"
572,"cell_0572",1,"stationary","stationary_selected",-14.8578068131555,9525.54608591299,9540.40389272614,9543.35049226124,9560.45664504609,NA,NA,912,-0.0106503618663314,0.989024989852189,-2.92076475666801,2.28565694011991,21,"",35.4,37.3,1,98.3985854858475,98.3985854858475,"cell_0572"
572,"cell_0572",3,"stationary","stationary_selected",-7.52639757658289,10857.4404721804,10864.966869757,10874.6074584503,10884.5201747355,NA,NA,910,-0.0124980841030525,0.984861488662599,-2.95993355270272,2.29024516527636,19,"",35.4,37.3,1,98.3985854858475,98.3985854858475,"cell_0572"
572,"cell_0572",12,"sigma_time","strong_nonstationarity",15.0941300844152,12350.9665111741,12335.8723810897,12338.425110672,12343.7596263906,-0.0328061514976457,NA,901,-0.0248905634409362,0.983094167578689,-2.56224535527268,2.08592502318671,20,"",35.4,37.3,1,98.3985854858475,98.3985854858475,"cell_0572"
573,"cell_0573",1,"stationary","stationary_selected",-14.58613868463,9779.81421551326,9794.40035419789,9797.45033226861,9814.0784898822,NA,NA,912,-0.0122204235276653,0.987971287217854,-2.83117161951921,2.19428616848178,21,"",35.5,37.3,0.840221342877479,98.3985854858475,82.6765916341632,"cell_0573"
573,"cell_0573",12,"sigma_time","strong_nonstationarity",22.8105377480679,12496.0699108451,12473.259373097,12483.8726132629,12482.9622511311,-0.0327349127136164,NA,901,-0.0264220420698502,0.985243343445303,-2.57463783688564,2.01535481756364,26,"",35.5,37.3,0.840221342877479,98.3985854858475,82.6765916341632,"cell_0573"
573,"cell_0573",3,"stationary","stationary_selected",-7.37318520920962,11089.3936636815,11096.7668488907,11107.6425470693,11117.043112992,NA,NA,910,-0.0131173141005,0.985876746455088,-2.92895640077354,2.13743966175925,19,"",35.5,37.3,0.840221342877479,98.3985854858475,82.6765916341632,"cell_0573"
573,"cell_0573",6,"sigma_time","weak_nonstationarity",2.21426148651153,11849.432881679,11847.2186201925,11866.8511151245,11869.2842013919,-0.0303173875382873,NA,907,-0.0233166522623553,0.987114582427386,-2.68164910427393,2.12628687601342,20,"",35.5,37.3,0.840221342877479,98.3985854858475,82.6765916341632,"cell_0573"
574,"cell_0574",1,"stationary","stationary_selected",-14.9339443483659,9990.9736420426,10005.907586391,10009.0380989903,10025.6250673418,NA,NA,912,-0.0137147799283345,0.987140661088221,-2.73253525056413,2.13113792713401,21,"",35.6,37.3,3.24442481939564e-16,98.3985854858475,3.19246812943708e-14,"cell_0574"
574,"cell_0574",12,"sigma_time","strong_nonstationarity",22.6430336424037,12618.1978379922,12595.5548043498,12617.2360523192,12611.8738447936,-0.0326263806211479,NA,901,-0.0263929764575573,0.987508568761621,-2.50213297240625,2.10376337115169,29,"",35.6,37.3,3.24442481939564e-16,98.3985854858475,3.19246812943708e-14,"cell_0574"
574,"cell_0574",3,"stationary","stationary_selected",-9.48545842928434,11282.47303172,11291.9584901493,11301.922120327,11312.3558059666,NA,NA,910,-0.014349132167615,0.986433351160234,-2.90787320786317,2.07051002565484,22,"",35.6,37.3,3.24442481939564e-16,98.3985854858475,3.19246812943708e-14,"cell_0574"
574,"cell_0574",6,"stationary","stationary_selected",0.243778214540725,12012.0659909467,12011.8222127321,12032.7352655732,12034.6371690315,NA,NA,907,-0.0269502308856876,0.989929680736604,-2.83900100415853,2.29516723378696,22,"",35.6,37.3,3.24442481939564e-16,98.3985854858475,3.19246812943708e-14,"cell_0574"
594,"cell_0594",12,"stationary","stationary_selected",-20.6421415120003,12369.2411156316,12393.8505577867,12389.8832571436,12416.1024591356,NA,NA,901,-0.0240660921189162,0.982307394472271,-2.52462733922598,2.26092810629381,16,"",34.8,37.2,0.126800188995776,98.5270408187179,12.493247397008,"cell_0594"
594,"cell_0594",3,"stationary","stationary_selected",-13.3191952378711,10936.3746932648,10951.9176052849,10949.6938885027,10967.9145969877,NA,NA,910,-0.0143726722710529,0.989790960584099,-2.88561188842935,2.28631723461971,23,"",34.8,37.2,0.126800188995776,98.5270408187179,12.493247397008,"cell_0594"
594,"cell_0594",6,"stationary","stationary_selected",-15.9454495622103,11660.6680942356,11676.6135437978,11680.2806446187,11699.0793538089,NA,NA,907,-0.022497066765487,0.988330124224067,-2.54189013231763,2.48725068398414,19,"",34.8,37.2,0.126800188995776,98.5270408187179,12.493247397008,"cell_0594"
594,"cell_0594",1,"stationary","stationary_selected",-16.637616078302,9755.0751336379,9775.25467096331,9771.7127497162,9793.10249299762,NA,NA,912,-0.016935241952552,0.988135207256292,-2.53377719799261,2.34881551314052,23,"",34.8,37.2,0.126800188995776,98.5270408187179,12.493247397008,"cell_0594"
595,"cell_0595",3,"stationary","stationary_selected",-13.9544433407809,10754.1958139603,10772.722157812,10768.1502573011,10787.9620141449,NA,NA,910,-0.0120909343779867,0.990031368855116,-2.8463910407376,2.27115886623207,24,"",34.9,37.2,0.713775186993022,98.5270408187179,70.3261569842495,"cell_0595"
595,"cell_0595",6,"stationary","stationary_selected",-17.3205090023821,11538.7163672677,11557.0363862502,11556.0368762701,11577.23848594,NA,NA,907,-0.0216785357824223,0.989153058745356,-2.70755742038643,2.42499910552027,22,"",34.9,37.2,0.713775186993022,98.5270408187179,70.3261569842495,"cell_0595"
595,"cell_0595",1,"stationary","stationary_selected",-18.5618214191163,9539.41193156644,9560.88605655109,9557.97375298556,9580.37713452172,NA,NA,912,-0.0158627650614175,0.987210271619903,-2.65221668533135,2.36222669548089,21,"",34.9,37.2,0.713775186993022,98.5270408187179,70.3261569842495,"cell_0595"
595,"cell_0595",12,"stationary","stationary_selected",-10.6333796791114,12312.5892197912,12328.5390505653,12323.2225994703,12344.8349091683,NA,NA,901,-0.0274947809733504,0.984658532428219,-2.58045371285707,2.32282848920323,11,"",34.9,37.2,0.713775186993022,98.5270408187179,70.3261569842495,"cell_0595"
596,"cell_0596",12,"nu_time","moderate_nonstationarity",4.44181269240835,12311.8996174327,12313.5517085101,12307.4578047402,12322.2702942077,NA,-0.146950767500936,901,-0.038248720561581,0.986551957818297,-2.4286591599291,2.6002851859668,9,"",35,37.2,0.999575713808297,98.5270408187179,98.4852371557892,"cell_0596"
596,"cell_0596",3,"stationary","stationary_selected",-15.0364732539347,10651.7308393313,10668.0324154333,10666.7673125852,10683.9202194365,NA,NA,910,-0.0103110707788938,0.989028722073315,-2.99294361736411,2.2481259016055,17,"",35,37.2,0.999575713808297,98.5270408187179,98.4852371557892,"cell_0596"
596,"cell_0596",6,"stationary","stationary_selected",-11.8642625039138,11498.6477176082,11510.5119801122,11514.2925542084,11529.1180809374,NA,NA,907,-0.0213661895767979,0.987985014165555,-2.76510845902609,2.35403067071488,19,"",35,37.2,0.999575713808297,98.5270408187179,98.4852371557892,"cell_0596"
596,"cell_0596",1,"stationary","stationary_selected",-19.9741930621276,9382.18937916151,9402.76363696547,9402.16357222364,9423.86546881052,NA,NA,912,-0.0138379621451437,0.988274481346447,-2.75427146397368,2.40173276473655,18,"",35,37.2,0.999575713808297,98.5270408187179,98.4852371557892,"cell_0596"
597,"cell_0597",12,"nu_time","strong_nonstationarity",14.4336836125494,12319.5765406457,12309.999998288,12305.1428570331,12314.8043078225,NA,-0.173706696409843,901,-0.0437742482337462,0.986338385436775,-2.50066113992385,2.64695264849922,9,"",35.1,37.2,1,98.5270408187179,98.5270408187179,"cell_0597"
597,"cell_0597",3,"stationary","stationary_selected",-8.43117800617438,10660.9181330692,10669.3493110754,10676.0077139655,10686.8934712468,NA,NA,910,-0.0108223893315612,0.987203911044858,-3.00624564243029,2.21758787199977,17,"",35.1,37.2,1,98.5270408187179,98.5270408187179,"cell_0597"
597,"cell_0597",6,"stationary","stationary_selected",-1.6557541129132,11520.5808515705,11522.2366056834,11533.6448265568,11540.6319244773,NA,NA,907,-0.0224035398402352,0.987096738260121,-2.63231350522903,2.33109893203898,19,"",35.1,37.2,1,98.5270408187179,98.5270408187179,"cell_0597"
597,"cell_0597",1,"stationary","stationary_selected",-16.6983979986799,9352.97996845648,9369.67836645516,9372.43366248533,9390.81070765556,NA,NA,912,-0.0116758940876323,0.989625222912374,-2.89996622011279,2.40394830244132,20,"",35.1,37.2,1,98.5270408187179,98.5270408187179,"cell_0597"
598,"cell_0598",12,"nu_time","strong_nonstationarity",21.8338784779662,12329.2534778535,12311.5785152236,12307.4195993756,12313.7129123168,NA,-0.193061343336395,901,-0.0475935312458906,0.985540438337398,-2.64137579913557,2.65411833635446,9,"",35.2,37.2,1,98.5270408187179,98.5270408187179,"cell_0598"
598,"cell_0598",3,"stationary","stationary_selected",-0.780762780002988,10694.9859220878,10695.7666848678,10710.0213822085,10714.8928401809,NA,NA,910,-0.0117313546794598,0.985526148685641,-3.00822544817301,2.30657238896376,19,"",35.2,37.2,1,98.5270408187179,98.5270408187179,"cell_0598"
598,"cell_0598",6,"sigma_time","moderate_nonstationarity",7.25402144442342,11553.5983588959,11546.3443374515,11564.0354675433,11564.9112931356,-0.0364711934644149,NA,907,-0.017350597159523,0.984175724504035,-2.66014929104439,2.2480772807602,17,"",35.2,37.2,1,98.5270408187179,98.5270408187179,"cell_0598"
598,"cell_0598",1,"stationary","stationary_selected",-12.2338072625953,9352.74033820842,9364.97414547101,9370.97757606432,9385.62993243244,NA,NA,912,-0.0104236429634122,0.990164758798905,-2.96199869949232,2.43929805248311,21,"",35.2,37.2,1,98.5270408187179,98.5270408187179,"cell_0598"
599,"cell_0599",12,"sigma_time","strong_nonstationarity",19.6868602384911,12308.3548514174,12288.6679911789,12291.8977852932,12295.5593452695,-0.0354008069794359,NA,901,-0.0225384961637767,0.982820427135227,-2.41570029064613,2.19458573991488,9,"",35.3,37.2,1,98.5270408187179,98.5270408187179,"cell_0599"
599,"cell_0599",3,"stationary","stationary_selected",1.43305326865629,10712.3052603623,10710.8722070937,10728.6713649381,10731.0463809939,NA,NA,910,-0.0122980066494815,0.984074852671498,-2.97789774805163,2.36598456683751,19,"",35.3,37.2,1,98.5270408187179,98.5270408187179,"cell_0599"
599,"cell_0599",6,"sigma_time","moderate_nonstationarity",9.88063875878834,11561.4019936366,11551.5213548778,11574.492123828,11571.6425089458,-0.0373485067140222,NA,907,-0.0177838356211819,0.983515663916144,-2.67191449747215,2.20905990528013,15,"",35.3,37.2,1,98.5270408187179,98.5270408187179,"cell_0599"
599,"cell_0599",1,"stationary","stationary_selected",-10.115819809238,9350.74610142329,9360.86192123253,9367.96925370637,9380.72741970714,NA,NA,912,-0.00988104019624613,0.990021689835055,-2.96900425548676,2.4140740631818,22,"",35.3,37.2,1,98.5270408187179,98.5270408187179,"cell_0599"
600,"cell_0600",1,"stationary","stationary_selected",-13.1629932466694,9515.37516996574,9528.53816321241,9533.19927803617,9548.35512986273,NA,NA,912,-0.0102788116633001,0.989298022935695,-2.85670516777604,2.30377014422944,21,"",35.4,37.2,1,98.5270408187179,98.5270408187179,"cell_0600"
600,"cell_0600",12,"sigma_time","strong_nonstationarity",21.0078513587559,12341.2912337176,12320.2833823588,12330.1406667303,12330.5116944876,-0.0351023257360507,NA,901,-0.0234824736193005,0.982821877907416,-2.46947786849551,2.10158174269468,14,"",35.4,37.2,1,98.5270408187179,98.5270408187179,"cell_0600"
600,"cell_0600",3,"stationary","stationary_selected",-3.75632484837479,10848.4926503183,10852.2489751667,10867.228408246,10872.542443073,NA,NA,910,-0.0120965194523829,0.984805402974992,-2.94703844570215,2.33325684529694,17,"",35.4,37.2,1,98.5270408187179,98.5270408187179,"cell_0600"
600,"cell_0600",6,"sigma_time","moderate_nonstationarity",5.5419736106287,11651.8073196857,11646.265346075,11668.7614191597,11666.9966628486,-0.0377031438918615,NA,907,-0.0200797143770087,0.985023934534485,-2.80648063082966,2.15348977363304,17,"",35.4,37.2,1,98.5270408187179,98.5270408187179,"cell_0600"
601,"cell_0601",12,"sigma_time","strong_nonstationarity",24.4241205501639,12454.0046935233,12429.5805729731,12448.7528298113,12443.7634364866,-0.0337928421326199,NA,901,-0.0247045246991214,0.984003909498725,-2.53882800809765,2.01100335011386,21,"",35.5,37.2,0.490835283370878,98.5270408187179,48.3605479999495,"cell_0601"
601,"cell_0601",3,"stationary","stationary_selected",-7.46908706309296,11062.1670380751,11069.6361251382,11081.3625568516,11089.6928980564,NA,NA,910,-0.0126477791577267,0.98629032961347,-2.954267993357,2.1925692436353,20,"",35.5,37.2,0.490835283370878,98.5270408187179,48.3605479999495,"cell_0601"
601,"cell_0601",6,"sigma_time","weak_nonstationarity",2.58549679218959,11818.08093164,11815.4954348478,11837.3860047242,11836.6886456032,-0.0318208894721142,NA,907,-0.022594381935538,0.987787075217185,-2.908322325406,2.09299601725483,23,"",35.5,37.2,0.490835283370878,98.5270408187179,48.3605479999495,"cell_0601"
601,"cell_0601",1,"stationary","stationary_selected",-14.7550341808001,9759.34202302729,9774.09705720809,9777.10860315135,9793.49037332123,NA,NA,912,-0.0109279769258728,0.988584426444282,-2.76320543597209,2.21770772664516,20,"",35.5,37.2,0.490835283370878,98.5270408187179,48.3605479999495,"cell_0601"
624,"cell_0624",12,"nu_time","moderate_nonstationarity",9.56181359500079,12104.0389007776,12099.3532869642,12094.4770871826,12106.879766887,NA,-0.164432846411732,901,-0.0374451775993108,0.987938526006489,-2.40058329433975,2.7530364932688,7,"",35,37.1,0.737773124728837,98.6551923731842,72.7851495478886,"cell_0624"
624,"cell_0624",3,"stationary","stationary_selected",-7.42447571127377,10399.9272222984,10407.3516980097,10415.2363672574,10424.5543212918,NA,NA,910,-0.0114002797956304,0.987965821476012,-2.85684631415049,2.33326558833728,20,"",35,37.1,0.737773124728837,98.6551923731842,72.7851495478886,"cell_0624"
624,"cell_0624",6,"stationary","stationary_selected",-1.57968171813445,11267.3034511298,11268.883132848,11280.0751284153,11286.0523594191,NA,NA,907,-0.0205823559652893,0.988109848713523,-2.74034397608007,2.4643647419905,21,"",35,37.1,0.737773124728837,98.6551923731842,72.7851495478886,"cell_0624"
624,"cell_0624",1,"stationary","stationary_selected",-16.5876321575488,9092.08940899366,9108.6770411512,9110.17534592471,9128.45416226681,NA,NA,912,-0.0131423154344097,0.989418786524945,-2.88838789449048,2.50674475222168,21,"",35,37.1,0.737773124728837,98.6551923731842,72.7851495478886,"cell_0624"
625,"cell_0625",12,"nu_time","strong_nonstationarity",30.7585684433125,12198.0501193541,12178.9419633414,12167.2915509108,12175.6277804313,NA,-0.208565870921673,901,-0.0455762274852868,0.988325263660633,-2.47786834448676,2.8145904117383,9,"",35.1,37.1,1,98.6551923731842,98.6551923731842,"cell_0625"
625,"cell_0625",3,"sigma_time","strong_nonstationarity",10.801329874057,10495.0971432914,10484.2958134173,10504.9960577265,10503.4071595357,-0.0627245821652961,NA,910,-0.00685665942716155,0.986536542778068,-2.84624061707922,2.40890205324206,15,"",35.1,37.1,1,98.6551923731842,98.6551923731842,"cell_0625"
625,"cell_0625",6,"sigma_time","strong_nonstationarity",16.0268836832583,11383.5585126278,11367.5316289446,11383.633209791,11383.1798207858,-0.0348743324096241,NA,907,-0.0147626169291989,0.985254951671834,-2.63805494943447,2.37775635065148,16,"",35.1,37.1,1,98.6551923731842,98.6551923731842,"cell_0625"
625,"cell_0625",1,"stationary","stationary_selected",-6.44731602246247,9131.29244441937,9137.73976044183,9146.17277283062,9156.80685585185,NA,NA,912,-0.0107676755604974,0.990912511246222,-3.09334929452691,2.54930010241252,21,"",35.1,37.1,1,98.6551923731842,98.6551923731842,"cell_0625"
626,"cell_0626",6,"sigma_time","strong_nonstationarity",21.4023744582664,11495.3510409983,11473.94866654,11490.3035151185,11487.8815671977,-0.0345476235982629,NA,907,-0.0160464572851175,0.985340459067608,-2.56343619946978,2.33461774089238,15,"",35.2,37.1,1,98.6551923731842,98.6551923731842,"cell_0626"
626,"cell_0626",1,"stationary","stationary_selected",-1.68430603060551,9222.05223367888,9223.73653970948,9233.92206541758,9241.36111023154,NA,NA,912,-0.00986539108212168,0.99148510950209,-3.15537420435296,2.64184291340312,23,"",35.2,37.1,1,98.6551923731842,98.6551923731842,"cell_0626"
626,"cell_0626",3,"sigma_time","strong_nonstationarity",16.5602762583239,10615.0067944188,10598.4465181605,10621.393686879,10617.6716141952,-0.0589180643376738,NA,910,-0.00621707343778755,0.985518949463711,-2.81208866729788,2.53514937313704,15,"",35.2,37.1,1,98.6551923731842,98.6551923731842,"cell_0626"
626,"cell_0626",12,"nu_time","strong_nonstationarity",44.1029924776158,12282.8342445372,12257.5277793617,12238.7312520595,12246.0377096585,NA,-0.230120234930202,901,-0.0507672352446492,0.987381122988061,-2.63704890563752,2.79504641254659,8,"",35.2,37.1,1,98.6551923731842,98.6551923731842,"cell_0626"
627,"cell_0627",12,"nu_time","strong_nonstationarity",18.7122132852055,12252.0948953007,12235.8398951289,12233.3826820155,12239.7512090135,NA,-0.185189936136116,901,-0.0452514538947733,0.984610295278092,-2.7341964707044,2.64752218621815,9,"",35.3,37.1,1,98.6551923731842,98.6551923731842,"cell_0627"
627,"cell_0627",1,"stationary","stationary_selected",-6.20968211413492,9277.93404173918,9284.14372385332,9291.98850359586,9302.03206588632,NA,NA,912,-0.00939189668324283,0.990895729090722,-3.11503611144653,2.63441898883458,22,"",35.3,37.1,1,98.6551923731842,98.6551923731842,"cell_0627"
627,"cell_0627",3,"sigma_time","moderate_nonstationarity",6.14364858810404,10658.0041336464,10651.8604850583,10673.4545233975,10673.4491600991,-0.0542238114130363,NA,910,-0.00847449863522576,0.985708887801482,-2.85633942597852,2.53303277209972,14,"",35.3,37.1,1,98.6551923731842,98.6551923731842,"cell_0627"
627,"cell_0627",6,"sigma_time","strong_nonstationarity",10.9736753997531,11512.0452509365,11501.0715755367,11522.8395887836,11520.8784151175,-0.0330622251224264,NA,907,-0.0178587880739106,0.984817495863098,-2.66563845002497,2.29028247958135,15,"",35.3,37.1,1,98.6551923731842,98.6551923731842,"cell_0627"
628,"cell_0628",12,"sigma_time","strong_nonstationarity",21.1893892303087,12272.3647015831,12251.1753123528,12258.834946533,12259.1931283526,-0.0353596466401669,NA,901,-0.0231912158582779,0.983158470659685,-2.4544921533988,2.13957372065385,16,"",35.4,37.1,1,98.6551923731842,98.6551923731842,"cell_0628"
628,"cell_0628",6,"sigma_time","moderate_nonstationarity",7.23214645224834,11582.7721232675,11575.5399768153,11598.3403601924,11595.8958575222,-0.0352602175775178,NA,907,-0.0197023120383062,0.986596826532647,-2.86749503570553,2.23376783813998,17,"",35.4,37.1,1,98.6551923731842,98.6551923731842,"cell_0628"
628,"cell_0628",3,"stationary","stationary_selected",-1.22139925726333,10780.8984897344,10782.1198889917,10799.0302311385,10802.8391352725,NA,NA,910,-0.0109524632036009,0.986931367475249,-2.96738355442551,2.39403072914272,17,"",35.4,37.1,1,98.6551923731842,98.6551923731842,"cell_0628"
628,"cell_0628",1,"stationary","stationary_selected",-10.7223643167672,9447.65835980515,9458.38072412192,9463.43984951598,9476.50943324382,NA,NA,912,-0.00983284803464438,0.990351827416994,-2.95089522194386,2.43434841366567,22,"",35.4,37.1,1,98.6551923731842,98.6551923731842,"cell_0628"
629,"cell_0629",6,"sigma_time","moderate_nonstationarity",6.07182660446233,11712.7945222686,11706.7226956642,11730.2873731759,11727.4103822908,-0.0324322571995721,NA,907,-0.0212662856595182,0.989030828773991,-2.95463180192284,2.14626778099498,22,"",35.5,37.1,0.815932845137774,98.6551923731842,80.4960118006666,"cell_0629"
629,"cell_0629",12,"sigma_time","strong_nonstationarity",28.4192073369632,12356.2040001456,12327.7847928087,12346.1734766765,12339.1775863343,-0.0346135256779024,NA,901,-0.0242323505340928,0.983807577762789,-2.52331782351679,1.98461815399295,19,"",35.5,37.1,0.815932845137774,98.6551923731842,80.4960118006666,"cell_0629"
629,"cell_0629",3,"stationary","stationary_selected",-4.29895917997055,10954.503903383,10958.802862563,10972.9666482265,10978.9260291247,NA,NA,910,-0.0117169958763443,0.988175579376522,-2.98214522985126,2.25087421142832,16,"",35.5,37.1,0.815932845137774,98.6551923731842,80.4960118006666,"cell_0629"
629,"cell_0629",1,"stationary","stationary_selected",-11.6468785138168,9655.20956006628,9666.8564385801,9670.81453084886,9684.8336891825,NA,NA,912,-0.010509476995845,0.989660210653644,-2.86415187789146,2.25833662326055,21,"",35.5,37.1,0.815932845137774,98.6551923731842,80.4960118006666,"cell_0629"
630,"cell_0630",3,"stationary","stationary_selected",-7.30648668405411,11141.1296783214,11148.4361650055,11159.6427136254,11168.0162127981,NA,NA,910,-0.0130158088888254,0.98891365186245,-2.96517776169837,2.13026583054158,19,"",35.6,37.1,0.00530464949257101,98.6551923731842,0.523331216161907,"cell_0630"
630,"cell_0630",6,"sigma_time","weak_nonstationarity",2.41422744462943,11863.1777748991,11860.7635474545,11883.7706603191,11882.3720378809,-0.0295215852897492,NA,907,-0.0227625593623058,0.991065449908379,-3.07738421769801,2.23099779316909,25,"",35.6,37.1,0.00530464949257101,98.6551923731842,0.523331216161907,"cell_0630"
630,"cell_0630",1,"stationary","stationary_selected",-11.5004216651487,9862.76364134442,9874.26406300957,9877.53501974973,9892.00951937431,NA,NA,912,-0.0116229159823647,0.988856447909056,-2.892666529525,2.16270140982516,20,"",35.6,37.1,0.00530464949257101,98.6551923731842,0.523331216161907,"cell_0630"
630,"cell_0630",12,"sigma_time","strong_nonstationarity",26.9724092024517,12462.3576789169,12435.3852697144,12463.3929188457,12452.5252302016,-0.0340337123668222,NA,901,-0.0252200219877534,0.985551877672854,-2.5494200129774,2.03622075816131,23,"",35.6,37.1,0.00530464949257101,98.6551923731842,0.523331216161907,"cell_0630"
652,"cell_0652",3,"sigma_time","strong_nonstationarity",30.9355132878827,10174.2315197712,10143.2960064833,10177.9092726256,10163.5515222111,-0.0512642875766072,NA,910,-0.0085663443570231,0.985836076076566,-2.80059053315659,2.48600062876415,14,"",35,37,0.691657698551062,98.7830398083115,68.3240499696946,"cell_0652"
652,"cell_0652",12,"sigma_time","strong_nonstationarity",17.6075352157986,11937.2970240172,11919.6894888014,11923.3590090874,11929.3531723508,-0.0385701791198369,NA,901,-0.0185518855457957,0.985009681053573,-2.50430321149724,2.48756020922878,5,"",35,37,0.691657698551062,98.7830398083115,68.3240499696946,"cell_0652"
652,"cell_0652",6,"sigma_time","strong_nonstationarity",30.3224358380849,11096.9068402906,11066.5844044525,11090.994834887,11085.3316008121,-0.0347894233143248,NA,907,-0.0117916553821823,0.984321025169131,-2.57167162157612,2.49923882486917,14,"",35,37,0.691657698551062,98.7830398083115,68.3240499696946,"cell_0652"
652,"cell_0652",1,"sigma_time","moderate_nonstationarity",6.61893671494363,8765.64068994485,8759.02175322991,8774.22807198913,8774.47263291438,-0.029742592231537,NA,912,-0.00999370546405039,0.989914275966544,-3.12330662240983,2.60473888388113,20,"",35,37,0.691657698551062,98.7830398083115,68.3240499696946,"cell_0652"
653,"cell_0653",12,"nu_time","strong_nonstationarity",22.5819072310533,12047.195224933,12024.8440307021,12024.6133177019,12029.4818356726,NA,-0.191847089782425,901,-0.0433882115966942,0.988675838129053,-2.32501625807882,2.8626147085887,12,"",35.1,37,1,98.7830398083115,98.7830398083115,"cell_0653"
653,"cell_0653",6,"sigma_time","strong_nonstationarity",31.5347406838064,11238.7307530283,11207.1960123445,11230.9934388899,11225.1747481554,-0.0335368462555114,NA,907,-0.0131622816236385,0.984796209315935,-2.50069700173466,2.46488048876242,13,"",35.1,37,1,98.7830398083115,98.7830398083115,"cell_0653"
653,"cell_0653",1,"sigma_time","strong_nonstationarity",11.3417921639229,8907.46784488975,8896.12605272582,8912.92436307746,8911.14005294198,-0.039964701044774,NA,912,-0.00734600931517509,0.991458816219585,-3.22192368953986,2.61640312177868,22,"",35.1,37,1,98.7830398083115,98.7830398083115,"cell_0653"
653,"cell_0653",3,"sigma_time","strong_nonstationarity",34.0364982552674,10329.8387107482,10295.802212493,10330.6024650301,10316.6470871061,-0.0559654891222304,NA,910,-0.00757455258266534,0.986179086202648,-2.84440247117331,2.64945406987313,14,"",35.1,37,1,98.7830398083115,98.7830398083115,"cell_0653"
654,"cell_0654",12,"nu_time","strong_nonstationarity",21.2200737880066,12135.7450074865,12115.4265079099,12114.5249336985,12119.4137872879,NA,-0.192569704485064,901,-0.045459109879179,0.986325310571752,-2.51208763055363,2.77585249513172,14,"",35.2,37,1,98.7830398083115,98.7830398083115,"cell_0654"
654,"cell_0654",6,"sigma_time","strong_nonstationarity",23.3249136707218,11367.2596222007,11343.93470853,11366.4774898213,11362.1307497633,-0.0321091211728356,NA,907,-0.0155470695024866,0.98523190231959,-2.5801022327856,2.41613693618878,16,"",35.2,37,1,98.7830398083115,98.7830398083115,"cell_0654"
654,"cell_0654",1,"sigma_time","moderate_nonstationarity",6.11211646079937,9089.77889441347,9083.66677795267,9095.77497547881,9097.87901072692,-0.0429025673803247,NA,912,-0.00591866045067841,0.991557564054766,-3.14022486794063,2.73450289187492,20,"",35.2,37,1,98.7830398083115,98.7830398083115,"cell_0654"
654,"cell_0654",3,"sigma_time","strong_nonstationarity",23.0225579015059,10492.3918536602,10469.3692957587,10499.5904682745,10491.0162671751,-0.0531834793286768,NA,910,-0.00740811417602811,0.987023413659944,-2.94181725572821,2.62993608323018,15,"",35.2,37,1,98.7830398083115,98.7830398083115,"cell_0654"
655,"cell_0655",12,"sigma_time","strong_nonstationarity",17.2689214996499,12203.1048373956,12185.8359158959,12188.154851748,12192.2991120874,-0.0343852460553635,NA,901,-0.0225949538779857,0.984273973319166,-2.56983853026501,2.28934469084534,14,"",35.3,37,1,98.7830398083115,98.7830398083115,"cell_0655"
655,"cell_0655",6,"sigma_time","strong_nonstationarity",14.6407460550199,11477.4618436194,11462.8210975644,11485.9829692682,11482.6890793177,-0.031264168898973,NA,907,-0.0176462544419155,0.986145360057085,-2.6838704018934,2.36328611675351,19,"",35.3,37,1,98.7830398083115,98.7830398083115,"cell_0655"
655,"cell_0655",1,"stationary","stationary_selected",1.11182283158996,9263.41035034537,9262.29852751378,9270.58262663739,9276.54129870749,NA,NA,912,-0.00956675547843935,0.991762014251395,-3.21685497668052,2.73500551567646,21,"",35.3,37,1,98.7830398083115,98.7830398083115,"cell_0655"
655,"cell_0655",3,"sigma_time","strong_nonstationarity",11.5692824376874,10640.3580743469,10628.7887919092,10653.0280096104,10650.8227841306,-0.0485237734449999,NA,910,-0.00744815780823738,0.987752044567661,-2.96920871105636,2.57117147810894,13,"",35.3,37,1,98.7830398083115,98.7830398083115,"cell_0655"
656,"cell_0656",3,"sigma_time","weak_nonstationarity",2.98224087496237,10743.6360180811,10740.6537772061,10759.3033391222,10761.9758393289,-0.0417579260863528,NA,910,-0.00740544579299529,0.988431773046632,-3.00903910929904,2.51332445495692,13,"",35.4,37,0.987225122928585,98.7830398083115,97.5210986180196,"cell_0656"
656,"cell_0656",1,"stationary","stationary_selected",-2.43603188694215,9404.5442905634,9406.98032245034,9413.61677128774,9422.02708008139,NA,NA,912,-0.00932270849758824,0.991094595046087,-3.11523311813263,2.57912710728452,22,"",35.4,37,0.987225122928585,98.7830398083115,97.5210986180196,"cell_0656"
656,"cell_0656",6,"sigma_time","moderate_nonstationarity",9.05296606722186,11537.0448252759,11527.9918592087,11551.3543983208,11548.7639087122,-0.032731716273735,NA,907,-0.0194596533178962,0.987822328973066,-2.84400796415689,2.30457221314245,22,"",35.4,37,0.987225122928585,98.7830398083115,97.5210986180196,"cell_0656"
656,"cell_0656",12,"sigma_time","strong_nonstationarity",20.6898605374699,12216.0380757456,12195.3482152081,12205.6011347435,12204.5154830272,-0.0356308138330135,NA,901,-0.0238378478566764,0.984295589406813,-2.50547492294053,2.20684004043098,16,"",35.4,37,0.987225122928585,98.7830398083115,97.5210986180196,"cell_0656"
657,"cell_0657",12,"sigma_time","strong_nonstationarity",28.501564260212,12241.8640291171,12213.3624648569,12236.4982152467,12226.6122742895,-0.0350727927384834,NA,901,-0.0247651483522645,0.984118583950944,-2.50895790731077,2.03582787438077,19,"",35.5,37,0.0664330404519671,98.7830398083115,6.56245767955384,"cell_0657"
657,"cell_0657",1,"stationary","stationary_selected",-4.50809187646155,9557.61364841192,9562.12174028838,9567.71012562706,9577.94345075253,NA,NA,912,-0.00986841192355286,0.990225664723414,-2.95723279761924,2.31386869558036,22,"",35.5,37,0.0664330404519671,98.7830398083115,6.56245767955384,"cell_0657"
657,"cell_0657",6,"sigma_time","moderate_nonstationarity",5.73630050666725,11608.5291793735,11602.7928788669,11626.2385813103,11624.1560961516,-0.0328798880680728,NA,907,-0.0207489307510085,0.989895810847086,-2.9668505661361,2.17778201324224,22,"",35.5,37,0.0664330404519671,98.7830398083115,6.56245767955384,"cell_0657"
657,"cell_0657",3,"stationary","stationary_selected",-2.45525505922888,10857.415492611,10859.8707476702,10874.5250385082,10880.1410547492,NA,NA,910,-0.0113825789643364,0.990118519283359,-3.04740608200387,2.36290674295617,16,"",35.5,37,0.0664330404519671,98.7830398083115,6.56245767955384,"cell_0657"
680,"cell_0680",12,"sigma_time","strong_nonstationarity",28.7355081465194,11957.0135563325,11928.278048186,11938.1595742988,11936.9254054349,-0.0401236255874556,NA,901,-0.0190024764012865,0.985287429829934,-2.56191362040763,2.47937616547008,8,"",35,36.9,0.681797410205783,98.9105827840118,67.436979184084,"cell_0680"
680,"cell_0680",6,"sigma_time","strong_nonstationarity",48.4562297026605,11126.1092460636,11077.653016361,11108.2047546327,11096.1405206598,-0.037529072340827,NA,907,-0.00947613023004005,0.98509849227868,-2.56350682597393,2.52780295651118,10,"",35,36.9,0.681797410205783,98.9105827840118,67.436979184084,"cell_0680"
680,"cell_0680",3,"sigma_time","strong_nonstationarity",55.3577952610067,10185.962187536,10130.604392275,10172.8537034997,10150.8788917451,-0.0558205826965061,NA,910,-0.00894312352886448,0.986112413798257,-2.98595430367207,2.76867271676532,16,"",35,36.9,0.681797410205783,98.9105827840118,67.436979184084,"cell_0680"
680,"cell_0680",1,"sigma_time","strong_nonstationarity",24.2815513496043,8726.0745797314,8701.7930283818,8724.3913533259,8714.01471583841,-0.0360715886011684,NA,912,-0.0105301853150653,0.989893334955333,-3.41363293939417,2.61573071895826,22,"",35,36.9,0.681797410205783,98.9105827840118,67.436979184084,"cell_0680"
681,"cell_0681",6,"sigma_time","strong_nonstationarity",36.0799451863804,11197.2808453071,11161.2009001207,11191.689790862,11181.4964556123,-0.0364232760612638,NA,907,-0.0127409347849915,0.984966584160799,-2.58282431167762,2.49208973266511,11,"",35.1,36.9,1,98.9105827840118,98.9105827840118,"cell_0681"
681,"cell_0681",1,"sigma_time","strong_nonstationarity",16.2942976955292,8866.46517745987,8850.17087976434,8868.84801982912,8862.76389903665,-0.0368178837434883,NA,912,-0.00902511164639157,0.990446980307701,-3.28756817928677,2.63750321561649,20,"",35.1,36.9,1,98.9105827840118,98.9105827840118,"cell_0681"
681,"cell_0681",12,"sigma_time","strong_nonstationarity",23.1022493677156,11996.206309221,11973.1040598533,11985.3733532194,11984.6658320418,-0.0394532478544547,NA,901,-0.01938030573241,0.98470723675713,-2.60014475891009,2.42307830103006,11,"",35.1,36.9,1,98.9105827840118,98.9105827840118,"cell_0681"
681,"cell_0681",3,"sigma_time","strong_nonstationarity",39.2909112947546,10289.4379044669,10250.1469931722,10289.3556273861,10271.4983006007,-0.0544851322242733,NA,910,-0.00941375673421938,0.986821695192727,-2.8148382499104,2.71935836755176,13,"",35.1,36.9,1,98.9105827840118,98.9105827840118,"cell_0681"
682,"cell_0682",6,"sigma_time","strong_nonstationarity",25.3393305634381,11328.9503147175,11303.610984154,11329.9862629876,11323.2368483646,-0.0344631753243219,NA,907,-0.0151202271312097,0.985730942333868,-2.66773725787836,2.44434424904554,18,"",35.2,36.9,1,98.9105827840118,98.9105827840118,"cell_0682"
682,"cell_0682",3,"sigma_time","strong_nonstationarity",24.1540641317806,10463.8030399147,10439.6489757829,10471.3759408947,10461.6056376822,-0.0514858876119584,NA,910,-0.00826281741391817,0.988437751921225,-2.97173236818702,2.67543275725057,14,"",35.2,36.9,1,98.9105827840118,98.9105827840118,"cell_0682"
682,"cell_0682",1,"sigma_time","moderate_nonstationarity",9.41804099387991,9075.28275886253,9065.86471786865,9077.59674515248,9078.79717482941,-0.0391361116027249,NA,912,-0.00682980548103582,0.990653043446928,-3.18411434133045,2.7098517096864,20,"",35.2,36.9,1,98.9105827840118,98.9105827840118,"cell_0682"
682,"cell_0682",12,"sigma_time","strong_nonstationarity",21.6245806621646,12086.4401576387,12064.8155769765,12075.2143085348,12074.7890649659,-0.0378312739257542,NA,901,-0.0200753718932946,0.985187494799752,-2.59898739882852,2.36627254234279,14,"",35.2,36.9,1,98.9105827840118,98.9105827840118,"cell_0682"
683,"cell_0683",6,"sigma_time","strong_nonstationarity",16.7975906731699,11468.7082512499,11451.9106605768,11476.0755709246,11471.731203284,-0.0334600701988089,NA,907,-0.0166572597297212,0.986789696393359,-2.69837443724362,2.38139225022565,20,"",35.3,36.9,0.983354279285354,98.9105827840118,97.2641448472663,"cell_0683"
683,"cell_0683",12,"sigma_time","strong_nonstationarity",20.144789146043,12186.5841562451,12166.4393670991,12175.7215503492,12175.2681505459,-0.0358548881960791,NA,901,-0.0208234918766089,0.985122991532601,-2.57272702572786,2.29551366834246,15,"",35.3,36.9,0.983354279285354,98.9105827840118,97.2641448472663,"cell_0683"
683,"cell_0683",3,"sigma_time","strong_nonstationarity",13.4078678775022,10641.1339607021,10627.7260928246,10651.9194039797,10649.6034161842,-0.0473570162842682,NA,910,-0.00727970965632115,0.989228221656222,-3.02087076291204,2.61193737010876,14,"",35.3,36.9,0.983354279285354,98.9105827840118,97.2641448472663,"cell_0683"
683,"cell_0683",1,"sigma_time","moderate_nonstationarity",5.21835182664472,9275.41306558932,9270.19471376268,9277.39626689665,9283.41118255514,-0.0424508103888148,NA,912,-0.00541192180428352,0.990412506840758,-3.13251662534707,2.7376810968358,23,"",35.3,36.9,0.983354279285354,98.9105827840118,97.2641448472663,"cell_0683"
684,"cell_0684",12,"sigma_time","strong_nonstationarity",24.3710714759545,12173.4874812701,12149.1164097942,12167.2055655273,12160.1061780658,-0.0366383576229371,NA,901,-0.0232737525344743,0.9850637443745,-2.51586953421303,2.22313969589444,19,"",35.4,36.9,0.328848931637947,98.9105827840118,32.526639476209,"cell_0684"
684,"cell_0684",1,"stationary","stationary_selected",1.94365200969696,9386.58223158337,9384.63857957367,9389.97471107728,9398.35517643868,NA,NA,912,-0.009738096892957,0.990767965062654,-3.18794904764232,2.63764068754767,22,"",35.4,36.9,0.328848931637947,98.9105827840118,32.526639476209,"cell_0684"
684,"cell_0684",3,"sigma_time","moderate_nonstationarity",4.11283122291752,10712.1572339641,10708.0444027412,10726.0419127335,10728.8453138571,-0.040353146364005,NA,910,-0.00701878581549088,0.989870040299826,-3.0980761991208,2.54967473643924,14,"",35.4,36.9,0.328848931637947,98.9105827840118,32.526639476209,"cell_0684"
684,"cell_0684",6,"sigma_time","strong_nonstationarity",10.1203852100552,11497.5759778419,11487.4555926318,11510.9525236813,11507.9948462235,-0.0337423691504551,NA,907,-0.0186333524511772,0.988301482927674,-2.85241476438362,2.33268009753058,21,"",35.4,36.9,0.328848931637947,98.9105827840118,32.526639476209,"cell_0684"
707,"cell_0707",12,"sigma_nu_time","strong_nonstationarity",50.2111422753223,12127.7241810857,12086.9488377724,12082.0543576911,12077.5130388104,-0.0259789414220433,-0.170874422991262,901,-0.0171246050833599,0.991211771256604,-2.35394565734764,2.86613074937452,14,"",34.9,36.8,0.0598066566200527,99.0378209613647,5.9231209506346,"cell_0707"
707,"cell_0707",1,"sigma_time","strong_nonstationarity",26.0292464236518,8825.33698111675,8799.30773469309,8813.78735587698,8808.8272687051,-0.0415482751866208,NA,912,-0.00630910761529742,0.989803920219207,-3.50411274676425,2.57595005038342,21,"",34.9,36.8,0.0598066566200527,99.0378209613647,5.9231209506346,"cell_0707"
707,"cell_0707",3,"sigma_time","strong_nonstationarity",60.4455585762425,10304.0055447541,10243.5599861778,10273.3398615855,10256.2701448436,-0.05698306109026,NA,910,-0.00388692631752001,0.988627655495106,-3.18477480630657,2.78387567412692,11,"",34.9,36.8,0.0598066566200527,99.0378209613647,5.9231209506346,"cell_0707"
707,"cell_0707",6,"sigma_time","strong_nonstationarity",55.0917496398706,11269.4176718344,11214.3259221945,11229.4865679829,11219.4162003257,-0.0410907881713542,NA,907,-0.00674662961771109,0.988168764962861,-2.78511872087198,2.58083262122981,11,"",34.9,36.8,0.0598066566200527,99.0378209613647,5.9231209506346,"cell_0707"
708,"cell_0708",1,"sigma_time","strong_nonstationarity",22.7722458504504,8813.43566104692,8790.66341519647,8808.72877392118,8802.23209276168,-0.038989205960812,NA,912,-0.0089439141826636,0.988235896206905,-3.35784439036031,2.79032636619709,17,"",35,36.8,0.786002753579368,99.0378209613647,77.8439999841332,"cell_0708"
708,"cell_0708",3,"sigma_time","strong_nonstationarity",49.571195043909,10270.5493952857,10220.9782002418,10259.1560069095,10240.1184331513,-0.0579164553074733,NA,910,-0.00738839144554789,0.987381057888823,-2.97293367749423,2.73981819958498,15,"",35,36.8,0.786002753579368,99.0378209613647,77.8439999841332,"cell_0708"
708,"cell_0708",6,"sigma_time","strong_nonstationarity",45.0322807994598,11239.6908047982,11194.6585239988,11224.7044625903,11212.4399802259,-0.0438628798722146,NA,907,-0.00796033235240971,0.985946079759153,-2.5306693353493,2.48856241119992,12,"",35,36.8,0.786002753579368,99.0378209613647,77.8439999841332,"cell_0708"
708,"cell_0708",12,"sigma_time","strong_nonstationarity",26.1435866990196,12097.6313551892,12071.4877684902,12083.9623680296,12079.8826447056,-0.0416375883351728,NA,901,-0.0166708021373037,0.984823129049661,-2.56502569757867,2.37267663233678,9,"",35,36.8,0.786002753579368,99.0378209613647,77.8439999841332,"cell_0708"
709,"cell_0709",3,"sigma_time","strong_nonstationarity",34.3847743594251,10365.3565345631,10330.9717602037,10365.5037518645,10350.855730371,-0.0585545895211303,NA,910,-0.0069954991518488,0.989137507010536,-2.92766351276103,2.75054051731429,13,"",35.1,36.8,1,99.0378209613647,99.0378209613647,"cell_0709"
709,"cell_0709",6,"sigma_time","strong_nonstationarity",35.8169198695468,11286.4004575916,11250.583537722,11279.8488473998,11268.5836185048,-0.0435855445011317,NA,907,-0.0108016428624418,0.986113429393949,-2.65239869962144,2.46095742366307,13,"",35.1,36.8,1,99.0378209613647,99.0378209613647,"cell_0709"
709,"cell_0709",12,"sigma_time","strong_nonstationarity",28.7595989384936,12102.1324507462,12073.3728518078,12088.8207217943,12081.7153904493,-0.0419855118967433,NA,901,-0.0164434587826006,0.985276131319399,-2.58546033631028,2.32457997450624,12,"",35.1,36.8,1,99.0378209613647,99.0378209613647,"cell_0709"
709,"cell_0709",1,"sigma_time","strong_nonstationarity",15.0849479952794,8960.19350304358,8945.1085550483,8958.21817207754,8956.73475838457,-0.0363774769437616,NA,912,-0.00768373509204934,0.988741702397962,-3.25914569677517,2.6959572681201,18,"",35.1,36.8,1,99.0378209613647,99.0378209613647,"cell_0709"
710,"cell_0710",12,"sigma_time","strong_nonstationarity",29.3568350054211,12123.2972239421,12093.9403889367,12111.4145265842,12102.2549421441,-0.0401955646164487,NA,901,-0.0170821098379608,0.98580706142624,-2.55446690815553,2.28061813238766,13,"",35.2,36.8,0.692049321246271,99.0378209613647,68.5390567740222,"cell_0710"
710,"cell_0710",1,"sigma_time","moderate_nonstationarity",9.34657184260686,9119.66921269896,9110.32264085636,9119.55301953006,9122.7671085179,-0.0369712185378539,NA,912,-0.00651897923412635,0.989051323600338,-3.17873204906153,2.6389227972295,19,"",35.2,36.8,0.692049321246271,99.0378209613647,68.5390567740222,"cell_0710"
710,"cell_0710",3,"sigma_time","strong_nonstationarity",20.8127327139428,10486.3786376618,10465.5659049478,10493.6216064238,10485.8926710663,-0.0527144557899887,NA,910,-0.00672239240888693,0.990470412917193,-3.09666816970765,2.72950465550977,14,"",35.2,36.8,0.692049321246271,99.0378209613647,68.5390567740222,"cell_0710"
710,"cell_0710",6,"sigma_time","strong_nonstationarity",25.3479352081977,11356.8769676018,11331.5290323936,11358.1264158949,11349.8746964855,-0.0415888439356146,NA,907,-0.0131565530729136,0.986890249503872,-2.7087979203138,2.4158868602709,17,"",35.2,36.8,0.692049321246271,99.0378209613647,68.5390567740222,"cell_0710"
711,"cell_0711",12,"sigma_time","strong_nonstationarity",27.9591587164523,12142.3526794678,12114.3935207514,12134.3665943284,12123.7055571858,-0.0385176267069602,NA,901,-0.0185750937803687,0.985748824406604,-2.50606653807368,2.22432276315547,17,"",35.3,36.8,0.074617501705447,99.0378209613647,7.38995477448839,"cell_0711"
711,"cell_0711",1,"sigma_time","moderate_nonstationarity",5.26088430511118,9260.37839951159,9255.11751520648,9261.06912233838,9268.45121630041,-0.0364291256381709,NA,912,-0.00562098528411535,0.988843723050763,-3.12552852497867,2.65568738616077,18,"",35.3,36.8,0.074617501705447,99.0378209613647,7.38995477448839,"cell_0711"
711,"cell_0711",3,"sigma_time","moderate_nonstationarity",9.84941983332828,10598.2578847891,10588.4084649557,10609.5523896452,10608.6465266843,-0.0475574403851902,NA,910,-0.00682496388719956,0.99089372968501,-3.12709665479289,2.66471605218425,16,"",35.3,36.8,0.074617501705447,99.0378209613647,7.38995477448839,"cell_0711"
711,"cell_0711",6,"sigma_time","strong_nonstationarity",15.4561748519591,11423.6986759202,11408.2425010683,11432.2916518584,11427.7530585119,-0.038927173534683,NA,907,-0.0150380315855547,0.987733378533516,-2.75087091900731,2.36128461300918,17,"",35.3,36.8,0.074617501705447,99.0378209613647,7.38995477448839,"cell_0711"
737,"cell_0737",12,"sigma_time","strong_nonstationarity",28.7553014260902,12186.7681015038,12158.0128000778,12174.3840045212,12164.9372115837,-0.0423578392443582,NA,901,-0.0151511432754456,0.985696519051078,-2.56389884292315,2.26010793484752,10,"",35.1,36.7,0.134058836156668,99.1647540024262,13.2939115093275,"cell_0737"
737,"cell_0737",1,"sigma_time","strong_nonstationarity",15.3916056578382,9005.52431800811,8990.13271235028,9000.08266110107,9001.50243955661,-0.0380499263112873,NA,912,-0.00665746829946832,0.987787281826984,-3.21525455104578,2.73440788194733,17,"",35.1,36.7,0.134058836156668,99.1647540024262,13.2939115093275,"cell_0737"
737,"cell_0737",3,"sigma_time","strong_nonstationarity",31.0276572886323,10411.9443645446,10380.916707256,10410.7803914561,10399.4482296304,-0.057661861334683,NA,910,-0.00563699123504363,0.99017492973381,-2.93356587463862,2.73412679240432,15,"",35.1,36.7,0.134058836156668,99.1647540024262,13.2939115093275,"cell_0737"
737,"cell_0737",6,"sigma_time","strong_nonstationarity",33.6525477279865,11350.5597594615,11316.9072117335,11342.7585506846,11332.7864184024,-0.0486204614354831,NA,907,-0.00941821829701973,0.986701862633679,-2.63789225095451,2.44104350597836,11,"",35.1,36.7,0.134058836156668,99.1647540024262,13.2939115093275,"cell_0737"
738,"cell_0738",3,"sigma_time","strong_nonstationarity",15.2145142066693,10541.2676456149,10526.0531314083,10548.604833273,10544.9521356359,-0.0511210557817957,NA,910,-0.00598726017721192,0.991547557400816,-3.13052371872065,2.7099469060109,17,"",35.2,36.7,0.00207898139016388,99.1647540024262,0.206161678131223,"cell_0738"
738,"cell_0738",6,"sigma_time","strong_nonstationarity",20.4226933956434,11406.9456799424,11386.5229865468,11410.425048969,11404.1512089096,-0.0443191927778062,NA,907,-0.0122684353469861,0.987900066830792,-2.69045538034168,2.37209468634455,19,"",35.2,36.7,0.00207898139016388,99.1647540024262,0.206161678131223,"cell_0738"
738,"cell_0738",1,"sigma_time","moderate_nonstationarity",9.0506435145835,9190.60695974825,9181.55631623367,9187.94664653755,9194.2528237097,-0.0363507742477355,NA,912,-0.00609587281567052,0.988063992907377,-3.16461500803032,2.56270309075315,17,"",35.2,36.7,0.00207898139016388,99.1647540024262,0.206161678131223,"cell_0738"
738,"cell_0738",12,"sigma_time","strong_nonstationarity",31.7307269109842,12170.0922420973,12138.3615151863,12161.5832367974,12146.4731820635,-0.0427654040108542,NA,901,-0.0160440222509331,0.986157523059797,-2.50466146571438,2.2126048271269,13,"",35.2,36.7,0.00207898139016388,99.1647540024262,0.206161678131223,"cell_0738"
