"series_id","scale_months","model","fitted_months","converged_months","inference_ready_months","boundary_contact_months","n","df","deviance","AIC","AICc","BIC","sigma_slope_median","nu_slope_median"
"cell_0050",1,"stationary",12,12,12,0,912,36,8028.57272175926,8100.57272175926,8103.61729318783,8273.93576140194,NA,NA
"cell_0050",1,"sigma_time",12,12,12,0,912,48,7998.78148847565,8094.78148847565,8100.23224166221,8325.93220799921,-0.0235908597572743,NA
"cell_0050",1,"nu_time",12,12,12,0,912,48,8016.17129345897,8112.17129345897,8117.62204664553,8343.32201298254,NA,-0.022446139142879
"cell_0050",1,"sigma_nu_time",12,12,12,0,912,60,7991.17110647751,8111.17110647751,8119.77275160089,8400.10950588197,-0.0219704785973536,-0.0128991317068094
"cell_0051",1,"stationary",12,12,12,0,912,36,8001.71421000486,8073.71421000486,8076.75878143343,8247.07724964754,NA,NA
"cell_0051",1,"sigma_time",12,12,12,0,912,48,7969.83880248708,8065.83880248708,8071.28955567364,8296.98952201065,-0.0224198928412227,NA
"cell_0051",1,"nu_time",12,12,12,0,912,48,7988.38085313165,8084.38085313165,8089.83160631821,8315.53157265521,NA,-0.0382411638680494
"cell_0051",1,"sigma_nu_time",12,12,12,0,912,60,7961.84627299581,8081.84627299581,8090.44791811919,8370.78467240027,-0.0214724744473472,-0.0267598846790502
"cell_0052",1,"stationary",12,12,12,0,912,36,7992.83865599834,8064.83865599834,8067.88322742691,8238.20169564102,NA,NA
"cell_0052",1,"sigma_time",12,12,12,0,912,48,7960.36972200131,8056.36972200131,8061.82047518787,8287.52044152488,-0.0223863948817478,NA
"cell_0052",1,"nu_time",12,12,12,0,912,48,7978.829313718,8074.829313718,8080.28006690456,8305.98003324157,NA,-0.0465119110561938
"cell_0052",1,"sigma_nu_time",12,12,12,0,912,60,7952.01064990257,8072.01064990257,8080.61229502595,8360.94904930703,-0.0210612044869077,-0.0349860225315464
"cell_0053",1,"stationary",12,12,12,0,912,36,7999.82224492714,8071.82224492714,8074.86681635571,8245.18528456981,NA,NA
"cell_0053",1,"sigma_time",12,12,12,0,912,48,7967.61692096518,8063.61692096518,8069.06767415173,8294.76764048874,-0.0221431898585628,NA
"cell_0053",1,"nu_time",12,12,12,0,912,48,7985.59395216565,8081.59395216565,8087.04470535221,8312.74467168922,NA,-0.0514513327313809
"cell_0053",1,"sigma_nu_time",12,12,12,0,912,60,7959.09089614114,8079.09089614114,8087.69254126453,8368.0292955456,-0.0207175641782963,-0.0369847342673702
"cell_0054",1,"stationary",12,12,12,0,912,36,8017.09652773158,8089.09652773158,8092.14109916015,8262.45956737426,NA,NA
"cell_0054",1,"sigma_time",12,12,12,0,912,48,7985.40556998313,8081.40556998313,8086.85632316968,8312.55628950669,-0.0221953654591339,NA
"cell_0054",1,"nu_time",12,12,12,0,912,48,8002.70477254051,8098.70477254051,8104.15552572707,8329.85549206408,NA,-0.0457060668075491
"cell_0054",1,"sigma_nu_time",12,12,12,0,912,60,7976.68581671226,8096.68581671226,8105.28746183565,8385.62421611672,-0.0205925139162559,-0.0391016369968014
"cell_0077",1,"stationary",12,12,12,0,912,36,8064.7939892071,8136.7939892071,8139.83856063567,8310.15702884977,NA,NA
"cell_0077",1,"sigma_time",12,12,12,0,912,48,8037.51753414884,8133.51753414884,8138.9682873354,8364.66825367241,-0.023905746163369,NA
"cell_0077",1,"nu_time",12,12,12,0,912,48,8054.12657209549,8150.12657209549,8155.57732528205,8381.27729161906,NA,-0.0123197695562616
"cell_0077",1,"sigma_nu_time",12,12,12,0,912,60,8031.1846804706,8151.1846804706,8159.78632559399,8440.12307987506,-0.0222885010480522,-0.00434138087798268
"cell_0078",1,"stationary",12,12,12,0,912,36,8035.32020077797,8107.32020077797,8110.36477220654,8280.68324042064,NA,NA
"cell_0078",1,"sigma_time",12,12,12,0,912,48,8006.77896757918,8102.77896757918,8108.22972076574,8333.92968710275,-0.0232903833571328,NA
"cell_0078",1,"nu_time",12,12,12,0,912,48,8024.42680207784,8120.42680207784,8125.8775552644,8351.57752160141,NA,-0.0159913609393068
"cell_0078",1,"sigma_nu_time",12,12,12,0,912,60,8000.1488892043,8120.1488892043,8128.75053432768,8409.08728860876,-0.0217331677732234,-0.0112120610662263
"cell_0079",1,"stationary",12,12,12,0,912,36,8022.64033550962,8094.64033550962,8097.68490693819,8268.0033751523,NA,NA
"cell_0079",1,"sigma_time",12,12,12,0,912,48,7991.53298030947,8087.53298030947,8092.98373349602,8318.68369983303,-0.0234164127064605,NA
"cell_0079",1,"nu_time",12,12,12,0,912,48,8011.13664742753,8107.13664742753,8112.58740061409,8338.2873669511,NA,-0.0294945875756858
"cell_0079",1,"sigma_nu_time",12,12,12,0,912,60,7984.59748137323,8104.59748137323,8113.19912649661,8393.53588077769,-0.0220108551950445,-0.0188957957138443
"cell_0080",1,"stationary",12,12,12,0,912,36,8019.39558224251,8091.39558224251,8094.44015367109,8264.75862188519,NA,NA
"cell_0080",1,"sigma_time",12,12,12,0,912,48,7987.2456128467,8083.2456128467,8088.69636603325,8314.39633237026,-0.0227054128224831,NA
"cell_0080",1,"nu_time",12,12,12,0,912,48,8007.40908698142,8103.40908698142,8108.85984016797,8334.55980650498,NA,-0.0395307447105281
"cell_0080",1,"sigma_nu_time",12,12,12,0,912,60,7980.017097504,8100.017097504,8108.61874262738,8388.95549690846,-0.0213244604250602,-0.0277498830452469
"cell_0081",1,"stationary",12,12,12,0,912,36,8033.68401881479,8105.68401881479,8108.72859024337,8279.04705845747,NA,NA
"cell_0081",1,"sigma_time",12,12,12,0,912,48,8002.54506895561,8098.54506895561,8103.99582214216,8329.69578847917,-0.0213282959768173,NA
"cell_0081",1,"nu_time",12,12,12,0,912,48,8021.74508369403,8117.74508369403,8123.19583688059,8348.8958032176,NA,-0.0368756377971773
"cell_0081",1,"sigma_nu_time",12,12,12,0,912,60,7995.29024399771,8115.29024399771,8123.8918891211,8404.22864340217,-0.0198340734468996,-0.0281946001987974
"cell_0082",1,"stationary",12,12,12,0,912,36,8058.24418877574,8130.24418877574,8133.28876020431,8303.60722841841,NA,NA
"cell_0082",1,"sigma_time",12,12,12,0,912,48,8028.01218699279,8124.01218699279,8129.46294017935,8355.16290651636,-0.0201012679417577,NA
"cell_0082",1,"nu_time",12,12,12,0,912,48,8045.9955968759,8141.9955968759,8147.44635006246,8373.14631639947,NA,-0.0355833736445804
"cell_0082",1,"sigma_nu_time",12,12,12,0,912,60,8020.53731125045,8140.53731125045,8149.13895637383,8429.47571065491,-0.0184176049284462,-0.0281625702511265
"cell_0083",1,"stationary",12,12,12,0,912,36,8080.67128814928,8152.67128814928,8155.71585957785,8326.03432779196,NA,NA
"cell_0083",1,"sigma_time",12,12,12,0,912,48,8050.68034044706,8146.68034044706,8152.13109363361,8377.83105997062,-0.0191562358148211,NA
"cell_0083",1,"nu_time",12,12,12,0,912,48,8068.02210324451,8164.02210324451,8169.47285643107,8395.17282276807,NA,-0.0357454278827428
"cell_0083",1,"sigma_nu_time",12,12,12,0,912,60,8042.90662161887,8162.90662161887,8171.50826674225,8451.84502102333,-0.0172697019076547,-0.0283083410035
"cell_0104",1,"stationary",12,12,12,0,912,36,8107.80557978705,8179.80557978705,8182.85015121563,8353.16861942973,NA,NA
"cell_0104",1,"sigma_time",12,12,12,0,912,48,8079.87441498007,8175.87441498007,8181.32516816663,8407.02513450364,-0.0253871997270727,NA
"cell_0104",1,"nu_time",12,12,12,0,912,48,8096.7713966519,8192.7713966519,8198.22214983846,8423.92211617547,NA,-0.0100991436803521
"cell_0104",1,"sigma_nu_time",12,12,12,0,912,60,8074.2485174244,8194.2485174244,8202.85016254779,8483.18691682886,-0.0239084872285848,-0.0107873916878455
"cell_0105",1,"stationary",12,12,12,0,912,36,8072.02487748853,8144.02487748853,8147.0694489171,8317.3879171312,NA,NA
"cell_0105",1,"sigma_time",12,12,12,0,912,48,8044.09542723303,8140.09542723303,8145.54618041959,8371.2461467566,-0.0243683635415974,NA
"cell_0105",1,"nu_time",12,12,12,0,912,48,8061.51553834198,8157.51553834198,8162.96629152854,8388.66625786555,NA,-0.0124543353296742
"cell_0105",1,"sigma_nu_time",12,12,12,0,912,60,8038.37965358425,8158.37965358425,8166.98129870764,8447.31805298871,-0.0228773499151957,-0.0104153082042844
"cell_0106",1,"stationary",12,12,12,0,912,36,8060.45561237066,8132.45561237066,8135.50018379924,8305.81865201334,NA,NA
"cell_0106",1,"sigma_time",12,12,12,0,912,48,8031.72717164747,8127.72717164747,8133.17792483403,8358.87789117104,-0.0239090531884688,NA
"cell_0106",1,"nu_time",12,12,12,0,912,48,8050.61755469306,8146.61755469306,8152.06830787962,8377.76827421663,NA,-0.0149479721143545
"cell_0106",1,"sigma_nu_time",12,12,12,0,912,60,8026.04841714959,8146.04841714959,8154.65006227297,8434.98681655405,-0.0224687619462519,-0.00916568126163678
"cell_0107",1,"stationary",12,12,12,0,912,36,8064.02235234906,8136.02235234906,8139.06692377763,8309.38539199174,NA,NA
"cell_0107",1,"sigma_time",12,12,12,0,912,48,8034.28947494465,8130.28947494465,8135.7402281312,8361.44019446821,-0.0237472915775917,NA
"cell_0107",1,"nu_time",12,12,12,0,912,48,8054.45717465913,8150.45717465913,8155.90792784569,8381.6078941827,NA,-0.0214352727279805
"cell_0107",1,"sigma_nu_time",12,12,12,0,912,60,8028.42473840386,8148.42473840386,8157.02638352725,8437.36313780832,-0.0224486292029554,-0.0104724724865254
"cell_0108",1,"stationary",12,12,12,0,912,36,8073.3937021692,8145.3937021692,8148.43827359777,8318.75674181188,NA,NA
"cell_0108",1,"sigma_time",12,12,12,0,912,48,8042.95327588189,8138.95327588189,8144.40402906845,8370.10399540545,-0.0227919736021349,NA
"cell_0108",1,"nu_time",12,12,12,0,912,48,8063.64378463029,8159.64378463029,8165.09453781684,8390.79450415385,NA,-0.0294734704061414
"cell_0108",1,"sigma_nu_time",12,12,12,0,912,60,8036.92556069261,8156.92556069261,8165.527205816,8445.86396009707,-0.0214648927185178,-0.0171440571641693
"cell_0109",1,"stationary",12,12,12,0,912,36,8088.74835669824,8160.74835669824,8163.79292812682,8334.11139634092,NA,NA
"cell_0109",1,"sigma_time",12,12,12,0,912,48,8059.22249907238,8155.22249907238,8160.67325225894,8386.37321859595,-0.020498552898953,NA
"cell_0109",1,"nu_time",12,12,12,0,912,48,8078.63120028122,8174.63120028122,8180.08195346778,8405.78191980479,NA,-0.0295164441794866
"cell_0109",1,"sigma_nu_time",12,12,12,0,912,60,8053.02037689868,8173.02037689868,8181.62202202206,8461.95877630314,-0.0189392044690675,-0.0198822836586631
"cell_0110",1,"stationary",12,12,12,0,912,36,8113.47489506336,8185.47489506336,8188.51946649193,8358.83793470603,NA,NA
"cell_0110",1,"sigma_time",12,12,12,0,912,48,8085.13464884113,8181.13464884113,8186.58540202769,8412.2853683647,-0.0184211113724927,NA
"cell_0110",1,"nu_time",12,12,12,0,912,48,8102.89517026246,8198.89517026246,8204.34592344902,8430.04588978603,NA,-0.0305463923038019
"cell_0110",1,"sigma_nu_time",12,12,12,0,912,60,8078.73017985577,8198.73017985577,8207.33182497915,8487.66857926023,-0.0165813084388665,-0.0229509616738386
"cell_0111",1,"stationary",12,12,12,0,912,36,8134.06028303803,8206.06028303803,8209.1048544666,8379.42332268071,NA,NA
"cell_0111",1,"sigma_time",12,12,12,0,912,48,8106.52182705905,8202.52182705905,8207.97258024561,8433.67254658262,-0.0167560996288446,NA
"cell_0111",1,"nu_time",12,12,12,0,912,48,8122.97394471221,8218.97394471221,8224.42469789877,8450.12466423578,NA,-0.0297104454761891
"cell_0111",1,"sigma_nu_time",12,12,12,0,912,60,8099.81749971619,8219.81749971619,8228.41914483958,8508.75589912065,-0.0146342351366495,-0.0231265715899553
"cell_0130",1,"stationary",12,12,12,0,912,36,8243.51934986302,8315.51934986302,8318.56392129159,8488.8823895057,NA,NA
"cell_0130",1,"sigma_time",12,12,12,0,912,48,8212.95745465729,8308.95745465729,8314.40820784385,8540.10817418086,-0.0261697210927947,NA
"cell_0130",1,"nu_time",12,12,12,0,912,48,8231.06506162301,8327.06506162301,8332.51581480957,8558.21578114658,NA,-0.0178140970327623
"cell_0130",1,"sigma_nu_time",12,12,12,0,912,60,8207.26082673426,8327.26082673426,8335.86247185764,8616.19922613872,-0.0252256838498758,-0.0179596759638719
"cell_0131",1,"stationary",12,12,12,0,912,36,8165.8368549291,8237.8368549291,8240.88142635767,8411.19989457178,NA,NA
"cell_0131",1,"sigma_time",12,12,12,0,912,48,8136.74854598154,8232.74854598154,8238.19929916809,8463.8992655051,-0.02506687544636,NA
"cell_0131",1,"nu_time",12,12,12,0,912,48,8154.20536804783,8250.20536804783,8255.65612123439,8481.35608757139,NA,-0.0154271398872844
"cell_0131",1,"sigma_nu_time",12,12,12,0,912,60,8131.40871252026,8251.40871252026,8260.01035764365,8540.34711192472,-0.0242854982434501,-0.0173558816740125
"cell_0132",1,"stationary",12,12,12,0,912,36,8103.83126974016,8175.83126974016,8178.87584116873,8349.19430938284,NA,NA
"cell_0132",1,"sigma_time",12,12,12,0,912,48,8075.64832943923,8171.64832943923,8177.09908262579,8402.7990489628,-0.0242521761726575,NA
"cell_0132",1,"nu_time",12,12,12,0,912,48,8092.2817899005,8188.2817899005,8193.73254308706,8419.43250942407,NA,-0.0132914783708117
"cell_0132",1,"sigma_nu_time",12,12,12,0,912,60,8069.87287348748,8189.87287348748,8198.47451861086,8478.81127289194,-0.0229872223860314,-0.0141073365659949
"cell_0133",1,"stationary",12,12,12,0,912,36,8084.185743324,8156.185743324,8159.23031475257,8329.54878296667,NA,NA
"cell_0133",1,"sigma_time",12,12,12,0,912,48,8055.36005512154,8151.36005512154,8156.8108083081,8382.51077464511,-0.0244992480682416,NA
"cell_0133",1,"nu_time",12,12,12,0,912,48,8073.74140302224,8169.74140302224,8175.1921562088,8400.89212254581,NA,-0.0136716248128801
"cell_0133",1,"sigma_nu_time",12,12,12,0,912,60,8049.88119059088,8169.88119059088,8178.48283571426,8458.81958999534,-0.0231349977393071,-0.0120152099721949
"cell_0134",1,"stationary",12,12,12,0,912,36,8098.29596845995,8170.29596845995,8173.34053988852,8343.65900810263,NA,NA
"cell_0134",1,"sigma_time",12,12,12,0,912,48,8068.78836360932,8164.78836360932,8170.23911679588,8395.93908313289,-0.0248312464461585,NA
"cell_0134",1,"nu_time",12,12,12,0,912,48,8089.42861233716,8185.42861233716,8190.87936552372,8416.57933186073,NA,-0.0117913009785364
"cell_0134",1,"sigma_nu_time",12,12,12,0,912,60,8063.90649164499,8183.90649164499,8192.50813676838,8472.84489104945,-0.0235415121360506,-0.00647425969582457
"cell_0135",1,"stationary",12,12,12,0,912,36,8118.70819343778,8190.70819343778,8193.75276486635,8364.07123308046,NA,NA
"cell_0135",1,"sigma_time",12,12,12,0,912,48,8089.45956883829,8185.45956883829,8190.91032202485,8416.61028836186,-0.0242591108074,NA
"cell_0135",1,"nu_time",12,12,12,0,912,48,8110.48845184887,8206.48845184887,8211.93920503543,8437.63917137244,NA,-0.0121483855758618
"cell_0135",1,"sigma_nu_time",12,12,12,0,912,60,8084.51554576388,8204.51554576388,8213.11719088727,8493.45394516834,-0.0229901655425098,-0.00357471895918633
"cell_0136",1,"stationary",12,12,12,0,912,36,8129.45060748971,8201.45060748971,8204.49517891828,8374.81364713239,NA,NA
"cell_0136",1,"sigma_time",12,12,12,0,912,48,8100.54817062669,8196.54817062669,8201.99892381324,8427.69889015025,-0.0234710136732131,NA
"cell_0136",1,"nu_time",12,12,12,0,912,48,8120.99218874753,8216.99218874753,8222.44294193409,8448.14290827109,NA,-0.0170241057319192
"cell_0136",1,"sigma_nu_time",12,12,12,0,912,60,8095.22716008531,8215.22716008531,8223.82880520869,8504.16555948977,-0.0219765744121637,-0.00508222973556819
"cell_0137",1,"stationary",12,12,12,0,912,36,8136.91789779012,8208.91789779012,8211.96246921869,8382.2809374328,NA,NA
"cell_0137",1,"sigma_time",12,12,12,0,912,48,8108.73163688708,8204.73163688708,8210.18239007364,8435.88235641065,-0.0206559715319048,NA
"cell_0137",1,"nu_time",12,12,12,0,912,48,8127.74821317371,8223.74821317371,8229.19896636027,8454.89893269728,NA,-0.0163198697447336
"cell_0137",1,"sigma_nu_time",12,12,12,0,912,60,8103.17189352387,8223.17189352387,8231.77353864726,8512.11029292833,-0.0187352823760302,-0.00397728729030779
"cell_0138",1,"stationary",12,12,12,0,912,36,8158.70497125185,8230.70497125185,8233.74954268042,8404.06801089453,NA,NA
"cell_0138",1,"sigma_time",12,12,12,0,912,48,8132.11193787101,8228.11193787101,8233.56269105757,8459.26265739458,-0.0173028433614876,NA
"cell_0138",1,"nu_time",12,12,12,0,912,48,8148.92016664352,8244.92016664352,8250.37091983008,8476.07088616709,NA,-0.0184504433600857
"cell_0138",1,"sigma_nu_time",12,12,12,0,912,60,8126.24959551464,8246.24959551464,8254.85124063803,8535.1879949191,-0.0150145082952792,-0.00921688129856818
"cell_0139",1,"stationary",12,12,12,0,912,36,8184.18553610269,8256.18553610269,8259.23010753126,8429.54857574537,NA,NA
"cell_0139",1,"sigma_time",12,12,12,0,912,48,8158.64103853765,8254.64103853765,8260.09179172421,8485.79175806122,-0.0142448039817003,NA
"cell_0139",1,"nu_time",12,12,12,0,912,48,8173.8462473662,8269.8462473662,8275.29700055276,8500.99696688977,NA,-0.0240031486280271
"cell_0139",1,"sigma_nu_time",12,12,12,0,912,60,8152.33009739685,8272.33009739685,8280.93174252023,8561.26849680131,-0.0118374441289682,-0.00831626264941459
"cell_0157",1,"stationary",12,12,12,0,912,36,8298.81666271245,8370.81666271245,8373.86123414102,8544.17970235513,NA,NA
"cell_0157",1,"sigma_time",12,12,12,0,912,48,8271.0482333723,8367.0482333723,8372.49898655886,8598.19895289587,-0.0227772941387749,NA
"cell_0157",1,"nu_time",12,12,12,0,912,48,8286.40126520004,8382.40126520004,8387.8520183866,8613.55198472361,NA,-0.0271804717131738
"cell_0157",1,"sigma_nu_time",12,12,12,0,912,60,8264.98624961134,8384.98624961134,8393.58789473473,8673.9246490158,-0.0201230734674995,-0.0262559258704255
"cell_0158",1,"stationary",12,12,12,0,912,36,8223.53186955705,8295.53186955705,8298.57644098563,8468.89490919973,NA,NA
"cell_0158",1,"sigma_time",12,12,12,0,912,48,8194.05519215814,8290.05519215814,8295.50594534469,8521.2059116817,-0.023920453903303,NA
"cell_0158",1,"nu_time",12,12,12,0,912,48,8211.88136903529,8307.88136903529,8313.33212222185,8539.03208855886,NA,-0.0241958104838246
"cell_0158",1,"sigma_nu_time",12,12,12,0,912,60,8188.58303662322,8308.58303662322,8317.18468174661,8597.52143602768,-0.0215179855599807,-0.024369072612797
"cell_0159",1,"stationary",12,12,12,0,912,36,8148.53105088736,8220.53105088736,8223.57562231594,8393.89409053004,NA,NA
"cell_0159",1,"sigma_time",12,12,12,0,912,48,8118.43775272269,8214.43775272269,8219.88850590924,8445.58847224625,-0.0237021961077821,NA
"cell_0159",1,"nu_time",12,12,12,0,912,48,8138.1334767017,8234.1334767017,8239.58422988826,8465.28419622527,NA,-0.0193257310968688
"cell_0159",1,"sigma_nu_time",12,12,12,0,912,60,8113.59471922384,8233.59471922384,8242.19636434722,8522.5331186283,-0.0218592737079723,-0.0215305691226506
"cell_0160",1,"stationary",12,12,12,0,912,36,8082.9960145766,8154.9960145766,8158.04058600517,8328.35905421928,NA,NA
"cell_0160",1,"sigma_time",12,12,12,0,912,48,8053.73886796776,8149.73886796776,8155.18962115432,8380.88958749133,-0.0224848819618144,NA
"cell_0160",1,"nu_time",12,12,12,0,912,48,8074.01388330647,8170.01388330647,8175.46463649302,8401.16460283003,NA,-0.00987734512714872
"cell_0160",1,"sigma_nu_time",12,12,12,0,912,60,8049.39245607097,8169.39245607097,8177.99410119435,8458.33085547543,-0.0211613516075061,-0.0100897654375143
"cell_0161",1,"stationary",12,12,12,0,912,36,8089.27779311381,8161.27779311381,8164.32236454238,8334.64083275649,NA,NA
"cell_0161",1,"sigma_time",12,12,12,0,912,48,8059.69215335323,8155.69215335323,8161.14290653979,8386.8428728768,-0.0234231426009985,NA
"cell_0161",1,"nu_time",12,12,12,0,912,48,8081.19090838177,8177.19090838177,8182.64166156832,8408.34162790533,NA,-0.0101743259526222
"cell_0161",1,"sigma_nu_time",12,12,12,0,912,60,8055.56181057893,8175.56181057893,8184.16345570232,8464.50020998339,-0.0219578041762519,-0.00856207949800182
"cell_0162",1,"stationary",12,12,12,0,912,36,8127.54735960817,8199.54735960816,8202.59193103674,8372.91039925084,NA,NA
"cell_0162",1,"sigma_time",12,12,12,0,912,48,8098.48382523886,8194.48382523887,8199.93457842542,8425.63454476243,-0.0230011080439727,NA
"cell_0162",1,"nu_time",12,12,12,0,912,48,8120.51293292923,8216.51293292923,8221.96368611579,8447.6636524528,NA,-0.0105606242560422
"cell_0162",1,"sigma_nu_time",12,12,12,0,912,60,8094.56040188833,8214.56040188833,8223.16204701171,8503.49880129279,-0.0214990552151618,-0.000706502718903472
"cell_0163",1,"stationary",12,12,12,0,912,36,8166.82038905626,8238.82038905626,8241.86496048483,8412.18342869893,NA,NA
"cell_0163",1,"sigma_time",12,12,12,0,912,48,8139.84113485256,8235.84113485256,8241.29188803912,8466.99185437613,-0.0209097710096223,NA
"cell_0163",1,"nu_time",12,12,12,0,912,48,8160.07852110192,8256.07852110192,8261.52927428848,8487.22924062549,NA,-0.0106239372766207
"cell_0163",1,"sigma_nu_time",12,12,12,0,912,60,8135.67469780207,8255.67469780207,8264.27634292545,8544.61309720653,-0.0193625304820518,0.00562010326979389
"cell_0164",1,"stationary",12,12,12,0,912,36,8180.41773995051,8252.41773995051,8255.46231137908,8425.78077959319,NA,NA
"cell_0164",1,"sigma_time",12,12,12,0,912,48,8154.7000662506,8250.7000662506,8256.15081943715,8481.85078577416,-0.0196865053408328,NA
"cell_0164",1,"nu_time",12,12,12,0,912,48,8173.09976726057,8269.09976726057,8274.55052044712,8500.25048678413,NA,-0.0133978088001355
"cell_0164",1,"sigma_nu_time",12,12,12,0,912,60,8150.10552992572,8270.10552992572,8278.7071750491,8559.04392933018,-0.0176368701550029,0.00807788558957181
"cell_0165",1,"stationary",12,12,12,0,912,36,8180.86448418526,8252.86448418526,8255.90905561383,8426.22752382794,NA,NA
"cell_0165",1,"sigma_time",12,12,12,0,912,48,8153.03883993717,8249.03883993717,8254.48959312373,8480.18955946074,-0.0200311750453972,NA
"cell_0165",1,"nu_time",12,12,12,0,912,48,8172.15655625321,8268.15655625321,8273.60730943977,8499.30727577677,NA,-0.0139319930756385
"cell_0165",1,"sigma_nu_time",12,12,12,0,912,60,8147.94461486079,8267.94461486079,8276.54625998417,8556.88301426525,-0.0170020882857464,0.0029582336102586
"cell_0166",1,"stationary",12,12,12,0,912,36,8202.13883762993,8274.13883762993,8277.18340905851,8447.50187727261,NA,NA
"cell_0166",1,"sigma_time",12,12,12,0,912,48,8174.32707900022,8270.32707900022,8275.77783218678,8501.47779852379,-0.0172905815646762,NA
"cell_0166",1,"nu_time",12,12,12,0,912,48,8192.43915745255,8288.43915745255,8293.88991063911,8519.58987697612,NA,-0.0229661312367139
"cell_0166",1,"sigma_nu_time",12,12,12,0,912,60,8168.63070410576,8288.63070410576,8297.23234922914,8577.56910351022,-0.0140787646708994,-0.00489537717335827
"cell_0167",1,"stationary",12,12,12,0,912,36,8227.07556456523,8299.07556456523,8302.1201359938,8472.43860420791,NA,NA
"cell_0167",1,"sigma_time",12,12,12,0,912,48,8200.20511825656,8296.20511825656,8301.65587144312,8527.35583778013,-0.013786449048762,NA
"cell_0167",1,"nu_time",12,12,12,0,912,48,8216.84753865573,8312.84753865573,8318.29829184229,8543.9982581793,NA,-0.020608003434239
"cell_0167",1,"sigma_nu_time",12,12,12,0,912,60,8193.7104952651,8313.7104952651,8322.31214038848,8602.64889466956,-0.011002704822289,-0.00719208335405348
"cell_0184",1,"stationary",12,12,12,0,912,36,8380.95832559026,8452.95832559026,8456.00289701883,8626.32136523294,NA,NA
"cell_0184",1,"sigma_time",12,12,12,0,912,48,8358.70361947862,8454.70361947862,8460.15437266518,8685.85433900219,-0.0170086121240399,NA
"cell_0184",1,"nu_time",12,12,12,0,912,48,8368.78468922554,8464.78468922554,8470.23544241209,8695.9354087491,NA,-0.0443281109712389
"cell_0184",1,"sigma_nu_time",12,12,12,0,912,60,8351.33308044993,8471.33308044993,8479.93472557332,8760.27147985439,-0.0145309661165421,-0.0275763868802932
"cell_0185",1,"stationary",12,12,12,0,912,36,8315.10290456381,8387.10290456381,8390.14747599238,8560.46594420649,NA,NA
"cell_0185",1,"sigma_time",12,12,12,0,912,48,8290.16888268062,8386.16888268062,8391.61963586718,8617.31960220419,-0.0181640807455237,NA
"cell_0185",1,"nu_time",12,12,12,0,912,48,8303.27343506034,8399.27343506034,8404.7241882469,8630.4241545839,NA,-0.0393411479982102
"cell_0185",1,"sigma_nu_time",12,12,12,0,912,60,8283.54520563152,8403.54520563152,8412.1468507549,8692.48360503598,-0.0148500777034879,-0.029002474643532
"cell_0186",1,"stationary",12,12,12,0,912,36,8243.18064220052,8315.18064220052,8318.22521362909,8488.54368184319,NA,NA
"cell_0186",1,"sigma_time",12,12,12,0,912,48,8215.42603322518,8311.42603322518,8316.87678641174,8542.57675274875,-0.020241324766206,NA
"cell_0186",1,"nu_time",12,12,12,0,912,48,8232.33768636941,8328.33768636941,8333.78843955597,8559.48840589298,NA,-0.0378866180463292
"cell_0186",1,"sigma_nu_time",12,12,12,0,912,60,8209.65854327772,8329.65854327772,8338.2601884011,8618.59694268218,-0.0175114997008891,-0.0310254505644478
"cell_0187",1,"stationary",12,12,12,0,912,36,8169.44913488543,8241.44913488543,8244.493706314,8414.81217452811,NA,NA
"cell_0187",1,"sigma_time",12,12,12,0,912,48,8139.64962554391,8235.64962554391,8241.10037873047,8466.80034506748,-0.0214225989237331,NA
"cell_0187",1,"nu_time",12,12,12,0,912,48,8160.38398601581,8256.38398601581,8261.83473920237,8487.53470553938,NA,-0.0340609100029351
"cell_0187",1,"sigma_nu_time",12,12,12,0,912,60,8134.96195700733,8254.96195700733,8263.56360213071,8543.90035641179,-0.0195246715280718,-0.0281692617908401
"cell_0188",1,"stationary",12,12,12,0,912,36,8113.45721553895,8185.45721553895,8188.50178696752,8358.82025518163,NA,NA
"cell_0188",1,"sigma_time",12,12,12,0,912,48,8083.07003733696,8179.07003733696,8184.52079052352,8410.22075686053,-0.0219358255443358,NA
"cell_0188",1,"nu_time",12,12,12,0,912,48,8106.17127640224,8202.17127640224,8207.6220295888,8433.32199592581,NA,-0.0232192353804751
"cell_0188",1,"sigma_nu_time",12,12,12,0,912,60,8079.33762725079,8199.33762725079,8207.93927237418,8488.27602665525,-0.0205022413014021,-0.0182205946816171
"cell_0189",1,"stationary",12,12,12,0,912,36,8112.70944864899,8184.70944864899,8187.75402007756,8358.07248829166,NA,NA
"cell_0189",1,"sigma_time",12,12,12,0,912,48,8083.21281536444,8179.21281536444,8184.663568551,8410.36353488801,-0.0218159331472185,NA
"cell_0189",1,"nu_time",12,12,12,0,912,48,8106.5232924149,8202.5232924149,8207.97404560146,8433.67401193847,NA,-0.0133188969610195
"cell_0189",1,"sigma_nu_time",12,12,12,0,912,60,8079.8694793497,8199.8694793497,8208.47112447308,8488.80787875416,-0.0203332406194609,0.000723292880232968
"cell_0190",1,"stationary",12,12,12,0,912,36,8169.02602058046,8241.02602058046,8244.07059200903,8414.38906022313,NA,NA
"cell_0190",1,"sigma_time",12,12,12,0,912,48,8142.37537554111,8238.37537554111,8243.82612872767,8469.52609506468,-0.0189304713023236,NA
"cell_0190",1,"nu_time",12,12,12,0,912,48,8163.16962717729,8259.16962717729,8264.62038036384,8490.32034670085,NA,-0.0103563259370826
"cell_0190",1,"sigma_nu_time",12,12,12,0,912,60,8139.03703809991,8259.03703809991,8267.63868322329,8547.97543750437,-0.0173165642127068,0.00621874969122408
"cell_0191",1,"stationary",12,12,12,0,912,36,8224.4878143564,8296.4878143564,8299.53238578497,8469.85085399908,NA,NA
"cell_0191",1,"sigma_time",12,12,12,0,912,48,8201.02864191504,8297.02864191504,8302.4793951016,8528.17936143861,-0.0159344982227665,NA
"cell_0191",1,"nu_time",12,12,12,0,912,48,8218.42285986051,8314.42285986051,8319.87361304707,8545.57357938408,NA,-0.0157525121648232
"cell_0191",1,"sigma_nu_time",12,12,12,0,912,60,8197.3513984636,8317.3513984636,8325.95304358699,8606.28979786806,-0.0140475109632683,-0.00262226810882139
"cell_0192",1,"stationary",12,12,12,0,912,36,8246.87420733967,8318.87420733967,8321.91877876824,8492.23724698235,NA,NA
"cell_0192",1,"sigma_time",12,12,12,0,912,48,8224.0377021988,8320.0377021988,8325.48845538536,8551.18842172237,-0.0151247221297623,NA
"cell_0192",1,"nu_time",12,12,12,0,912,48,8240.25242761668,8336.25242761668,8341.70318080324,8567.40314714025,NA,-0.0148441101878576
"cell_0192",1,"sigma_nu_time",12,12,12,0,912,60,8219.96806333082,8339.96806333082,8348.5697084542,8628.90646273528,-0.0127301584320344,-0.00876025173612909
"cell_0193",1,"stationary",12,12,12,0,912,36,8252.56538598286,8324.56538598286,8327.60995741143,8497.92842562554,NA,NA
"cell_0193",1,"sigma_time",12,12,12,0,912,48,8228.20406134036,8324.20406134036,8329.65481452692,8555.35478086393,-0.0157806261058335,NA
"cell_0193",1,"nu_time",12,12,12,0,912,48,8245.11983614009,8341.11983614009,8346.57058932665,8572.27055566366,NA,-0.0183489732857728
"cell_0193",1,"sigma_nu_time",12,12,12,0,912,60,8223.68720411521,8343.68720411521,8352.2888492386,8632.62560351967,-0.012739248840059,-0.00642711862805898
"cell_0194",1,"stationary",12,12,12,0,912,36,8270.73049310278,8342.73049310278,8345.77506453135,8516.09353274545,NA,NA
"cell_0194",1,"sigma_time",12,12,12,0,912,48,8243.88182543414,8339.88182543414,8345.3325786207,8571.03254495771,-0.0159450550997762,NA
"cell_0194",1,"nu_time",12,12,12,0,912,48,8262.10705611954,8358.10705611954,8363.5578093061,8589.25777564311,NA,-0.0188779663478394
"cell_0194",1,"sigma_nu_time",12,12,12,0,912,60,8238.65856267063,8358.65856267063,8367.26020779402,8647.59696207509,-0.0125508194919169,-0.00494626672068677
"cell_0210",1,"stationary",12,12,12,0,912,36,8415.57905299791,8487.57905299791,8490.62362442648,8660.94209264058,NA,NA
"cell_0210",1,"sigma_time",12,12,12,0,912,48,8400.38828474386,8496.38828474386,8501.83903793042,8727.53900426743,-0.0161043833005795,NA
"cell_0210",1,"nu_time",12,12,12,0,912,48,8402.52907220976,8498.52907220976,8503.97982539632,8729.67979173333,NA,-0.037302748501864
"cell_0210",1,"sigma_nu_time",12,12,12,0,912,60,8390.9666767292,8510.9666767292,8519.56832185259,8799.90507613366,-0.0150582338315195,-0.0237400618251821
"cell_0211",1,"stationary",12,12,12,0,912,36,8406.27068431862,8478.27068431862,8481.31525574719,8651.63372396129,NA,NA
"cell_0211",1,"sigma_time",12,12,12,0,912,48,8387.88573591497,8483.88573591497,8489.33648910153,8715.03645543854,-0.0153585638946147,NA
"cell_0211",1,"nu_time",12,12,12,0,912,48,8393.24224320586,8489.24224320586,8494.69299639242,8720.39296272943,NA,-0.0486367920885331
"cell_0211",1,"sigma_nu_time",12,12,12,0,912,60,8378.97693322946,8498.97693322946,8507.57857835285,8787.91533263392,-0.0136859703650191,-0.0289933323777671
"cell_0212",1,"stationary",12,12,12,0,912,36,8391.73385964973,8463.73385964973,8466.7784310783,8637.09689929241,NA,NA
"cell_0212",1,"sigma_time",12,12,12,0,912,48,8370.00431642135,8466.00431642135,8471.45506960791,8697.15503594492,-0.0162830597890682,NA
"cell_0212",1,"nu_time",12,12,12,0,912,48,8378.76932897532,8474.76932897532,8480.22008216188,8705.92004849889,NA,-0.0506572489555975
"cell_0212",1,"sigma_nu_time",12,12,12,0,912,60,8361.78182672739,8481.78182672739,8490.38347185078,8770.72022613185,-0.0138369666881638,-0.0309747949127615
"cell_0213",1,"stationary",12,12,12,0,912,36,8346.38606784151,8418.38606784151,8421.43063927008,8591.74910748419,NA,NA
"cell_0213",1,"sigma_time",12,12,12,0,912,48,8321.49056036588,8417.49056036588,8422.94131355244,8648.64127988945,-0.0171586134254719,NA
"cell_0213",1,"nu_time",12,12,12,0,912,48,8333.79625318595,8429.79625318595,8435.24700637251,8660.94697270952,NA,-0.0476992262658082
"cell_0213",1,"sigma_nu_time",12,12,12,0,912,60,8314.13429284907,8434.13429284907,8442.73593797245,8723.07269225353,-0.0140261031578602,-0.0260886696837518
"cell_0214",1,"stationary",12,12,12,0,912,36,8264.70832989576,8336.70832989576,8339.75290132433,8510.07136953844,NA,NA
"cell_0214",1,"sigma_time",12,12,12,0,912,48,8237.27242263168,8333.27242263168,8338.72317581824,8564.42314215525,-0.019315851542329,NA
"cell_0214",1,"nu_time",12,12,12,0,912,48,8253.55569939676,8349.55569939676,8355.00645258332,8580.70641892033,NA,-0.0445974392212582
"cell_0214",1,"sigma_nu_time",12,12,12,0,912,60,8231.12506687036,8351.12506687036,8359.72671199374,8640.06346627482,-0.0166191317103896,-0.0281029486717216
"cell_0215",1,"stationary",12,12,12,0,912,36,8184.10652374947,8256.10652374947,8259.15109517804,8429.46956339214,NA,NA
"cell_0215",1,"sigma_time",12,12,12,0,912,48,8154.95745365459,8250.95745365459,8256.40820684115,8482.10817317816,-0.0205049355864058,NA
"cell_0215",1,"nu_time",12,12,12,0,912,48,8175.18551873924,8271.18551873924,8276.6362719258,8502.33623826281,NA,-0.0396692434534786
"cell_0215",1,"sigma_nu_time",12,12,12,0,912,60,8150.3112215275,8270.3112215275,8278.91286665089,8559.24962093196,-0.0185120259368226,-0.0232132940261493
"cell_0216",1,"stationary",12,12,12,0,912,36,8105.53319357377,8177.53319357377,8180.57776500234,8350.89623321644,NA,NA
"cell_0216",1,"sigma_time",12,12,12,0,912,48,8077.37271371068,8173.37271371068,8178.82346689724,8404.52343323425,-0.0203421826269388,NA
"cell_0216",1,"nu_time",12,12,12,0,912,48,8098.42444437889,8194.42444437889,8199.87519756545,8425.57516390246,NA,-0.0250163268484121
"cell_0216",1,"sigma_nu_time",12,12,12,0,912,60,8073.7288980547,8193.72889805471,8202.33054317809,8482.66729745916,-0.0186033690642829,-0.0107545096733448
"cell_0217",1,"stationary",12,12,12,0,912,36,8144.90878385587,8216.90878385587,8219.95335528444,8390.27182349855,NA,NA
"cell_0217",1,"sigma_time",12,12,12,0,912,48,8117.93559026844,8213.93559026844,8219.386343455,8445.08630979201,-0.0174503588425319,NA
"cell_0217",1,"nu_time",12,12,12,0,912,48,8138.53504629049,8234.53504629049,8239.98579947705,8465.68576581406,NA,-0.0140408244460577
"cell_0217",1,"sigma_nu_time",12,12,12,0,912,60,8114.57784602342,8234.57784602342,8243.1794911468,8523.51624542788,-0.0156415625603574,-0.00156204779056405
"cell_0218",1,"stationary",12,12,12,0,912,36,8238.22878855859,8310.22878855859,8313.27335998716,8483.59182820126,NA,NA
"cell_0218",1,"sigma_time",12,12,12,0,912,48,8213.93209881064,8309.93209881064,8315.3828519972,8541.08281833421,-0.014458216765908,NA
"cell_0218",1,"nu_time",12,12,12,0,912,48,8232.46572417271,8328.46572417271,8333.91647735927,8559.61644369628,NA,-0.00889672633303216
"cell_0218",1,"sigma_nu_time",12,12,12,0,912,60,8210.69539766474,8330.69539766474,8339.29704278813,8619.6337970692,-0.0125439063101085,-0.00235386131533962
"cell_0219",1,"stationary",12,12,12,0,912,36,8331.40689348639,8403.40689348639,8406.45146491496,8576.76993312907,NA,NA
"cell_0219",1,"sigma_time",12,12,12,0,912,48,8309.5664030003,8405.5664030003,8411.01715618686,8636.71712252387,-0.0119990566506038,NA
"cell_0219",1,"nu_time",12,12,12,0,912,48,8325.52369866153,8421.52369866153,8426.97445184809,8652.6744181851,NA,-0.0152622309383291
"cell_0219",1,"sigma_nu_time",12,12,12,0,912,60,8306.01922185602,8426.01922185602,8434.6208669794,8714.95762126048,-0.00986781260648064,-0.0049558425864599
"cell_0220",1,"stationary",12,12,12,0,912,36,8378.91811418866,8450.91811418866,8453.96268561723,8624.28115383133,NA,NA
"cell_0220",1,"sigma_time",12,12,12,0,912,48,8358.0583429581,8454.0583429581,8459.50909614465,8685.20906248166,-0.0108948120935595,NA
"cell_0220",1,"nu_time",12,12,12,0,912,48,8372.71235479965,8468.71235479965,8474.16310798621,8699.86307432322,NA,-0.0197697055548804
"cell_0220",1,"sigma_nu_time",12,12,12,0,912,60,8354.22903840521,8474.22903840521,8482.83068352859,8763.16743780967,-0.00848512505417655,-0.0110804789221181
"cell_0221",1,"stationary",12,12,12,0,912,36,8356.00342833384,8428.00342833384,8431.04799976241,8601.36646797651,NA,NA
"cell_0221",1,"sigma_time",12,12,12,0,912,48,8334.04563528534,8430.04563528534,8435.4963884719,8661.19635480891,-0.0104694253929434,NA
"cell_0221",1,"nu_time",12,12,12,0,912,48,8349.07377432779,8445.07377432779,8450.52452751435,8676.22449385136,NA,-0.0227660987142465
"cell_0221",1,"sigma_nu_time",12,12,12,0,912,60,8329.49676267986,8449.49676267986,8458.09840780324,8738.43516208432,-0.00789612125794362,-0.00726102745889958
"cell_0237",1,"stationary",12,12,12,0,912,36,8263.08675740212,8335.08675740212,8338.13132883069,8508.4497970448,NA,NA
"cell_0237",1,"sigma_time",12,12,12,0,912,48,8244.3297707787,8340.3297707787,8345.78052396526,8571.48049030227,-0.0191459594191981,NA
"cell_0237",1,"nu_time",12,12,12,0,912,48,8249.29329354476,8345.29329354476,8350.74404673131,8576.44401306832,NA,-0.048409875621265
"cell_0237",1,"sigma_nu_time",12,12,12,0,912,60,8235.89745488593,8355.89745488593,8364.49910000931,8644.83585429039,-0.0166730407488174,-0.0319900778323034
"cell_0238",1,"stationary",12,12,12,0,912,36,8301.05989192497,8373.05989192497,8376.10446335354,8546.42293156764,NA,NA
"cell_0238",1,"sigma_time",12,12,12,0,912,48,8282.2943575641,8378.2943575641,8383.74511075066,8609.44507708767,-0.0164604236465158,NA
"cell_0238",1,"nu_time",12,12,12,0,912,48,8287.41555316197,8383.41555316197,8388.86630634853,8614.56627268554,NA,-0.0512556805430688
"cell_0238",1,"sigma_nu_time",12,12,12,0,912,60,8273.78340758775,8393.78340758775,8402.38505271114,8682.72180699221,-0.0148627650474562,-0.0322686318775062
"cell_0239",1,"stationary",12,12,12,0,912,36,8328.16977531016,8400.16977531016,8403.21434673873,8573.53281495284,NA,NA
"cell_0239",1,"sigma_time",12,12,12,0,912,48,8307.19509710613,8403.19509710613,8408.64585029269,8634.3458166297,-0.0176180092828871,NA
"cell_0239",1,"nu_time",12,12,12,0,912,48,8314.27321307465,8410.27321307465,8415.72396626121,8641.42393259822,NA,-0.0566863414498494
"cell_0239",1,"sigma_nu_time",12,12,12,0,912,60,8298.66496154517,8418.66496154517,8427.26660666855,8707.60336094963,-0.0148788305168675,-0.0353713229690861
"cell_0240",1,"stationary",12,12,12,0,912,36,8351.70456259273,8423.70456259273,8426.7491340213,8597.06760223541,NA,NA
"cell_0240",1,"sigma_time",12,12,12,0,912,48,8327.74722230135,8423.74722230135,8429.1979754879,8654.89794182491,-0.018506212381176,NA
"cell_0240",1,"nu_time",12,12,12,0,912,48,8337.87680343553,8433.87680343553,8439.32755662209,8665.0275229591,NA,-0.0532306393463325
"cell_0240",1,"sigma_nu_time",12,12,12,0,912,60,8319.68799420603,8439.68799420603,8448.28963932942,8728.62639361049,-0.0163952026030064,-0.0342294027527569
"cell_0241",1,"stationary",12,12,12,0,912,36,8328.83220265374,8400.83220265374,8403.87677408231,8574.19524229642,NA,NA
"cell_0241",1,"sigma_time",12,12,12,0,912,48,8302.46247283029,8398.46247283029,8403.91322601685,8629.61319235386,-0.019474230791199,NA
"cell_0241",1,"nu_time",12,12,12,0,912,48,8315.48694803855,8411.48694803855,8416.93770122511,8642.63766756212,NA,-0.0462553644127412
"cell_0241",1,"sigma_nu_time",12,12,12,0,912,60,8295.25878035622,8415.25878035622,8423.86042547961,8704.19717976068,-0.0179643025157502,-0.0296451065912712
"cell_0242",1,"stationary",12,12,12,0,912,36,8246.61675010198,8318.61675010198,8321.66132153055,8491.97978974465,NA,NA
"cell_0242",1,"sigma_time",12,12,12,0,912,48,8218.37438803538,8314.37438803538,8319.82514122194,8545.52510755895,-0.0209729363728697,NA
"cell_0242",1,"nu_time",12,12,12,0,912,48,8234.26064301533,8330.26064301533,8335.71139620189,8561.4113625389,NA,-0.037994364978965
"cell_0242",1,"sigma_nu_time",12,12,12,0,912,60,8212.4241677115,8332.4241677115,8341.02581283489,8621.36256711596,-0.0196072851854933,-0.0262217345392333
"cell_0243",1,"stationary",12,12,12,0,912,36,8164.33377425098,8236.33377425098,8239.37834567955,8409.69681389366,NA,NA
"cell_0243",1,"sigma_time",12,12,12,0,912,48,8136.91959566433,8232.91959566433,8238.37034885089,8464.0703151879,-0.0218075378954922,NA
"cell_0243",1,"nu_time",12,12,12,0,912,48,8153.85466971458,8249.85466971458,8255.30542290114,8481.00538923815,NA,-0.0260682353358669
"cell_0243",1,"sigma_nu_time",12,12,12,0,912,60,8132.23211121909,8252.23211121909,8260.83375634247,8541.17051062355,-0.0198818215924955,-0.0177682020110739
"cell_0244",1,"stationary",12,12,12,0,912,36,8135.31775605899,8207.31775605899,8210.36232748756,8380.68079570166,NA,NA
"cell_0244",1,"sigma_time",12,12,12,0,912,48,8109.74300170237,8205.74300170237,8211.19375488892,8436.89372122593,-0.0209069647709338,NA
"cell_0244",1,"nu_time",12,12,12,0,912,48,8126.80895826105,8222.80895826105,8228.25971144761,8453.95967778462,NA,-0.0145280962087257
"cell_0244",1,"sigma_nu_time",12,12,12,0,912,60,8105.84555265952,8225.84555265952,8234.4471977829,8514.78395206398,-0.0186150888756292,-0.0138475126292151
"cell_0245",1,"stationary",12,12,12,0,912,36,8206.50255922351,8278.50255922351,8281.54713065208,8451.86559886618,NA,NA
"cell_0245",1,"sigma_time",12,12,12,0,912,48,8181.99151262906,8277.99151262906,8283.44226581561,8509.14223215262,-0.0174912409448963,NA
"cell_0245",1,"nu_time",12,12,12,0,912,48,8199.15893383392,8295.15893383392,8300.60968702048,8526.30965335749,NA,-0.0123880795866769
"cell_0245",1,"sigma_nu_time",12,12,12,0,912,60,8178.36413409147,8298.36413409147,8306.96577921486,8587.30253349593,-0.0152539203270125,-0.00410690623479758
"cell_0246",1,"stationary",12,12,12,0,912,36,8351.12671976823,8423.12671976823,8426.1712911968,8596.48975941091,NA,NA
"cell_0246",1,"sigma_time",12,12,12,0,912,48,8327.65386753199,8423.65386753199,8429.10462071854,8654.80458705555,-0.0138459129123575,NA
"cell_0246",1,"nu_time",12,12,12,0,912,48,8344.2677069978,8440.2677069978,8445.71846018435,8671.41842652136,NA,-0.0199996246742289
"cell_0246",1,"sigma_nu_time",12,12,12,0,912,60,8323.76141250469,8443.76141250469,8452.36305762808,8732.69981190915,-0.0112271349902301,-0.00570791404886911
"cell_0247",1,"stationary",12,12,12,0,912,36,8478.52572483863,8550.52572483863,8553.5702962672,8723.8887644813,NA,NA
"cell_0247",1,"sigma_time",12,12,12,0,912,48,8457.08492200174,8553.08492200174,8558.53567518829,8784.2356415253,-0.0108559710690871,NA
"cell_0247",1,"nu_time",12,12,12,0,912,48,8472.29015583339,8568.29015583339,8573.74090901995,8799.44087535696,NA,-0.0202183148601053
"cell_0247",1,"sigma_nu_time",12,12,12,0,912,60,8453.18912156543,8573.18912156543,8581.79076668881,8862.12752096989,-0.008060792732337,-0.0128536970139705
"cell_0248",1,"stationary",12,12,12,0,912,36,8494.65637967052,8566.65637967052,8569.70095109909,8740.01941931319,NA,NA
"cell_0248",1,"sigma_time",12,12,12,0,912,48,8474.5077411896,8570.5077411896,8575.95849437616,8801.65846071317,-0.00762950748937434,NA
"cell_0248",1,"nu_time",12,12,12,0,912,48,8488.03802847873,8584.03802847873,8589.48878166529,8815.1887480023,NA,-0.0254717219025743
"cell_0248",1,"sigma_nu_time",12,12,12,0,912,60,8470.03738429068,8590.03738429068,8598.63902941406,8878.97578369514,-0.00477590927491694,-0.00782422644742423
"cell_0265",1,"stationary",12,12,12,0,912,36,8218.51866583375,8290.51866583375,8293.56323726232,8463.88170547642,NA,NA
"cell_0265",1,"sigma_time",12,12,12,0,912,48,8188.94072861998,8284.94072861998,8290.39148180654,8516.09144814355,-0.020839755540052,NA
"cell_0265",1,"nu_time",12,12,12,0,912,48,8202.59903264696,8298.59903264696,8304.04978583351,8529.74975217052,NA,-0.0601602056146773
"cell_0265",1,"sigma_nu_time",12,12,12,0,912,60,8181.94246561111,8301.94246561111,8310.5441107345,8590.88086501557,-0.0205240944491755,-0.0350245854577331
"cell_0266",1,"stationary",12,12,12,0,912,36,8261.57582822366,8333.57582822366,8336.62039965223,8506.93886786634,NA,NA
"cell_0266",1,"sigma_time",12,12,12,0,912,48,8233.11569991157,8329.11569991157,8334.56645309813,8560.26641943514,-0.0170530436591226,NA
"cell_0266",1,"nu_time",12,12,12,0,912,48,8246.07963353302,8342.07963353302,8347.53038671958,8573.23035305659,NA,-0.0610181379372169
"cell_0266",1,"sigma_nu_time",12,12,12,0,912,60,8226.0119045692,8346.0119045692,8354.61354969259,8634.95030397366,-0.0166468686413873,-0.0361457230737476
"cell_0267",1,"stationary",12,12,12,0,912,36,8309.45389358503,8381.45389358503,8384.4984650136,8554.81693322771,NA,NA
"cell_0267",1,"sigma_time",12,12,12,0,912,48,8281.65428225616,8377.65428225616,8383.10503544271,8608.80500177972,-0.0172139002361979,NA
"cell_0267",1,"nu_time",12,12,12,0,912,48,8294.45099584634,8390.45099584634,8395.9017490329,8621.60171536991,NA,-0.0610734640160521
"cell_0267",1,"sigma_nu_time",12,12,12,0,912,60,8274.34194461727,8394.34194461727,8402.94358974066,8683.28034402173,-0.0161608365764292,-0.0390123579061319
"cell_0268",1,"stationary",12,12,12,0,912,36,8334.28147563572,8406.28147563572,8409.32604706429,8579.6445152784,NA,NA
"cell_0268",1,"sigma_time",12,12,12,0,912,48,8307.25479921109,8403.25479921109,8408.70555239765,8634.40551873466,-0.0175889957395295,NA
"cell_0268",1,"nu_time",12,12,12,0,912,48,8319.58799085215,8415.58799085215,8421.03874403871,8646.73871037572,NA,-0.052663534050328
"cell_0268",1,"sigma_nu_time",12,12,12,0,912,60,8299.75536195087,8419.75536195087,8428.35700707426,8708.69376135533,-0.0165754039464308,-0.0380831939820065
"cell_0269",1,"stationary",12,12,12,0,912,36,8305.13888734432,8377.13888734432,8380.1834587729,8550.501926987,NA,NA
"cell_0269",1,"sigma_time",12,12,12,0,912,48,8278.61141601454,8374.61141601454,8380.06216920109,8605.7621355381,-0.0185280218159659,NA
"cell_0269",1,"nu_time",12,12,12,0,912,48,8290.96020042735,8386.96020042735,8392.4109536139,8618.11091995091,NA,-0.0403725763250519
"cell_0269",1,"sigma_nu_time",12,12,12,0,912,60,8271.58054899927,8391.58054899927,8400.18219412265,8680.51894840373,-0.0174729421340736,-0.0315193265832119
"cell_0270",1,"stationary",12,12,12,0,912,36,8235.51875713532,8307.51875713532,8310.56332856389,8480.88179677799,NA,NA
"cell_0270",1,"sigma_time",12,12,12,0,912,48,8209.47582862308,8305.47582862308,8310.92658180964,8536.62654814665,-0.0202796064247371,NA
"cell_0270",1,"nu_time",12,12,12,0,912,48,8222.42922432601,8318.42922432601,8323.87997751257,8549.57994384958,NA,-0.0354233258356611
"cell_0270",1,"sigma_nu_time",12,12,12,0,912,60,8203.57618356635,8323.57618356635,8332.17782868973,8612.51458297081,-0.0191563728846344,-0.027273507826852
"cell_0271",1,"stationary",12,12,12,0,912,36,8182.31689152993,8254.31689152993,8257.3614629585,8427.6799311726,NA,NA
"cell_0271",1,"sigma_time",12,12,12,0,912,48,8157.78061311422,8253.78061311422,8259.23136630078,8484.93133263779,-0.0218882465838336,NA
"cell_0271",1,"nu_time",12,12,12,0,912,48,8170.49063268068,8266.49063268068,8271.94138586724,8497.64135220425,NA,-0.0275617215901407
"cell_0271",1,"sigma_nu_time",12,12,12,0,912,60,8152.67989187811,8272.67989187811,8281.28153700149,8561.61829128257,-0.0208074172432693,-0.0291050797186928
"cell_0272",1,"stationary",12,12,12,0,912,36,8177.96733842564,8249.96733842564,8253.01190985421,8423.33037806832,NA,NA
"cell_0272",1,"sigma_time",12,12,12,0,912,48,8155.04962176461,8251.04962176461,8256.50037495117,8482.20034128818,-0.0217483255604506,NA
"cell_0272",1,"nu_time",12,12,12,0,912,48,8168.36531129851,8264.36531129851,8269.81606448507,8495.51603082207,NA,-0.0269164329126916
"cell_0272",1,"sigma_nu_time",12,12,12,0,912,60,8150.58574805278,8270.58574805278,8279.18739317616,8559.52414745724,-0.0218187635662102,-0.0279268804548128
"cell_0273",1,"stationary",12,12,12,0,912,36,8323.66977863093,8395.66977863093,8398.7143500595,8569.03281827361,NA,NA
"cell_0273",1,"sigma_time",12,12,12,0,912,48,8301.21362024714,8397.21362024714,8402.66437343369,8628.3643397707,-0.0185561280976988,NA
"cell_0273",1,"nu_time",12,12,12,0,912,48,8315.920864744,8411.920864744,8417.37161793055,8643.07158426756,NA,-0.0220302631979674
"cell_0273",1,"sigma_nu_time",12,12,12,0,912,60,8297.17911723339,8417.17911723339,8425.78076235677,8706.11751663785,-0.0181029422390887,-0.0136721446317674
"cell_0274",1,"stationary",12,12,12,0,912,36,8475.75650323717,8547.75650323717,8550.80107466574,8721.11954287985,NA,NA
"cell_0274",1,"sigma_time",12,12,12,0,912,48,8454.11568768368,8550.11568768368,8555.56644087024,8781.26640720725,-0.0144977729849465,NA
"cell_0274",1,"nu_time",12,12,12,0,912,48,8468.83077721884,8564.83077721884,8570.2815304054,8795.98149674241,NA,-0.0252330214467857
"cell_0274",1,"sigma_nu_time",12,12,12,0,912,60,8449.83959278931,8569.83959278931,8578.44123791269,8858.77799219377,-0.0119160261890654,-0.0136648807022013
"cell_0275",1,"stationary",12,12,12,0,912,36,8592.11733419828,8664.11733419828,8667.16190562685,8837.48037384095,NA,NA
"cell_0275",1,"sigma_time",12,12,12,0,912,48,8571.89766924594,8667.89766924594,8673.3484224325,8899.04838876951,-0.0108595267184271,NA
"cell_0275",1,"nu_time",12,12,12,0,912,48,8585.3108642092,8681.3108642092,8686.76161739576,8912.46158373277,NA,-0.0280492714911367
"cell_0275",1,"sigma_nu_time",12,12,12,0,912,60,8567.26414618925,8687.26414618925,8695.86579131264,8976.20254559371,-0.00712773200426288,-0.0147613707454242
"cell_0276",1,"stationary",12,12,12,0,912,36,8612.22264953579,8684.22264953579,8687.26722096436,8857.58568917846,NA,NA
"cell_0276",1,"sigma_time",12,12,12,0,912,48,8592.07159006985,8688.07159006985,8693.5223432564,8919.22230959341,-0.0097088544394648,NA
"cell_0276",1,"nu_time",12,12,12,0,912,48,8605.03117238879,8701.03117238879,8706.48192557535,8932.18189191236,NA,-0.0239986928849129
"cell_0276",1,"sigma_nu_time",12,12,12,0,912,60,8587.10110478716,8707.10110478716,8715.70274991055,8996.03950419162,-0.0052399670684841,-0.013323152404777
"cell_0293",1,"stationary",12,12,12,0,912,36,8341.28806896612,8413.28806896612,8416.33264039469,8586.65110860879,NA,NA
"cell_0293",1,"sigma_time",12,12,12,0,912,48,8307.2684810783,8403.2684810783,8408.71923426486,8634.41920060187,-0.0184655239795541,NA
"cell_0293",1,"nu_time",12,12,12,0,912,48,8327.72971866257,8423.72971866257,8429.18047184913,8654.88043818614,NA,-0.0610238766227257
"cell_0293",1,"sigma_nu_time",12,12,12,0,912,60,8302.48352867608,8422.48352867608,8431.08517379946,8711.42192808054,-0.0180114890987482,-0.0444212147848362
"cell_0294",1,"stationary",12,12,12,0,912,36,8416.07856803015,8488.07856803015,8491.12313945872,8661.44160767282,NA,NA
"cell_0294",1,"sigma_time",12,12,12,0,912,48,8384.31805793931,8480.31805793931,8485.76881112586,8711.46877746287,-0.0171906369177704,NA
"cell_0294",1,"nu_time",12,12,12,0,912,48,8402.561726116,8498.561726116,8504.01247930256,8729.71244563957,NA,-0.0557920111759456
"cell_0294",1,"sigma_nu_time",12,12,12,0,912,60,8379.77829783529,8499.77829783529,8508.37994295867,8788.71669723975,-0.0163987133542446,-0.0422745160420567
"cell_0295",1,"stationary",12,12,12,0,912,36,8444.23586736502,8516.23586736502,8519.28043879359,8689.5989070077,NA,NA
"cell_0295",1,"sigma_time",12,12,12,0,912,48,8415.32958149253,8511.32958149253,8516.78033467909,8742.4803010161,-0.0174153947685833,NA
"cell_0295",1,"nu_time",12,12,12,0,912,48,8431.25986858085,8527.25986858085,8532.71062176741,8758.41058810442,NA,-0.0446442713622162
"cell_0295",1,"sigma_nu_time",12,12,12,0,912,60,8410.48484966119,8530.48484966119,8539.08649478457,8819.42324906565,-0.0162992442755714,-0.0389797465657131
"cell_0296",1,"stationary",12,12,12,0,912,36,8440.39425820525,8512.39425820525,8515.43882963382,8685.75729784792,NA,NA
"cell_0296",1,"sigma_time",12,12,12,0,912,48,8413.57126128974,8509.57126128974,8515.02201447629,8740.7219808133,-0.0179416550271699,NA
"cell_0296",1,"nu_time",12,12,12,0,912,48,8427.17089482599,8523.17089482599,8528.62164801255,8754.32161434956,NA,-0.0403350218627636
"cell_0296",1,"sigma_nu_time",12,12,12,0,912,60,8408.17996676968,8528.17996676968,8536.78161189306,8817.11836617414,-0.0167245642960351,-0.0307552199265926
"cell_0297",1,"stationary",12,12,12,0,912,36,8398.63752192045,8470.63752192045,8473.68209334902,8644.00056156312,NA,NA
"cell_0297",1,"sigma_time",12,12,12,0,912,48,8372.6895022953,8468.6895022953,8474.14025548186,8699.84022181887,-0.0194896581168175,NA
"cell_0297",1,"nu_time",12,12,12,0,912,48,8384.60693616588,8480.60693616588,8486.05768935243,8711.75765568944,NA,-0.0392767953801256
"cell_0297",1,"sigma_nu_time",12,12,12,0,912,60,8366.54102138479,8486.54102138479,8495.14266650818,8775.47942078925,-0.0181336638006949,-0.0286614533004473
"cell_0298",1,"stationary",12,12,12,0,912,36,8332.22097819723,8404.22097819723,8407.2655496258,8577.58401783991,NA,NA
"cell_0298",1,"sigma_time",12,12,12,0,912,48,8308.17019638615,8404.17019638615,8409.62094957271,8635.32091590972,-0.0187809932048462,NA
"cell_0298",1,"nu_time",12,12,12,0,912,48,8319.25262300131,8415.25262300131,8420.70337618787,8646.40334252488,NA,-0.0311702500316132
"cell_0298",1,"sigma_nu_time",12,12,12,0,912,60,8302.69829239295,8422.69829239295,8431.29993751634,8711.63669179741,-0.0174134899544716,-0.0274528772787909
"cell_0299",1,"stationary",12,12,12,0,912,36,8345.9931558678,8417.9931558678,8421.03772729637,8591.35619551048,NA,NA
"cell_0299",1,"sigma_time",12,12,12,0,912,48,8322.16386944016,8418.16386944016,8423.61462262672,8649.31458896373,-0.0199463174807973,NA
"cell_0299",1,"nu_time",12,12,12,0,912,48,8334.15677973596,8430.15677973596,8435.60753292252,8661.30749925953,NA,-0.0285242461413707
"cell_0299",1,"sigma_nu_time",12,12,12,0,912,60,8316.9761771809,8436.9761771809,8445.57782230428,8725.91457658536,-0.020097889855236,-0.0235166428548923
"cell_0300",1,"stationary",12,12,12,0,912,36,8403.5634334412,8475.5634334412,8478.60800486977,8648.92647308388,NA,NA
"cell_0300",1,"sigma_time",12,12,12,0,912,48,8380.28636078469,8476.28636078469,8481.73711397125,8707.43708030826,-0.0234045314247766,NA
"cell_0300",1,"nu_time",12,12,12,0,912,48,8393.48416037997,8489.48416037997,8494.93491356653,8720.63487990354,NA,-0.0292497488159317
"cell_0300",1,"sigma_nu_time",12,12,12,0,912,60,8375.37987575028,8495.37987575028,8503.98152087366,8784.31827515474,-0.0235249020959775,-0.0268643924339208
"cell_0301",1,"stationary",12,12,12,0,912,36,8519.21170812524,8591.21170812524,8594.25627955381,8764.57474776792,NA,NA
"cell_0301",1,"sigma_time",12,12,12,0,912,48,8496.79218316272,8592.79218316272,8598.24293634928,8823.94290268629,-0.0219569736778446,NA
"cell_0301",1,"nu_time",12,12,12,0,912,48,8511.08054638186,8607.08054638186,8612.53129956842,8838.23126590543,NA,-0.029555971056438
"cell_0301",1,"sigma_nu_time",12,12,12,0,912,60,8492.25832814524,8612.25832814524,8620.85997326862,8901.1967275497,-0.0220943188681425,-0.0201056060478622
"cell_0302",1,"stationary",12,12,12,0,912,36,8627.9604603539,8699.9604603539,8703.00503178248,8873.32349999658,NA,NA
"cell_0302",1,"sigma_time",12,12,12,0,912,48,8607.32059179553,8703.32059179553,8708.77134498209,8934.4713113191,-0.0147824148637631,NA
"cell_0302",1,"nu_time",12,12,12,0,912,48,8620.89633712914,8716.89633712914,8722.3470903157,8948.04705665271,NA,-0.0293750320336873
"cell_0302",1,"sigma_nu_time",12,12,12,0,912,60,8602.6278501813,8722.6278501813,8731.22949530469,9011.56624958576,-0.014779343213423,-0.0159213763282066
"cell_0303",1,"stationary",12,12,12,0,912,36,8699.81365921698,8771.81365921698,8774.85823064555,8945.17669885965,NA,NA
"cell_0303",1,"sigma_time",12,12,12,0,912,48,8681.74393956866,8777.74393956866,8783.19469275522,9008.89465909223,-0.00909688990952518,NA
"cell_0303",1,"nu_time",12,12,12,0,912,48,8693.11430454014,8789.11430454014,8794.5650577267,9020.26502406371,NA,-0.0172113170628579
"cell_0303",1,"sigma_nu_time",12,12,12,0,912,60,8676.80449472723,8796.80449472723,8805.40613985062,9085.74289413169,-0.00744578516501523,-0.0171935660193159
"cell_0304",1,"stationary",12,12,12,0,912,36,8681.54727798343,8753.54727798343,8756.591849412,8926.91031762611,NA,NA
"cell_0304",1,"sigma_time",12,12,12,0,912,48,8660.23810635291,8756.23810635291,8761.68885953946,8987.38882587647,-0.0123431026613834,NA
"cell_0304",1,"nu_time",12,12,12,0,912,48,8673.69374565189,8769.69374565189,8775.14449883844,9000.84446517545,NA,-0.0178720934737395
"cell_0304",1,"sigma_nu_time",12,12,12,0,912,60,8654.8293796131,8774.8293796131,8783.43102473648,9063.76777901756,-0.0097781177182079,-0.0180994386585301
"cell_0321",1,"stationary",12,12,12,0,912,36,8525.13463524011,8597.13463524011,8600.17920666868,8770.49767488279,NA,NA
"cell_0321",1,"sigma_time",12,12,12,0,912,48,8497.93980701477,8593.93980701477,8599.39056020133,8825.09052653834,-0.0202446086458799,NA
"cell_0321",1,"nu_time",12,12,12,0,912,48,8515.32919468468,8611.32919468468,8616.77994787124,8842.47991420825,NA,-0.041573696497488
"cell_0321",1,"sigma_nu_time",12,12,12,0,912,60,8494.8669263388,8614.8669263388,8623.46857146219,8903.80532574326,-0.0197652210239352,-0.0383602047428808
"cell_0322",1,"stationary",12,12,12,0,912,36,8662.72689026333,8734.72689026333,8737.7714616919,8908.089929906,NA,NA
"cell_0322",1,"sigma_time",12,12,12,0,912,48,8635.37551666473,8731.37551666473,8736.82626985128,8962.52623618829,-0.0194610163139195,NA
"cell_0322",1,"nu_time",12,12,12,0,912,48,8651.32667863388,8747.32667863388,8752.77743182044,8978.47739815745,NA,-0.0474393505637597
"cell_0322",1,"sigma_nu_time",12,12,12,0,912,60,8631.66156521482,8751.66156521482,8760.2632103382,9040.59996461928,-0.0188828906363279,-0.0343734675288652
"cell_0323",1,"stationary",12,12,12,0,912,36,8717.53687168525,8789.53687168525,8792.58144311382,8962.89991132793,NA,NA
"cell_0323",1,"sigma_time",12,12,12,0,912,48,8692.75725930851,8788.75725930851,8794.20801249506,9019.90797883207,-0.0189578991584967,NA
"cell_0323",1,"nu_time",12,12,12,0,912,48,8706.32874679842,8802.32874679842,8807.77949998498,9033.47946632199,NA,-0.0524551194253247
"cell_0323",1,"sigma_nu_time",12,12,12,0,912,60,8688.40247031825,8808.40247031825,8817.00411544164,9097.34086972271,-0.017577833978805,-0.0273260429922945
"cell_0324",1,"stationary",12,12,12,0,912,36,8651.00788064367,8723.00788064367,8726.05245207224,8896.37092028635,NA,NA
"cell_0324",1,"sigma_time",12,12,12,0,912,48,8626.44087890132,8722.44087890132,8727.89163208787,8953.59159842488,-0.0186030820822959,NA
"cell_0324",1,"nu_time",12,12,12,0,912,48,8638.76712466098,8734.76712466098,8740.21787784754,8965.91784418455,NA,-0.0548690923849537
"cell_0324",1,"sigma_nu_time",12,12,12,0,912,60,8621.52266106952,8741.52266106952,8750.1243061929,9030.46106047398,-0.0186367568148909,-0.0286575314271114
"cell_0325",1,"stationary",12,12,12,0,912,36,8578.50361104598,8650.50361104598,8653.54818247455,8823.86665068866,NA,NA
"cell_0325",1,"sigma_time",12,12,12,0,912,48,8552.88944069328,8648.88944069328,8654.34019387984,8880.04016021685,-0.0195197673411248,NA
"cell_0325",1,"nu_time",12,12,12,0,912,48,8564.72104424382,8660.72104424382,8666.17179743038,8891.87176376739,NA,-0.050130761771735
"cell_0325",1,"sigma_nu_time",12,12,12,0,912,60,8547.46922981967,8667.46922981967,8676.07087494306,8956.40762922413,-0.0191347543362906,-0.0352662409926271
"cell_0326",1,"stationary",12,12,12,0,912,36,8541.00522161451,8613.00522161451,8616.04979304308,8786.36826125719,NA,NA
"cell_0326",1,"sigma_time",12,12,12,0,912,48,8515.17426654062,8611.17426654062,8616.62501972718,8842.32498606419,-0.0193998940134887,NA
"cell_0326",1,"nu_time",12,12,12,0,912,48,8527.02174522416,8623.02174522416,8628.47249841072,8854.17246474773,NA,-0.0481559323285759
"cell_0326",1,"sigma_nu_time",12,12,12,0,912,60,8509.61629367614,8629.61629367614,8638.21793879952,8918.5546930806,-0.0190079375876305,-0.0406978550596923
"cell_0327",1,"stationary",12,12,12,0,912,36,8563.17710777739,8635.17710777739,8638.22167920596,8808.54014742007,NA,NA
"cell_0327",1,"sigma_time",12,12,12,0,912,48,8538.39580836974,8634.39580836974,8639.8465615563,8865.54652789331,-0.0198567925860908,NA
"cell_0327",1,"nu_time",12,12,12,0,912,48,8551.27780107036,8647.27780107036,8652.72855425691,8878.42852059392,NA,-0.0426929004998397
"cell_0327",1,"sigma_nu_time",12,12,12,0,912,60,8533.1542418453,8653.1542418453,8661.75588696869,8942.09264124976,-0.0204260911096108,-0.0359132517289496
"cell_0328",1,"stationary",12,12,12,0,912,36,8630.93821960733,8702.93821960733,8705.9827910359,8876.30125925,NA,NA
"cell_0328",1,"sigma_time",12,12,12,0,912,48,8606.58283448061,8702.58283448061,8708.03358766716,8933.73355400417,-0.0238043023876406,NA
"cell_0328",1,"nu_time",12,12,12,0,912,48,8620.29980434239,8716.29980434239,8721.75055752895,8947.45052386595,NA,-0.0350244513958354
"cell_0328",1,"sigma_nu_time",12,12,12,0,912,60,8601.2392815741,8721.2392815741,8729.84092669748,9010.17768097856,-0.024541773339621,-0.0289814278383894
"cell_0329",1,"stationary",12,12,12,0,912,36,8732.46284430525,8804.46284430525,8807.50741573382,8977.82588394793,NA,NA
"cell_0329",1,"sigma_time",12,12,12,0,912,48,8709.25780795751,8805.25780795751,8810.70856114407,9036.40852748108,-0.0256334012093506,NA
"cell_0329",1,"nu_time",12,12,12,0,912,48,8723.908134843,8819.908134843,8825.35888802956,9051.05885436657,NA,-0.0314382042376362
"cell_0329",1,"sigma_nu_time",12,12,12,0,912,60,8704.3717974839,8824.3717974839,8832.97344260729,9113.31019688836,-0.0259637193447781,-0.0215527802683317
"cell_0330",1,"stationary",12,12,12,0,912,36,8763.95074737208,8835.95074737208,8838.99531880065,9009.31378701475,NA,NA
"cell_0330",1,"sigma_time",12,12,12,0,912,48,8744.15005376098,8840.15005376098,8845.60080694754,9071.30077328455,-0.0161147534374625,NA
"cell_0330",1,"nu_time",12,12,12,0,912,48,8756.68093302656,8852.68093302656,8858.13168621311,9083.83165255012,NA,-0.0321082329541622
"cell_0330",1,"sigma_nu_time",12,12,12,0,912,60,8739.22772837082,8859.22772837082,8867.8293734942,9148.16612777528,-0.0160444484797113,-0.00867247065144396
"cell_0331",1,"stationary",12,12,12,0,912,36,8784.47593367363,8856.47593367363,8859.5205051022,9029.83897331631,NA,NA
"cell_0331",1,"sigma_time",12,12,12,0,912,48,8762.68887795853,8858.68887795853,8864.13963114509,9089.8395974821,-0.01556835083312,NA
"cell_0331",1,"nu_time",12,12,12,0,912,48,8777.1846049746,8873.1846049746,8878.63535816116,9104.33532449817,NA,-0.0248679740422186
"cell_0331",1,"sigma_nu_time",12,12,12,0,912,60,8757.70710496398,8877.70710496398,8886.30875008736,9166.64550436844,-0.0148602162017574,-0.0100951561828744
"cell_0348",1,"stationary",12,12,12,0,912,36,8504.92335160865,8576.92335160865,8579.96792303722,8750.28639125133,NA,NA
"cell_0348",1,"sigma_time",12,12,12,0,912,48,8484.78623054227,8580.78623054227,8586.23698372883,8811.93695006584,-0.0186398203600402,NA
"cell_0348",1,"nu_time",12,12,12,0,912,48,8497.27369313384,8593.27369313384,8598.7244463204,8824.4244126574,NA,-0.0461066316094468
"cell_0348",1,"sigma_nu_time",12,12,12,0,912,60,8481.57682419818,8601.57682419818,8610.17846932156,8890.51522360264,-0.0171589993110487,-0.0400791970676023
"cell_0349",1,"stationary",12,12,12,0,912,36,8725.11708445018,8797.11708445018,8800.16165587876,8970.48012409286,NA,NA
"cell_0349",1,"sigma_time",12,12,12,0,912,48,8703.18613273468,8799.18613273468,8804.63688592124,9030.33685225825,-0.0182208185495058,NA
"cell_0349",1,"nu_time",12,12,12,0,912,48,8716.82780385958,8812.82780385958,8818.27855704614,9043.97852338315,NA,-0.0371906834923018
"cell_0349",1,"sigma_nu_time",12,12,12,0,912,60,8699.85333967773,8819.85333967773,8828.45498480112,9108.79173908219,-0.018085207743599,-0.029138612431208
"cell_0350",1,"stationary",12,12,12,0,912,36,8905.6444681283,8977.6444681283,8980.68903955687,9151.00750777097,NA,NA
"cell_0350",1,"sigma_time",12,12,12,0,912,48,8883.48311573131,8979.48311573131,8984.93386891787,9210.63383525488,-0.0177685306700973,NA
"cell_0350",1,"nu_time",12,12,12,0,912,48,8896.53737003896,8992.53737003896,8997.98812322552,9223.68808956253,NA,-0.0458062979206606
"cell_0350",1,"sigma_nu_time",12,12,12,0,912,60,8879.72371231908,8999.72371231908,9008.32535744246,9288.66211172354,-0.0113068482550897,-0.0232645308992671
"cell_0351",1,"stationary",12,12,12,0,912,36,8961.39197052016,9033.39197052016,9036.43654194873,9206.75501016284,NA,NA
"cell_0351",1,"sigma_time",12,12,12,0,912,48,8938.05031537629,9034.05031537629,9039.50106856285,9265.20103489986,-0.0209124945598874,NA
"cell_0351",1,"nu_time",12,12,12,0,912,48,8950.62506795955,9046.62506795955,9052.0758211461,9277.77578748311,NA,-0.0487588069031687
"cell_0351",1,"sigma_nu_time",12,12,12,0,912,60,8933.96093509407,9053.96093509407,9062.56258021746,9342.89933449853,-0.0118280147175209,-0.0298477722822165
"cell_0352",1,"stationary",12,12,12,0,912,36,8867.55222486513,8939.55222486513,8942.5967962937,9112.9152645078,NA,NA
"cell_0352",1,"sigma_time",12,12,12,0,912,48,8843.6059163718,8939.6059163718,8945.05666955835,9170.75663589536,-0.0217036165128088,NA
"cell_0352",1,"nu_time",12,12,12,0,912,48,8855.97395652534,8951.97395652534,8957.4247097119,9183.12467604891,NA,-0.0614426029003017
"cell_0352",1,"sigma_nu_time",12,12,12,0,912,60,8839.07864018054,8959.07864018054,8967.68028530392,9248.017039585,-0.0170473999315748,-0.0354943932287975
"cell_0353",1,"stationary",12,12,12,0,912,36,8778.75742854421,8850.75742854421,8853.80199997278,9024.12046818689,NA,NA
"cell_0353",1,"sigma_time",12,12,12,0,912,48,8752.98015315685,8848.98015315685,8854.4309063434,9080.13087268041,-0.0208033674954316,NA
"cell_0353",1,"nu_time",12,12,12,0,912,48,8765.4615702659,8861.4615702659,8866.91232345246,9092.61228978947,NA,-0.0608152429840127
"cell_0353",1,"sigma_nu_time",12,12,12,0,912,60,8747.90237321513,8867.90237321513,8876.50401833851,9156.84077261959,-0.0189403923306204,-0.0474764562254668
"cell_0354",1,"stationary",12,12,12,0,912,36,8718.94814691127,8790.94814691127,8793.99271833984,8964.31118655395,NA,NA
"cell_0354",1,"sigma_time",12,12,12,0,912,48,8692.45515546539,8788.45515546539,8793.90590865194,9019.60587498895,-0.022154221658005,NA
"cell_0354",1,"nu_time",12,12,12,0,912,48,8704.71523330912,8800.71523330912,8806.16598649568,9031.86595283269,NA,-0.0587717674054956
"cell_0354",1,"sigma_nu_time",12,12,12,0,912,60,8686.82986724596,8806.82986724596,8815.43151236935,9095.76826665042,-0.0225952372678724,-0.0469631955305252
"cell_0355",1,"stationary",12,12,12,0,912,36,8755.97592814776,8827.97592814776,8831.02049957633,9001.33896779043,NA,NA
"cell_0355",1,"sigma_time",12,12,12,0,912,48,8729.878333201,8825.878333201,8831.32908638756,9057.02905272457,-0.0232052895298413,NA
"cell_0355",1,"nu_time",12,12,12,0,912,48,8742.91688159609,8838.91688159609,8844.36763478265,9070.06760111966,NA,-0.049655244426439
"cell_0355",1,"sigma_nu_time",12,12,12,0,912,60,8724.48096676981,8844.48096676981,8853.08261189319,9133.41936617427,-0.0237405280342098,-0.0435348525806615
"cell_0356",1,"stationary",12,12,12,0,912,36,8816.33600860138,8888.33600860138,8891.38058002995,9061.69904824405,NA,NA
"cell_0356",1,"sigma_time",12,12,12,0,912,48,8791.9315809269,8887.9315809269,8893.38233411345,9119.08230045046,-0.0244353973624996,NA
"cell_0356",1,"nu_time",12,12,12,0,912,48,8805.97524488786,8901.97524488786,8907.42599807442,9133.12596441143,NA,-0.0382335916790467
"cell_0356",1,"sigma_nu_time",12,12,12,0,912,60,8786.98043701431,8906.98043701431,8915.5820821377,9195.91883641877,-0.024834497826914,-0.034761257141994
"cell_0357",1,"stationary",12,12,12,0,912,36,8874.78275945889,8946.78275945889,8949.82733088746,9120.14579910157,NA,NA
"cell_0357",1,"sigma_time",12,12,12,0,912,48,8852.32626628129,8948.32626628129,8953.77701946785,9179.47698580485,-0.0284217051942094,NA
"cell_0357",1,"nu_time",12,12,12,0,912,48,8866.31796663056,8962.31796663056,8967.76871981711,9193.46868615412,NA,-0.0265911979391566
"cell_0357",1,"sigma_nu_time",12,12,12,0,912,60,8847.94094956353,8967.94094956353,8976.54259468691,9256.87934896799,-0.0294416044896808,-0.0239920133684214
"cell_0358",1,"stationary",12,12,12,0,912,36,8883.36556786191,8955.36556786191,8958.41013929048,9128.72860750458,NA,NA
"cell_0358",1,"sigma_time",12,12,12,0,912,48,8860.88269226032,8956.88269226032,8962.33344544688,9188.03341178389,-0.024953709211368,NA
"cell_0358",1,"nu_time",12,12,12,0,912,48,8875.51597642861,8971.51597642861,8976.96672961517,9202.66669595218,NA,-0.0251950496584224
"cell_0358",1,"sigma_nu_time",12,12,12,0,912,60,8856.49319873032,8976.49319873032,8985.09484385371,9265.43159813478,-0.0250250105901465,-0.0193963934232912
"cell_0371",1,"stationary",12,12,12,0,912,36,8356.93460152652,8428.93460152652,8431.97917295509,8602.29764116919,NA,NA
"cell_0371",1,"sigma_time",12,12,12,0,912,48,8342.87710112959,8438.87710112959,8444.32785431615,8670.02782065316,-0.0199119846036223,NA
"cell_0371",1,"nu_time",12,12,12,0,912,48,8343.81803278329,8439.81803278329,8445.26878596985,8670.96875230686,NA,-0.0499809041667765
"cell_0371",1,"sigma_nu_time",12,12,12,0,912,60,8333.6176249257,8453.6176249257,8462.21927004909,8742.55602433016,-0.0199758147714279,-0.0472916906986445
"cell_0372",1,"stationary",12,12,12,0,912,36,8372.74593690589,8444.74593690589,8447.79050833446,8618.10897654857,NA,NA
"cell_0372",1,"sigma_time",12,12,12,0,912,48,8360.96551951064,8456.96551951064,8462.4162726972,8688.11623903421,-0.0138342065084228,NA
"cell_0372",1,"nu_time",12,12,12,0,912,48,8360.86277175884,8456.86277175884,8462.31352494539,8688.0134912824,NA,-0.0555945764872477
"cell_0372",1,"sigma_nu_time",12,12,12,0,912,60,8352.13214557728,8472.13214557728,8480.73379070067,8761.07054498175,-0.0132387006339635,-0.0444902749415954
"cell_0373",1,"stationary",12,12,12,0,912,36,8417.56291903027,8489.56291903027,8492.60749045884,8662.92595867295,NA,NA
"cell_0373",1,"sigma_time",12,12,12,0,912,48,8408.03606703173,8504.03606703173,8509.48682021829,8735.1867865553,-0.00727710510787058,NA
"cell_0373",1,"nu_time",12,12,12,0,912,48,8407.82865222238,8503.82865222238,8509.27940540894,8734.97937174595,NA,-0.0545156021828391
"cell_0373",1,"sigma_nu_time",12,12,12,0,912,60,8400.76301135242,8520.76301135242,8529.3646564758,8809.70141075688,-0.00602932521816569,-0.042698178970429
"cell_0374",1,"stationary",12,12,12,0,912,36,8483.06132839077,8555.06132839077,8558.10589981934,8728.42436803344,NA,NA
"cell_0374",1,"sigma_time",12,12,12,0,912,48,8472.42371069162,8568.42371069162,8573.87446387818,8799.57443021519,-0.00837025258193361,NA
"cell_0374",1,"nu_time",12,12,12,0,912,48,8475.37431492568,8571.37431492568,8576.82506811224,8802.52503444925,NA,-0.0477320201770556
"cell_0374",1,"sigma_nu_time",12,12,12,0,912,60,8467.11929038908,8587.11929038908,8595.72093551246,8876.05768979354,-0.00685704138755231,-0.0400914991858856
"cell_0375",1,"stationary",12,12,12,0,912,36,8593.22429872687,8665.22429872687,8668.26887015544,8838.58733836955,NA,NA
"cell_0375",1,"sigma_time",12,12,12,0,912,48,8579.7014749924,8675.7014749924,8681.15222817896,8906.85219451597,-0.0139410290793072,NA
"cell_0375",1,"nu_time",12,12,12,0,912,48,8586.66839443348,8682.66839443348,8688.11914762003,8913.81911395704,NA,-0.044273365199329
"cell_0375",1,"sigma_nu_time",12,12,12,0,912,60,8575.61091986867,8695.61091986867,8704.21256499206,8984.54931927313,-0.0117226118867571,-0.0408286795986407
"cell_0376",1,"stationary",12,12,12,0,912,36,8804.48148941251,8876.48148941251,8879.52606084108,9049.84452905519,NA,NA
"cell_0376",1,"sigma_time",12,12,12,0,912,48,8788.72858699052,8884.72858699052,8890.17934017708,9115.87930651409,-0.0167387971217301,NA
"cell_0376",1,"nu_time",12,12,12,0,912,48,8798.38330788501,8894.38330788501,8899.83406107157,9125.53402740858,NA,-0.0417588675641205
"cell_0376",1,"sigma_nu_time",12,12,12,0,912,60,8785.00802610401,8905.00802610401,8913.6096712274,9193.94642550847,-0.0160778444084005,-0.0308779421753085
"cell_0377",1,"stationary",12,12,12,0,912,36,9021.86190856757,9093.86190856757,9096.90647999614,9267.22494821025,NA,NA
"cell_0377",1,"sigma_time",12,12,12,0,912,48,9004.60916583253,9100.60916583253,9106.05991901909,9331.7598853561,-0.0130648983999588,NA
"cell_0377",1,"nu_time",12,12,12,0,912,48,9015.70037413483,9111.70037413483,9117.15112732139,9342.8510936584,NA,-0.0352730179190405
"cell_0377",1,"sigma_nu_time",12,12,12,0,912,60,9000.76042419989,9120.76042419989,9129.36206932327,9409.69882360435,-0.0121043729765553,-0.0276304356915549
"cell_0378",1,"stationary",12,12,12,0,912,36,9183.86303027571,9255.86303027571,9258.90760170428,9429.22606991839,NA,NA
"cell_0378",1,"sigma_time",12,12,12,0,912,48,9164.67239385048,9260.67239385048,9266.12314703703,9491.82311337404,-0.0153594135505499,NA
"cell_0378",1,"nu_time",12,12,12,0,912,48,9177.06610488112,9273.06610488112,9278.51685806768,9504.21682440469,NA,-0.0310094456088934
"cell_0378",1,"sigma_nu_time",12,12,12,0,912,60,9160.71081407624,9280.71081407624,9289.31245919962,9569.6492134807,-0.0115674344128959,-0.022485154768142
"cell_0379",1,"stationary",12,12,12,0,912,36,9263.27155467556,9335.27155467556,9338.31612610413,9508.63459431823,NA,NA
"cell_0379",1,"sigma_time",12,12,12,0,912,48,9239.9645206257,9335.9645206257,9341.41527381226,9567.11524014927,-0.0243472664746585,NA
"cell_0379",1,"nu_time",12,12,12,0,912,48,9253.88245740632,9349.88245740632,9355.33321059288,9581.03317692989,NA,-0.0389574034611117
"cell_0379",1,"sigma_nu_time",12,12,12,0,912,60,9235.80662848227,9355.80662848227,9364.40827360566,9644.74502788673,-0.0150986987495361,-0.0288068706867406
"cell_0380",1,"stationary",12,12,12,0,912,36,9132.53529581368,9204.53529581368,9207.57986724225,9377.89833545636,NA,NA
"cell_0380",1,"sigma_time",12,12,12,0,912,48,9105.88448114026,9201.88448114026,9207.33523432681,9433.03520066382,-0.0276158253823391,NA
"cell_0380",1,"nu_time",12,12,12,0,912,48,9121.54743983735,9217.54743983735,9222.99819302391,9448.69815936092,NA,-0.0484034502921482
"cell_0380",1,"sigma_nu_time",12,12,12,0,912,60,9101.4380064777,9221.4380064777,9230.03965160109,9510.37640588216,-0.0257487022777731,-0.0350287963763298
"cell_0381",1,"stationary",12,12,12,0,912,36,9024.71734496947,9096.71734496947,9099.76191639804,9270.08038461215,NA,NA
"cell_0381",1,"sigma_time",12,12,12,0,912,48,8995.94534248658,9091.94534248658,9097.39609567313,9323.09606201014,-0.0263825374663011,NA
"cell_0381",1,"nu_time",12,12,12,0,912,48,9012.95686916614,9108.95686916614,9114.4076223527,9340.10758868971,NA,-0.0607488908311314
"cell_0381",1,"sigma_nu_time",12,12,12,0,912,60,8991.19020577942,9111.19020577942,9119.79185090281,9400.12860518388,-0.0281241361730026,-0.0351270398756619
"cell_0382",1,"stationary",12,12,12,0,912,36,8959.48073561854,9031.48073561854,9034.52530704711,9204.84377526121,NA,NA
"cell_0382",1,"sigma_time",12,12,12,0,912,48,8929.75110744666,9025.75110744666,9031.20186063322,9256.90182697023,-0.0266773471853874,NA
"cell_0382",1,"nu_time",12,12,12,0,912,48,8947.37267332629,9043.37267332629,9048.82342651284,9274.52339284985,NA,-0.0565607064556793
"cell_0382",1,"sigma_nu_time",12,12,12,0,912,60,8924.70064095248,9044.70064095248,9053.30228607586,9333.63904035694,-0.0267862016495952,-0.0265712425099492
"cell_0383",1,"stationary",12,12,12,0,912,36,8955.14598264487,9027.14598264487,9030.19055407344,9200.50902228755,NA,NA
"cell_0383",1,"sigma_time",12,12,12,0,912,48,8926.17072330344,9022.17072330344,9027.62147649,9253.32144282701,-0.0272187963777093,NA
"cell_0383",1,"nu_time",12,12,12,0,912,48,8943.81932262635,9039.81932262635,9045.27007581291,9270.97004214992,NA,-0.0494644330703292
"cell_0383",1,"sigma_nu_time",12,12,12,0,912,60,8921.39345212441,9041.39345212441,9049.9950972478,9330.33185152887,-0.0275447928407597,-0.0206588025138975
"cell_0384",1,"stationary",12,12,12,0,912,36,8991.98496542011,9063.98496542011,9067.02953684868,9237.34800506279,NA,NA
"cell_0384",1,"sigma_time",12,12,12,0,912,48,8965.34502075722,9061.34502075722,9066.79577394378,9292.49574028079,-0.0284346173604228,NA
"cell_0384",1,"nu_time",12,12,12,0,912,48,8982.91901786472,9078.91901786472,9084.36977105128,9310.06973738829,NA,-0.0432666298712638
"cell_0384",1,"sigma_nu_time",12,12,12,0,912,60,8960.90057336489,9080.90057336489,9089.50221848827,9369.83897276935,-0.0296541518296555,-0.0142742512964408
"cell_0385",1,"stationary",12,12,12,0,912,36,9026.41873590677,9098.41873590677,9101.46330733534,9271.78177554945,NA,NA
"cell_0385",1,"sigma_time",12,12,12,0,912,48,9002.56885672047,9098.56885672047,9104.01960990703,9329.71957624404,-0.0311369075277204,NA
"cell_0385",1,"nu_time",12,12,12,0,912,48,9018.7494589651,9114.7494589651,9120.20021215166,9345.90017848867,NA,-0.0312364168510152
"cell_0385",1,"sigma_nu_time",12,12,12,0,912,60,8998.43420567878,9118.43420567878,9127.03585080217,9407.37260508324,-0.0323254329720722,-0.00910774106024916
"cell_0386",1,"stationary",12,12,12,0,912,36,9009.04198950482,9081.04198950482,9084.08656093339,9254.4050291475,NA,NA
"cell_0386",1,"sigma_time",12,12,12,0,912,48,8982.42335710506,9078.42335710506,9083.87411029162,9309.57407662863,-0.034292354602646,NA
"cell_0386",1,"nu_time",12,12,12,0,912,48,9000.5288866928,9096.5288866928,9101.97963987936,9327.67960621636,NA,-0.0320607654281823
"cell_0386",1,"sigma_nu_time",12,12,12,0,912,60,8978.03655884196,9098.03655884196,9106.63820396535,9386.97495824642,-0.0345760599583061,-0.0162273953211084
"cell_0399",1,"stationary",12,12,12,0,912,36,8391.07998941051,8463.07998941051,8466.12456083909,8636.44302905319,NA,NA
"cell_0399",1,"sigma_time",12,12,12,0,912,48,8377.96323424107,8473.96323424107,8479.41398742763,8705.11395376464,-0.017604756591245,NA
"cell_0399",1,"nu_time",12,12,12,0,912,48,8376.34922010251,8472.34922010251,8477.79997328907,8703.49993962608,NA,-0.0510407561619448
"cell_0399",1,"sigma_nu_time",12,12,12,0,912,60,8367.87261502744,8487.87261502744,8496.47426015083,8776.8110144319,-0.0187668983745842,-0.04993423070692
"cell_0400",1,"stationary",12,12,12,0,912,36,8499.23391307236,8571.23391307236,8574.27848450093,8744.59695271504,NA,NA
"cell_0400",1,"sigma_time",12,12,12,0,912,48,8490.88334565281,8586.88334565281,8592.33409883937,8818.03406517638,-0.00907109688236825,NA
"cell_0400",1,"nu_time",12,12,12,0,912,48,8487.3916377809,8583.3916377809,8588.84239096746,8814.54235730447,NA,-0.0491342890647631
"cell_0400",1,"sigma_nu_time",12,12,12,0,912,60,8481.78946255549,8601.78946255549,8610.39110767887,8890.72786195995,-0.00900674990049151,-0.0458868353123194
"cell_0401",1,"stationary",12,12,12,0,912,36,8620.24908613849,8692.24908613849,8695.29365756706,8865.61212578116,NA,NA
"cell_0401",1,"sigma_time",12,12,12,0,912,48,8612.65800509019,8708.65800509019,8714.10875827674,8939.80872461375,-0.00790727291634642,NA
"cell_0401",1,"nu_time",12,12,12,0,912,48,8611.07627804633,8707.07627804633,8712.52703123289,8938.2269975699,NA,-0.0507144434573358
"cell_0401",1,"sigma_nu_time",12,12,12,0,912,60,8605.72082126782,8725.72082126782,8734.32246639121,9014.65922067228,-0.00682038876909895,-0.0421166760631595
"cell_0402",1,"stationary",12,12,12,0,912,36,8777.60873105879,8849.60873105879,8852.65330248736,9022.97177070146,NA,NA
"cell_0402",1,"sigma_time",12,12,12,0,912,48,8769.27214629853,8865.27214629853,8870.72289948508,9096.42286582209,-0.00797683936413852,NA
"cell_0402",1,"nu_time",12,12,12,0,912,48,8770.48488967686,8866.48488967686,8871.93564286342,9097.63560920043,NA,-0.0462565860520129
"cell_0402",1,"sigma_nu_time",12,12,12,0,912,60,8763.55570696583,8883.55570696583,8892.15735208921,9172.49410637029,-0.00556630143063904,-0.0397689379325715
"cell_0403",1,"stationary",12,12,12,0,912,36,8946.32395248762,9018.32395248762,9021.36852391619,9191.6869921303,NA,NA
"cell_0403",1,"sigma_time",12,12,12,0,912,48,8935.60739036915,9031.60739036915,9037.05814355571,9262.75810989272,-0.0138175965065997,NA
"cell_0403",1,"nu_time",12,12,12,0,912,48,8940.45139184799,9036.45139184799,9041.90214503455,9267.60211137156,NA,-0.0458319750156952
"cell_0403",1,"sigma_nu_time",12,12,12,0,912,60,8930.62493510898,9050.62493510898,9059.22658023236,9339.56333451344,-0.0130464107094514,-0.0337050722691972
"cell_0404",1,"stationary",12,12,12,0,912,36,9147.24323121843,9219.24323121843,9222.287802647,9392.6062708611,NA,NA
"cell_0404",1,"sigma_time",12,12,12,0,912,48,9134.13033390484,9230.13033390484,9235.5810870914,9461.28105342841,-0.0165834813583946,NA
"cell_0404",1,"nu_time",12,12,12,0,912,48,9141.46876745282,9237.46876745282,9242.91952063937,9468.61948697638,NA,-0.0422772958133234
"cell_0404",1,"sigma_nu_time",12,12,12,0,912,60,9129.213406154,9249.213406154,9257.81505127738,9538.15180555846,-0.018275867427,-0.0329741919575642
"cell_0405",1,"stationary",12,12,12,0,912,36,9355.2293300139,9427.2293300139,9430.27390144247,9600.59236965658,NA,NA
"cell_0405",1,"sigma_time",12,12,12,0,912,48,9339.82651768554,9435.82651768554,9441.27727087209,9666.9772372091,-0.0161425571491739,NA
"cell_0405",1,"nu_time",12,12,12,0,912,48,9348.83955934376,9444.83955934376,9450.29031253032,9675.99027886733,NA,-0.0522277208195592
"cell_0405",1,"sigma_nu_time",12,12,12,0,912,60,9334.56356103737,9454.56356103737,9463.16520616076,9743.50196044183,-0.0170563677307259,-0.0356573854965272
"cell_0406",1,"stationary",12,12,12,0,912,36,9510.82804222193,9582.82804222193,9585.8726136505,9756.1910818646,NA,NA
"cell_0406",1,"sigma_time",12,12,12,0,912,48,9491.70382874764,9587.70382874764,9593.15458193419,9818.8545482712,-0.0235722296323299,NA
"cell_0406",1,"nu_time",12,12,12,0,912,48,9502.79236132086,9598.79236132086,9604.24311450742,9829.94308084443,NA,-0.0468969360146526
"cell_0406",1,"sigma_nu_time",12,12,12,0,912,60,9486.03777961586,9606.03777961586,9614.63942473925,9894.97617902032,-0.0187365528361195,-0.0314908217610493
"cell_0407",1,"stationary",12,12,12,0,912,36,9534.885877684,9606.885877684,9609.93044911257,9780.24891732668,NA,NA
"cell_0407",1,"sigma_time",12,12,12,0,912,48,9513.4199141016,9609.4199141016,9614.87066728816,9840.57063362517,-0.0269219020457007,NA
"cell_0407",1,"nu_time",12,12,12,0,912,48,9525.68490693508,9621.68490693508,9627.13566012163,9852.83562645864,NA,-0.0471328675738456
"cell_0407",1,"sigma_nu_time",12,12,12,0,912,60,9507.56369011305,9627.56369011305,9636.16533523643,9916.50208951751,-0.0225919697933487,-0.0306113577979718
"cell_0408",1,"stationary",12,12,12,0,912,36,9417.14801137657,9489.14801137657,9492.19258280514,9662.51105101925,NA,NA
"cell_0408",1,"sigma_time",12,12,12,0,912,48,9392.17604786742,9488.17604786742,9493.62680105398,9719.32676739099,-0.0292039564910493,NA
"cell_0408",1,"nu_time",12,12,12,0,912,48,9406.63987133277,9502.63987133277,9508.09062451933,9733.79059085634,NA,-0.0490709724127819
"cell_0408",1,"sigma_nu_time",12,12,12,0,912,60,9385.91756404554,9505.91756404554,9514.51920916893,9794.85596345,-0.0294704211240717,-0.0364277702068559
"cell_0409",1,"stationary",12,12,12,0,912,36,9283.87447374637,9355.87447374637,9358.91904517494,9529.23751338905,NA,NA
"cell_0409",1,"sigma_time",12,12,12,0,912,48,9254.51139760219,9350.51139760219,9355.96215078875,9581.66211712576,-0.0324438771560275,NA
"cell_0409",1,"nu_time",12,12,12,0,912,48,9271.31278944631,9367.31278944631,9372.76354263287,9598.46350896987,NA,-0.0565925206253801
"cell_0409",1,"sigma_nu_time",12,12,12,0,912,60,9247.28822693165,9367.28822693165,9375.88987205504,9656.22662633611,-0.0332042957356617,-0.0382107817929228
"cell_0410",1,"stationary",12,12,12,0,912,36,9162.33757384751,9234.33757384751,9237.38214527608,9407.70061349018,NA,NA
"cell_0410",1,"sigma_time",12,12,12,0,912,48,9132.85177565202,9228.85177565202,9234.30252883858,9460.00249517559,-0.0298790619321161,NA
"cell_0410",1,"nu_time",12,12,12,0,912,48,9149.25490219272,9245.25490219272,9250.70565537928,9476.40562171629,NA,-0.0453206959899881
"cell_0410",1,"sigma_nu_time",12,12,12,0,912,60,9125.03732847949,9245.03732847949,9253.63897360288,9533.97572788395,-0.0313620868310304,-0.0433406426708364
"cell_0411",1,"stationary",12,12,12,0,912,36,9155.01069525623,9227.01069525623,9230.0552666848,9400.3737348989,NA,NA
"cell_0411",1,"sigma_time",12,12,12,0,912,48,9127.0391616159,9223.0391616159,9228.48991480246,9454.18988113947,-0.0294637158152718,NA
"cell_0411",1,"nu_time",12,12,12,0,912,48,9142.70041604885,9238.70041604885,9244.15116923541,9469.85113557242,NA,-0.0505308299926746
"cell_0411",1,"sigma_nu_time",12,12,12,0,912,60,9119.2443258962,9239.2443258962,9247.84597101958,9528.18272530066,-0.0317917056303338,-0.032508402176069
"cell_0412",1,"stationary",12,12,12,0,912,36,9176.11787965294,9248.11787965294,9251.16245108151,9421.48091929562,NA,NA
"cell_0412",1,"sigma_time",12,12,12,0,912,48,9150.71655837857,9246.71655837857,9252.16731156513,9477.86727790214,-0.0304164293915254,NA
"cell_0412",1,"nu_time",12,12,12,0,912,48,9165.66280810413,9261.66280810413,9267.11356129069,9492.8135276277,NA,-0.0401068721294377
"cell_0412",1,"sigma_nu_time",12,12,12,0,912,60,9143.91820725804,9263.91820725804,9272.51985238143,9552.8566066625,-0.0328126434380502,-0.0271759081123217
"cell_0413",1,"stationary",12,12,12,0,912,36,9201.7400526471,9273.7400526471,9276.78462407568,9447.10309228978,NA,NA
"cell_0413",1,"sigma_time",12,12,12,0,912,48,9178.12320052025,9274.12320052025,9279.57395370681,9505.27392004382,-0.0289751670432971,NA
"cell_0413",1,"nu_time",12,12,12,0,912,48,9192.77302919788,9288.77302919788,9294.22378238444,9519.92374872145,NA,-0.0293196104554697
"cell_0413",1,"sigma_nu_time",12,12,12,0,912,60,9172.09705379061,9292.09705379061,9300.698698914,9581.03545319507,-0.0338781644391179,-0.0132207116737166
"cell_0414",1,"stationary",12,12,12,0,912,36,9164.24276356236,9236.24276356236,9239.28733499093,9409.60580320503,NA,NA
"cell_0414",1,"sigma_time",12,12,12,0,912,48,9139.67155928489,9235.67155928489,9241.12231247145,9466.82227880846,-0.0327147471788553,NA
"cell_0414",1,"nu_time",12,12,12,0,912,48,9155.2335819571,9251.2335819571,9256.68433514366,9482.38430148067,NA,-0.0264622571098414
"cell_0414",1,"sigma_nu_time",12,12,12,0,912,60,9133.67567205539,9253.67567205539,9262.27731717878,9542.61407145985,-0.036733320437242,-0.00969319260030278
"cell_0425",1,"stationary",12,12,12,0,912,36,8122.36206039352,8194.36206039352,8197.40663182209,8367.7251000362,NA,NA
"cell_0425",1,"sigma_time",12,12,12,0,912,48,8093.21142711508,8189.21142711508,8194.66218030164,8420.36214663865,-0.0258939246520393,NA
"cell_0425",1,"nu_time",12,12,12,0,912,48,8097.6039482735,8193.6039482735,8199.05470146006,8424.75466779707,NA,-0.0606916531729561
"cell_0425",1,"sigma_nu_time",12,12,12,0,912,60,8081.9856470289,8201.9856470289,8210.58729215228,8490.92404643336,-0.0228493168492245,-0.0500777167064192
"cell_0426",1,"stationary",12,12,12,0,912,36,8280.974223456,8352.974223456,8356.01879488457,8526.33726309868,NA,NA
"cell_0426",1,"sigma_time",12,12,12,0,912,48,8263.88007879687,8359.88007879687,8365.33083198343,8591.03079832043,-0.0224639900410117,NA
"cell_0426",1,"nu_time",12,12,12,0,912,48,8260.26183143518,8356.26183143518,8361.71258462174,8587.41255095875,NA,-0.05872778260266
"cell_0426",1,"sigma_nu_time",12,12,12,0,912,60,8251.30007664326,8371.30007664326,8379.90172176665,8660.23847604772,-0.0201645871108694,-0.0580691560461402
"cell_0427",1,"stationary",12,12,12,0,912,36,8479.21699700442,8551.21699700442,8554.26156843299,8724.5800366471,NA,NA
"cell_0427",1,"sigma_time",12,12,12,0,912,48,8468.88981172431,8564.88981172431,8570.34056491087,8796.04053124788,-0.0142643001220637,NA
"cell_0427",1,"nu_time",12,12,12,0,912,48,8463.23734475903,8559.23734475903,8564.68809794559,8790.3880642826,NA,-0.0613294445109567
"cell_0427",1,"sigma_nu_time",12,12,12,0,912,60,8457.20098979725,8577.20098979725,8585.80263492063,8866.13938920171,-0.0146280498632922,-0.0591551566250334
"cell_0428",1,"stationary",12,12,12,0,912,36,8657.63398586873,8729.63398586873,8732.6785572973,8902.99702551141,NA,NA
"cell_0428",1,"sigma_time",12,12,12,0,912,48,8650.21032685933,8746.21032685933,8751.66108004589,8977.3610463829,-0.0105228731527614,NA
"cell_0428",1,"nu_time",12,12,12,0,912,48,8645.68866187188,8741.68866187188,8747.13941505844,8972.83938139545,NA,-0.057687276366417
"cell_0428",1,"sigma_nu_time",12,12,12,0,912,60,8640.76764183588,8760.76764183588,8769.36928695927,9049.70604124034,-0.0108913282653307,-0.0554880484412846
"cell_0429",1,"stationary",12,12,12,0,912,36,8830.4786801901,8902.4786801901,8905.52325161867,9075.84171983278,NA,NA
"cell_0429",1,"sigma_time",12,12,12,0,912,48,8823.35660447087,8919.35660447087,8924.80735765743,9150.50732399444,-0.0100714508836232,NA
"cell_0429",1,"nu_time",12,12,12,0,912,48,8822.03488945587,8918.03488945587,8923.48564264242,9149.18560897943,NA,-0.0515787056108338
"cell_0429",1,"sigma_nu_time",12,12,12,0,912,60,8816.65233523878,8936.65233523878,8945.25398036216,9225.59073464324,-0.0122598909880858,-0.0507440996705345
"cell_0430",1,"stationary",12,12,12,0,912,36,9026.69108881317,9098.69108881317,9101.73566024174,9272.05412845585,NA,NA
"cell_0430",1,"sigma_time",12,12,12,0,912,48,9018.7389566435,9114.7389566435,9120.18970983006,9345.88967616707,-0.0101623472389492,NA
"cell_0430",1,"nu_time",12,12,12,0,912,48,9020.78962470532,9116.78962470532,9122.24037789187,9347.94034422888,NA,-0.0481300014930057
"cell_0430",1,"sigma_nu_time",12,12,12,0,912,60,9013.71207957391,9133.71207957391,9142.31372469729,9422.65047897837,-0.0122563555526649,-0.0399939594801567
"cell_0431",1,"stationary",12,12,12,0,912,36,9237.69232322158,9309.69232322158,9312.73689465015,9483.05536286425,NA,NA
"cell_0431",1,"sigma_time",12,12,12,0,912,48,9228.82646243399,9324.82646243399,9330.27721562055,9555.97718195756,-0.0109593508809587,NA
"cell_0431",1,"nu_time",12,12,12,0,912,48,9232.4939498021,9328.4939498021,9333.94470298866,9559.64466932567,NA,-0.0395716611258493
"cell_0431",1,"sigma_nu_time",12,12,12,0,912,60,9223.66608699238,9343.66608699238,9352.26773211577,9632.60448639684,-0.0133374892537731,-0.0257786453715201
"cell_0432",1,"stationary",12,12,12,0,912,36,9436.52328002625,9508.52328002625,9511.56785145482,9681.88631966892,NA,NA
"cell_0432",1,"sigma_time",12,12,12,0,912,48,9424.18325541695,9520.18325541695,9525.63400860351,9751.33397494052,-0.0184316458899317,NA
"cell_0432",1,"nu_time",12,12,12,0,912,48,9430.1091481053,9526.1091481053,9531.55990129186,9757.25986762887,NA,-0.0447638468892823
"cell_0432",1,"sigma_nu_time",12,12,12,0,912,60,9418.28871112975,9538.28871112975,9546.89035625314,9827.22711053421,-0.0211782236113784,-0.0358318235970564
"cell_0433",1,"stationary",12,12,12,0,912,36,9609.6100478249,9681.6100478249,9684.65461925347,9854.97308746757,NA,NA
"cell_0433",1,"sigma_time",12,12,12,0,912,48,9594.11664171203,9690.11664171203,9695.56739489859,9921.2673612356,-0.0227360842474089,NA
"cell_0433",1,"nu_time",12,12,12,0,912,48,9601.62832571847,9697.62832571847,9703.07907890503,9928.77904524204,NA,-0.0410249717455657
"cell_0433",1,"sigma_nu_time",12,12,12,0,912,60,9587.29022045109,9707.29022045109,9715.89186557448,9996.22861985555,-0.024583944321906,-0.038373979320117
"cell_0434",1,"stationary",12,12,12,0,912,36,9767.54665499589,9839.54665499589,9842.59122642447,10012.9096946386,NA,NA
"cell_0434",1,"sigma_time",12,12,12,0,912,48,9749.67362862541,9845.67362862541,9851.12438181197,10076.824348149,-0.0265132737694877,NA
"cell_0434",1,"nu_time",12,12,12,0,912,48,9758.22723715178,9854.22723715178,9859.67799033834,10085.3779566754,NA,-0.0352412188250884
"cell_0434",1,"sigma_nu_time",12,12,12,0,912,60,9742.27341864063,9862.27341864063,9870.87506376402,10151.2118180451,-0.0264998324931673,-0.0315258296991516
"cell_0435",1,"stationary",12,12,12,0,912,36,9811.42052993742,9883.42052993742,9886.46510136599,10056.7835695801,NA,NA
"cell_0435",1,"sigma_time",12,12,12,0,912,48,9792.12253136697,9888.12253136697,9893.57328455353,10119.2732508905,-0.0286590487145286,NA
"cell_0435",1,"nu_time",12,12,12,0,912,48,9801.35258567397,9897.35258567397,9902.80333886052,10128.5033051975,NA,-0.03668926687718
"cell_0435",1,"sigma_nu_time",12,12,12,0,912,60,9784.45239631505,9904.45239631505,9913.05404143844,10193.3907957195,-0.0289826138817164,-0.0305511822135371
"cell_0436",1,"stationary",12,12,12,0,912,36,9659.17511199626,9731.17511199626,9734.21968342483,9904.53815163893,NA,NA
"cell_0436",1,"sigma_time",12,12,12,0,912,48,9637.54872631262,9733.54872631262,9738.99947949917,9964.69944583618,-0.0296679100996656,NA
"cell_0436",1,"nu_time",12,12,12,0,912,48,9648.0895516145,9744.0895516145,9749.54030480106,9975.24027113807,NA,-0.044682508560393
"cell_0436",1,"sigma_nu_time",12,12,12,0,912,60,9629.16631801183,9749.16631801183,9757.76796313521,10038.1047174163,-0.0313020943544459,-0.0311421604885211
"cell_0437",1,"stationary",12,12,12,0,912,36,9490.08789315188,9562.08789315188,9565.13246458045,9735.45093279455,NA,NA
"cell_0437",1,"sigma_time",12,12,12,0,912,48,9466.18563118029,9562.18563118029,9567.63638436685,9793.33635070386,-0.0309951545162595,NA
"cell_0437",1,"nu_time",12,12,12,0,912,48,9477.95874802523,9573.95874802523,9579.40950121179,9805.1094675488,NA,-0.050475193010896
"cell_0437",1,"sigma_nu_time",12,12,12,0,912,60,9457.22406331412,9577.22406331412,9585.82570843751,9866.16246271858,-0.0324252202558661,-0.0344843104660282
"cell_0438",1,"stationary",12,12,12,0,912,36,9329.61491459035,9401.61491459035,9404.65948601892,9574.97795423303,NA,NA
"cell_0438",1,"sigma_time",12,12,12,0,912,48,9306.02648822344,9402.02648822344,9407.47724141,9633.17720774701,-0.0307003218113114,NA
"cell_0438",1,"nu_time",12,12,12,0,912,48,9316.21539808338,9412.21539808338,9417.66615126994,9643.36611760695,NA,-0.0522581487997677
"cell_0438",1,"sigma_nu_time",12,12,12,0,912,60,9296.60619272649,9416.60619272649,9425.20783784987,9705.54459213095,-0.0339302761344331,-0.0403071110027217
"cell_0439",1,"stationary",12,12,12,0,912,36,9296.65778288229,9368.65778288229,9371.70235431086,9542.02082252496,NA,NA
"cell_0439",1,"sigma_time",12,12,12,0,912,48,9274.84343133784,9370.84343133784,9376.2941845244,9601.99415086141,-0.0263502955021776,NA
"cell_0439",1,"nu_time",12,12,12,0,912,48,9283.83209288008,9379.83209288008,9385.28284606664,9610.98281240365,NA,-0.0493243256582412
"cell_0439",1,"sigma_nu_time",12,12,12,0,912,60,9265.48484665708,9385.48484665708,9394.08649178046,9674.42324606154,-0.0338906984875737,-0.0303694329946231
"cell_0440",1,"stationary",12,12,12,0,912,36,9319.50000520977,9391.50000520977,9394.54457663834,9564.86304485244,NA,NA
"cell_0440",1,"sigma_time",12,12,12,0,912,48,9298.25749834381,9394.25749834381,9399.70825153037,9625.40821786738,-0.0239122239855857,NA
"cell_0440",1,"nu_time",12,12,12,0,912,48,9307.56235503611,9403.56235503611,9409.01310822267,9634.71307455968,NA,-0.0427967749628811
"cell_0440",1,"sigma_nu_time",12,12,12,0,912,60,9289.44450131005,9409.44450131005,9418.04614643344,9698.38290071451,-0.024993769345231,-0.0250679455104758
"cell_0441",1,"stationary",12,12,12,0,912,36,9341.67300439076,9413.67300439076,9416.71757581933,9587.03604403344,NA,NA
"cell_0441",1,"sigma_time",12,12,12,0,912,48,9320.22866478971,9416.22866478971,9421.67941797627,9647.37938431328,-0.0259426829387691,NA
"cell_0441",1,"nu_time",12,12,12,0,912,48,9330.43906644515,9426.43906644515,9431.88981963171,9657.58978596872,NA,-0.0313212797777064
"cell_0441",1,"sigma_nu_time",12,12,12,0,912,60,9311.7993992615,9431.7993992615,9440.40104438488,9720.73779866596,-0.0271536801685698,-0.0212611502628142
"cell_0442",1,"stationary",12,12,12,0,912,36,9300.1701619284,9372.1701619284,9375.21473335697,9545.53320157108,NA,NA
"cell_0442",1,"sigma_time",12,12,12,0,912,48,9277.97661449826,9373.97661449826,9379.42736768482,9605.12733402183,-0.0234111974508338,NA
"cell_0442",1,"nu_time",12,12,12,0,912,48,9288.76603901446,9384.76603901446,9390.21679220101,9615.91675853802,NA,-0.0289633375458268
"cell_0442",1,"sigma_nu_time",12,12,12,0,912,60,9269.3470822147,9389.3470822147,9397.94872733809,9678.28548161916,-0.0260137521289921,-0.017723896901612
"cell_0451",1,"stationary",12,12,12,0,912,36,8143.55942651829,8215.55942651829,8218.60399794686,8388.92246616097,NA,NA
"cell_0451",1,"sigma_time",12,12,12,0,912,48,8115.86268173673,8211.86268173673,8217.31343492329,8443.0134012603,-0.0233886782454997,NA
"cell_0451",1,"nu_time",12,12,12,0,912,48,8124.49244433129,8220.49244433129,8225.94319751785,8451.64316385486,NA,-0.0560660551163216
"cell_0451",1,"sigma_nu_time",12,12,12,0,912,60,8107.65191179096,8227.65191179096,8236.25355691434,8516.59031119542,-0.0231384435521198,-0.0496117042247656
"cell_0452",1,"stationary",12,12,12,0,912,36,8257.76490030184,8329.76490030184,8332.80947173041,8503.12793994451,NA,NA
"cell_0452",1,"sigma_time",12,12,12,0,912,48,8230.88022296818,8326.88022296818,8332.33097615474,8558.03094249175,-0.0218953674937103,NA
"cell_0452",1,"nu_time",12,12,12,0,912,48,8237.29222568599,8333.29222568599,8338.74297887255,8564.44294520956,NA,-0.0619882240741561
"cell_0452",1,"sigma_nu_time",12,12,12,0,912,60,8222.84383674976,8342.84383674976,8351.44548187314,8631.78223615422,-0.0211619473913927,-0.057141989578593
"cell_0453",1,"stationary",12,12,12,0,912,36,8386.86631429405,8458.86631429405,8461.91088572262,8632.22935393673,NA,NA
"cell_0453",1,"sigma_time",12,12,12,0,912,48,8359.40562596481,8455.40562596481,8460.85637915137,8686.55634548838,-0.0233008637704862,NA
"cell_0453",1,"nu_time",12,12,12,0,912,48,8366.28124937058,8462.28124937058,8467.73200255714,8693.43196889415,NA,-0.0597393158745139
"cell_0453",1,"sigma_nu_time",12,12,12,0,912,60,8350.80161208518,8470.80161208518,8479.40325720856,8759.74001148964,-0.0227625066977714,-0.051243593099845
"cell_0454",1,"stationary",12,12,12,0,912,36,8550.87657624504,8622.87657624504,8625.92114767361,8796.23961588772,NA,NA
"cell_0454",1,"sigma_time",12,12,12,0,912,48,8523.12667636199,8619.12667636199,8624.57742954855,8850.27739588556,-0.026482683520796,NA
"cell_0454",1,"nu_time",12,12,12,0,912,48,8529.18732749878,8625.18732749878,8630.63808068534,8856.33804702235,NA,-0.0666987458340166
"cell_0454",1,"sigma_nu_time",12,12,12,0,912,60,8513.04739148428,8633.04739148428,8641.64903660767,8921.98579088874,-0.0249298233742134,-0.0537203355012557
"cell_0455",1,"stationary",12,12,12,0,912,36,8697.29688534875,8769.29688534875,8772.34145677732,8942.65992499143,NA,NA
"cell_0455",1,"sigma_time",12,12,12,0,912,48,8681.53633682915,8777.53633682915,8782.98709001571,9008.68705635272,-0.0230952128643713,NA
"cell_0455",1,"nu_time",12,12,12,0,912,48,8683.83716409498,8779.83716409498,8785.28791728154,9010.98788361855,NA,-0.0597459958851555
"cell_0455",1,"sigma_nu_time",12,12,12,0,912,60,8672.97082770737,8792.97082770737,8801.57247283075,9081.90922711183,-0.0243341178615134,-0.0396210200646832
"cell_0456",1,"stationary",12,12,12,0,912,36,8839.72592752125,8911.72592752125,8914.77049894982,9085.08896716393,NA,NA
"cell_0456",1,"sigma_time",12,12,12,0,912,48,8830.44306850378,8926.44306850378,8931.89382169034,9157.59378802735,-0.0194374939723459,NA
"cell_0456",1,"nu_time",12,12,12,0,912,48,8830.23249308367,8926.23249308367,8931.68324627023,9157.38321260724,NA,-0.0495186493777032
"cell_0456",1,"sigma_nu_time",12,12,12,0,912,60,8823.11316310656,8943.11316310656,8951.71480822994,9232.05156251102,-0.0205879724964541,-0.0442081605245941
"cell_0457",1,"stationary",12,12,12,0,912,36,8968.2893152908,9040.2893152908,9043.33388671937,9213.65235493348,NA,NA
"cell_0457",1,"sigma_time",12,12,12,0,912,48,8961.37690006764,9057.37690006764,9062.8276532542,9288.52761959121,-0.0130107772017967,NA
"cell_0457",1,"nu_time",12,12,12,0,912,48,8961.29798073754,9057.29798073754,9062.7487339241,9288.44870026111,NA,-0.0455135214921938
"cell_0457",1,"sigma_nu_time",12,12,12,0,912,60,8955.52803308034,9075.52803308034,9084.12967820372,9364.4664324848,-0.0140151472878659,-0.0436540424512744
"cell_0458",1,"stationary",12,12,12,0,912,36,9126.01755098839,9198.01755098839,9201.06212241696,9371.38059063107,NA,NA
"cell_0458",1,"sigma_time",12,12,12,0,912,48,9120.35870985799,9216.35870985799,9221.80946304455,9447.50942938156,-0.00776655824716227,NA
"cell_0458",1,"nu_time",12,12,12,0,912,48,9119.62515359791,9215.62515359791,9221.07590678446,9446.77587312147,NA,-0.0416814706888689
"cell_0458",1,"sigma_nu_time",12,12,12,0,912,60,9114.47702122028,9234.47702122028,9243.07866634367,9523.41542062474,-0.0121345288432142,-0.0402433904137772
"cell_0459",1,"stationary",12,12,12,0,912,36,9295.78807960502,9367.78807960502,9370.83265103359,9541.15111924769,NA,NA
"cell_0459",1,"sigma_time",12,12,12,0,912,48,9290.12892006178,9386.12892006178,9391.57967324834,9617.27963958535,-0.00662362385417605,NA
"cell_0459",1,"nu_time",12,12,12,0,912,48,9289.12506057285,9385.12506057285,9390.57581375941,9616.27578009642,NA,-0.054222047339238
"cell_0459",1,"sigma_nu_time",12,12,12,0,912,60,9283.80131587308,9403.80131587308,9412.40296099647,9692.73971527754,-0.0115869688650063,-0.0525346489404491
"cell_0460",1,"stationary",12,12,12,0,912,36,9473.06600956372,9545.06600956372,9548.11058099229,9718.42904920639,NA,NA
"cell_0460",1,"sigma_time",12,12,12,0,912,48,9464.86968526587,9560.86968526587,9566.32043845243,9792.02040478944,-0.0163241638668669,NA
"cell_0460",1,"nu_time",12,12,12,0,912,48,9465.4163253344,9561.4163253344,9566.86707852096,9792.56704485797,NA,-0.0553688650175223
"cell_0460",1,"sigma_nu_time",12,12,12,0,912,60,9457.73369274639,9577.73369274639,9586.33533786977,9866.67209215085,-0.0207072132849288,-0.0539604335862318
"cell_0461",1,"stationary",12,12,12,0,912,36,9636.85444054643,9708.85444054643,9711.899011975,9882.21748018911,NA,NA
"cell_0461",1,"sigma_time",12,12,12,0,912,48,9625.3503976691,9721.3503976691,9726.80115085565,9952.50111719266,-0.0245506589855992,NA
"cell_0461",1,"nu_time",12,12,12,0,912,48,9628.52324026421,9724.52324026421,9729.97399345077,9955.67395978778,NA,-0.0512706392319997
"cell_0461",1,"sigma_nu_time",12,12,12,0,912,60,9617.82475857687,9737.82475857687,9746.42640370025,10026.7631579813,-0.0214864989756891,-0.0474493589199021
"cell_0462",1,"stationary",12,12,12,0,912,36,9790.87569158335,9862.87569158335,9865.92026301192,10036.238731226,NA,NA
"cell_0462",1,"sigma_time",12,12,12,0,912,48,9777.08427009758,9873.08427009758,9878.53502328414,10104.2349896212,-0.0282361019810693,NA
"cell_0462",1,"nu_time",12,12,12,0,912,48,9782.44517268483,9878.44517268483,9883.89592587139,10109.5958922084,NA,-0.0460981456032964
"cell_0462",1,"sigma_nu_time",12,12,12,0,912,60,9769.85512996429,9889.85512996429,9898.45677508767,10178.7935293687,-0.0212250012775588,-0.0376909779025554
"cell_0463",1,"stationary",12,12,12,0,912,36,9816.87382792846,9888.87382792846,9891.91839935703,10062.2368675711,NA,NA
"cell_0463",1,"sigma_time",12,12,12,0,912,48,9801.37036425218,9897.37036425218,9902.82111743874,10128.5210837757,-0.0315483647622122,NA
"cell_0463",1,"nu_time",12,12,12,0,912,48,9807.93465462662,9903.93465462662,9909.38540781317,10135.0853741502,NA,-0.0481326927394865
"cell_0463",1,"sigma_nu_time",12,12,12,0,912,60,9793.74072900188,9913.74072900188,9922.34237412527,10202.6791284063,-0.0232541636229134,-0.0302498635620162
"cell_0464",1,"stationary",12,12,12,0,912,36,9698.20272940408,9770.20272940408,9773.24730083265,9943.56576904676,NA,NA
"cell_0464",1,"sigma_time",12,12,12,0,912,48,9681.39108847816,9777.39108847816,9782.84184166471,10008.5418080017,-0.0327139044844364,NA
"cell_0464",1,"nu_time",12,12,12,0,912,48,9688.28737145441,9784.28737145441,9789.73812464097,10015.438090978,NA,-0.0560211885739063
"cell_0464",1,"sigma_nu_time",12,12,12,0,912,60,9672.70259254251,9792.70259254251,9801.3042376659,10081.640991947,-0.0314918497605155,-0.0312000364160383
"cell_0465",1,"stationary",12,12,12,0,912,36,9530.38722546865,9602.38722546865,9605.43179689722,9775.75026511133,NA,NA
"cell_0465",1,"sigma_time",12,12,12,0,912,48,9513.62079788984,9609.62079788984,9615.07155107639,9840.7715174134,-0.0252637537461924,NA
"cell_0465",1,"nu_time",12,12,12,0,912,48,9519.6394064706,9615.6394064706,9621.09015965716,9846.79012599417,NA,-0.0586318913990821
"cell_0465",1,"sigma_nu_time",12,12,12,0,912,60,9504.00399111694,9624.00399111694,9632.60563624033,9912.9423905214,-0.0331149643589288,-0.0371498503977476
"cell_0466",1,"stationary",12,12,12,0,912,36,9369.98182748145,9441.98182748145,9445.02639891002,9615.34486712412,NA,NA
"cell_0466",1,"sigma_time",12,12,12,0,912,48,9354.38904450574,9450.38904450574,9455.8397976923,9681.5397640293,-0.0154997091767779,NA
"cell_0466",1,"nu_time",12,12,12,0,912,48,9358.3158308486,9454.3158308486,9459.76658403516,9685.46655037217,NA,-0.0602283572478593
"cell_0466",1,"sigma_nu_time",12,12,12,0,912,60,9344.13520826,9464.13520826,9472.73685338339,9753.07360766446,-0.0204586858516867,-0.0377024185584834
"cell_0467",1,"stationary",12,12,12,0,912,36,9317.36408077124,9389.36408077124,9392.40865219981,9562.72712041392,NA,NA
"cell_0467",1,"sigma_time",12,12,12,0,912,48,9302.8375989658,9398.8375989658,9404.28835215236,9629.98831848937,-0.0156582262952968,NA
"cell_0467",1,"nu_time",12,12,12,0,912,48,9304.31008555631,9400.31008555631,9405.76083874287,9631.46080507988,NA,-0.0566637297401558
"cell_0467",1,"sigma_nu_time",12,12,12,0,912,60,9291.18279719069,9411.18279719069,9419.78444231408,9700.12119659515,-0.0173399109743249,-0.0324084644254679
"cell_0468",1,"stationary",12,12,12,0,912,36,9318.3886859774,9390.3886859774,9393.43325740598,9563.75172562008,NA,NA
"cell_0468",1,"sigma_time",12,12,12,0,912,48,9303.92596635934,9399.92596635934,9405.37671954589,9631.0766858829,-0.017189936507312,NA
"cell_0468",1,"nu_time",12,12,12,0,912,48,9304.55824111508,9400.55824111508,9406.00899430164,9631.70896063865,NA,-0.054349530843055
"cell_0468",1,"sigma_nu_time",12,12,12,0,912,60,9291.80233778628,9411.80233778628,9420.40398290966,9700.74073719074,-0.0157384333439756,-0.0320093657491715
"cell_0478",1,"stationary",12,12,12,0,912,36,8310.20459184416,8382.20459184416,8385.24916327273,8555.56763148683,NA,NA
"cell_0478",1,"sigma_time",12,12,12,0,912,48,8288.09379029541,8384.09379029541,8389.54454348196,8615.24450981897,-0.0201769819248742,NA
"cell_0478",1,"nu_time",12,12,12,0,912,48,8294.96394990284,8390.96394990284,8396.4147030894,8622.11466942641,NA,-0.0411489347451524
"cell_0478",1,"sigma_nu_time",12,12,12,0,912,60,8281.40888921379,8401.40888921379,8410.01053433717,8690.34728861825,-0.0175886779681735,-0.0401416534465669
"cell_0479",1,"stationary",12,12,12,0,912,36,8431.8155537629,8503.8155537629,8506.86012519147,8677.17859340557,NA,NA
"cell_0479",1,"sigma_time",12,12,12,0,912,48,8410.81221519263,8506.81221519263,8512.26296837919,8737.9629347162,-0.0193167526325791,NA
"cell_0479",1,"nu_time",12,12,12,0,912,48,8417.79449069305,8513.79449069305,8519.24524387961,8744.94521021662,NA,-0.0455985493426313
"cell_0479",1,"sigma_nu_time",12,12,12,0,912,60,8404.0394392798,8524.0394392798,8532.64108440318,8812.97783868426,-0.0183460970697372,-0.0376071465410548
"cell_0480",1,"stationary",12,12,12,0,912,36,8577.13773145937,8649.13773145937,8652.18230288794,8822.50077110205,NA,NA
"cell_0480",1,"sigma_time",12,12,12,0,912,48,8555.77152379055,8651.77152379055,8657.22227697711,8882.92224331412,-0.0188239815134974,NA
"cell_0480",1,"nu_time",12,12,12,0,912,48,8563.34002264816,8659.34002264816,8664.79077583472,8890.49074217173,NA,-0.0424083564117628
"cell_0480",1,"sigma_nu_time",12,12,12,0,912,60,8548.92157262822,8668.92157262822,8677.5232177516,8957.85997203268,-0.0193662869754979,-0.0357609777736965
"cell_0481",1,"stationary",12,12,12,0,912,36,8723.18121855945,8795.18121855945,8798.22578998802,8968.54425820212,NA,NA
"cell_0481",1,"sigma_time",12,12,12,0,912,48,8701.28526532903,8797.28526532903,8802.73601851559,9028.4359848526,-0.0212359516256132,NA
"cell_0481",1,"nu_time",12,12,12,0,912,48,8709.97448109007,8805.97448109007,8811.42523427663,9037.12520061364,NA,-0.0572135195326987
"cell_0481",1,"sigma_nu_time",12,12,12,0,912,60,8694.44828158375,8814.44828158375,8823.04992670714,9103.38668098821,-0.0212780371960084,-0.0359799443361206
"cell_0482",1,"stationary",12,12,12,0,912,36,8829.06597308542,8901.06597308542,8904.11054451399,9074.42901272809,NA,NA
"cell_0482",1,"sigma_time",12,12,12,0,912,48,8806.1569635804,8902.1569635804,8907.60771676696,9133.30768310397,-0.0247745615092069,NA
"cell_0482",1,"nu_time",12,12,12,0,912,48,8816.60846340011,8912.60846340011,8918.05921658667,9143.75918292368,NA,-0.0577630871578415
"cell_0482",1,"sigma_nu_time",12,12,12,0,912,60,8799.22594403069,8919.22594403069,8927.82758915408,9208.16434343515,-0.0252959307071068,-0.0322073316265179
"cell_0483",1,"stationary",12,12,12,0,912,36,8938.26428069492,9010.26428069492,9013.30885212349,9183.62732033759,NA,NA
"cell_0483",1,"sigma_time",12,12,12,0,912,48,8914.42426653507,9010.42426653507,9015.87501972162,9241.57498605863,-0.0265852712949706,NA
"cell_0483",1,"nu_time",12,12,12,0,912,48,8924.30790371344,9020.30790371344,9025.7586569,9251.45862323701,NA,-0.0498001203549113
"cell_0483",1,"sigma_nu_time",12,12,12,0,912,60,8906.36874482734,9026.36874482734,9034.97038995072,9315.3071442318,-0.0276818240916679,-0.0324428556149837
"cell_0484",1,"stationary",12,12,12,0,912,36,9003.44858193668,9075.44858193668,9078.49315336525,9248.81162157936,NA,NA
"cell_0484",1,"sigma_time",12,12,12,0,912,48,8991.22926648717,9087.22926648717,9092.68001967373,9318.37998601074,-0.0169628659195076,NA
"cell_0484",1,"nu_time",12,12,12,0,912,48,8995.85384142675,9091.85384142675,9097.30459461331,9323.00456095032,NA,-0.0418647575038151
"cell_0484",1,"sigma_nu_time",12,12,12,0,912,60,8984.65939553513,9104.65939553513,9113.26104065852,9393.59779493959,-0.0224121591541105,-0.0337843922381903
"cell_0485",1,"stationary",12,12,12,0,912,36,9095.72278085334,9167.72278085334,9170.76735228191,9341.08582049602,NA,NA
"cell_0485",1,"sigma_time",12,12,12,0,912,48,9089.4711184806,9185.4711184806,9190.92187166716,9416.62183800417,-0.00885890946277438,NA
"cell_0485",1,"nu_time",12,12,12,0,912,48,9088.50506787084,9184.50506787084,9189.95582105739,9415.6557873944,NA,-0.0436542051438398
"cell_0485",1,"sigma_nu_time",12,12,12,0,912,60,9082.83289921744,9202.83289921744,9211.43454434082,9491.7712986219,-0.015540790677743,-0.0403400654346194
"cell_0486",1,"stationary",12,12,12,0,912,36,9222.98246752923,9294.98246752923,9298.0270389578,9468.3455071719,NA,NA
"cell_0486",1,"sigma_time",12,12,12,0,912,48,9218.31677510741,9314.31677510741,9319.76752829397,9545.46749463098,-0.005554132975866,NA
"cell_0486",1,"nu_time",12,12,12,0,912,48,9215.48899672005,9311.48899672005,9316.9397499066,9542.63971624361,NA,-0.0491881807238194
"cell_0486",1,"sigma_nu_time",12,12,12,0,912,60,9211.37040362883,9331.37040362883,9339.97204875221,9620.30880303329,-0.0134373811631939,-0.0474027695728388
"cell_0487",1,"stationary",12,12,12,0,912,36,9368.21336709869,9440.21336709869,9443.25793852726,9613.57640674137,NA,NA
"cell_0487",1,"sigma_time",12,12,12,0,912,48,9362.99895634504,9458.99895634504,9464.44970953159,9690.1496758686,-0.0157780068378897,NA
"cell_0487",1,"nu_time",12,12,12,0,912,48,9359.65260247199,9455.65260247199,9461.10335565855,9686.80332199556,NA,-0.048844718771208
"cell_0487",1,"sigma_nu_time",12,12,12,0,912,60,9354.76527637712,9474.76527637712,9483.36692150051,9763.70367578158,-0.0221215096888477,-0.0488341321860873
"cell_0488",1,"stationary",12,12,12,0,912,36,9505.79682381613,9577.79682381613,9580.8413952447,9751.15986345881,NA,NA
"cell_0488",1,"sigma_time",12,12,12,0,912,48,9499.39216535811,9595.39216535811,9600.84291854467,9826.54288488168,-0.0143616258067285,NA
"cell_0488",1,"nu_time",12,12,12,0,912,48,9497.19778175764,9593.19778175764,9598.6485349442,9824.34850128121,NA,-0.0472364898609189
"cell_0488",1,"sigma_nu_time",12,12,12,0,912,60,9491.4848178819,9611.4848178819,9620.08646300529,9900.42321728636,-0.0172454321884431,-0.04977081128729
"cell_0489",1,"stationary",12,12,12,0,912,36,9662.63758610629,9734.63758610629,9737.68215753486,9908.00062574896,NA,NA
"cell_0489",1,"sigma_time",12,12,12,0,912,48,9653.81491073255,9749.81491073255,9755.2656639191,9980.96563025611,-0.0177298497069708,NA
"cell_0489",1,"nu_time",12,12,12,0,912,48,9654.38398398228,9750.38398398228,9755.83473716884,9981.53470350585,NA,-0.0534815355922621
"cell_0489",1,"sigma_nu_time",12,12,12,0,912,60,9646.8534067781,9766.8534067781,9775.45505190148,10055.7918061826,-0.0158647411553016,-0.0492190587411291
"cell_0490",1,"stationary",12,12,12,0,912,36,9839.98395789674,9911.98395789674,9915.02852932531,10085.3469975394,NA,NA
"cell_0490",1,"sigma_time",12,12,12,0,912,48,9828.51539547057,9924.51539547057,9929.96614865713,10155.6661149941,-0.0248105055924353,NA
"cell_0490",1,"nu_time",12,12,12,0,912,48,9832.06001875548,9928.06001875548,9933.51077194204,10159.2107382791,NA,-0.0528530743729831
"cell_0490",1,"sigma_nu_time",12,12,12,0,912,60,9821.97977247759,9941.97977247759,9950.58141760097,10230.918171882,-0.0201277470838717,-0.0410881404742887
"cell_0491",1,"stationary",12,12,12,0,912,36,9883.07038449821,9955.07038449821,9958.11495592678,10128.4334241409,NA,NA
"cell_0491",1,"sigma_time",12,12,12,0,912,48,9869.88078338406,9965.88078338406,9971.33153657062,10197.0315029076,-0.0276895982966941,NA
"cell_0491",1,"nu_time",12,12,12,0,912,48,9874.81696131265,9970.81696131265,9976.26771449921,10201.9676808362,NA,-0.0583358187488471
"cell_0491",1,"sigma_nu_time",12,12,12,0,912,60,9863.00732633506,9983.00732633506,9991.60897145844,10271.9457257395,-0.0212590677483378,-0.0356047166299617
"cell_0492",1,"stationary",12,12,12,0,912,36,9763.0193716829,9835.0193716829,9838.06394311147,10008.3824113256,NA,NA
"cell_0492",1,"sigma_time",12,12,12,0,912,48,9749.09109392513,9845.09109392513,9850.54184711169,10076.2418134487,-0.022785975500598,NA
"cell_0492",1,"nu_time",12,12,12,0,912,48,9753.99758151166,9849.99758151166,9855.44833469822,10081.1483010352,NA,-0.0652824266810915
"cell_0492",1,"sigma_nu_time",12,12,12,0,912,60,9741.47263495094,9861.47263495094,9870.07428007432,10150.4110343554,-0.0262949645530564,-0.0351127916105435
"cell_0493",1,"stationary",12,12,12,0,912,36,9611.4555981822,9683.4555981822,9686.50016961077,9856.81863782488,NA,NA
"cell_0493",1,"sigma_time",12,12,12,0,912,48,9597.78138297935,9693.78138297935,9699.23213616591,9924.93210250292,-0.0199051178590418,NA
"cell_0493",1,"nu_time",12,12,12,0,912,48,9602.49961056479,9698.49961056479,9703.95036375135,9929.65033008836,NA,-0.0649302795191802
"cell_0493",1,"sigma_nu_time",12,12,12,0,912,60,9590.12740003429,9710.12740003429,9718.72904515767,9999.06579943875,-0.0209241895680454,-0.0322018378183134
"cell_0506",1,"stationary",12,12,12,0,912,36,8542.86459696143,8614.86459696143,8617.90916839,8788.22763660411,NA,NA
"cell_0506",1,"sigma_time",12,12,12,0,912,48,8526.95667143675,8622.95667143675,8628.4074246233,8854.10739096031,-0.0149796232699091,NA
"cell_0506",1,"nu_time",12,12,12,0,912,48,8531.74493137149,8627.74493137149,8633.19568455805,8858.89565089506,NA,-0.0408508040962822
"cell_0506",1,"sigma_nu_time",12,12,12,0,912,60,8520.93556287571,8640.93556287571,8649.5372079991,8929.87396228017,-0.0136892890890483,-0.029585918315771
"cell_0507",1,"stationary",12,12,12,0,912,36,8671.59929033005,8743.59929033005,8746.64386175862,8916.96232997273,NA,NA
"cell_0507",1,"sigma_time",12,12,12,0,912,48,8657.94124304425,8753.94124304425,8759.3919962308,8985.09196256781,-0.016166090904261,NA
"cell_0507",1,"nu_time",12,12,12,0,912,48,8662.96470770363,8758.96470770363,8764.41546089019,8990.1154272272,NA,-0.0229393116384912
"cell_0507",1,"sigma_nu_time",12,12,12,0,912,60,8652.50009668896,8772.50009668896,8781.10174181235,9061.43849609342,-0.0167288929730905,-0.0142787516165458
"cell_0508",1,"stationary",12,12,12,0,912,36,8854.42069430593,8926.42069430593,8929.4652657345,9099.7837339486,NA,NA
"cell_0508",1,"sigma_time",12,12,12,0,912,48,8841.90305851393,8937.90305851393,8943.35381170049,9169.0537780375,-0.0151570719943641,NA
"cell_0508",1,"nu_time",12,12,12,0,912,48,8846.18465702591,8942.18465702591,8947.63541021247,9173.33537654948,NA,-0.0303815195528176
"cell_0508",1,"sigma_nu_time",12,12,12,0,912,60,8835.75129012555,8955.75129012555,8964.35293524893,9244.68968953001,-0.0167006922100387,-0.0189132430795858
"cell_0509",1,"stationary",12,12,12,0,912,36,8977.69645385264,9049.69645385264,9052.74102528122,9223.05949349532,NA,NA
"cell_0509",1,"sigma_time",12,12,12,0,912,48,8966.20276017526,9062.20276017526,9067.65351336182,9293.35347969883,-0.0137467596560403,NA
"cell_0509",1,"nu_time",12,12,12,0,912,48,8970.0862513696,9066.0862513696,9071.53700455616,9297.23697089317,NA,-0.0277853835684514
"cell_0509",1,"sigma_nu_time",12,12,12,0,912,60,8959.37508570089,9079.37508570089,9087.97673082428,9368.31348510535,-0.0154119006623049,-0.0249801875655096
"cell_0510",1,"stationary",12,12,12,0,912,36,9040.26214372224,9112.26214372224,9115.30671515081,9285.62518336491,NA,NA
"cell_0510",1,"sigma_time",12,12,12,0,912,48,9029.60340515319,9125.60340515319,9131.05415833974,9356.75412467675,-0.0132866046895836,NA
"cell_0510",1,"nu_time",12,12,12,0,912,48,9032.6949177273,9128.6949177273,9134.14567091385,9359.84563725086,NA,-0.0262176262940239
"cell_0510",1,"sigma_nu_time",12,12,12,0,912,60,9021.75482553375,9141.75482553375,9150.35647065713,9430.69322493821,-0.0152794234234299,-0.0187521355725686
"cell_0511",1,"stationary",12,12,12,0,912,36,9085.73924552544,9157.73924552544,9160.78381695401,9331.10228516811,NA,NA
"cell_0511",1,"sigma_time",12,12,12,0,912,48,9074.65159221351,9170.65159221351,9176.10234540007,9401.80231173708,-0.0163775009116344,NA
"cell_0511",1,"nu_time",12,12,12,0,912,48,9078.49519563574,9174.49519563574,9179.9459488223,9405.64591515931,NA,-0.026422265927708
"cell_0511",1,"sigma_nu_time",12,12,12,0,912,60,9066.498471313,9186.498471313,9195.10011643639,9475.43687071746,-0.0198116604389283,-0.0114038084905576
"cell_0512",1,"stationary",12,12,12,0,912,36,9138.41019979421,9210.41019979421,9213.45477122278,9383.77323943688,NA,NA
"cell_0512",1,"sigma_time",12,12,12,0,912,48,9126.02827738797,9222.02827738797,9227.47903057452,9453.17899691153,-0.0154865487062405,NA
"cell_0512",1,"nu_time",12,12,12,0,912,48,9131.95661098481,9227.95661098481,9233.40736417137,9459.10733050838,NA,-0.0296346482017473
"cell_0512",1,"sigma_nu_time",12,12,12,0,912,60,9118.58894516123,9238.58894516123,9247.19059028461,9527.52734456569,-0.0218051016658097,-0.00614349992513822
"cell_0513",1,"stationary",12,12,12,0,912,36,9202.04245246131,9274.04245246131,9277.08702388988,9447.40549210398,NA,NA
"cell_0513",1,"sigma_time",12,12,12,0,912,48,9195.74294013286,9291.74294013286,9297.19369331941,9522.89365965642,-0.015222470175807,NA
"cell_0513",1,"nu_time",12,12,12,0,912,48,9194.55043985931,9290.55043985931,9296.00119304586,9521.70115938287,NA,-0.0424713243332892
"cell_0513",1,"sigma_nu_time",12,12,12,0,912,60,9188.90204029443,9308.90204029443,9317.50368541782,9597.84043969889,-0.0209095494725579,-0.0410500468200387
"cell_0514",1,"stationary",12,12,12,0,912,36,9305.22880142947,9377.22880142947,9380.27337285804,9550.59184107214,NA,NA
"cell_0514",1,"sigma_time",12,12,12,0,912,48,9299.4148024409,9395.4148024409,9400.86555562746,9626.56552196447,-0.0207532788875285,NA
"cell_0514",1,"nu_time",12,12,12,0,912,48,9297.05882896164,9393.05882896164,9398.50958214819,9624.2095484852,NA,-0.0497398875420307
"cell_0514",1,"sigma_nu_time",12,12,12,0,912,60,9291.70782966588,9411.70782966588,9420.30947478927,9700.64622907034,-0.0241143438361066,-0.0517763291995396
"cell_0515",1,"stationary",12,12,12,0,912,36,9419.28185975546,9491.28185975546,9494.32643118403,9664.64489939814,NA,NA
"cell_0515",1,"sigma_time",12,12,12,0,912,48,9412.77474667757,9508.77474667757,9514.22549986412,9739.92546620113,-0.0233401133712245,NA
"cell_0515",1,"nu_time",12,12,12,0,912,48,9410.41523001862,9506.41523001862,9511.86598320518,9737.56594954219,NA,-0.0503485543945738
"cell_0515",1,"sigma_nu_time",12,12,12,0,912,60,9404.04983599965,9524.04983599965,9532.65148112303,9812.98823540411,-0.0195998971424657,-0.0482744665698815
"cell_0516",1,"stationary",12,12,12,0,912,36,9547.96290986047,9619.96290986047,9623.00748128904,9793.32594950314,NA,NA
"cell_0516",1,"sigma_time",12,12,12,0,912,48,9540.76731603455,9636.76731603455,9642.2180692211,9867.91803555811,-0.0265897321090459,NA
"cell_0516",1,"nu_time",12,12,12,0,912,48,9539.22443985164,9635.22443985164,9640.67519303819,9866.3751593752,NA,-0.0598402183286282
"cell_0516",1,"sigma_nu_time",12,12,12,0,912,60,9532.61962129004,9652.61962129004,9661.22126641343,9941.55802069451,-0.0230855325551164,-0.0537768483259837
"cell_0517",1,"stationary",12,12,12,0,912,36,9710.03214012402,9782.03214012402,9785.07671155259,9955.39517976669,NA,NA
"cell_0517",1,"sigma_time",12,12,12,0,912,48,9701.29587057906,9797.29587057906,9802.74662376562,10028.4465901026,-0.0261454740948066,NA
"cell_0517",1,"nu_time",12,12,12,0,912,48,9701.60787154747,9797.60787154747,9803.05862473403,10028.758591071,NA,-0.0581535480243808
"cell_0517",1,"sigma_nu_time",12,12,12,0,912,60,9694.39555091015,9814.39555091015,9822.99719603353,10103.3339503146,-0.0211931375300839,-0.044237405245059
"cell_0518",1,"stationary",12,12,12,0,912,36,9890.6447537525,9962.6447537525,9965.68932518107,10136.0077933952,NA,NA
"cell_0518",1,"sigma_time",12,12,12,0,912,48,9879.53232625373,9975.53232625373,9980.98307944028,10206.6830457773,-0.0225707842200964,NA
"cell_0518",1,"nu_time",12,12,12,0,912,48,9882.065431056,9978.065431056,9983.51618424256,10209.2161505796,NA,-0.0516035661618467
"cell_0518",1,"sigma_nu_time",12,12,12,0,912,60,9872.82716852587,9992.82716852587,10001.4288136493,10281.7655679303,-0.0192234838078966,-0.0399685955982025
"cell_0534",1,"stationary",12,12,12,0,912,36,8774.41173583927,8846.41173583927,8849.45630726784,9019.77477548195,NA,NA
"cell_0534",1,"sigma_time",12,12,12,0,912,48,8767.00048547324,8863.00048547324,8868.45123865979,9094.1512049968,0.00017981076630766,NA
"cell_0534",1,"nu_time",12,12,12,0,912,48,8767.97837450037,8863.97837450037,8869.42912768693,9095.12909402394,NA,-0.0247541018911547
"cell_0534",1,"sigma_nu_time",12,12,12,0,912,60,8761.72001730691,8881.72001730691,8890.3216624303,9170.65841671137,-0.00197056578213042,-0.0197512947750816
"cell_0535",1,"stationary",12,12,12,0,912,36,9024.95089341238,9096.95089341238,9099.99546484095,9270.31393305506,NA,NA
"cell_0535",1,"sigma_time",12,12,12,0,912,48,9016.81228966641,9112.81228966641,9118.26304285297,9343.96300918998,0.00382487644952099,NA
"cell_0535",1,"nu_time",12,12,12,0,912,48,9016.23036353012,9112.23036353012,9117.68111671668,9343.38108305369,NA,-0.0188930882188213
"cell_0535",1,"sigma_nu_time",12,12,12,0,912,60,9009.17573603339,9129.17573603339,9137.77738115677,9418.11413543785,-0.00290245408712012,-0.0168085507878704
"cell_0536",1,"stationary",12,12,12,0,912,36,9261.6973597492,9333.6973597492,9336.74193117777,9507.06039939188,NA,NA
"cell_0536",1,"sigma_time",12,12,12,0,912,48,9254.70163689916,9350.70163689916,9356.15239008572,9581.85235642273,0.005672020675527,NA
"cell_0536",1,"nu_time",12,12,12,0,912,48,9251.42793697503,9347.42793697503,9352.87869016159,9578.5786564986,NA,-0.0264641699431625
"cell_0536",1,"sigma_nu_time",12,12,12,0,912,60,9245.18313223428,9365.18313223428,9373.78477735767,9654.12153163874,6.4644651363894e-05,-0.0197461649680486
"cell_0537",1,"stationary",12,12,12,0,912,36,9389.66948917015,9461.66948917015,9464.71406059872,9635.03252881283,NA,NA
"cell_0537",1,"sigma_time",12,12,12,0,912,48,9383.44806063746,9479.44806063746,9484.89881382402,9710.59878016103,0.00648469779775979,NA
"cell_0537",1,"nu_time",12,12,12,0,912,48,9378.34412529054,9474.34412529054,9479.7948784771,9705.49484481411,NA,-0.0294304711780388
"cell_0537",1,"sigma_nu_time",12,12,12,0,912,60,9372.72518412983,9492.72518412983,9501.32682925322,9781.66358353429,0.00116009671639262,-0.0114557140090582
"cell_0538",1,"stationary",12,12,12,0,912,36,9334.13226968043,9406.13226968043,9409.176841109,9579.49530932311,NA,NA
"cell_0538",1,"sigma_time",12,12,12,0,912,48,9328.22837811274,9424.22837811274,9429.6791312993,9655.37909763631,0.00968367092369101,NA
"cell_0538",1,"nu_time",12,12,12,0,912,48,9322.3096100409,9418.3096100409,9423.76036322745,9649.46032956446,NA,-0.016918490802517
"cell_0538",1,"sigma_nu_time",12,12,12,0,912,60,9317.30128197974,9437.30128197974,9445.90292710313,9726.2396813842,0.000657226898631673,-0.0065677445231569
"cell_0539",1,"stationary",12,12,12,0,912,36,9238.48991175299,9310.48991175299,9313.53448318156,9483.85295139566,NA,NA
"cell_0539",1,"sigma_time",12,12,12,0,912,48,9234.29770994498,9330.29770994498,9335.74846313154,9561.44842946855,0.00389230478596152,NA
"cell_0539",1,"nu_time",12,12,12,0,912,48,9228.6270479503,9324.6270479503,9330.07780113685,9555.77776747386,NA,-0.0254014008010635
"cell_0539",1,"sigma_nu_time",12,12,12,0,912,60,9224.88600196092,9344.88600196092,9353.48764708431,9633.82440136538,-0.00342858168604867,-0.016223122978023
"cell_0540",1,"stationary",12,12,12,0,912,36,9166.10382572695,9238.10382572695,9241.14839715552,9411.46686536963,NA,NA
"cell_0540",1,"sigma_time",12,12,12,0,912,48,9161.26432476456,9257.26432476456,9262.71507795112,9488.41504428813,-0.0107609877457706,NA
"cell_0540",1,"nu_time",12,12,12,0,912,48,9158.948211689,9254.948211689,9260.39896487556,9486.09893121257,NA,-0.0366769730161703
"cell_0540",1,"sigma_nu_time",12,12,12,0,912,60,9154.05942998139,9274.05942998139,9282.66107510477,9562.99782938585,-0.0203191359369834,-0.0298390343863694
"cell_0541",1,"stationary",12,12,12,0,912,36,9199.65419275088,9271.65419275088,9274.69876417945,9445.01723239355,NA,NA
"cell_0541",1,"sigma_time",12,12,12,0,912,48,9191.24994781446,9287.24994781446,9292.70070100102,9518.40066733803,-0.0225716643359693,NA
"cell_0541",1,"nu_time",12,12,12,0,912,48,9191.73757551504,9287.73757551504,9293.1883287016,9518.88829503861,NA,-0.0458777343007878
"cell_0541",1,"sigma_nu_time",12,12,12,0,912,60,9184.39062396944,9304.39062396944,9312.99226909282,9593.3290233739,-0.0282411762284151,-0.0450906559986941
"cell_0542",1,"stationary",12,12,12,0,912,36,9261.46361816209,9333.46361816209,9336.50818959066,9506.82665780477,NA,NA
"cell_0542",1,"sigma_time",12,12,12,0,912,48,9253.77835120049,9349.77835120049,9355.22910438705,9580.92907072406,-0.0275658481995435,NA
"cell_0542",1,"nu_time",12,12,12,0,912,48,9253.45543810687,9349.45543810687,9354.90619129343,9580.60615763044,NA,-0.0566921342274518
"cell_0542",1,"sigma_nu_time",12,12,12,0,912,60,9246.60359470403,9366.60359470403,9375.20523982742,9655.54199410849,-0.0319518275936702,-0.0570220208255087
"cell_0543",1,"stationary",12,12,12,0,912,36,9351.32570402924,9423.32570402924,9426.37027545782,9596.68874367192,NA,NA
"cell_0543",1,"sigma_time",12,12,12,0,912,48,9343.39361498107,9439.39361498107,9444.84436816763,9670.54433450464,-0.0315962390904452,NA
"cell_0543",1,"nu_time",12,12,12,0,912,48,9343.65545127647,9439.65545127647,9445.10620446303,9670.80617080004,NA,-0.0560064841951587
"cell_0543",1,"sigma_nu_time",12,12,12,0,912,60,9336.16055138898,9456.16055138898,9464.76219651237,9745.09895079344,-0.0293257614932752,-0.0562641738867947
"cell_0544",1,"stationary",12,12,12,0,912,36,9495.54679347755,9567.54679347755,9570.59136490612,9740.90983312023,NA,NA
"cell_0544",1,"sigma_time",12,12,12,0,912,48,9486.88856070817,9582.88856070817,9588.33931389472,9814.03928023173,-0.033339495261186,NA
"cell_0544",1,"nu_time",12,12,12,0,912,48,9487.21760349038,9583.21760349038,9588.66835667694,9814.36832301394,NA,-0.0625614453242872
"cell_0544",1,"sigma_nu_time",12,12,12,0,912,60,9479.65649297656,9599.65649297656,9608.25813809995,9888.59489238102,-0.0335299954072467,-0.0564073576894271
"cell_0545",1,"stationary",12,12,12,0,912,36,9714.83441714218,9786.83441714218,9789.87898857076,9960.19745678486,NA,NA
"cell_0545",1,"sigma_time",12,12,12,0,912,48,9703.47236927777,9799.47236927777,9804.92312246433,10030.6230888013,-0.0371883847656279,NA
"cell_0545",1,"nu_time",12,12,12,0,912,48,9704.56598734785,9800.56598734785,9806.0167405344,10031.7167068714,NA,-0.0645950194765876
"cell_0545",1,"sigma_nu_time",12,12,12,0,912,60,9695.33729659726,9815.33729659726,9823.93894172064,10104.2756960017,-0.034803744085171,-0.0559691137815498
"cell_0546",1,"stationary",12,12,12,0,912,36,9905.80905548873,9977.80905548873,9980.8536269173,10151.1720951314,NA,NA
"cell_0546",1,"sigma_time",12,12,12,0,912,48,9893.72117514639,9989.72117514639,9995.17192833295,10220.87189467,-0.0292159436701478,NA
"cell_0546",1,"nu_time",12,12,12,0,912,48,9896.56563501905,9992.56563501905,9998.01638820561,10223.7163545426,NA,-0.0581259288805853
"cell_0546",1,"sigma_nu_time",12,12,12,0,912,60,9886.10605697365,10006.1060569737,10014.707702097,10295.0444563781,-0.0301905699707566,-0.0488003324492069
"cell_0566",1,"stationary",12,12,12,0,912,36,9615.406119018,9687.406119018,9690.45069044657,9860.76915866067,NA,NA
"cell_0566",1,"sigma_time",12,12,12,0,912,48,9608.49588539213,9704.49588539213,9709.94663857869,9935.6466049157,0.0114217877001053,NA
"cell_0566",1,"nu_time",12,12,12,0,912,48,9603.88957221146,9699.88957221146,9705.34032539802,9931.04029173503,NA,-0.0166260350236793
"cell_0566",1,"sigma_nu_time",12,12,12,0,912,60,9597.798782453,9717.798782453,9726.40042757638,10006.7371818575,0.00369013871372385,-0.00729064544138688
"cell_0567",1,"stationary",12,12,12,0,912,36,9441.46382357042,9513.46382357042,9516.50839499899,9686.82686321309,NA,NA
"cell_0567",1,"sigma_time",12,12,12,0,912,48,9436.62133239994,9532.62133239994,9538.0720855865,9763.77205192351,-0.000324622272232915,NA
"cell_0567",1,"nu_time",12,12,12,0,912,48,9432.53043447816,9528.53043447816,9533.98118766472,9759.68115400173,NA,-0.0357945914076167
"cell_0567",1,"sigma_nu_time",12,12,12,0,912,60,9428.02645733241,9548.02645733241,9556.6281024558,9836.96485673687,-0.00599596839365601,-0.0197785103414503
"cell_0568",1,"stationary",12,12,12,0,912,36,9312.32976758356,9384.32976758356,9387.37433901213,9557.69280722624,NA,NA
"cell_0568",1,"sigma_time",12,12,12,0,912,48,9307.55139776637,9403.55139776637,9409.00215095293,9634.70211728994,-0.01803251689147,NA
"cell_0568",1,"nu_time",12,12,12,0,912,48,9305.66983594655,9401.66983594655,9407.12058913311,9632.82055547012,NA,-0.0540797230680783
"cell_0568",1,"sigma_nu_time",12,12,12,0,912,60,9301.11718481514,9421.11718481514,9429.71882993852,9710.0555842196,-0.0182857105093373,-0.0478319251220251
"cell_0569",1,"stationary",12,12,12,0,912,36,9289.99507653008,9361.99507653008,9365.03964795865,9535.35811617276,NA,NA
"cell_0569",1,"sigma_time",12,12,12,0,912,48,9282.43839710273,9378.43839710273,9383.88915028929,9609.5891166263,-0.0262487273956301,NA
"cell_0569",1,"nu_time",12,12,12,0,912,48,9283.38624059811,9379.38624059811,9384.83699378467,9610.53696012168,NA,-0.0511715373292724
"cell_0569",1,"sigma_nu_time",12,12,12,0,912,60,9276.38878713778,9396.38878713778,9404.99043226117,9685.32718654224,-0.0307377971703696,-0.0488486457918019
"cell_0570",1,"stationary",12,12,12,0,912,36,9287.88180316079,9359.88180316079,9362.92637458936,9533.24484280346,NA,NA
"cell_0570",1,"sigma_time",12,12,12,0,912,48,9278.0797240107,9374.0797240107,9379.53047719726,9605.23044353426,-0.0337395069869991,NA
"cell_0570",1,"nu_time",12,12,12,0,912,48,9281.08453921962,9377.08453921962,9382.53529240617,9608.23525874318,NA,-0.0573420545126149
"cell_0570",1,"sigma_nu_time",12,12,12,0,912,60,9272.07718567266,9392.07718567266,9400.67883079604,9681.01558507712,-0.035135959211067,-0.0529913576888304
"cell_0571",1,"stationary",12,12,12,0,912,36,9277.48424024507,9349.48424024507,9352.52881167364,9522.84727988774,NA,NA
"cell_0571",1,"sigma_time",12,12,12,0,912,48,9266.17981611281,9362.17981611281,9367.63056929937,9593.33053563638,-0.0402852397539109,NA
"cell_0571",1,"nu_time",12,12,12,0,912,48,9269.99328053541,9365.99328053541,9371.44403372196,9597.14400005897,NA,-0.062338839281225
"cell_0571",1,"sigma_nu_time",12,12,12,0,912,60,9259.76486847152,9379.76486847152,9388.3665135949,9668.70326787598,-0.0372644231674461,-0.0653635796194299
"cell_0572",1,"stationary",12,12,12,0,912,36,9450.50151448442,9522.50151448442,9525.54608591299,9695.86455412709,NA,NA
"cell_0572",1,"sigma_time",12,12,12,0,912,48,9438.95313953959,9534.95313953959,9540.40389272614,9766.10385906315,-0.038194716574408,NA
"cell_0572",1,"nu_time",12,12,12,0,912,48,9441.89973907468,9537.89973907468,9543.35049226124,9769.05045859825,NA,-0.0679382961355213
"cell_0572",1,"sigma_nu_time",12,12,12,0,912,60,9431.85499992271,9551.85499992271,9560.45664504609,9840.79339932717,-0.0365198787934089,-0.0595667949372106
"cell_0573",1,"stationary",12,12,12,0,912,36,9704.76964408468,9776.76964408468,9779.81421551326,9950.13268372736,NA,NA
"cell_0573",1,"sigma_time",12,12,12,0,912,48,9692.94960101133,9788.94960101133,9794.40035419789,10020.1003205349,-0.0380572685329792,NA
"cell_0573",1,"nu_time",12,12,12,0,912,48,9695.99957908205,9791.99957908205,9797.45033226861,10023.1502986056,NA,-0.0629558672256491
"cell_0573",1,"sigma_nu_time",12,12,12,0,912,60,9685.47684475882,9805.47684475882,9814.0784898822,10094.4152441633,-0.0373316934041975,-0.056546416361318
"cell_0574",1,"stationary",12,12,12,0,912,36,9915.92907061403,9987.92907061403,9990.9736420426,10161.2921102567,NA,NA
"cell_0574",1,"sigma_time",12,12,12,0,912,48,9904.45683320441,10000.4568332044,10005.907586391,10231.607552728,-0.0323903843009762,NA
"cell_0574",1,"nu_time",12,12,12,0,912,48,9907.58734580375,10003.5873458037,10009.0380989903,10234.7380653273,NA,-0.0564601844134329
"cell_0574",1,"sigma_nu_time",12,12,12,0,912,60,9897.0234222184,10017.0234222184,10025.6250673418,10305.9618216229,-0.0334619843063035,-0.0487380751570646
"cell_0594",1,"stationary",12,12,12,0,912,36,9680.03056220933,9752.03056220933,9755.0751336379,9925.39360185201,NA,NA
"cell_0594",1,"sigma_time",12,12,12,0,912,48,9673.80391777675,9769.80391777675,9775.25467096331,10000.9546373003,0.00308836877042903,NA
"cell_0594",1,"nu_time",12,12,12,0,912,48,9670.26199652965,9766.26199652965,9771.7127497162,9997.41271605321,NA,-0.0259478063981841
"cell_0594",1,"sigma_nu_time",12,12,12,0,912,60,9664.50084787423,9784.50084787423,9793.10249299762,10073.4392472787,-0.0064589651485854,-0.0120260245542069
"cell_0595",1,"stationary",12,12,12,0,912,36,9464.36736013787,9536.36736013787,9539.41193156644,9709.73039978055,NA,NA
"cell_0595",1,"sigma_time",12,12,12,0,912,48,9459.43530336453,9555.43530336453,9560.88605655109,9786.5860228881,-0.0100940093788854,NA
"cell_0595",1,"nu_time",12,12,12,0,912,48,9456.522999799,9552.522999799,9557.97375298556,9783.67371932257,NA,-0.0477863211137343
"cell_0595",1,"sigma_nu_time",12,12,12,0,912,60,9451.77548939833,9571.77548939833,9580.37713452172,9860.71388880279,-0.0101964203913395,-0.0392162450035568
"cell_0596",1,"stationary",12,12,12,0,912,36,9307.14480773294,9379.14480773294,9382.18937916151,9552.50784737561,NA,NA
"cell_0596",1,"sigma_time",12,12,12,0,912,48,9301.31288377892,9397.31288377892,9402.76363696547,9628.46360330248,-0.0206644588096147,NA
"cell_0596",1,"nu_time",12,12,12,0,912,48,9300.71281903708,9396.71281903708,9402.16357222364,9627.86353856065,NA,-0.0615806950551797
"cell_0596",1,"sigma_nu_time",12,12,12,0,912,60,9295.26382368713,9415.26382368713,9423.86546881052,9704.20222309159,-0.0231420155746557,-0.0541110503572762
"cell_0597",1,"stationary",12,12,12,0,912,36,9277.93539702791,9349.93539702791,9352.97996845648,9523.29843667058,NA,NA
"cell_0597",1,"sigma_time",12,12,12,0,912,48,9268.2276132686,9364.2276132686,9369.67836645516,9595.37833279217,-0.0318789371647274,NA
"cell_0597",1,"nu_time",12,12,12,0,912,48,9270.98290929877,9366.98290929877,9372.43366248533,9598.13362882234,NA,-0.0580683437804777
"cell_0597",1,"sigma_nu_time",12,12,12,0,912,60,9262.20906253217,9382.20906253217,9390.81070765556,9671.14746193663,-0.0346718740799575,-0.0511940791351383
"cell_0598",1,"stationary",12,12,12,0,912,36,9277.69576677985,9349.69576677985,9352.74033820842,9523.05880642252,NA,NA
"cell_0598",1,"sigma_time",12,12,12,0,912,48,9263.52339228445,9359.52339228445,9364.97414547101,9590.67411180802,-0.043415095328359,NA
"cell_0598",1,"nu_time",12,12,12,0,912,48,9269.52682287776,9365.52682287776,9370.97757606432,9596.67754240133,NA,-0.0624529708615815
"cell_0598",1,"sigma_nu_time",12,12,12,0,912,60,9257.02828730905,9377.02828730905,9385.62993243244,9665.96668671351,-0.0405438342660418,-0.054999841150999
"cell_0599",1,"stationary",12,12,12,0,912,36,9275.70152999472,9347.70152999472,9350.74610142329,9521.0645696374,NA,NA
"cell_0599",1,"sigma_time",12,12,12,0,912,48,9259.41116804597,9355.41116804597,9360.86192123253,9586.56188756954,-0.0416897825596796,NA
"cell_0599",1,"nu_time",12,12,12,0,912,48,9266.51850051981,9362.51850051981,9367.96925370637,9593.66922004338,NA,-0.0653048227974605
"cell_0599",1,"sigma_nu_time",12,12,12,0,912,60,9252.12577458376,9372.12577458376,9380.72741970714,9661.06417398822,-0.0375093842910013,-0.0600381191734427
"cell_0600",1,"stationary",12,12,12,0,912,36,9440.33059853717,9512.33059853717,9515.37516996574,9685.69363817984,NA,NA
"cell_0600",1,"sigma_time",12,12,12,0,912,48,9427.08741002585,9523.08741002585,9528.53816321241,9754.23812954942,-0.0384872628084501,NA
"cell_0600",1,"nu_time",12,12,12,0,912,48,9431.74852484961,9527.74852484961,9533.19927803617,9758.89924437317,NA,-0.0612228379283715
"cell_0600",1,"sigma_nu_time",12,12,12,0,912,60,9419.75348473934,9539.75348473934,9548.35512986273,9828.6918841438,-0.0380313781025185,-0.0559324227535052
"cell_0601",1,"stationary",12,12,12,0,912,36,9684.29745159872,9756.29745159872,9759.34202302729,9929.6604912414,NA,NA
"cell_0601",1,"sigma_time",12,12,12,0,912,48,9672.64630402153,9768.64630402153,9774.09705720809,9999.7970235451,-0.0327575363467534,NA
"cell_0601",1,"nu_time",12,12,12,0,912,48,9675.65784996479,9771.65784996479,9777.10860315135,10002.8085694884,NA,-0.0596841651834277
"cell_0601",1,"sigma_nu_time",12,12,12,0,912,60,9664.88872819785,9784.88872819785,9793.49037332123,10073.8271276023,-0.0380723392492494,-0.0573648076806985
"cell_0624",1,"stationary",12,12,12,0,912,36,9017.04483756508,9089.04483756508,9092.08940899366,9262.40787720776,NA,NA
"cell_0624",1,"sigma_time",12,12,12,0,912,48,9007.22628796465,9103.22628796465,9108.6770411512,9334.37700748821,-0.0265882396380207,NA
"cell_0624",1,"nu_time",12,12,12,0,912,48,9008.72459273815,9104.72459273815,9110.17534592471,9335.87531226172,NA,-0.0653967771611455
"cell_0624",1,"sigma_nu_time",12,12,12,0,912,60,8999.85251714342,9119.85251714342,9128.45416226681,9408.79091654788,-0.0284502729607626,-0.0594250908493141
"cell_0625",1,"stationary",12,12,12,0,912,36,9056.2478729908,9128.2478729908,9131.29244441937,9301.61091263347,NA,NA
"cell_0625",1,"sigma_time",12,12,12,0,912,48,9036.28900725527,9132.28900725527,9137.73976044183,9363.43972677884,-0.0391186082194693,NA
"cell_0625",1,"nu_time",12,12,12,0,912,48,9044.72201964406,9140.72201964406,9146.17277283062,9371.87273916763,NA,-0.0673733093092244
"cell_0625",1,"sigma_nu_time",12,12,12,0,912,60,9028.20521072847,9148.20521072847,9156.80685585185,9437.14361013293,-0.0385039939565893,-0.0614644199805272
"cell_0626",1,"stationary",12,12,12,0,912,36,9147.00766225031,9219.00766225031,9222.05223367888,9392.37070189298,NA,NA
"cell_0626",1,"sigma_time",12,12,12,0,912,48,9122.28578652293,9218.28578652293,9223.73653970948,9449.43650604649,-0.0428248665407109,NA
"cell_0626",1,"nu_time",12,12,12,0,912,48,9132.47131223103,9228.47131223103,9233.92206541758,9459.62203175459,NA,-0.0725813315663386
"cell_0626",1,"sigma_nu_time",12,12,12,0,912,60,9112.75946510815,9232.75946510815,9241.36111023154,9521.69786451261,-0.0433823806513285,-0.0646724682146469
"cell_0627",1,"stationary",12,12,12,0,912,36,9202.88947031061,9274.88947031061,9277.93404173918,9448.25250995329,NA,NA
"cell_0627",1,"sigma_time",12,12,12,0,912,48,9182.69297066676,9278.69297066676,9284.14372385332,9509.84369019033,-0.0375634827677805,NA
"cell_0627",1,"nu_time",12,12,12,0,912,48,9190.5377504093,9286.5377504093,9291.98850359586,9517.68846993287,NA,-0.0579420754503196
"cell_0627",1,"sigma_nu_time",12,12,12,0,912,60,9173.43042076294,9293.43042076294,9302.03206588632,9582.3688201674,-0.0423440789384854,-0.058103878856576
"cell_0628",1,"stationary",12,12,12,0,912,36,9372.61378837658,9444.61378837658,9447.65835980515,9617.97682801925,NA,NA
"cell_0628",1,"sigma_time",12,12,12,0,912,48,9356.92997093536,9452.92997093536,9458.38072412192,9684.08069045893,-0.041554842860354,NA
"cell_0628",1,"nu_time",12,12,12,0,912,48,9361.98909632942,9457.98909632942,9463.43984951598,9689.13981585299,NA,-0.0541300030780935
"cell_0628",1,"sigma_nu_time",12,12,12,0,912,60,9347.90778812044,9467.90778812044,9476.50943324382,9756.8461875249,-0.0423627324667144,-0.0540439294882479
"cell_0629",1,"stationary",12,12,12,0,912,36,9580.16498863771,9652.16498863771,9655.20956006628,9825.52802828039,NA,NA
"cell_0629",1,"sigma_time",12,12,12,0,912,48,9565.40568539354,9661.40568539354,9666.8564385801,9892.55640491711,-0.0378993584493113,NA
"cell_0629",1,"nu_time",12,12,12,0,912,48,9569.3637776623,9665.3637776623,9670.81453084886,9896.51449718587,NA,-0.0632212395542401
"cell_0629",1,"sigma_nu_time",12,12,12,0,912,60,9556.23204405912,9676.23204405912,9684.8336891825,9965.17044346358,-0.0365851215240298,-0.0519943654529588
"cell_0630",1,"stationary",12,12,12,0,912,36,9787.71906991585,9859.71906991585,9862.76364134442,10033.0821095585,NA,NA
"cell_0630",1,"sigma_time",12,12,12,0,912,48,9772.81330982301,9868.81330982301,9874.26406300957,10099.9640293466,-0.0323984882704207,NA
"cell_0630",1,"nu_time",12,12,12,0,912,48,9776.08426656318,9872.08426656318,9877.53501974973,10103.2349860867,NA,-0.0614439338428547
"cell_0630",1,"sigma_nu_time",12,12,12,0,912,60,9763.40787425093,9883.40787425093,9892.00951937431,10172.3462736554,-0.0315513227982757,-0.0480155608449486
"cell_0652",1,"stationary",12,12,12,0,912,36,8690.59611851628,8762.59611851628,8765.64068994485,8935.95915815896,NA,NA
"cell_0652",1,"sigma_time",12,12,12,0,912,48,8657.57100004335,8753.57100004335,8759.02175322991,8984.72171956692,-0.029742592231537,NA
"cell_0652",1,"nu_time",12,12,12,0,912,48,8672.77731880257,8768.77731880257,8774.22807198913,8999.92803832614,NA,-0.0854286408973859
"cell_0652",1,"sigma_nu_time",12,12,12,0,912,60,8645.870987791,8765.870987791,8774.47263291438,9054.80938719546,-0.028916194465249,-0.0758806426717837
"cell_0653",1,"stationary",12,12,12,0,912,36,8832.42327346118,8904.42327346118,8907.46784488975,9077.78631310385,NA,NA
"cell_0653",1,"sigma_time",12,12,12,0,912,48,8794.67529953927,8890.67529953927,8896.12605272582,9121.82601906283,-0.039964701044774,NA
"cell_0653",1,"nu_time",12,12,12,0,912,48,8811.47360989091,8907.47360989091,8912.92436307746,9138.62432941447,NA,-0.0784946710777843
"cell_0653",1,"sigma_nu_time",12,12,12,0,912,60,8782.53840781859,8902.53840781859,8911.14005294198,9191.47680722305,-0.0386314591698729,-0.0656836318480472
"cell_0654",1,"stationary",12,12,12,0,912,36,9014.7343229849,9086.7343229849,9089.77889441347,9260.09736262758,NA,NA
"cell_0654",1,"sigma_time",12,12,12,0,912,48,8982.21602476612,9078.21602476612,9083.66677795267,9309.36674428968,-0.0429025673803247,NA
"cell_0654",1,"nu_time",12,12,12,0,912,48,8994.32422229225,9090.32422229225,9095.77497547881,9321.47494181582,NA,-0.0693605767558745
"cell_0654",1,"sigma_nu_time",12,12,12,0,912,60,8969.27736560354,9089.27736560354,9097.87901072692,9378.215765008,-0.0419694715777468,-0.0639928581696188
"cell_0655",1,"stationary",12,12,12,0,912,36,9188.3657789168,9260.3657789168,9263.41035034537,9433.72881855948,NA,NA
"cell_0655",1,"sigma_time",12,12,12,0,912,48,9160.84777432722,9256.84777432722,9262.29852751378,9487.99849385079,-0.0450111582585293,NA
"cell_0655",1,"nu_time",12,12,12,0,912,48,9169.13187345083,9265.13187345083,9270.58262663739,9496.2825929744,NA,-0.0599723233091803
"cell_0655",1,"sigma_nu_time",12,12,12,0,912,60,9147.93965358411,9267.93965358411,9276.54129870749,9556.87805298857,-0.0441515772347954,-0.0586389915263226
"cell_0656",1,"stationary",12,12,12,0,912,36,9329.49971913483,9401.49971913483,9404.5442905634,9574.86275877751,NA,NA
"cell_0656",1,"sigma_time",12,12,12,0,912,48,9305.52956926378,9401.52956926378,9406.98032245034,9632.68028878735,-0.0367963957229564,NA
"cell_0656",1,"nu_time",12,12,12,0,912,48,9312.16601810119,9408.16601810119,9413.61677128774,9639.31673762475,NA,-0.058269287315588
"cell_0656",1,"sigma_nu_time",12,12,12,0,912,60,9293.42543495801,9413.42543495801,9422.02708008139,9702.36383436247,-0.0365388852548676,-0.0586918550208022
"cell_0657",1,"stationary",12,12,12,0,912,36,9482.56907698335,9554.56907698335,9557.61364841192,9727.93211662602,NA,NA
"cell_0657",1,"sigma_time",12,12,12,0,912,48,9460.67098710182,9556.67098710182,9562.12174028838,9787.82170662539,-0.0374353935180161,NA
"cell_0657",1,"nu_time",12,12,12,0,912,48,9466.25937244051,9562.25937244051,9567.71012562706,9793.41009196407,NA,-0.0666789612759985
"cell_0657",1,"sigma_nu_time",12,12,12,0,912,60,9449.34180562914,9569.34180562914,9577.94345075253,9858.2802050336,-0.0386320768470336,-0.0522665581406596
"cell_0680",1,"stationary",12,12,12,0,912,36,8651.03000830283,8723.03000830283,8726.0745797314,8896.39304794551,NA,NA
"cell_0680",1,"sigma_time",12,12,12,0,912,48,8600.34227519524,8696.34227519524,8701.7930283818,8927.49299471881,-0.0360715886011684,NA
"cell_0680",1,"nu_time",12,12,12,0,912,48,8622.94060013934,8718.94060013934,8724.3913533259,8950.09131966291,NA,-0.108436936234437
"cell_0680",1,"sigma_nu_time",12,12,12,0,912,60,8585.41307071503,8705.41307071503,8714.01471583841,8994.35147011949,-0.0338738227432919,-0.0741152402191942
"cell_0681",1,"stationary",12,12,12,0,912,36,8791.4206060313,8863.4206060313,8866.46517745987,9036.78364567397,NA,NA
"cell_0681",1,"sigma_time",12,12,12,0,912,48,8748.72012657778,8844.72012657778,8850.17087976434,9075.87084610135,-0.0368178837434883,NA
"cell_0681",1,"nu_time",12,12,12,0,912,48,8767.39726664256,8863.39726664256,8868.84801982912,9094.54798616613,NA,-0.0814958693210356
"cell_0681",1,"sigma_nu_time",12,12,12,0,912,60,8734.16225391327,8854.16225391327,8862.76389903665,9143.10065331773,-0.0347329711757473,-0.0683957371699564
"cell_0682",1,"stationary",12,12,12,0,912,36,9000.23818743396,9072.23818743396,9075.28275886253,9245.60122707664,NA,NA
"cell_0682",1,"sigma_time",12,12,12,0,912,48,8964.41396468209,9060.41396468209,9065.86471786865,9291.56468420566,-0.0391361116027249,NA
"cell_0682",1,"nu_time",12,12,12,0,912,48,8976.14599196592,9072.14599196592,9077.59674515248,9303.29671148949,NA,-0.0767232671713585
"cell_0682",1,"sigma_nu_time",12,12,12,0,912,60,8950.19552970602,9070.19552970602,9078.79717482941,9359.13392911049,-0.0369422425929116,-0.0655287705306814
"cell_0683",1,"stationary",12,12,12,0,912,36,9200.36849416075,9272.36849416075,9275.41306558932,9445.73153380343,NA,NA
"cell_0683",1,"sigma_time",12,12,12,0,912,48,9168.74396057612,9264.74396057612,9270.19471376268,9495.89468009969,-0.0424508103888148,NA
"cell_0683",1,"nu_time",12,12,12,0,912,48,9175.9455137101,9271.9455137101,9277.39626689665,9503.09623323366,NA,-0.0808410446426688
"cell_0683",1,"sigma_nu_time",12,12,12,0,912,60,9154.80953743175,9274.80953743175,9283.41118255514,9563.74793683621,-0.0399677437302656,-0.062733617197972
"cell_0684",1,"stationary",12,12,12,0,912,36,9311.5376601548,9383.5376601548,9386.58223158337,9556.90069979748,NA,NA
"cell_0684",1,"sigma_time",12,12,12,0,912,48,9283.18782638711,9379.18782638711,9384.63857957367,9610.33854591068,-0.032360588788213,NA
"cell_0684",1,"nu_time",12,12,12,0,912,48,9288.52395789072,9384.52395789072,9389.97471107728,9615.67467741429,NA,-0.0853207651560209
"cell_0684",1,"sigma_nu_time",12,12,12,0,912,60,9269.7535313153,9389.7535313153,9398.35517643868,9678.69193071976,-0.028961385687675,-0.0644830998917088
"cell_0707",1,"stationary",12,12,12,0,912,36,8750.29240968818,8822.29240968818,8825.33698111675,8995.65544933085,NA,NA
"cell_0707",1,"sigma_time",12,12,12,0,912,48,8697.85698150654,8793.85698150654,8799.30773469309,9025.0077010301,-0.0415482751866208,NA
"cell_0707",1,"nu_time",12,12,12,0,912,48,8712.33660269042,8808.33660269042,8813.78735587698,9039.48732221399,NA,-0.140181303879643
"cell_0707",1,"sigma_nu_time",12,12,12,0,912,60,8680.22562358171,8800.22562358171,8808.8272687051,9089.16402298617,-0.0357356840499789,-0.101763006655686
"cell_0708",1,"stationary",12,12,12,0,912,36,8738.39108961835,8810.39108961835,8813.43566104692,8983.75412926103,NA,NA
"cell_0708",1,"sigma_time",12,12,12,0,912,48,8689.21266200991,8785.21266200991,8790.66341519647,9016.36338153348,-0.038989205960812,NA
"cell_0708",1,"nu_time",12,12,12,0,912,48,8707.27802073462,8803.27802073462,8808.72877392118,9034.42874025819,NA,-0.1056399011509
"cell_0708",1,"sigma_nu_time",12,12,12,0,912,60,8673.63044763829,8793.63044763829,8802.23209276168,9082.56884704275,-0.0359560389205488,-0.0784521468639094
"cell_0709",1,"stationary",12,12,12,0,912,36,8885.14893161501,8957.14893161501,8960.19350304358,9130.51197125768,NA,NA
"cell_0709",1,"sigma_time",12,12,12,0,912,48,8843.65780186174,8939.65780186174,8945.1085550483,9170.80852138531,-0.0363774769437616,NA
"cell_0709",1,"nu_time",12,12,12,0,912,48,8856.76741889098,8952.76741889098,8958.21817207754,9183.91813841454,NA,-0.0784856032973501
"cell_0709",1,"sigma_nu_time",12,12,12,0,912,60,8828.13311326118,8948.13311326118,8956.73475838457,9237.07151266565,-0.0331474167513313,-0.0690336546430149
"cell_0710",1,"stationary",12,12,12,0,912,36,9044.62464127039,9116.62464127039,9119.66921269896,9289.98768091307,NA,NA
"cell_0710",1,"sigma_time",12,12,12,0,912,48,9008.8718876698,9104.8718876698,9110.32264085636,9336.02260719337,-0.0369712185378539,NA
"cell_0710",1,"nu_time",12,12,12,0,912,48,9018.1022663435,9114.1022663435,9119.55301953006,9345.25298586707,NA,-0.0710329929473517
"cell_0710",1,"sigma_nu_time",12,12,12,0,912,60,8994.16546339451,9114.16546339451,9122.7671085179,9403.10386279897,-0.033258222015573,-0.0574686198324349
"cell_0711",1,"stationary",12,12,12,0,912,36,9185.33382808302,9257.33382808302,9260.37839951159,9430.69686772569,NA,NA
"cell_0711",1,"sigma_time",12,12,12,0,912,48,9153.66676201992,9249.66676201992,9255.11751520648,9480.81748154348,-0.0364291256381709,NA
"cell_0711",1,"nu_time",12,12,12,0,912,48,9159.61836915182,9255.61836915182,9261.06912233838,9486.76908867539,NA,-0.0798653074537947
"cell_0711",1,"sigma_nu_time",12,12,12,0,912,60,9139.84957117703,9259.84957117703,9268.45121630041,9548.78797058149,-0.0338276472800175,-0.0579642549962704
"cell_0737",1,"stationary",12,12,12,0,912,36,8930.47974657954,9002.47974657954,9005.52431800811,9175.84278622222,NA,NA
"cell_0737",1,"sigma_time",12,12,12,0,912,48,8888.68195916372,8984.68195916372,8990.13271235028,9215.83267868729,-0.0380499263112873,NA
"cell_0737",1,"nu_time",12,12,12,0,912,48,8898.63190791451,8994.63190791451,9000.08266110107,9225.78262743808,NA,-0.0919507367933469
"cell_0737",1,"sigma_nu_time",12,12,12,0,912,60,8872.90079443323,8992.90079443323,9001.50243955661,9281.83919383769,-0.0334605471104689,-0.0736747939080325
"cell_0738",1,"stationary",12,12,12,0,912,36,9115.56238831968,9187.56238831968,9190.60695974825,9360.92542796236,NA,NA
"cell_0738",1,"sigma_time",12,12,12,0,912,48,9080.10556304711,9176.10556304711,9181.55631623367,9407.25628257068,-0.0363507742477355,NA
"cell_0738",1,"nu_time",12,12,12,0,912,48,9086.495893351,9182.495893351,9187.94664653755,9413.64661287456,NA,-0.0683760222903843
"cell_0738",1,"sigma_nu_time",12,12,12,0,912,60,9065.65117858632,9185.65117858632,9194.2528237097,9474.58957799078,-0.0313610288612507,-0.0534673449258487
"cell_0050",3,"stationary",12,12,12,0,910,36,9252.13682133377,9324.13682133377,9327.18836772552,9497.42082691616,NA,NA
"cell_0050",3,"sigma_time",12,12,12,0,910,48,9217.57841600615,9313.57841600615,9319.0418306403,9544.62375678268,-0.0246749456122472,NA
"cell_0050",3,"nu_time",12,12,12,0,910,48,9239.96643412192,9335.96643412192,9341.42984875606,9567.01177489844,NA,-0.00525052088647191
"cell_0050",3,"sigma_nu_time",12,12,12,0,910,60,9206.73514701064,9326.73514701064,9335.35705513785,9615.5418229813,-0.030346898335956,0.00764800761139459
"cell_0051",3,"stationary",12,12,12,0,910,36,9220.27458287413,9292.27458287413,9295.32612926588,9465.55858845652,NA,NA
"cell_0051",3,"sigma_time",12,12,12,0,910,48,9184.81465728559,9280.81465728559,9286.27807191974,9511.85999806212,-0.0225963877720121,NA
"cell_0051",3,"nu_time",12,12,12,0,910,48,9207.36111094536,9303.36111094536,9308.8245255795,9534.40645172188,NA,-0.0102522618453027
"cell_0051",3,"sigma_nu_time",12,12,12,0,910,60,9174.58841634159,9294.58841634159,9303.2103244688,9583.39509231224,-0.0292946251097288,0.00819075380914894
"cell_0052",3,"stationary",12,12,12,0,910,36,9211.96045485969,9283.96045485969,9287.01200125145,9457.24446044209,NA,NA
"cell_0052",3,"sigma_time",12,12,12,0,910,48,9176.60464173899,9272.60464173899,9278.06805637313,9503.64998251551,-0.0217821808734481,NA
"cell_0052",3,"nu_time",12,12,12,0,910,48,9197.9402388908,9293.9402388908,9299.40365352495,9524.98557966732,NA,-0.00764966947044232
"cell_0052",3,"sigma_nu_time",12,12,12,0,910,60,9165.98089195055,9285.98089195055,9294.60280007776,9574.78756792121,-0.0284785523394282,0.0120948432503092
"cell_0053",3,"stationary",12,12,12,0,910,36,9223.45213503667,9295.45213503667,9298.50368142842,9468.73614061906,NA,NA
"cell_0053",3,"sigma_time",12,12,12,0,910,48,9188.67811942286,9284.67811942286,9290.14153405701,9515.72346019939,-0.0220615778407208,NA
"cell_0053",3,"nu_time",12,12,12,0,910,48,9208.24175313101,9304.24175313101,9309.70516776516,9535.28709390753,NA,-0.00586112310568979
"cell_0053",3,"sigma_nu_time",12,12,12,0,910,60,9177.05427534043,9297.05427534043,9305.67618346764,9585.86095131109,-0.0282538542180702,0.022429464935868
"cell_0054",3,"stationary",12,12,12,0,910,36,9246.31681820209,9318.31681820209,9321.36836459384,9491.60082378448,NA,NA
"cell_0054",3,"sigma_time",12,12,12,0,910,48,9212.30952469477,9308.30952469477,9313.77293932892,9539.35486547129,-0.0226298277989696,NA
"cell_0054",3,"nu_time",12,12,12,0,910,48,9229.72887342731,9325.72887342731,9331.19228806146,9556.77421420384,NA,-0.00401777662568005
"cell_0054",3,"sigma_nu_time",12,12,12,0,910,60,9199.4066302738,9319.4066302738,9328.02853840101,9608.21330624445,-0.0280181168017043,0.033649552437682
"cell_0077",3,"stationary",12,12,12,0,910,36,9284.97079813081,9356.97079813081,9360.02234452257,9530.25480371321,NA,NA
"cell_0077",3,"sigma_time",12,12,12,0,910,48,9254.35495174307,9350.35495174307,9355.81836637722,9581.4002925196,-0.0239075805673818,NA
"cell_0077",3,"nu_time",12,12,12,0,910,48,9272.59196955991,9368.59196955991,9374.05538419405,9599.63731033643,NA,0.0159596109506534
"cell_0077",3,"sigma_nu_time",12,12,12,0,910,60,9241.27699703483,9361.27699703483,9369.89890516204,9650.08367300548,-0.0298654058414189,0.0188954872557185
"cell_0078",3,"stationary",12,12,12,0,910,36,9250.02802401321,9322.02802401321,9325.07957040496,9495.3120295956,NA,NA
"cell_0078",3,"sigma_time",12,12,12,0,910,48,9219.76569389913,9315.76569389913,9321.22910853327,9546.81103467565,-0.0224634294653079,NA
"cell_0078",3,"nu_time",12,12,12,0,910,48,9237.36184656977,9333.36184656977,9338.82526120392,9564.40718734629,NA,0.013826682442275
"cell_0078",3,"sigma_nu_time",12,12,12,0,910,60,9206.88512670904,9326.88512670904,9335.50703483625,9615.69180267969,-0.0298741503564573,0.0169539757687309
"cell_0079",3,"stationary",12,12,12,0,910,36,9234.20376420168,9306.20376420168,9309.25531059343,9479.48776978407,NA,NA
"cell_0079",3,"sigma_time",12,12,12,0,910,48,9200.63295138834,9296.63295138834,9302.09636602249,9527.67829216486,-0.0214622014272047,NA
"cell_0079",3,"nu_time",12,12,12,0,910,48,9221.22935838115,9317.22935838115,9322.6927730153,9548.27469915768,NA,0.00982014247616904
"cell_0079",3,"sigma_nu_time",12,12,12,0,910,60,9188.51698224018,9308.51698224018,9317.13889036739,9597.32365821084,-0.0297995807670184,0.0184445301215618
"cell_0080",3,"stationary",12,12,12,0,910,36,9231.10208007764,9303.10208007764,9306.15362646939,9476.38608566003,NA,NA
"cell_0080",3,"sigma_time",12,12,12,0,910,48,9196.39850672358,9292.39850672358,9297.86192135773,9523.44384750011,-0.0205667165769825,NA
"cell_0080",3,"nu_time",12,12,12,0,910,48,9217.37101471352,9313.37101471352,9318.83442934767,9544.41635549005,NA,0.010882320057893
"cell_0080",3,"sigma_nu_time",12,12,12,0,910,60,9184.31126407157,9304.31126407157,9312.93317219878,9593.11794004223,-0.0291813080505685,0.0199406179847681
"cell_0081",3,"stationary",12,12,12,0,910,36,9249.35714898975,9321.35714898975,9324.4086953815,9494.64115457214,NA,NA
"cell_0081",3,"sigma_time",12,12,12,0,910,48,9215.83792444102,9311.83792444102,9317.30133907517,9542.88326521754,-0.0207150752454466,NA
"cell_0081",3,"nu_time",12,12,12,0,910,48,9234.55219653742,9330.55219653742,9336.01561117157,9561.59753731395,NA,0.0176360844198078
"cell_0081",3,"sigma_nu_time",12,12,12,0,910,60,9202.42410268665,9322.42410268665,9331.04601081386,9611.23077865731,-0.0285053723833046,0.0328141952359129
"cell_0082",3,"stationary",12,12,12,0,910,36,9278.94973518248,9350.94973518248,9354.00128157423,9524.23374076487,NA,NA
"cell_0082",3,"sigma_time",12,12,12,0,910,48,9246.44438931893,9342.44438931893,9347.90780395308,9573.48973009546,-0.021148753095232,NA
"cell_0082",3,"nu_time",12,12,12,0,910,48,9262.77742837728,9358.77742837728,9364.24084301143,9589.8227691538,NA,0.0224163612001034
"cell_0082",3,"sigma_nu_time",12,12,12,0,910,60,9231.59433351538,9351.59433351538,9360.21624164259,9640.40100948604,-0.02752803453796,0.0458920458308086
"cell_0083",3,"stationary",12,12,12,0,910,36,9307.37321019977,9379.37321019977,9382.42475659152,9552.65721578216,NA,NA
"cell_0083",3,"sigma_time",12,12,12,0,910,48,9274.62700252801,9370.62700252801,9376.09041716216,9601.67234330454,-0.0221108559330295,NA
"cell_0083",3,"nu_time",12,12,12,0,910,48,9290.18321700516,9386.18321700516,9391.64663163931,9617.22855778169,NA,0.0245330399490021
"cell_0083",3,"sigma_nu_time",12,12,12,0,910,60,9258.73119372306,9378.73119372306,9387.35310185027,9667.53786969372,-0.0277220272902462,0.0556363818262244
"cell_0104",3,"stationary",12,12,12,0,910,36,9329.99578424173,9401.99578424173,9405.04733063348,9575.27978982412,NA,NA
"cell_0104",3,"sigma_time",12,12,12,0,910,48,9297.97585309425,9393.97585309425,9399.4392677284,9625.02119387078,-0.0241601367514415,NA
"cell_0104",3,"nu_time",12,12,12,0,910,48,9316.98252964038,9412.98252964038,9418.44594427453,9644.02787041691,NA,0.0203241664906909
"cell_0104",3,"sigma_nu_time",12,12,12,0,910,60,9283.68313638465,9403.68313638465,9412.30504451186,9692.4898123553,-0.0279355493491603,0.0352898960758465
"cell_0105",3,"stationary",12,12,12,0,910,36,9286.98290097882,9358.98290097882,9362.03444737058,9532.26690656122,NA,NA
"cell_0105",3,"sigma_time",12,12,12,0,910,48,9257.08674413694,9353.08674413694,9358.55015877109,9584.13208491347,-0.022265005543711,NA
"cell_0105",3,"nu_time",12,12,12,0,910,48,9273.63047901858,9369.63047901858,9375.09389365273,9600.67581979511,NA,0.0177680472330941
"cell_0105",3,"sigma_nu_time",12,12,12,0,910,60,9242.62093443199,9362.62093443199,9371.2428425592,9651.42761040265,-0.027164071970141,0.0319861742712922
"cell_0106",3,"stationary",12,12,12,0,910,36,9269.44244336704,9341.44244336704,9344.4939897588,9514.72644894944,NA,NA
"cell_0106",3,"sigma_time",12,12,12,0,910,48,9239.54006685078,9335.54006685078,9341.00348148493,9566.5854076273,-0.0209987530567454,NA
"cell_0106",3,"nu_time",12,12,12,0,910,48,9255.97885910795,9351.97885910795,9357.44227374209,9583.02419988447,NA,0.0198591621921403
"cell_0106",3,"sigma_nu_time",12,12,12,0,910,60,9225.13840475732,9345.13840475732,9353.76031288453,9633.94508072797,-0.0279687431371688,0.0261293212608904
"cell_0107",3,"stationary",12,12,12,0,910,36,9268.1684990114,9340.1684990114,9343.22004540315,9513.45250459379,NA,NA
"cell_0107",3,"sigma_time",12,12,12,0,910,48,9236.25209473644,9332.25209473644,9337.71550937059,9563.29743551297,-0.0201849227482054,NA
"cell_0107",3,"nu_time",12,12,12,0,910,48,9254.77090084723,9350.77090084723,9356.23431548138,9581.81624162375,NA,0.0213414649574601
"cell_0107",3,"sigma_nu_time",12,12,12,0,910,60,9222.11529471484,9342.11529471484,9350.73720284205,9630.9219706855,-0.0290507450330838,0.0246967348364886
"cell_0108",3,"stationary",12,12,12,0,910,36,9277.64256106012,9349.64256106012,9352.69410745187,9522.92656664251,NA,NA
"cell_0108",3,"sigma_time",12,12,12,0,910,48,9243.93284163817,9339.93284163817,9345.39625627232,9570.97818241469,-0.0199044001672764,NA
"cell_0108",3,"nu_time",12,12,12,0,910,48,9263.9430354313,9359.9430354313,9365.40645006545,9590.98837620783,NA,0.024970278228614
"cell_0108",3,"sigma_nu_time",12,12,12,0,910,60,9229.91716398271,9349.91716398271,9358.53907210992,9638.72383995336,-0.0294154986872584,0.027867095821295
"cell_0109",3,"stationary",12,12,12,0,910,36,9297.18567072221,9369.18567072221,9372.23721711396,9542.4696763046,NA,NA
"cell_0109",3,"sigma_time",12,12,12,0,910,48,9265.11871214574,9361.11871214574,9366.58212677988,9592.16405292226,-0.0199631356096239,NA
"cell_0109",3,"nu_time",12,12,12,0,910,48,9282.17671193492,9378.17671193492,9383.64012656906,9609.22205271144,NA,0.0308264699389226
"cell_0109",3,"sigma_nu_time",12,12,12,0,910,60,9249.6935914198,9369.6935914198,9378.31549954701,9658.50026739045,-0.0282531285855108,0.0395103109541616
"cell_0110",3,"stationary",12,12,12,0,910,36,9327.29791623647,9399.29791623647,9402.34946262822,9572.58192181886,NA,NA
"cell_0110",3,"sigma_time",12,12,12,0,910,48,9297.01638438408,9393.01638438408,9398.47979901823,9624.0617251606,-0.0203958004972617,NA
"cell_0110",3,"nu_time",12,12,12,0,910,48,9310.89035323335,9406.89035323335,9412.35376786749,9637.93569400987,NA,0.039179449869113
"cell_0110",3,"sigma_nu_time",12,12,12,0,910,60,9280.15586398484,9400.15586398484,9408.77777211205,9688.9625399555,-0.0273643682793248,0.0461363797271294
"cell_0111",3,"stationary",12,12,12,0,910,36,9353.68331040875,9425.68331040875,9428.73485680051,9598.96731599115,NA,NA
"cell_0111",3,"sigma_time",12,12,12,0,910,48,9324.56023165883,9420.56023165883,9426.02364629298,9651.60557243535,-0.0211210911861032,NA
"cell_0111",3,"nu_time",12,12,12,0,910,48,9336.24906908623,9432.24906908623,9437.71248372038,9663.29440986275,NA,0.0406118163948308
"cell_0111",3,"sigma_nu_time",12,12,12,0,910,60,9306.61493089214,9426.61493089214,9435.23683901935,9715.4216068628,-0.0270997385856687,0.0527810875632126
"cell_0130",3,"stationary",12,12,12,0,910,36,9477.24989754476,9549.24989754476,9552.30144393651,9722.53390312715,NA,NA
"cell_0130",3,"sigma_time",12,12,12,0,910,48,9439.55739410798,9535.55739410798,9541.02080874213,9766.6027348845,-0.0280298161386588,NA
"cell_0130",3,"nu_time",12,12,12,0,910,48,9465.6230189077,9561.6230189077,9567.08643354184,9792.66835968422,NA,0.0331235341489078
"cell_0130",3,"sigma_nu_time",12,12,12,0,910,60,9426.33814467819,9546.33814467819,9554.9600528054,9835.14482064885,-0.0301453605727307,0.0377552764544282
"cell_0131",3,"stationary",12,12,12,0,910,36,9392.8804726846,9464.8804726846,9467.93201907635,9638.16447826699,NA,NA
"cell_0131",3,"sigma_time",12,12,12,0,910,48,9358.63313303328,9454.63313303328,9460.09654766742,9685.6784738098,-0.0248622717902508,NA
"cell_0131",3,"nu_time",12,12,12,0,910,48,9380.25820819354,9476.25820819354,9481.72162282768,9707.30354897006,NA,0.0248341125857209
"cell_0131",3,"sigma_nu_time",12,12,12,0,910,60,9344.41526562185,9464.41526562185,9473.03717374906,9753.22194159251,-0.0281526512237838,0.0388376553159727
"cell_0132",3,"stationary",12,12,12,0,910,36,9321.56675795419,9393.56675795419,9396.61830434594,9566.85076353658,NA,NA
"cell_0132",3,"sigma_time",12,12,12,0,910,48,9290.73337633888,9386.73337633888,9392.19679097303,9617.77871711541,-0.0223825332236481,NA
"cell_0132",3,"nu_time",12,12,12,0,910,48,9307.91453197215,9403.91453197215,9409.3779466063,9634.95987274868,NA,0.015440162475006
"cell_0132",3,"sigma_nu_time",12,12,12,0,910,60,9275.6507822032,9395.6507822032,9404.27269033041,9684.45745817386,-0.0253342491537019,0.0419646497664036
"cell_0133",3,"stationary",12,12,12,0,910,36,9294.61114269377,9366.61114269377,9369.66268908553,9539.89514827617,NA,NA
"cell_0133",3,"sigma_time",12,12,12,0,910,48,9263.51674025877,9359.51674025877,9364.98015489291,9590.56208103529,-0.0214420902310862,NA
"cell_0133",3,"nu_time",12,12,12,0,910,48,9281.04943941499,9377.04943941499,9382.51285404914,9608.09478019151,NA,0.0134905993499183
"cell_0133",3,"sigma_nu_time",12,12,12,0,910,60,9248.55080254673,9368.55080254673,9377.17271067394,9657.35747851738,-0.0259023185559627,0.0388662399095055
"cell_0134",3,"stationary",12,12,12,0,910,36,9304.04444450253,9376.04444450253,9379.09599089428,9549.32845008492,NA,NA
"cell_0134",3,"sigma_time",12,12,12,0,910,48,9270.83767142727,9366.83767142727,9372.30108606142,9597.88301220379,-0.021041689214282,NA
"cell_0134",3,"nu_time",12,12,12,0,910,48,9290.89149058404,9386.89149058404,9392.35490521819,9617.93683136056,NA,0.0155031791726956
"cell_0134",3,"sigma_nu_time",12,12,12,0,910,60,9256.0340147712,9376.0340147712,9384.65592289841,9664.84069074186,-0.0277757005203174,0.0365225447535774
"cell_0135",3,"stationary",12,12,12,0,910,36,9319.14820888954,9391.14820888954,9394.19975528129,9564.43221447193,NA,NA
"cell_0135",3,"sigma_time",12,12,12,0,910,48,9285.5062664786,9381.5062664786,9386.96968111274,9612.55160725512,-0.0203457802085797,NA
"cell_0135",3,"nu_time",12,12,12,0,910,48,9306.17118342823,9402.17118342823,9407.63459806237,9633.21652420475,NA,0.0187489823507158
"cell_0135",3,"sigma_nu_time",12,12,12,0,910,60,9270.86026600504,9390.86026600504,9399.48217413225,9679.6669419757,-0.029050274185778,0.0324885010206544
"cell_0136",3,"stationary",12,12,12,0,910,36,9329.81564173716,9401.81564173716,9404.86718812891,9575.09964731955,NA,NA
"cell_0136",3,"sigma_time",12,12,12,0,910,48,9296.67829420228,9392.67829420228,9398.14170883643,9623.7236349788,-0.0195434989565227,NA
"cell_0136",3,"nu_time",12,12,12,0,910,48,9316.6497994621,9412.6497994621,9418.11321409625,9643.69514023862,NA,0.020010745496793
"cell_0136",3,"sigma_nu_time",12,12,12,0,910,60,9281.9924145434,9401.9924145434,9410.61432267061,9690.79909051406,-0.0289857651003218,0.0337964890729779
"cell_0137",3,"stationary",12,12,12,0,910,36,9343.03828268199,9415.03828268199,9418.08982907375,9588.32228826439,NA,NA
"cell_0137",3,"sigma_time",12,12,12,0,910,48,9312.11655992613,9408.11655992613,9413.57997456028,9639.16190070266,-0.0198071610935283,NA
"cell_0137",3,"nu_time",12,12,12,0,910,48,9328.58856091366,9424.58856091366,9430.05197554781,9655.63390169018,NA,0.024462542908851
"cell_0137",3,"sigma_nu_time",12,12,12,0,910,60,9296.0437441815,9416.0437441815,9424.66565230871,9704.85042015216,-0.0284066577449007,0.0457223135701177
"cell_0138",3,"stationary",12,12,12,0,910,36,9371.4338034306,9443.4338034306,9446.48534982235,9616.71780901299,NA,NA
"cell_0138",3,"sigma_time",12,12,12,0,910,48,9343.67723210479,9439.67723210479,9445.14064673894,9670.72257288131,-0.0200905673006347,NA
"cell_0138",3,"nu_time",12,12,12,0,910,48,9355.77534389128,9451.77534389128,9457.23875852542,9682.8206846678,NA,0.0322243250057462
"cell_0138",3,"sigma_nu_time",12,12,12,0,910,60,9326.23828804887,9446.23828804887,9454.86019617608,9735.04496401953,-0.0273544151988684,0.0551030868486797
"cell_0139",3,"stationary",12,12,12,0,910,36,9401.69466697623,9473.69466697623,9476.74621336798,9646.97867255862,NA,NA
"cell_0139",3,"sigma_time",12,12,12,0,910,48,9375.79271644767,9471.79271644767,9477.25613108182,9702.83805722419,-0.0206486079320867,NA
"cell_0139",3,"nu_time",12,12,12,0,910,48,9384.94745702001,9480.94745702001,9486.41087165416,9711.99279779653,NA,0.0386749247048142
"cell_0139",3,"sigma_nu_time",12,12,12,0,910,60,9357.15632824824,9477.15632824824,9485.77823637545,9765.9630042189,-0.0259471526454112,0.0571799972634554
"cell_0157",3,"stationary",12,12,12,0,910,36,9542.61272962437,9614.61272962437,9617.66427601613,9787.89673520677,NA,NA
"cell_0157",3,"sigma_time",12,12,12,0,910,48,9511.92818536749,9607.92818536749,9613.39160000164,9838.97352614401,-0.0262872381731116,NA
"cell_0157",3,"nu_time",12,12,12,0,910,48,9532.22498767914,9628.22498767914,9633.68840231328,9859.27032845566,NA,0.0213179107339964
"cell_0157",3,"sigma_nu_time",12,12,12,0,910,60,9499.10582580122,9619.10582580122,9627.72773392843,9907.91250177188,-0.0294880564307815,0.038899655489139
"cell_0158",3,"stationary",12,12,12,0,910,36,9462.49151330601,9534.49151330601,9537.54305969776,9707.7755188884,NA,NA
"cell_0158",3,"sigma_time",12,12,12,0,910,48,9426.39401636797,9522.39401636797,9527.85743100211,9753.43935714449,-0.0261280391470223,NA
"cell_0158",3,"nu_time",12,12,12,0,910,48,9451.71865332553,9547.71865332553,9553.18206795968,9778.76399410205,NA,0.016191479607539
"cell_0158",3,"sigma_nu_time",12,12,12,0,910,60,9413.24335131866,9533.24335131866,9541.86525944587,9822.05002728931,-0.0302641210521605,0.0427401584219067
"cell_0159",3,"stationary",12,12,12,0,910,36,9378.10482790947,9450.10482790947,9453.15637430122,9623.38883349186,NA,NA
"cell_0159",3,"sigma_time",12,12,12,0,910,48,9339.49143639295,9435.49143639295,9440.95485102709,9666.53677716947,-0.0243923219841434,NA
"cell_0159",3,"nu_time",12,12,12,0,910,48,9367.02254073997,9463.02254073997,9468.48595537412,9694.0678815165,NA,0.0135932817489429
"cell_0159",3,"sigma_nu_time",12,12,12,0,910,60,9326.13680313998,9446.13680313998,9454.75871126718,9734.94347911063,-0.0295491590955146,0.0368893262919029
"cell_0160",3,"stationary",12,12,12,0,910,36,9298.69195644244,9370.69195644244,9373.74350283419,9543.97596202483,NA,NA
"cell_0160",3,"sigma_time",12,12,12,0,910,48,9262.51258795791,9358.51258795791,9363.97600259205,9589.55792873443,-0.0218252760611846,NA
"cell_0160",3,"nu_time",12,12,12,0,910,48,9287.22905092768,9383.22905092768,9388.69246556183,9614.2743917042,NA,0.0199225128593847
"cell_0160",3,"sigma_nu_time",12,12,12,0,910,60,9249.04158811648,9369.04158811648,9377.66349624369,9657.84826408714,-0.0271322460011609,0.0327548336050539
"cell_0161",3,"stationary",12,12,12,0,910,36,9300.27119011545,9372.27119011545,9375.3227365072,9545.55519569784,NA,NA
"cell_0161",3,"sigma_time",12,12,12,0,910,48,9263.42718152792,9359.42718152792,9364.89059616206,9590.47252230444,-0.0225386641308887,NA
"cell_0161",3,"nu_time",12,12,12,0,910,48,9288.97610408658,9384.97610408658,9390.43951872072,9616.0214448631,NA,0.0237092530345153
"cell_0161",3,"sigma_nu_time",12,12,12,0,910,60,9249.86934870956,9369.86934870956,9378.49125683677,9658.67602468022,-0.0283484407072434,0.034525952157418
"cell_0162",3,"stationary",12,12,12,0,910,36,9333.31625219403,9405.31625219403,9408.36779858579,9578.60025777643,NA,NA
"cell_0162",3,"sigma_time",12,12,12,0,910,48,9296.81520714049,9392.81520714049,9398.27862177463,9623.86054791701,-0.0228171222633179,NA
"cell_0162",3,"nu_time",12,12,12,0,910,48,9322.16248664798,9418.16248664798,9423.62590128212,9649.2078274245,NA,0.025962277019761
"cell_0162",3,"sigma_nu_time",12,12,12,0,910,60,9283.1856748622,9403.1856748622,9411.80758298941,9691.99235083285,-0.0297087462577271,0.0355838216239803
"cell_0163",3,"stationary",12,12,12,0,910,36,9366.07906426966,9438.07906426966,9441.13061066142,9611.36306985206,NA,NA
"cell_0163",3,"sigma_time",12,12,12,0,910,48,9333.47046134529,9429.47046134529,9434.93387597944,9660.51580212182,-0.0220172890225586,NA
"cell_0163",3,"nu_time",12,12,12,0,910,48,9354.40378974167,9450.40378974167,9455.86720437582,9681.4491305182,NA,0.0296922347552516
"cell_0163",3,"sigma_nu_time",12,12,12,0,910,60,9319.46400465561,9439.46400465561,9448.08591278282,9728.27068062627,-0.0291112574421594,0.03514175934745
"cell_0164",3,"stationary",12,12,12,0,910,36,9381.17100866224,9453.17100866224,9456.22255505399,9626.45501424463,NA,NA
"cell_0164",3,"sigma_time",12,12,12,0,910,48,9351.73193222113,9447.73193222113,9453.19534685527,9678.77727299765,-0.0209240257596897,NA
"cell_0164",3,"nu_time",12,12,12,0,910,48,9369.30421640269,9465.30421640269,9470.76763103684,9696.34955717921,NA,0.0285979265653254
"cell_0164",3,"sigma_nu_time",12,12,12,0,910,60,9337.66974298796,9457.66974298796,9466.29165111517,9746.47641895862,-0.0272907276593359,0.0317113256642182
"cell_0165",3,"stationary",12,12,12,0,910,36,9396.2029192042,9468.2029192042,9471.25446559595,9641.48692478659,NA,NA
"cell_0165",3,"sigma_time",12,12,12,0,910,48,9364.86852359378,9460.86852359378,9466.33193822793,9691.9138643703,-0.020762246552919,NA
"cell_0165",3,"nu_time",12,12,12,0,910,48,9385.13808171693,9481.13808171693,9486.60149635107,9712.18342249345,NA,0.0267262169130314
"cell_0165",3,"sigma_nu_time",12,12,12,0,910,60,9351.31130611076,9471.31130611076,9479.93321423797,9760.11798208141,-0.0295892527027616,0.0359955998100073
"cell_0166",3,"stationary",12,12,12,0,910,36,9427.13758980988,9499.13758980988,9502.18913620163,9672.42159539227,NA,NA
"cell_0166",3,"sigma_time",12,12,12,0,910,48,9396.90063497818,9492.90063497818,9498.36404961232,9723.9459757547,-0.0215545292912359,NA
"cell_0166",3,"nu_time",12,12,12,0,910,48,9415.49084282905,9511.49084282905,9516.9542574632,9742.53618360557,NA,0.0298542103722003
"cell_0166",3,"sigma_nu_time",12,12,12,0,910,60,9382.15285990469,9502.15285990469,9510.7747680319,9790.95953587534,-0.0303783990343981,0.0437700140092324
"cell_0167",3,"stationary",12,12,12,0,910,36,9456.13711860379,9528.13711860379,9531.18866499555,9701.42112418619,NA,NA
"cell_0167",3,"sigma_time",12,12,12,0,910,48,9427.41416629984,9523.41416629984,9528.87758093399,9754.45950707637,-0.0224459559014824,NA
"cell_0167",3,"nu_time",12,12,12,0,910,48,9443.06120510413,9539.06120510413,9544.52461973828,9770.10654588066,NA,0.0390285081465011
"cell_0167",3,"sigma_nu_time",12,12,12,0,910,60,9410.58344161222,9530.58344161222,9539.20534973943,9819.39011758287,-0.0284647641864042,0.0492702086143838
"cell_0184",3,"stationary",12,12,12,0,910,36,9628.10007850252,9700.10007850252,9703.15162489427,9873.38408408491,NA,NA
"cell_0184",3,"sigma_time",12,12,12,0,910,48,9607.29861020392,9703.29861020392,9708.76202483807,9934.34395098045,-0.021496301372727,NA
"cell_0184",3,"nu_time",12,12,12,0,910,48,9617.48437608469,9713.48437608469,9718.94779071884,9944.52971686121,NA,0.0140645984776176
"cell_0184",3,"sigma_nu_time",12,12,12,0,910,60,9593.4477410676,9713.4477410676,9722.06964919481,10002.2544170383,-0.0282043005273452,0.0388521330252372
"cell_0185",3,"stationary",12,12,12,0,910,36,9558.23496845588,9630.23496845588,9633.28651484763,9803.51897403827,NA,NA
"cell_0185",3,"sigma_time",12,12,12,0,910,48,9533.39958087467,9629.39958087467,9634.86299550882,9860.44492165119,-0.0234812780078852,NA
"cell_0185",3,"nu_time",12,12,12,0,910,48,9547.75841210594,9643.75841210594,9649.22182674008,9874.80375288246,NA,0.00639498089054395
"cell_0185",3,"sigma_nu_time",12,12,12,0,910,60,9519.77016692734,9639.77016692734,9648.39207505455,9928.576842898,-0.0275644553106611,0.0340058243976534
"cell_0186",3,"stationary",12,12,12,0,910,36,9478.20439977061,9550.20439977061,9553.25594616236,9723.488405353,NA,NA
"cell_0186",3,"sigma_time",12,12,12,0,910,48,9445.45847344262,9541.45847344262,9546.92188807677,9772.50381421915,-0.0235188271538174,NA
"cell_0186",3,"nu_time",12,12,12,0,910,48,9467.81338477982,9563.81338477982,9569.27679941396,9794.85872555634,NA,-0.0023571305154499
"cell_0186",3,"sigma_nu_time",12,12,12,0,910,60,9431.97187370477,9551.97187370477,9560.59378183198,9840.77854967543,-0.0291094521172842,0.0324938766565977
"cell_0187",3,"stationary",12,12,12,0,910,36,9394.73889743563,9466.73889743563,9469.79044382738,9640.02290301802,NA,NA
"cell_0187",3,"sigma_time",12,12,12,0,910,48,9354.22827511209,9450.22827511209,9455.69168974624,9681.27361588861,-0.023159801070695,NA
"cell_0187",3,"nu_time",12,12,12,0,910,48,9384.67464544126,9480.67464544126,9486.13806007541,9711.71998621778,NA,-0.00252688135401817
"cell_0187",3,"sigma_nu_time",12,12,12,0,910,60,9341.23927288297,9461.23927288297,9469.86118101018,9750.04594885362,-0.0298896443051428,0.0311635681994194
"cell_0188",3,"stationary",12,12,12,0,910,36,9329.12457794368,9401.12457794368,9404.17612433544,9574.40858352608,NA,NA
"cell_0188",3,"sigma_time",12,12,12,0,910,48,9285.3971774019,9381.3971774019,9386.86059203605,9612.44251817842,-0.0225598645807992,NA
"cell_0188",3,"nu_time",12,12,12,0,910,48,9319.43219682628,9415.43219682628,9420.89561146043,9646.47753760281,NA,0.00515809447954874
"cell_0188",3,"sigma_nu_time",12,12,12,0,910,60,9272.95235836182,9392.95235836182,9401.57426648903,9681.75903433248,-0.0287304782269133,0.0305381977932142
"cell_0189",3,"stationary",12,12,12,0,910,36,9321.89531180081,9393.89531180081,9396.94685819257,9567.17931738321,NA,NA
"cell_0189",3,"sigma_time",12,12,12,0,910,48,9280.22879498881,9376.22879498881,9381.69220962296,9607.27413576534,-0.0230007373169226,NA
"cell_0189",3,"nu_time",12,12,12,0,910,48,9312.32000530758,9408.32000530758,9413.78341994173,9639.36534608411,NA,0.0178540671748212
"cell_0189",3,"sigma_nu_time",12,12,12,0,910,60,9267.78882549104,9387.78882549104,9396.41073361825,9676.5955014617,-0.02927437756454,0.0279773722852271
"cell_0190",3,"stationary",12,12,12,0,910,36,9369.23751844198,9441.23751844198,9444.28906483373,9614.52152402437,NA,NA
"cell_0190",3,"sigma_time",12,12,12,0,910,48,9334.74492248718,9430.74492248718,9436.20833712133,9661.79026326371,-0.0225859691967071,NA
"cell_0190",3,"nu_time",12,12,12,0,910,48,9358.61496291056,9454.61496291056,9460.07837754471,9685.66030368709,NA,0.0228877220368306
"cell_0190",3,"sigma_nu_time",12,12,12,0,910,60,9321.63416303651,9441.63416303651,9450.25607116372,9730.44083900717,-0.0281320840758281,0.0255393632059265
"cell_0191",3,"stationary",12,12,12,0,910,36,9418.5745897964,9490.5745897964,9493.62613618815,9663.85859537879,NA,NA
"cell_0191",3,"sigma_time",12,12,12,0,910,48,9392.0579408728,9488.0579408728,9493.52135550694,9719.10328164932,-0.018539433495938,NA
"cell_0191",3,"nu_time",12,12,12,0,910,48,9407.03536627072,9503.03536627072,9508.49878090487,9734.08070704725,NA,0.0240292009852952
"cell_0191",3,"sigma_nu_time",12,12,12,0,910,60,9378.80652385258,9498.80652385258,9507.42843197979,9787.61319982324,-0.0262147921668903,0.0258238650237053
"cell_0192",3,"stationary",12,12,12,0,910,36,9447.05936419112,9519.05936419112,9522.11091058287,9692.34336977351,NA,NA
"cell_0192",3,"sigma_time",12,12,12,0,910,48,9422.88590663688,9518.88590663688,9524.34932127103,9749.93124741341,-0.0182884472502882,NA
"cell_0192",3,"nu_time",12,12,12,0,910,48,9435.8253134453,9531.8253134453,9537.28872807945,9762.87065422182,NA,0.0218060564627876
"cell_0192",3,"sigma_nu_time",12,12,12,0,910,60,9409.53380118326,9529.53380118326,9538.15570931047,9818.34047715391,-0.0267361635930847,0.0356360462809554
"cell_0193",3,"stationary",12,12,12,0,910,36,9468.19060552274,9540.19060552274,9543.24215191449,9713.47461110513,NA,NA
"cell_0193",3,"sigma_time",12,12,12,0,910,48,9442.0745678737,9538.0745678737,9543.53798250785,9769.11990865022,-0.0214650271777681,NA
"cell_0193",3,"nu_time",12,12,12,0,910,48,9457.6495774088,9553.6495774088,9559.11299204295,9784.69491818533,NA,0.0286458777943251
"cell_0193",3,"sigma_nu_time",12,12,12,0,910,60,9428.31968194861,9548.31968194861,9556.94159007582,9837.12635791927,-0.0292355290414275,0.0406340585442922
"cell_0194",3,"stationary",12,12,12,0,910,36,9502.96399831524,9574.96399831524,9578.01554470699,9748.24800389763,NA,NA
"cell_0194",3,"sigma_time",12,12,12,0,910,48,9473.76186472075,9569.76186472075,9575.2252793549,9800.80720549727,-0.0238379888118097,NA
"cell_0194",3,"nu_time",12,12,12,0,910,48,9492.81098290035,9588.81098290035,9594.2743975345,9819.85632367688,NA,0.0345551720933307
"cell_0194",3,"sigma_nu_time",12,12,12,0,910,60,9459.28472108875,9579.28472108875,9587.90662921596,9868.09139705941,-0.0305535233517518,0.040404070759496
"cell_0210",3,"stationary",12,12,12,0,910,36,9677.37084492785,9749.37084492785,9752.4223913196,9922.65485051024,NA,NA
"cell_0210",3,"sigma_time",12,12,12,0,910,48,9663.94194241948,9759.94194241948,9765.40535705363,9990.987283196,-0.0198621075070841,NA
"cell_0210",3,"nu_time",12,12,12,0,910,48,9665.78209908279,9761.78209908279,9767.24551371694,9992.82743985931,NA,0.0329250253632609
"cell_0210",3,"sigma_nu_time",12,12,12,0,910,60,9649.70026689954,9769.70026689954,9778.32217502675,10058.5069428702,-0.0267588962654091,0.0521467235061068
"cell_0211",3,"stationary",12,12,12,0,910,36,9659.59491916884,9731.59491916884,9734.64646556059,9904.87892475123,NA,NA
"cell_0211",3,"sigma_time",12,12,12,0,910,48,9642.99335284785,9738.99335284785,9744.45676748199,9970.03869362437,-0.0212071019767812,NA
"cell_0211",3,"nu_time",12,12,12,0,910,48,9648.40206846275,9744.40206846275,9749.8654830969,9975.44740923928,NA,0.0229569517471752
"cell_0211",3,"sigma_nu_time",12,12,12,0,910,60,9628.76902981326,9748.76902981326,9757.39093794047,10037.5757057839,-0.0270988714372595,0.0389441058403332
"cell_0212",3,"stationary",12,12,12,0,910,36,9639.65357683566,9711.65357683566,9714.70512322741,9884.93758241805,NA,NA
"cell_0212",3,"sigma_time",12,12,12,0,910,48,9620.07470768269,9716.07470768269,9721.53812231684,9947.12004845921,-0.0203893793178181,NA
"cell_0212",3,"nu_time",12,12,12,0,910,48,9628.98853500651,9724.98853500651,9730.45194964066,9956.03387578304,NA,0.00551508810453319
"cell_0212",3,"sigma_nu_time",12,12,12,0,910,60,9606.25607352129,9726.25607352129,9734.8779816485,10015.0627494919,-0.0265652746222741,0.0278926191148932
"cell_0213",3,"stationary",12,12,12,0,910,36,9588.64004053601,9660.64004053601,9663.69158692776,9833.9240461184,NA,NA
"cell_0213",3,"sigma_time",12,12,12,0,910,48,9564.76723607355,9660.76723607355,9666.23065070769,9891.81257685007,-0.0222637972093828,NA
"cell_0213",3,"nu_time",12,12,12,0,910,48,9578.28329227493,9674.28329227493,9679.74670690907,9905.32863305145,NA,-0.00427176633076517
"cell_0213",3,"sigma_nu_time",12,12,12,0,910,60,9551.26827991003,9671.26827991003,9679.89018803724,9960.07495588069,-0.0276130301298526,0.0222780625930981
"cell_0214",3,"stationary",12,12,12,0,910,36,9496.78958435923,9568.78958435923,9571.84113075098,9742.07358994162,NA,NA
"cell_0214",3,"sigma_time",12,12,12,0,910,48,9464.60219221245,9560.60219221245,9566.0656068466,9791.64753298897,-0.0226301798229059,NA
"cell_0214",3,"nu_time",12,12,12,0,910,48,9486.77657082145,9582.77657082145,9588.2399854556,9813.82191159798,NA,-0.00488424628072898
"cell_0214",3,"sigma_nu_time",12,12,12,0,910,60,9451.7002744226,9571.7002744226,9580.32218254981,9860.50695039325,-0.0298350840867348,0.0219928856115318
"cell_0215",3,"stationary",12,12,12,0,910,36,9406.38783191024,9478.38783191024,9481.43937830199,9651.67183749263,NA,NA
"cell_0215",3,"sigma_time",12,12,12,0,910,48,9366.2549628917,9462.2549628917,9467.71837752585,9693.30030366822,-0.0229098218618462,NA
"cell_0215",3,"nu_time",12,12,12,0,910,48,9397.00398824864,9493.00398824864,9498.46740288278,9724.04932902516,NA,-0.00022281047144461
"cell_0215",3,"sigma_nu_time",12,12,12,0,910,60,9354.04316398769,9474.04316398769,9482.6650721149,9762.84983995834,-0.0295500765462657,0.024371407296776
"cell_0216",3,"stationary",12,12,12,0,910,36,9317.59977238968,9389.59977238968,9392.65131878143,9562.88377797207,NA,NA
"cell_0216",3,"sigma_time",12,12,12,0,910,48,9277.65788903787,9373.65788903787,9379.12130367201,9604.70322981439,-0.0212013447641285,NA
"cell_0216",3,"nu_time",12,12,12,0,910,48,9308.06476713024,9404.06476713024,9409.52818176438,9635.11010790676,NA,0.00731146712567819
"cell_0216",3,"sigma_nu_time",12,12,12,0,910,60,9265.55834080254,9385.55834080254,9394.18024892975,9674.36501677319,-0.0275805934398462,0.0209012018547402
"cell_0217",3,"stationary",12,12,12,0,910,36,9351.72910610136,9423.72910610136,9426.78065249311,9597.01311168375,NA,NA
"cell_0217",3,"sigma_time",12,12,12,0,910,48,9315.60583473692,9411.60583473692,9417.06924937106,9642.65117551344,-0.0204627285416939,NA
"cell_0217",3,"nu_time",12,12,12,0,910,48,9342.04198325949,9438.04198325949,9443.50539789364,9669.08732403602,NA,0.00414940641997712
"cell_0217",3,"sigma_nu_time",12,12,12,0,910,60,9303.68606878885,9423.68606878885,9432.30797691606,9712.49274475951,-0.0248548844833613,0.0170041513653478
"cell_0218",3,"stationary",12,12,12,0,910,36,9441.04795150304,9513.04795150304,9516.09949789479,9686.33195708543,NA,NA
"cell_0218",3,"sigma_time",12,12,12,0,910,48,9411.22043991328,9507.22043991328,9512.68385454743,9738.2657806898,-0.0201147934849851,NA
"cell_0218",3,"nu_time",12,12,12,0,910,48,9430.85550803743,9526.85550803743,9532.31892267158,9757.90084881395,NA,0.00652207958014741
"cell_0218",3,"sigma_nu_time",12,12,12,0,910,60,9399.13694550353,9519.13694550353,9527.75885363074,9807.94362147418,-0.0252327384846038,0.0155412015795584
"cell_0219",3,"stationary",12,12,12,0,910,36,9533.16300262197,9605.16300262197,9608.21454901373,9778.44700820437,NA,NA
"cell_0219",3,"sigma_time",12,12,12,0,910,48,9509.78787340632,9605.78787340632,9611.25128804046,9836.83321418284,-0.0166063980713617,NA
"cell_0219",3,"nu_time",12,12,12,0,910,48,9522.59142312548,9618.59142312548,9624.05483775963,9849.63676390201,NA,0.0189210323809084
"cell_0219",3,"sigma_nu_time",12,12,12,0,910,60,9497.71698163715,9617.71698163715,9626.33888976436,9906.5236576078,-0.0237553483203633,0.0221791116178697
"cell_0220",3,"stationary",12,12,12,0,910,36,9586.26635945451,9658.26635945451,9661.31790584627,9831.55036503691,NA,NA
"cell_0220",3,"sigma_time",12,12,12,0,910,48,9565.6445885095,9661.6445885095,9667.10800314364,9892.68992928602,-0.0159431217700972,NA
"cell_0220",3,"nu_time",12,12,12,0,910,48,9575.67740026543,9671.67740026543,9677.14081489958,9902.72274104196,NA,0.0273300888201556
"cell_0220",3,"sigma_nu_time",12,12,12,0,910,60,9553.31602508318,9673.31602508318,9681.93793321039,9962.12270105383,-0.0239607502752731,0.0322367587280943
"cell_0221",3,"stationary",12,12,12,0,910,36,9576.82797006262,9648.82797006262,9651.87951645437,9822.11197564501,NA,NA
"cell_0221",3,"sigma_time",12,12,12,0,910,48,9554.65515137275,9650.65515137275,9656.1185660069,9881.70049214927,-0.0180935015190459,NA
"cell_0221",3,"nu_time",12,12,12,0,910,48,9565.61086906778,9661.61086906778,9667.07428370193,9892.65620984431,NA,0.0240430843954898
"cell_0221",3,"sigma_nu_time",12,12,12,0,910,60,9540.66876287574,9660.66876287574,9669.29067100295,9949.47543884639,-0.0265381533813826,0.0320445012551064
"cell_0237",3,"stationary",12,12,12,0,910,36,9520.46270103178,9592.46270103178,9595.51424742353,9765.74670661417,NA,NA
"cell_0237",3,"sigma_time",12,12,12,0,910,48,9501.39920502313,9597.39920502313,9602.86261965727,9828.44454579965,-0.0211261754915282,NA
"cell_0237",3,"nu_time",12,12,12,0,910,48,9511.25202397771,9607.25202397771,9612.71543861185,9838.29736475423,NA,0.0196101037394583
"cell_0237",3,"sigma_nu_time",12,12,12,0,910,60,9490.33828202322,9610.33828202322,9618.96019015043,9899.14495799387,-0.0336540273519435,0.0419357263098842
"cell_0238",3,"stationary",12,12,12,0,910,36,9555.12826466006,9627.12826466006,9630.17981105181,9800.41227024245,NA,NA
"cell_0238",3,"sigma_time",12,12,12,0,910,48,9537.1508871705,9633.1508871705,9638.61430180465,9864.19622794703,-0.0191163473462511,NA
"cell_0238",3,"nu_time",12,12,12,0,910,48,9545.25922746117,9641.25922746117,9646.72264209532,9872.30456823769,NA,0.0137454527789092
"cell_0238",3,"sigma_nu_time",12,12,12,0,910,60,9525.32254294792,9645.32254294792,9653.94445107512,9934.12921891857,-0.029817167397745,0.0345681111643055
"cell_0239",3,"stationary",12,12,12,0,910,36,9575.23938373132,9647.23938373132,9650.29093012307,9820.52338931371,NA,NA
"cell_0239",3,"sigma_time",12,12,12,0,910,48,9555.00032621626,9651.00032621626,9656.46374085041,9882.04566699278,-0.0193993459228655,NA
"cell_0239",3,"nu_time",12,12,12,0,910,48,9564.99750961892,9660.99750961892,9666.46092425306,9892.04285039544,NA,-0.00341129547898532
"cell_0239",3,"sigma_nu_time",12,12,12,0,910,60,9542.80804989285,9662.80804989285,9671.42995802005,9951.6147258635,-0.0282807797163838,0.0208375638235982
"cell_0240",3,"stationary",12,12,12,0,910,36,9593.79989224734,9665.79989224734,9668.85143863909,9839.08389782973,NA,NA
"cell_0240",3,"sigma_time",12,12,12,0,910,48,9570.16634944081,9666.16634944081,9671.62976407496,9897.21169021734,-0.0208820047978578,NA
"cell_0240",3,"nu_time",12,12,12,0,910,48,9583.76973488866,9679.76973488866,9685.2331495228,9910.81507566518,NA,-0.0167780295458828
"cell_0240",3,"sigma_nu_time",12,12,12,0,910,60,9558.30396601383,9678.30396601383,9686.92587414104,9967.11064198448,-0.0285715820467988,0.00902930737362944
"cell_0241",3,"stationary",12,12,12,0,910,36,9569.34255475596,9641.34255475596,9644.39410114771,9814.62656033835,NA,NA
"cell_0241",3,"sigma_time",12,12,12,0,910,48,9541.70679878291,9637.70679878291,9643.17021341705,9868.75213955943,-0.0224652732565551,NA
"cell_0241",3,"nu_time",12,12,12,0,910,48,9559.75354093225,9655.75354093225,9661.2169555664,9886.79888170878,NA,-0.0211912182032908
"cell_0241",3,"sigma_nu_time",12,12,12,0,910,60,9530.43455250679,9650.43455250679,9659.056460634,9939.24122847745,-0.0298193236952699,0.0110972891249376
"cell_0242",3,"stationary",12,12,12,0,910,36,9484.13866054328,9556.13866054328,9559.19020693503,9729.42266612567,NA,NA
"cell_0242",3,"sigma_time",12,12,12,0,910,48,9449.73562515981,9545.73562515981,9551.19903979395,9776.78096593633,-0.0239511610117175,NA
"cell_0242",3,"nu_time",12,12,12,0,910,48,9474.97067179042,9570.97067179042,9576.43408642457,9802.01601256695,NA,-0.0138362968753735
"cell_0242",3,"sigma_nu_time",12,12,12,0,910,60,9438.94596363013,9558.94596363013,9567.56787175734,9847.75263960078,-0.0302919332881976,0.0159536914664425
"cell_0243",3,"stationary",12,12,12,0,910,36,9392.05215267945,9464.05215267945,9467.1036990712,9637.33615826184,NA,NA
"cell_0243",3,"sigma_time",12,12,12,0,910,48,9356.8258144637,9452.8258144637,9458.28922909785,9683.87115524022,-0.0231614432109522,NA
"cell_0243",3,"nu_time",12,12,12,0,910,48,9382.42163403975,9478.42163403975,9483.88504867389,9709.46697481627,NA,0.00155308927053311
"cell_0243",3,"sigma_nu_time",12,12,12,0,910,60,9345.2642735746,9465.2642735746,9473.88618170181,9754.07094954526,-0.0285882853953923,0.0150870779681596
"cell_0244",3,"stationary",12,12,12,0,910,36,9353.43825803165,9425.43825803165,9428.4898044234,9598.72226361404,NA,NA
"cell_0244",3,"sigma_time",12,12,12,0,910,48,9320.4594513292,9416.4594513292,9421.92286596335,9647.50479210572,-0.0225259244955783,NA
"cell_0244",3,"nu_time",12,12,12,0,910,48,9343.28207999184,9439.28207999184,9444.74549462599,9670.32742076837,NA,0.00030492811092706
"cell_0244",3,"sigma_nu_time",12,12,12,0,910,60,9308.08111674854,9428.08111674854,9436.70302487575,9716.8877927192,-0.0263004618339986,0.00716920078158209
"cell_0245",3,"stationary",12,12,12,0,910,36,9422.33414494815,9494.33414494815,9497.3856913399,9667.61815053054,NA,NA
"cell_0245",3,"sigma_time",12,12,12,0,910,48,9392.27961360615,9488.27961360615,9493.7430282403,9719.32495438267,-0.0223317822044322,NA
"cell_0245",3,"nu_time",12,12,12,0,910,48,9412.5160364297,9508.5160364297,9513.97945106385,9739.56137720623,NA,-0.000272723561143167
"cell_0245",3,"sigma_nu_time",12,12,12,0,910,60,9380.36100432889,9500.36100432889,9508.9829124561,9789.16768029955,-0.0242686433874091,0.00039888968614412
"cell_0246",3,"stationary",12,12,12,0,910,36,9568.82684965535,9640.82684965535,9643.8783960471,9814.11085523774,NA,NA
"cell_0246",3,"sigma_time",12,12,12,0,910,48,9542.0476877037,9638.0476877037,9643.51110233785,9869.09302848022,-0.0196823995586279,NA
"cell_0246",3,"nu_time",12,12,12,0,910,48,9559.77132028054,9655.77132028054,9661.23473491468,9886.81666105706,NA,-0.000792285462869579
"cell_0246",3,"sigma_nu_time",12,12,12,0,910,60,9531.02642789635,9651.02642789635,9659.64833602356,9939.833103867,-0.0237845283037251,-0.00066880386575366
"cell_0247",3,"stationary",12,12,12,0,910,36,9701.11066036361,9773.11066036361,9776.16220675537,9946.39466594601,NA,NA
"cell_0247",3,"sigma_time",12,12,12,0,910,48,9678.93295473601,9774.93295473601,9780.39636937015,10005.9782955125,-0.0169524374302108,NA
"cell_0247",3,"nu_time",12,12,12,0,910,48,9691.99168247624,9787.99168247624,9793.45509711038,10019.0370232528,NA,0.00620153866523438
"cell_0247",3,"sigma_nu_time",12,12,12,0,910,60,9668.01995805534,9788.01995805534,9796.64186618255,10076.826634026,-0.023099939500649,0.013131141956353
"cell_0248",3,"stationary",12,12,12,0,910,36,9722.78666854231,9794.78666854231,9797.83821493406,9968.0706741247,NA,NA
"cell_0248",3,"sigma_time",12,12,12,0,910,48,9704.20370852598,9800.20370852598,9805.66712316013,10031.2490493025,-0.0144391346353251,NA
"cell_0248",3,"nu_time",12,12,12,0,910,48,9712.82883201555,9808.82883201555,9814.2922466497,10039.8741727921,NA,0.0153964781376657
"cell_0248",3,"sigma_nu_time",12,12,12,0,910,60,9692.95786843287,9812.95786843287,9821.57977656008,10101.7645444035,-0.0210463692789782,0.0192200794261377
"cell_0265",3,"stationary",12,12,12,0,910,36,9463.26122246243,9535.26122246243,9538.31276885418,9708.54522804482,NA,NA
"cell_0265",3,"sigma_time",12,12,12,0,910,48,9424.96166861347,9520.96166861347,9526.42508324762,9752.00700938999,-0.0301216588545318,NA
"cell_0265",3,"nu_time",12,12,12,0,910,48,9453.88702190162,9549.88702190162,9555.35043653576,9780.93236267814,NA,-0.0264218145005569
"cell_0265",3,"sigma_nu_time",12,12,12,0,910,60,9415.51498113534,9535.51498113534,9544.13688926255,9824.32165710599,-0.0387797653413858,0.0156780195084027
"cell_0266",3,"stationary",12,12,12,0,910,36,9503.96947475624,9575.96947475624,9579.02102114799,9749.25348033863,NA,NA
"cell_0266",3,"sigma_time",12,12,12,0,910,48,9468.77212780731,9564.77212780731,9570.23554244145,9795.81746858383,-0.0247246380931129,NA
"cell_0266",3,"nu_time",12,12,12,0,910,48,9494.47259179767,9590.47259179767,9595.93600643182,9821.5179325742,NA,-0.0334214983885638
"cell_0266",3,"sigma_nu_time",12,12,12,0,910,60,9459.07884344805,9579.07884344805,9587.70075157526,9867.8855194187,-0.034962963863709,0.00372517222429513
"cell_0267",3,"stationary",12,12,12,0,910,36,9548.58083761199,9620.58083761199,9623.63238400374,9793.86484319438,NA,NA
"cell_0267",3,"sigma_time",12,12,12,0,910,48,9516.09253768823,9612.09253768823,9617.55595232238,9843.13787846475,-0.0203333868167514,NA
"cell_0267",3,"nu_time",12,12,12,0,910,48,9538.83184669297,9634.83184669297,9640.29526132712,9865.87718746949,NA,-0.0387130543753175
"cell_0267",3,"sigma_nu_time",12,12,12,0,910,60,9506.24577538035,9626.24577538035,9634.86768350755,9915.052451351,-0.0312418622340298,-0.00708460032933133
"cell_0268",3,"stationary",12,12,12,0,910,36,9575.5225341146,9647.5225341146,9650.57408050635,9820.80653969699,NA,NA
"cell_0268",3,"sigma_time",12,12,12,0,910,48,9546.85747762932,9642.85747762932,9648.32089226346,9873.90281840584,-0.0209260562814646,NA
"cell_0268",3,"nu_time",12,12,12,0,910,48,9565.58262878218,9661.58262878218,9667.04604341633,9892.62796955871,NA,-0.0369767612949551
"cell_0268",3,"sigma_nu_time",12,12,12,0,910,60,9537.14010741298,9657.14010741298,9665.76201554018,9945.94678338363,-0.027948370910833,-0.0147327125137876
"cell_0269",3,"stationary",12,12,12,0,910,36,9548.8277241591,9620.8277241591,9623.87927055085,9794.11172974149,NA,NA
"cell_0269",3,"sigma_time",12,12,12,0,910,48,9521.21535265144,9617.21535265144,9622.67876728559,9848.26069342797,-0.0219057774372932,NA
"cell_0269",3,"nu_time",12,12,12,0,910,48,9539.1741634859,9635.1741634859,9640.63757812005,9866.21950426243,NA,-0.0336795980576592
"cell_0269",3,"sigma_nu_time",12,12,12,0,910,60,9511.81963135865,9631.81963135865,9640.44153948586,9920.6263073293,-0.0281838329219368,-0.00467585821491228
"cell_0270",3,"stationary",12,12,12,0,910,36,9474.55617632077,9546.55617632077,9549.60772271253,9719.84018190317,NA,NA
"cell_0270",3,"sigma_time",12,12,12,0,910,48,9445.45927310187,9541.45927310187,9546.92268773601,9772.50461387839,-0.0231349240563624,NA
"cell_0270",3,"nu_time",12,12,12,0,910,48,9465.25306560717,9561.25306560717,9566.71648024132,9792.2984063837,NA,-0.0175299167422106
"cell_0270",3,"sigma_nu_time",12,12,12,0,910,60,9435.78246550563,9555.78246550563,9564.40437363284,9844.58914147628,-0.0280869481565368,-0.000731387893041805
"cell_0271",3,"stationary",12,12,12,0,910,36,9412.69577207869,9484.69577207869,9487.74731847044,9657.97977766108,NA,NA
"cell_0271",3,"sigma_time",12,12,12,0,910,48,9384.54848023244,9480.54848023244,9486.01189486658,9711.59382100896,-0.023557124325372,NA
"cell_0271",3,"nu_time",12,12,12,0,910,48,9402.85325140413,9498.85325140413,9504.31666603828,9729.89859218066,NA,-0.0061621684017162
"cell_0271",3,"sigma_nu_time",12,12,12,0,910,60,9373.56883416129,9493.56883416129,9502.1907422885,9782.37551013194,-0.0266240066301714,0.00463365378118594
"cell_0272",3,"stationary",12,12,12,0,910,36,9398.49835251103,9470.49835251103,9473.54989890279,9643.78235809343,NA,NA
"cell_0272",3,"sigma_time",12,12,12,0,910,48,9370.95732495541,9466.95732495541,9472.42073958955,9698.00266573193,-0.0240953422615608,NA
"cell_0272",3,"nu_time",12,12,12,0,910,48,9388.17450199716,9484.17450199716,9489.6379166313,9715.21984277368,NA,-0.0140624012050944
"cell_0272",3,"sigma_nu_time",12,12,12,0,910,60,9358.4890216824,9478.4890216824,9487.1109298096,9767.29569765305,-0.0256590704081261,0.00299620912691663
"cell_0273",3,"stationary",12,12,12,0,910,36,9548.51582458618,9620.51582458618,9623.56737097793,9793.79983016857,NA,NA
"cell_0273",3,"sigma_time",12,12,12,0,910,48,9521.40653748029,9617.40653748029,9622.86995211443,9848.45187825681,-0.0224211295563087,NA
"cell_0273",3,"nu_time",12,12,12,0,910,48,9539.1743048313,9635.1743048313,9640.63771946545,9866.21964560782,NA,-0.00438019725708572
"cell_0273",3,"sigma_nu_time",12,12,12,0,910,60,9509.32350475494,9629.32350475494,9637.94541288214,9918.13018072559,-0.0261365462570718,0.0050995016024085
"cell_0274",3,"stationary",12,12,12,0,910,36,9707.99901167477,9779.99901167477,9783.05055806652,9953.28301725716,NA,NA
"cell_0274",3,"sigma_time",12,12,12,0,910,48,9684.3539435218,9780.3539435218,9785.81735815594,10011.3992842983,-0.0195771369303547,NA
"cell_0274",3,"nu_time",12,12,12,0,910,48,9699.35215474013,9795.35215474013,9800.81556937427,10026.3974955166,NA,0.00107852152275977
"cell_0274",3,"sigma_nu_time",12,12,12,0,910,60,9673.3377079146,9793.3377079146,9801.95961604181,10082.1443838853,-0.0252333833481565,0.00394257857487653
"cell_0275",3,"stationary",12,12,12,0,910,36,9834.72448859204,9906.72448859204,9909.77603498379,10080.0084941744,NA,NA
"cell_0275",3,"sigma_time",12,12,12,0,910,48,9816.15464780234,9912.15464780234,9917.61806243648,10143.1999885789,-0.017547004692928,NA
"cell_0275",3,"nu_time",12,12,12,0,910,48,9826.40971701304,9922.40971701304,9927.87313164718,10153.4550577896,NA,0.0147839977662991
"cell_0275",3,"sigma_nu_time",12,12,12,0,910,60,9806.30083592905,9926.30083592905,9934.92274405626,10215.1075118997,-0.0230336379282914,0.0165161470388127
"cell_0276",3,"stationary",12,12,12,0,910,36,9864.2338573922,9936.2338573922,9939.28540378395,10109.5178629746,NA,NA
"cell_0276",3,"sigma_time",12,12,12,0,910,48,9846.99494266779,9942.99494266779,9948.45835730194,10174.0402834443,-0.017979199096882,NA
"cell_0276",3,"nu_time",12,12,12,0,910,48,9855.73043396217,9951.73043396217,9957.19384859632,10182.7757747387,NA,0.0101685808049722
"cell_0276",3,"sigma_nu_time",12,12,12,0,910,60,9837.12525135726,9957.12525135726,9965.74715948447,10245.9319273279,-0.0239474446147119,0.0198781951992809
"cell_0293",3,"stationary",12,12,12,0,910,36,9577.51417245579,9649.51417245579,9652.56571884754,9822.79817803818,NA,NA
"cell_0293",3,"sigma_time",12,12,12,0,910,48,9532.82710198205,9628.82710198205,9634.2905166162,9859.87244275857,-0.0254182013861658,NA
"cell_0293",3,"nu_time",12,12,12,0,910,48,9568.36570992873,9664.36570992873,9669.82912456288,9895.41105070526,NA,-0.0404447976860401
"cell_0293",3,"sigma_nu_time",12,12,12,0,910,60,9524.06850671284,9644.06850671284,9652.69041484005,9932.87518268349,-0.0357176220301323,-0.00290115116321338
"cell_0294",3,"stationary",12,12,12,0,910,36,9655.37894269117,9727.37894269117,9730.43048908292,9900.66294827356,NA,NA
"cell_0294",3,"sigma_time",12,12,12,0,910,48,9618.40094132991,9714.40094132991,9719.86435596405,9945.44628210643,-0.0226386945390154,NA
"cell_0294",3,"nu_time",12,12,12,0,910,48,9646.27989438141,9742.27989438141,9747.74330901556,9973.32523515793,NA,-0.0410364696796758
"cell_0294",3,"sigma_nu_time",12,12,12,0,910,60,9609.87872516302,9729.87872516302,9738.50063329022,10018.6854011337,-0.0312064258374243,-0.00516057080866809
"cell_0295",3,"stationary",12,12,12,0,910,36,9685.29070757687,9757.29070757687,9760.34225396863,9930.57471315927,NA,NA
"cell_0295",3,"sigma_time",12,12,12,0,910,48,9654.94045980399,9750.94045980399,9756.40387443814,9981.98580058052,-0.0230458106238108,NA
"cell_0295",3,"nu_time",12,12,12,0,910,48,9676.35690547256,9772.35690547256,9777.82032010671,10003.4022462491,NA,-0.0346739853601199
"cell_0295",3,"sigma_nu_time",12,12,12,0,910,60,9646.47714217823,9766.47714217823,9775.09905030544,10055.2838181489,-0.0270719568750856,-0.0101640016491159
"cell_0296",3,"stationary",12,12,12,0,910,36,9687.55830602887,9759.55830602887,9762.60985242062,9932.84231161126,NA,NA
"cell_0296",3,"sigma_time",12,12,12,0,910,48,9661.95745979608,9757.95745979608,9763.42087443022,9989.0028005726,-0.0215273270475275,NA
"cell_0296",3,"nu_time",12,12,12,0,910,48,9678.76623428656,9774.76623428656,9780.22964892071,10005.8115750631,NA,-0.0274955977913931
"cell_0296",3,"sigma_nu_time",12,12,12,0,910,60,9653.71525781286,9773.71525781286,9782.33716594007,10062.5219337835,-0.0261054618095146,-0.0129064642500746
"cell_0297",3,"stationary",12,12,12,0,910,36,9653.33585696433,9725.33585696433,9728.38740335608,9898.61986254672,NA,NA
"cell_0297",3,"sigma_time",12,12,12,0,910,48,9628.53179129706,9724.53179129706,9729.99520593121,9955.57713207359,-0.0227760274900111,NA
"cell_0297",3,"nu_time",12,12,12,0,910,48,9644.78956833184,9740.78956833184,9746.25298296599,9971.83490910836,NA,-0.0189398402964216
"cell_0297",3,"sigma_nu_time",12,12,12,0,910,60,9620.61789999194,9740.61789999194,9749.23980811915,10029.4245759626,-0.0274590491967108,-0.0129309644152795
"cell_0298",3,"stationary",12,12,12,0,910,36,9581.41268449587,9653.41268449587,9656.46423088762,9826.69669007826,NA,NA
"cell_0298",3,"sigma_time",12,12,12,0,910,48,9557.34490868874,9653.34490868874,9658.80832332288,9884.39024946526,-0.0232908223869516,NA
"cell_0298",3,"nu_time",12,12,12,0,910,48,9572.5433311534,9668.5433311534,9674.00674578755,9899.58867192993,NA,-0.011758487542747
"cell_0298",3,"sigma_nu_time",12,12,12,0,910,60,9548.1515584387,9668.1515584387,9676.77346656591,9956.95823440936,-0.0275063998079819,-0.0108552001829518
"cell_0299",3,"stationary",12,12,12,0,910,36,9589.48954568386,9661.48954568386,9664.54109207561,9834.77355126625,NA,NA
"cell_0299",3,"sigma_time",12,12,12,0,910,48,9562.34064662882,9658.34064662882,9663.80406126297,9889.38598740535,-0.0256228414735162,NA
"cell_0299",3,"nu_time",12,12,12,0,910,48,9580.40168722817,9676.40168722817,9681.86510186232,9907.4470280047,NA,-0.0173526031658742
"cell_0299",3,"sigma_nu_time",12,12,12,0,910,60,9551.98368655497,9671.98368655497,9680.60559468218,9960.79036252563,-0.0289777636452065,-0.00290932891308758
"cell_0300",3,"stationary",12,12,12,0,910,36,9639.16948133155,9711.16948133155,9714.2210277233,9884.45348691394,NA,NA
"cell_0300",3,"sigma_time",12,12,12,0,910,48,9609.66664463528,9705.66664463528,9711.13005926943,9936.7119854118,-0.0259996310773916,NA
"cell_0300",3,"nu_time",12,12,12,0,910,48,9630.44957232906,9726.44957232906,9731.91298696321,9957.49491310558,NA,-0.00980353580188594
"cell_0300",3,"sigma_nu_time",12,12,12,0,910,60,9598.47321843321,9718.47321843321,9727.09512656042,10007.2798944039,-0.02985932084589,0.00601041473277792
"cell_0301",3,"stationary",12,12,12,0,910,36,9754.42515755949,9826.42515755949,9829.47670395124,9999.70916314188,NA,NA
"cell_0301",3,"sigma_time",12,12,12,0,910,48,9726.06771267235,9822.06771267235,9827.53112730649,10053.1130534489,-0.0243489418869222,NA
"cell_0301",3,"nu_time",12,12,12,0,910,48,9746.1690942729,9842.1690942729,9847.63250890705,10073.2144350494,NA,-0.00302443873031647
"cell_0301",3,"sigma_nu_time",12,12,12,0,910,60,9714.8320729002,9834.8320729002,9843.45398102741,10123.6387488709,-0.0294350925315536,0.00830914006561852
"cell_0302",3,"stationary",12,12,12,0,910,36,9871.02166627894,9943.02166627894,9946.07321267069,10116.3056718613,NA,NA
"cell_0302",3,"sigma_time",12,12,12,0,910,48,9848.28352305841,9944.28352305841,9949.74693769255,10175.3288638349,-0.0205940182852461,NA
"cell_0302",3,"nu_time",12,12,12,0,910,48,9862.71416593509,9958.71416593509,9964.17758056923,10189.7595067116,NA,0.00484768333521371
"cell_0302",3,"sigma_nu_time",12,12,12,0,910,60,9837.40884884911,9957.40884884911,9966.03075697631,10246.2155248198,-0.0262883682486373,0.00992568764248775
"cell_0303",3,"stationary",12,12,12,0,910,36,9957.2727291153,10029.2727291153,10032.3242755071,10202.5567346977,NA,NA
"cell_0303",3,"sigma_time",12,12,12,0,910,48,9942.03912735541,10038.0391273554,10043.5025419896,10269.0844681319,-0.0171554954981108,NA
"cell_0303",3,"nu_time",12,12,12,0,910,48,9948.74517945249,10044.7451794525,10050.2085940866,10275.790520229,NA,0.0178105728303674
"cell_0303",3,"sigma_nu_time",12,12,12,0,910,60,9932.21138126632,10052.2113812663,10060.8332893935,10341.018057237,-0.0215939055169979,0.0158583190625742
"cell_0304",3,"stationary",12,12,12,0,910,36,9953.07030478379,10025.0703047838,10028.1218511755,10198.3543103662,NA,NA
"cell_0304",3,"sigma_time",12,12,12,0,910,48,9934.07601095359,10030.0760109536,10035.5394255877,10261.1213517301,-0.0206275504237683,NA
"cell_0304",3,"nu_time",12,12,12,0,910,48,9945.29487630124,10041.2948763012,10046.7582909354,10272.3402170778,NA,0.018282039434337
"cell_0304",3,"sigma_nu_time",12,12,12,0,910,60,9924.51380717111,10044.5138071711,10053.1357152983,10333.3204831418,-0.0266835887575482,0.0194239915661019
"cell_0321",3,"stationary",12,12,12,0,910,36,9767.12514610599,9839.12514610599,9842.17669249775,10012.4091516884,NA,NA
"cell_0321",3,"sigma_time",12,12,12,0,910,48,9737.97052790574,9833.97052790574,9839.43394253989,10065.0158686823,-0.0246269562744569,NA
"cell_0321",3,"nu_time",12,12,12,0,910,48,9759.07299204726,9855.07299204726,9860.53640668141,10086.1183328238,NA,-0.0243302669065542
"cell_0321",3,"sigma_nu_time",12,12,12,0,910,60,9729.40821531709,9849.40821531709,9858.0301234443,10138.2148912877,-0.0302140158483257,-0.000502761632030262
"cell_0322",3,"stationary",12,12,12,0,910,36,9911.42267487808,9983.42267487808,9986.47422126984,10156.7066804605,NA,NA
"cell_0322",3,"sigma_time",12,12,12,0,910,48,9889.09667403202,9985.09667403202,9990.56008866616,10216.1420148085,-0.0229752864553789,NA
"cell_0322",3,"nu_time",12,12,12,0,910,48,9902.52486343116,9998.52486343116,10003.9882780653,10229.5702042077,NA,-0.023736466076382
"cell_0322",3,"sigma_nu_time",12,12,12,0,910,60,9880.74517587442,10000.7451758744,10009.3670840016,10289.5518518451,-0.0248704432807639,-0.0150484072942199
"cell_0323",3,"stationary",12,12,12,0,910,36,9975.85989100362,10047.8598910036,10050.9114373954,10221.143896586,NA,NA
"cell_0323",3,"sigma_time",12,12,12,0,910,48,9958.31665511714,10054.3166551171,10059.7800697513,10285.3619958937,-0.0177995984111935,NA
"cell_0323",3,"nu_time",12,12,12,0,910,48,9967.44970109953,10063.4497010995,10068.9131157337,10294.4950418761,NA,-0.0238106257076638
"cell_0323",3,"sigma_nu_time",12,12,12,0,910,60,9950.45588565159,10070.4558856516,10079.0777937788,10359.2625616222,-0.0230144715871119,-0.0183617186732657
"cell_0324",3,"stationary",12,12,12,0,910,36,9916.10699610404,9988.10699610404,9991.1585424958,10161.3910016864,NA,NA
"cell_0324",3,"sigma_time",12,12,12,0,910,48,9898.81477135459,9994.81477135459,10000.2781859887,10225.8601121311,-0.018777092703292,NA
"cell_0324",3,"nu_time",12,12,12,0,910,48,9907.85528453733,10003.8552845373,10009.3186991715,10234.9006253139,NA,-0.0240618838101941
"cell_0324",3,"sigma_nu_time",12,12,12,0,910,60,9890.95101314037,10010.9510131404,10019.5729212676,10299.757689111,-0.0221141993459244,-0.0168195038285271
"cell_0325",3,"stationary",12,12,12,0,910,36,9848.79503899249,9920.79503899249,9923.84658538425,10094.0790445749,NA,NA
"cell_0325",3,"sigma_time",12,12,12,0,910,48,9828.40105691253,9924.40105691253,9929.86447154668,10155.4463976891,-0.0220615610392035,NA
"cell_0325",3,"nu_time",12,12,12,0,910,48,9840.65850225353,9936.65850225353,9942.12191688768,10167.7038430301,NA,-0.0261864522747216
"cell_0325",3,"sigma_nu_time",12,12,12,0,910,60,9820.52182738628,9940.52182738628,9949.14373551349,10229.3285033569,-0.0265262252482788,-0.0161939987343707
"cell_0326",3,"stationary",12,12,12,0,910,36,9811.4391165196,9883.4391165196,9886.49066291136,10056.723122102,NA,NA
"cell_0326",3,"sigma_time",12,12,12,0,910,48,9787.53839122025,9883.53839122025,9889.0018058544,10114.5837319968,-0.0248206287654527,NA
"cell_0326",3,"nu_time",12,12,12,0,910,48,9803.06665523527,9899.06665523527,9904.53006986941,10130.1119960118,NA,-0.0268318660706665
"cell_0326",3,"sigma_nu_time",12,12,12,0,910,60,9778.98822709427,9898.98822709427,9907.61013522147,10187.7949030649,-0.0286493056470897,-0.011833621893539
"cell_0327",3,"stationary",12,12,12,0,910,36,9826.08368643045,9898.08368643045,9901.13523282221,10071.3676920128,NA,NA
"cell_0327",3,"sigma_time",12,12,12,0,910,48,9799.87174012421,9895.87174012421,9901.33515475836,10126.9170809007,-0.0245666517936514,NA
"cell_0327",3,"nu_time",12,12,12,0,910,48,9817.69182594069,9913.69182594069,9919.15524057483,10144.7371667172,NA,-0.0202165414633179
"cell_0327",3,"sigma_nu_time",12,12,12,0,910,60,9790.11941833576,9910.11941833576,9918.74132646297,10198.9260943064,-0.0296080811438347,-0.00434795936047603
"cell_0328",3,"stationary",12,12,12,0,910,36,9883.37426843018,9955.37426843018,9958.42581482193,10128.6582740126,NA,NA
"cell_0328",3,"sigma_time",12,12,12,0,910,48,9854.25907474756,9950.25907474756,9955.72248938171,10181.3044155241,-0.0251793811206159,NA
"cell_0328",3,"nu_time",12,12,12,0,910,48,9875.269041468,9971.269041468,9976.73245610215,10202.3143822445,NA,-0.0110857688891955
"cell_0328",3,"sigma_nu_time",12,12,12,0,910,60,9843.82108365993,9963.82108365993,9972.44299178714,10252.6277596306,-0.0302438975227584,0.00579044732756553
"cell_0329",3,"stationary",12,12,12,0,910,36,9983.72072325256,10055.7207232526,10058.7722696443,10229.004728835,NA,NA
"cell_0329",3,"sigma_time",12,12,12,0,910,48,9954.93499594364,10050.9349959436,10056.3984105778,10281.9803367202,-0.0257665912414304,NA
"cell_0329",3,"nu_time",12,12,12,0,910,48,9976.21146263781,10072.2114626378,10077.674877272,10303.2568034143,NA,-0.000877990586159094
"cell_0329",3,"sigma_nu_time",12,12,12,0,910,60,9944.48067705044,10064.4806770504,10073.1025851777,10353.2873530211,-0.0311772984955682,0.0152922480388605
"cell_0330",3,"stationary",12,12,12,0,910,36,10021.2967961515,10093.2967961515,10096.3483425432,10266.5808017339,NA,NA
"cell_0330",3,"sigma_time",12,12,12,0,910,48,10000.3624438778,10096.3624438778,10101.825858512,10327.4077846543,-0.0212598433366242,NA
"cell_0330",3,"nu_time",12,12,12,0,910,48,10012.9480721022,10108.9480721022,10114.4114867363,10339.9934128787,NA,0.00580857152252403
"cell_0330",3,"sigma_nu_time",12,12,12,0,910,60,9989.61780588475,10109.6178058848,10118.239714012,10398.4244818554,-0.0262528922385792,0.00847863872052073
"cell_0331",3,"stationary",12,12,12,0,910,36,10058.9644900487,10130.9644900487,10134.0160364404,10304.2484956311,NA,NA
"cell_0331",3,"sigma_time",12,12,12,0,910,48,10036.7089014697,10132.7089014697,10138.1723161039,10363.7542422463,-0.0217702682077052,NA
"cell_0331",3,"nu_time",12,12,12,0,910,48,10051.3568959787,10147.3568959787,10152.8203106128,10378.4022367552,NA,0.00320618989336754
"cell_0331",3,"sigma_nu_time",12,12,12,0,910,60,10026.7269288358,10146.7269288358,10155.348836963,10435.5336048064,-0.0272790213947946,0.0120951737791297
"cell_0348",3,"stationary",12,12,12,0,910,36,9751.66028573391,9823.66028573391,9826.71183212567,9996.94429131631,NA,NA
"cell_0348",3,"sigma_time",12,12,12,0,910,48,9730.65035916012,9826.65035916012,9832.11377379427,10057.6956999366,-0.0225424745614518,NA
"cell_0348",3,"nu_time",12,12,12,0,910,48,9744.68982758588,9840.68982758588,9846.15324222003,10071.7351683624,NA,-0.00340627682764932
"cell_0348",3,"sigma_nu_time",12,12,12,0,910,60,9722.03621538129,9842.03621538129,9850.6581235085,10130.8428913519,-0.0258213130968453,0.00509874465630854
"cell_0349",3,"stationary",12,12,12,0,910,36,9976.59103486594,10048.5910348659,10051.6425812577,10221.8750404483,NA,NA
"cell_0349",3,"sigma_time",12,12,12,0,910,48,9957.68815935846,10053.6881593585,10059.1515739926,10284.733500135,-0.0231015214962818,NA
"cell_0349",3,"nu_time",12,12,12,0,910,48,9968.81107082413,10064.8110708241,10070.2744854583,10295.8564116007,NA,-0.0138882034372698
"cell_0349",3,"sigma_nu_time",12,12,12,0,910,60,9949.29703032456,10069.2970303246,10077.9189384518,10358.1037062952,-0.0290063185315228,-0.00644411865506162
"cell_0350",3,"stationary",12,12,12,0,910,36,10173.4117902724,10245.4117902724,10248.4633366642,10418.6957958548,NA,NA
"cell_0350",3,"sigma_time",12,12,12,0,910,48,10158.9538421804,10254.9538421804,10260.4172568145,10485.9991829569,-0.0141500218041993,NA
"cell_0350",3,"nu_time",12,12,12,0,910,48,10165.3341908459,10261.3341908459,10266.7976054801,10492.3795316224,NA,-0.0227442395278829
"cell_0350",3,"sigma_nu_time",12,12,12,0,910,60,10151.456631817,10271.456631817,10280.0785399442,10560.2633077877,-0.0287911420597377,-0.012472223228935
"cell_0351",3,"stationary",12,12,12,0,910,36,10244.1479488755,10316.1479488755,10319.1994952672,10489.4319544579,NA,NA
"cell_0351",3,"sigma_time",12,12,12,0,910,48,10230.4796002335,10326.4796002335,10331.9430148676,10557.52494101,-0.013959178160701,NA
"cell_0351",3,"nu_time",12,12,12,0,910,48,10236.051694912,10332.051694912,10337.5151095462,10563.0970356886,NA,-0.0275693532568001
"cell_0351",3,"sigma_nu_time",12,12,12,0,910,60,10223.6072901828,10343.6072901828,10352.22919831,10632.4139661535,-0.0283238303267824,-0.0165525759432365
"cell_0352",3,"stationary",12,12,12,0,910,36,10152.6854727271,10224.6854727271,10227.7370191189,10397.9694783095,NA,NA
"cell_0352",3,"sigma_time",12,12,12,0,910,48,10138.3189916344,10234.3189916344,10239.7824062686,10465.3643324109,-0.0162471799245521,NA
"cell_0352",3,"nu_time",12,12,12,0,910,48,10144.471233033,10240.471233033,10245.9346476672,10471.5165738095,NA,-0.0207712249123621
"cell_0352",3,"sigma_nu_time",12,12,12,0,910,60,10130.8962603906,10250.8962603906,10259.5181685178,10539.7029363612,-0.0272566126150803,-0.0204233989062793
"cell_0353",3,"stationary",12,12,12,0,910,36,10065.2327262434,10137.2327262434,10140.2842726351,10310.5167318258,NA,NA
"cell_0353",3,"sigma_time",12,12,12,0,910,48,10047.7508740657,10143.7508740657,10149.2142886999,10374.7962148422,-0.0228427127063013,NA
"cell_0353",3,"nu_time",12,12,12,0,910,48,10057.1012343507,10153.1012343507,10158.5646489848,10384.1465751272,NA,-0.0203131692371419
"cell_0353",3,"sigma_nu_time",12,12,12,0,910,60,10039.985232848,10159.985232848,10168.6071409752,10448.7919088187,-0.0271039768711114,-0.0163032046671222
"cell_0354",3,"stationary",12,12,12,0,910,36,10004.5456672018,10076.5456672018,10079.5972135936,10249.8296727842,NA,NA
"cell_0354",3,"sigma_time",12,12,12,0,910,48,9983.60320720015,10079.6032072002,10085.0666218343,10310.6485479767,-0.0233900854947273,NA
"cell_0354",3,"nu_time",12,12,12,0,910,48,9996.16450160864,10092.1645016086,10097.6279162428,10323.2098423852,NA,-0.0185206867085515
"cell_0354",3,"sigma_nu_time",12,12,12,0,910,60,9974.99642944268,10094.9964294427,10103.6183375699,10383.8031054133,-0.0263569584268822,-0.0118585535425188
"cell_0355",3,"stationary",12,12,12,0,910,36,10037.1920155871,10109.1920155871,10112.2435619789,10282.4760211695,NA,NA
"cell_0355",3,"sigma_time",12,12,12,0,910,48,10013.1674804046,10109.1674804046,10114.6308950388,10340.2128211811,-0.0241584066751598,NA
"cell_0355",3,"nu_time",12,12,12,0,910,48,10029.0578034688,10125.0578034688,10130.5212181029,10356.1031442453,NA,-0.015990077174389
"cell_0355",3,"sigma_nu_time",12,12,12,0,910,60,10004.0116671704,10124.0116671704,10132.6335752976,10412.8183431411,-0.0284329626587172,-0.00206164278491054
"cell_0356",3,"stationary",12,12,12,0,910,36,10094.5336377387,10166.5336377387,10169.5851841305,10339.8176433211,NA,NA
"cell_0356",3,"sigma_time",12,12,12,0,910,48,10069.3538714242,10165.3538714242,10170.8172860584,10396.3992122008,-0.0253872824082844,NA
"cell_0356",3,"nu_time",12,12,12,0,910,48,10086.9047008183,10182.9047008183,10188.3681154525,10413.9500415949,NA,-0.00791040689974665
"cell_0356",3,"sigma_nu_time",12,12,12,0,910,60,10059.8660378389,10179.8660378389,10188.4879459662,10468.6727138096,-0.0305754506578286,0.0101078253271898
"cell_0357",3,"stationary",12,12,12,0,910,36,10154.2817028686,10226.2817028686,10229.3332492604,10399.565708451,NA,NA
"cell_0357",3,"sigma_time",12,12,12,0,910,48,10128.8506145983,10224.8506145983,10230.3140292324,10455.8959553748,-0.0272376666987683,NA
"cell_0357",3,"nu_time",12,12,12,0,910,48,10147.0136960314,10243.0136960314,10248.4771106655,10474.0590368079,NA,-0.00528370552065359
"cell_0357",3,"sigma_nu_time",12,12,12,0,910,60,10119.1807985535,10239.1807985535,10247.8027066807,10527.9874745241,-0.0323236244457334,0.0159913761096507
"cell_0358",3,"stationary",12,12,12,0,910,36,10167.5736380347,10239.5736380347,10242.6251844265,10412.8576436171,NA,NA
"cell_0358",3,"sigma_time",12,12,12,0,910,48,10142.1494704392,10238.1494704392,10243.6128850733,10469.1948112157,-0.0262759049067407,NA
"cell_0358",3,"nu_time",12,12,12,0,910,48,10160.2769119981,10256.2769119981,10261.7403266323,10487.3222527746,NA,-0.00593486905702515
"cell_0358",3,"sigma_nu_time",12,12,12,0,910,60,10132.2801213635,10252.2801213635,10260.9020294907,10541.0867973341,-0.0310891630632361,0.0152367417995883
"cell_0371",3,"stationary",12,12,12,0,910,36,9608.39805751371,9680.39805751371,9683.44960390546,9853.6820630961,NA,NA
"cell_0371",3,"sigma_time",12,12,12,0,910,48,9589.3730072962,9685.3730072962,9690.83642193034,9916.41834807272,-0.0238620189908876,NA
"cell_0371",3,"nu_time",12,12,12,0,910,48,9598.87211598937,9694.87211598937,9700.33553062352,9925.9174567659,NA,0.0235420569015842
"cell_0371",3,"sigma_nu_time",12,12,12,0,910,60,9575.96943399282,9695.96943399282,9704.59134212003,9984.77610996348,-0.0319825935165899,0.055500267567172
"cell_0372",3,"stationary",12,12,12,0,910,36,9617.42253823086,9689.42253823086,9692.47408462261,9862.70654381325,NA,NA
"cell_0372",3,"sigma_time",12,12,12,0,910,48,9604.12137519528,9700.12137519528,9705.58478982943,9931.1667159718,-0.019690224314841,NA
"cell_0372",3,"nu_time",12,12,12,0,910,48,9606.51616619439,9702.51616619439,9707.97958082854,9933.56150697092,NA,0.0267901138947942
"cell_0372",3,"sigma_nu_time",12,12,12,0,910,60,9590.41181896243,9710.41181896243,9719.03372708963,9999.21849493308,-0.027940598517127,0.0364778202524632
"cell_0373",3,"stationary",12,12,12,0,910,36,9658.37292607811,9730.37292607811,9733.42447246986,9903.6569316605,NA,NA
"cell_0373",3,"sigma_time",12,12,12,0,910,48,9651.49789986708,9747.49789986708,9752.96131450123,9978.54324064361,-0.0118211994304071,NA
"cell_0373",3,"nu_time",12,12,12,0,910,48,9646.83560982845,9742.83560982845,9748.29902446259,9973.88095060497,NA,0.0200744039049479
"cell_0373",3,"sigma_nu_time",12,12,12,0,910,60,9638.62487434436,9758.62487434436,9767.24678247157,10047.431550315,-0.0154449222876687,0.0224783786279306
"cell_0374",3,"stationary",12,12,12,0,910,36,9727.12393477734,9799.12393477734,9802.17548116909,9972.40794035973,NA,NA
"cell_0374",3,"sigma_time",12,12,12,0,910,48,9719.72281628197,9815.72281628197,9821.18623091612,10046.7681570585,-0.0139671005730592,NA
"cell_0374",3,"nu_time",12,12,12,0,910,48,9718.085459407,9814.085459407,9819.54887404115,10045.1308001835,NA,0.01407184507006
"cell_0374",3,"sigma_nu_time",12,12,12,0,910,60,9709.64390650728,9829.64390650728,9838.26581463449,10118.4505824779,-0.0157283888261108,0.0177758388533251
"cell_0375",3,"stationary",12,12,12,0,910,36,9839.30924131317,9911.30924131317,9914.36078770492,10084.5932468956,NA,NA
"cell_0375",3,"sigma_time",12,12,12,0,910,48,9827.89917595549,9923.89917595549,9929.36259058964,10154.944516732,-0.0192403010382485,NA
"cell_0375",3,"nu_time",12,12,12,0,910,48,9831.65430497428,9927.65430497428,9933.11771960843,10158.6996457508,NA,0.0149579849429965
"cell_0375",3,"sigma_nu_time",12,12,12,0,910,60,9819.51184737281,9939.51184737281,9948.13375550002,10228.3185233435,-0.0181917669604512,0.0208128315134991
"cell_0376",3,"stationary",12,12,12,0,910,36,10046.6367459185,10118.6367459185,10121.6882923102,10291.9207515009,NA,NA
"cell_0376",3,"sigma_time",12,12,12,0,910,48,10033.0706032082,10129.0706032082,10134.5340178424,10360.1159439847,-0.0197537121873605,NA
"cell_0376",3,"nu_time",12,12,12,0,910,48,10038.5695943317,10134.5695943317,10140.0330089658,10365.6149351082,NA,0.00317252750255961
"cell_0376",3,"sigma_nu_time",12,12,12,0,910,60,10024.21132437,10144.21132437,10152.8332324972,10433.0180003407,-0.0299392959056974,0.0105136609445612
"cell_0377",3,"stationary",12,12,12,0,910,36,10268.5107011606,10340.5107011606,10343.5622475523,10513.7947067429,NA,NA
"cell_0377",3,"sigma_time",12,12,12,0,910,48,10255.2238870058,10351.2238870058,10356.6873016399,10582.2692277823,-0.0165756811713658,NA
"cell_0377",3,"nu_time",12,12,12,0,910,48,10259.9975287452,10355.9975287452,10361.4609433793,10587.0428695217,NA,-0.00955199255213519
"cell_0377",3,"sigma_nu_time",12,12,12,0,910,60,10246.5299677959,10366.5299677959,10375.1518759231,10655.3366437665,-0.0298264365456603,-0.00303287244979244
"cell_0378",3,"stationary",12,12,12,0,910,36,10446.8588197493,10518.8588197493,10521.910366141,10692.1428253317,NA,NA
"cell_0378",3,"sigma_time",12,12,12,0,910,48,10433.7980735795,10529.7980735795,10535.2614882136,10760.843414356,-0.0165167007569528,NA
"cell_0378",3,"nu_time",12,12,12,0,910,48,10438.192224419,10534.192224419,10539.6556390531,10765.2375651955,NA,-0.0141180473450982
"cell_0378",3,"sigma_nu_time",12,12,12,0,910,60,10425.8204607665,10545.8204607665,10554.4423688938,10834.6271367372,-0.0271872404162039,-0.00783769022260705
"cell_0379",3,"stationary",12,12,12,0,910,36,10545.2373385938,10617.2373385938,10620.2888849855,10790.5213441762,NA,NA
"cell_0379",3,"sigma_time",12,12,12,0,910,48,10529.8020872047,10625.8020872047,10631.2655018389,10856.8474279812,-0.0176352231535112,NA
"cell_0379",3,"nu_time",12,12,12,0,910,48,10536.7064256721,10632.7064256721,10638.1698403063,10863.7517664486,NA,-0.0166626983416316
"cell_0379",3,"sigma_nu_time",12,12,12,0,910,60,10522.9312951149,10642.9312951149,10651.5532032421,10931.7379710856,-0.0293207666668192,-0.00876250401580344
"cell_0380",3,"stationary",12,12,12,0,910,36,10429.1477609275,10501.1477609275,10504.1993073193,10674.4317665099,NA,NA
"cell_0380",3,"sigma_time",12,12,12,0,910,48,10408.5177884866,10504.5177884866,10509.9812031208,10735.5631292631,-0.0251427063536107,NA
"cell_0380",3,"nu_time",12,12,12,0,910,48,10421.6424221542,10517.6424221542,10523.1058367883,10748.6877629307,NA,-0.0285728384244944
"cell_0380",3,"sigma_nu_time",12,12,12,0,910,60,10403.0658184096,10523.0658184096,10531.6877265368,10811.8724943802,-0.0321052058415402,-0.0156287813631492
"cell_0381",3,"stationary",12,12,12,0,910,36,10318.3535052859,10390.3535052859,10393.4050516777,10563.6375108683,NA,NA
"cell_0381",3,"sigma_time",12,12,12,0,910,48,10294.5173483903,10390.5173483903,10395.9807630245,10621.5626891668,-0.0270804594274742,NA
"cell_0381",3,"nu_time",12,12,12,0,910,48,10311.0763815972,10407.0763815972,10412.5397962314,10638.1217223738,NA,-0.0294226448848597
"cell_0381",3,"sigma_nu_time",12,12,12,0,910,60,10288.5319381511,10408.5319381511,10417.1538462783,10697.3386141218,-0.0308358398891933,-0.015319623115967
"cell_0382",3,"stationary",12,12,12,0,910,36,10251.9100913442,10323.9100913442,10326.9616377359,10497.1940969266,NA,NA
"cell_0382",3,"sigma_time",12,12,12,0,910,48,10225.3549668237,10321.3549668237,10326.8183814579,10552.4003076002,-0.0260076134999486,NA
"cell_0382",3,"nu_time",12,12,12,0,910,48,10244.7939501641,10340.7939501641,10346.2573647982,10571.8392909406,NA,-0.0285892739472386
"cell_0382",3,"sigma_nu_time",12,12,12,0,910,60,10218.730287033,10338.730287033,10347.3521951602,10627.5369630036,-0.0286044341300174,-0.0116605157909417
"cell_0383",3,"stationary",12,12,12,0,910,36,10251.7310668195,10323.7310668195,10326.7826132112,10497.0150724019,NA,NA
"cell_0383",3,"sigma_time",12,12,12,0,910,48,10223.8891981245,10319.8891981245,10325.3526127586,10550.934538901,-0.0259711939836186,NA
"cell_0383",3,"nu_time",12,12,12,0,910,48,10245.0213378681,10341.0213378681,10346.4847525022,10572.0666786446,NA,-0.0237719622537544
"cell_0383",3,"sigma_nu_time",12,12,12,0,910,60,10216.8448136365,10336.8448136365,10345.4667217637,10625.6514896071,-0.0295117124642093,-0.00162084836235399
"cell_0384",3,"stationary",12,12,12,0,910,36,10295.4958501268,10367.4958501268,10370.5473965186,10540.7798557092,NA,NA
"cell_0384",3,"sigma_time",12,12,12,0,910,48,10268.2798069129,10364.2798069129,10369.743221547,10595.3251476894,-0.0267121476338321,NA
"cell_0384",3,"nu_time",12,12,12,0,910,48,10289.1919657352,10385.1919657352,10390.6553803693,10616.2373065117,NA,-0.016305525070166
"cell_0384",3,"sigma_nu_time",12,12,12,0,910,60,10260.7838082328,10380.7838082328,10389.4057163601,10669.5904842035,-0.03099781324361,0.0106918036398219
"cell_0385",3,"stationary",12,12,12,0,910,36,10336.3904086814,10408.3904086814,10411.4419550732,10581.6744142638,NA,NA
"cell_0385",3,"sigma_time",12,12,12,0,910,48,10310.7789279282,10406.7789279282,10412.2423425624,10637.8242687047,-0.0285625743926163,NA
"cell_0385",3,"nu_time",12,12,12,0,910,48,10330.2169860534,10426.2169860534,10431.6804006876,10657.2623268299,NA,-0.00166979707665728
"cell_0385",3,"sigma_nu_time",12,12,12,0,910,60,10302.6744659775,10422.6744659775,10431.2963741048,10711.4811419482,-0.0329263734673027,0.0142170121651392
"cell_0386",3,"stationary",12,12,12,0,910,36,10330.1168485338,10402.1168485338,10405.1683949256,10575.4008541162,NA,NA
"cell_0386",3,"sigma_time",12,12,12,0,910,48,10299.2200890354,10395.2200890354,10400.6835036695,10626.2654298119,-0.031264388408808,NA
"cell_0386",3,"nu_time",12,12,12,0,910,48,10323.9124511145,10419.9124511145,10425.3758657487,10650.9577918911,NA,-0.0040342732922135
"cell_0386",3,"sigma_nu_time",12,12,12,0,910,60,10291.4048551735,10411.4048551735,10420.0267633007,10700.2115311441,-0.0357089910810746,0.00782292197488715
"cell_0399",3,"stationary",12,12,12,0,910,36,9642.37055352022,9714.37055352022,9717.42209991198,9887.65455910262,NA,NA
"cell_0399",3,"sigma_time",12,12,12,0,910,48,9623.61482430982,9719.61482430982,9725.07823894397,9950.66016508634,-0.0245022992089427,NA
"cell_0399",3,"nu_time",12,12,12,0,910,48,9633.34041597317,9729.34041597317,9734.80383060732,9960.38575674969,NA,0.00567223152967236
"cell_0399",3,"sigma_nu_time",12,12,12,0,910,60,9612.4721188587,9732.4721188587,9741.0940269859,10021.2787948293,-0.0310974543938177,0.0260717334806501
"cell_0400",3,"stationary",12,12,12,0,910,36,9741.0029584959,9813.0029584959,9816.05450488766,9986.2869640783,NA,NA
"cell_0400",3,"sigma_time",12,12,12,0,910,48,9732.95234872277,9828.95234872277,9834.41576335691,10059.9976894993,-0.0172899313668266,NA
"cell_0400",3,"nu_time",12,12,12,0,910,48,9730.7105918173,9826.7105918173,9832.17400645145,10057.7559325938,NA,0.0220739482642301
"cell_0400",3,"sigma_nu_time",12,12,12,0,910,60,9721.1718338649,9841.1718338649,9849.79374199211,10129.9785098356,-0.0184418306401925,0.0350253892437021
"cell_0401",3,"stationary",12,12,12,0,910,36,9861.18641256085,9933.18641256085,9936.23795895261,10106.4704181432,NA,NA
"cell_0401",3,"sigma_time",12,12,12,0,910,48,9856.45697904675,9952.45697904675,9957.92039368089,10183.5023198233,-0.0123220239414872,NA
"cell_0401",3,"nu_time",12,12,12,0,910,48,9850.43329653,9946.43329653,9951.89671116415,10177.4786373065,NA,0.0161081075646561
"cell_0401",3,"sigma_nu_time",12,12,12,0,910,60,9845.20252891467,9965.20252891467,9973.82443704188,10254.0092048853,-0.0125527896535292,0.0261444417393347
"cell_0402",3,"stationary",12,12,12,0,910,36,10019.1017161982,10091.1017161982,10094.1532625899,10264.3857217806,NA,NA
"cell_0402",3,"sigma_time",12,12,12,0,910,48,10014.8979953822,10110.8979953822,10116.3614100163,10341.9433361587,-0.0113950412746589,NA
"cell_0402",3,"nu_time",12,12,12,0,910,48,10009.0212695512,10105.0212695512,10110.4846841853,10336.0666103277,NA,0.0167052787599608
"cell_0402",3,"sigma_nu_time",12,12,12,0,910,60,10004.9865698977,10124.9865698977,10133.6084780249,10413.7932458683,-0.0124294168364736,0.017821029457229
"cell_0403",3,"stationary",12,12,12,0,910,36,10187.6839147865,10259.6839147865,10262.7354611782,10432.9679203689,NA,NA
"cell_0403",3,"sigma_time",12,12,12,0,910,48,10180.6118816404,10276.6118816404,10282.0752962745,10507.6572224169,-0.017410462496734,NA
"cell_0403",3,"nu_time",12,12,12,0,910,48,10178.7781396884,10274.7781396884,10280.2415543225,10505.8234804649,NA,0.0125074871865919
"cell_0403",3,"sigma_nu_time",12,12,12,0,910,60,10172.413538222,10292.413538222,10301.0354463492,10581.2202141927,-0.0214406416575716,0.0152803867183769
"cell_0404",3,"stationary",12,12,12,0,910,36,10383.7242299504,10455.7242299504,10458.7757763422,10629.0082355328,NA,NA
"cell_0404",3,"sigma_time",12,12,12,0,910,48,10372.77985531,10468.77985531,10474.2432699441,10699.8251960865,-0.0172421518295834,NA
"cell_0404",3,"nu_time",12,12,12,0,910,48,10374.8835720164,10470.8835720164,10476.3469866505,10701.9289127929,NA,0.00620546636353546
"cell_0404",3,"sigma_nu_time",12,12,12,0,910,60,10364.589682611,10484.589682611,10493.2115907382,10773.3963585816,-0.0257386841655169,0.0133952215017686
"cell_0405",3,"stationary",12,12,12,0,910,36,10591.024369522,10663.024369522,10666.0759159137,10836.3083751044,NA,NA
"cell_0405",3,"sigma_time",12,12,12,0,910,48,10577.8940549788,10673.8940549788,10679.3574696129,10904.9393957553,-0.0172377672527969,NA
"cell_0405",3,"nu_time",12,12,12,0,910,48,10582.3175484126,10678.3175484126,10683.7809630468,10909.3628891891,NA,-0.00476828615598372
"cell_0405",3,"sigma_nu_time",12,12,12,0,910,60,10569.9369925864,10689.9369925864,10698.5589007136,10978.743668557,-0.0245927486141364,0.002862995843764
"cell_0406",3,"stationary",12,12,12,0,910,36,10763.1168390732,10835.1168390732,10838.168385465,11008.4008446556,NA,NA
"cell_0406",3,"sigma_time",12,12,12,0,910,48,10747.4338208241,10843.4338208241,10848.8972354583,11074.4791616007,-0.0182048820466579,NA
"cell_0406",3,"nu_time",12,12,12,0,910,48,10754.010221983,10850.010221983,10855.4736366171,11081.0555627595,NA,-0.00444248800454985
"cell_0406",3,"sigma_nu_time",12,12,12,0,910,60,10739.7028047202,10859.7028047202,10868.3247128474,11148.5094806908,-0.023440088549686,0.00476363263086667
"cell_0407",3,"stationary",12,12,12,0,910,36,10802.3812462507,10874.3812462507,10877.4327926425,11047.6652518331,NA,NA
"cell_0407",3,"sigma_time",12,12,12,0,910,48,10784.2049081182,10880.2049081182,10885.6683227523,11111.2502488947,-0.0218839235041785,NA
"cell_0407",3,"nu_time",12,12,12,0,910,48,10793.8689952097,10889.8689952097,10895.3324098438,11120.9143359862,NA,-0.0136532896017136
"cell_0407",3,"sigma_nu_time",12,12,12,0,910,60,10777.3109871904,10897.3109871904,10905.9328953176,11186.117663161,-0.0245886585581356,0.0014979823330892
"cell_0408",3,"stationary",12,12,12,0,910,36,10699.1394745077,10771.1394745077,10774.1910208995,10944.4234800901,NA,NA
"cell_0408",3,"sigma_time",12,12,12,0,910,48,10675.5752446788,10771.5752446788,10777.038659313,11002.6205854553,-0.0281923014441071,NA
"cell_0408",3,"nu_time",12,12,12,0,910,48,10691.525677922,10787.525677922,10792.9890925561,11018.5710186985,NA,-0.031588524539154
"cell_0408",3,"sigma_nu_time",12,12,12,0,910,60,10670.0801617928,10790.0801617928,10798.70206992,11078.8868377635,-0.0343711185632561,-0.00991591127033416
"cell_0409",3,"stationary",12,12,12,0,910,36,10576.7027095456,10648.7027095456,10651.7542559373,10821.986715128,NA,NA
"cell_0409",3,"sigma_time",12,12,12,0,910,48,10545.7736610637,10641.7736610637,10647.2370756978,10872.8190018402,-0.0287489306604146,NA
"cell_0409",3,"nu_time",12,12,12,0,910,48,10569.3462419013,10665.3462419013,10670.8096565354,10896.3915826778,NA,-0.0442502113278554
"cell_0409",3,"sigma_nu_time",12,12,12,0,910,60,10541.355482348,10661.355482348,10669.9773904752,10950.1621583187,-0.0331599862453843,-0.0241402319484441
"cell_0410",3,"stationary",12,12,12,0,910,36,10456.3259228654,10528.3259228654,10531.3774692571,10701.6099284478,NA,NA
"cell_0410",3,"sigma_time",12,12,12,0,910,48,10425.09269841,10521.09269841,10526.5561130441,10752.1380391865,-0.0276785710036416,NA
"cell_0410",3,"nu_time",12,12,12,0,910,48,10449.7387469549,10545.7387469549,10551.2021615891,10776.7840877315,NA,-0.042539427801666
"cell_0410",3,"sigma_nu_time",12,12,12,0,910,60,10420.6169884649,10540.6169884649,10549.2388965921,10829.4236644355,-0.0292678843638215,-0.0247282360982799
"cell_0411",3,"stationary",12,12,12,0,910,36,10463.4642171311,10535.4642171311,10538.5157635228,10708.7482227135,NA,NA
"cell_0411",3,"sigma_time",12,12,12,0,910,48,10433.0963756177,10529.0963756177,10534.5597902518,10760.1417163942,-0.0264712562937627,NA
"cell_0411",3,"nu_time",12,12,12,0,910,48,10457.6954470895,10553.6954470895,10559.1588617236,10784.740787866,NA,-0.0331174108319442
"cell_0411",3,"sigma_nu_time",12,12,12,0,910,60,10428.5854454603,10548.5854454603,10557.2073535875,10837.392121431,-0.029951068989936,-0.0137552484399954
"cell_0412",3,"stationary",12,12,12,0,910,36,10494.3705005652,10566.3705005652,10569.422046957,10739.6545061476,NA,NA
"cell_0412",3,"sigma_time",12,12,12,0,910,48,10466.8746195977,10562.8746195977,10568.3380342318,10793.9199603742,-0.0277273415612844,NA
"cell_0412",3,"nu_time",12,12,12,0,910,48,10489.3921411241,10585.3921411241,10590.8555557583,10816.4374819007,NA,-0.0233199390493166
"cell_0412",3,"sigma_nu_time",12,12,12,0,910,60,10461.6273543108,10581.6273543108,10590.2492624381,10870.4340302815,-0.0324664394751912,0.00420679447742892
"cell_0413",3,"stationary",12,12,12,0,910,36,10526.8277539485,10598.8277539485,10601.8793003403,10772.1117595309,NA,NA
"cell_0413",3,"sigma_time",12,12,12,0,910,48,10501.4878839817,10597.4878839817,10602.9512986158,10828.5332247582,-0.0295366124400028,NA
"cell_0413",3,"nu_time",12,12,12,0,910,48,10521.7820513014,10617.7820513014,10623.2454659356,10848.827392078,NA,-0.00401426953676805
"cell_0413",3,"sigma_nu_time",12,12,12,0,910,60,10495.2081118242,10615.2081118242,10623.8300199514,10904.0147877948,-0.0326475656518751,0.0147354514373165
"cell_0414",3,"stationary",12,12,12,0,910,36,10499.8848384326,10571.8848384326,10574.9363848244,10745.168844015,NA,NA
"cell_0414",3,"sigma_time",12,12,12,0,910,48,10472.3395060052,10568.3395060052,10573.8029206394,10799.3848467817,-0.0313117106724511,NA
"cell_0414",3,"nu_time",12,12,12,0,910,48,10494.498964477,10590.498964477,10595.9623791111,10821.5443052535,NA,-0.00445026260895739
"cell_0414",3,"sigma_nu_time",12,12,12,0,910,60,10465.7779154627,10585.7779154627,10594.3998235899,10874.5845914334,-0.0341829280528789,0.0147524937109164
"cell_0425",3,"stationary",12,12,12,0,910,36,9399.33932750196,9471.33932750196,9474.39087389371,9644.62333308435,NA,NA
"cell_0425",3,"sigma_time",12,12,12,0,910,48,9351.72109478499,9447.72109478499,9453.18450941914,9678.76643556152,-0.0363106700655522,NA
"cell_0425",3,"nu_time",12,12,12,0,910,48,9383.83783167067,9479.83783167067,9485.30124630482,9710.8831724472,NA,-0.0497452117284243
"cell_0425",3,"sigma_nu_time",12,12,12,0,910,60,9342.6272576861,9462.6272576861,9471.2491658133,9751.43393365675,-0.0347680347512507,-0.0127384484513918
"cell_0426",3,"stationary",12,12,12,0,910,36,9539.24794694973,9611.24794694973,9614.29949334148,9784.53195253212,NA,NA
"cell_0426",3,"sigma_time",12,12,12,0,910,48,9513.78653324937,9609.78653324937,9615.24994788351,9840.83187402589,-0.0283521935621749,NA
"cell_0426",3,"nu_time",12,12,12,0,910,48,9527.51476457783,9623.51476457783,9628.97817921197,9854.56010535435,NA,-0.0292872963347667
"cell_0426",3,"sigma_nu_time",12,12,12,0,910,60,9502.84940855163,9622.84940855163,9631.47131667884,9911.65608452228,-0.0321435726310273,-0.0140240499747869
"cell_0427",3,"stationary",12,12,12,0,910,36,9726.42669089574,9798.42669089574,9801.47823728749,9971.71069647813,NA,NA
"cell_0427",3,"sigma_time",12,12,12,0,910,48,9714.56411742001,9810.56411742001,9816.02753205416,10041.6094581965,-0.0209574988881643,NA
"cell_0427",3,"nu_time",12,12,12,0,910,48,9715.7673299317,9811.7673299317,9817.23074456585,10042.8126707082,NA,-0.00598791165132596
"cell_0427",3,"sigma_nu_time",12,12,12,0,910,60,9703.31154768547,9823.31154768547,9831.93345581268,10112.1182236561,-0.0244597676739178,0.0098558175716866
"cell_0428",3,"stationary",12,12,12,0,910,36,9906.53879769768,9978.53879769768,9981.59034408944,10151.8228032801,NA,NA
"cell_0428",3,"sigma_time",12,12,12,0,910,48,9900.46162610719,9996.46162610719,10001.9250407413,10227.5069668837,-0.0151464681877627,NA
"cell_0428",3,"nu_time",12,12,12,0,910,48,9895.9367557711,9991.9367557711,9997.40017040524,10222.9820965476,NA,0.0202987879427417
"cell_0428",3,"sigma_nu_time",12,12,12,0,910,60,9889.21569907003,10009.21569907,10017.8376071972,10298.0223750407,-0.0151256741955926,0.0362024735217886
"cell_0429",3,"stationary",12,12,12,0,910,36,10082.3442823779,10154.3442823779,10157.3958287697,10327.6282879603,NA,NA
"cell_0429",3,"sigma_time",12,12,12,0,910,48,10077.5287810209,10173.5287810209,10178.9921956551,10404.5741217974,-0.017062040118963,NA
"cell_0429",3,"nu_time",12,12,12,0,910,48,10071.585076551,10167.585076551,10173.0484911851,10398.6304173275,NA,0.0254481842676544
"cell_0429",3,"sigma_nu_time",12,12,12,0,910,60,10066.6671455148,10186.6671455148,10195.289053642,10475.4738214855,-0.0165577960283127,0.0355940967856531
"cell_0430",3,"stationary",12,12,12,0,910,36,10276.2156766529,10348.2156766529,10351.2672230446,10521.4996822353,NA,NA
"cell_0430",3,"sigma_time",12,12,12,0,910,48,10270.9195666939,10366.9195666939,10372.382981328,10597.9649074704,-0.0192940830619679,NA
"cell_0430",3,"nu_time",12,12,12,0,910,48,10266.3351239919,10362.3351239919,10367.7985386261,10593.3804647685,NA,0.0209643511170771
"cell_0430",3,"sigma_nu_time",12,12,12,0,910,60,10261.5350107804,10381.5350107804,10390.1569189076,10670.3416867511,-0.0198721707452095,0.0246178702534614
"cell_0431",3,"stationary",12,12,12,0,910,36,10484.1402975911,10556.1402975911,10559.1918439828,10729.4243031735,NA,NA
"cell_0431",3,"sigma_time",12,12,12,0,910,48,10477.5243034011,10573.5243034011,10578.9877180353,10804.5696441776,-0.0159229010166667,NA
"cell_0431",3,"nu_time",12,12,12,0,910,48,10475.7370226657,10571.7370226657,10577.2004372999,10802.7823634422,NA,0.015769883903017
"cell_0431",3,"sigma_nu_time",12,12,12,0,910,60,10470.0309937086,10590.0309937086,10598.6529018358,10878.8376696793,-0.0225385448372876,0.0192666697695363
"cell_0432",3,"stationary",12,12,12,0,910,36,10677.9529268076,10749.9529268076,10753.0044731993,10923.23693239,NA,NA
"cell_0432",3,"sigma_time",12,12,12,0,910,48,10666.4691411245,10762.4691411245,10767.9325557587,10993.5144819011,-0.0178114260337517,NA
"cell_0432",3,"nu_time",12,12,12,0,910,48,10669.6648961092,10765.6648961092,10771.1283107433,10996.7102368857,NA,-0.000415780796013499
"cell_0432",3,"sigma_nu_time",12,12,12,0,910,60,10659.5271608904,10779.5271608904,10788.1490690176,11068.3338368611,-0.0253669644483155,0.0102718709813279
"cell_0433",3,"stationary",12,12,12,0,910,36,10849.8884704461,10921.8884704461,10924.9400168379,11095.1724760285,NA,NA
"cell_0433",3,"sigma_time",12,12,12,0,910,48,10834.6315333607,10930.6315333607,10936.0949479949,11161.6768741373,-0.0187415373246948,NA
"cell_0433",3,"nu_time",12,12,12,0,910,48,10841.4092076901,10937.4092076901,10942.8726223243,11168.4545484666,NA,-0.0068757406760024
"cell_0433",3,"sigma_nu_time",12,12,12,0,910,60,10827.6312173143,10947.6312173143,10956.2531254415,11236.437893285,-0.0232445114625445,0.00657336758392385
"cell_0434",3,"stationary",12,12,12,0,910,36,11017.0399036435,11089.0399036435,11092.0914500353,11262.3239092259,NA,NA
"cell_0434",3,"sigma_time",12,12,12,0,910,48,10999.6976343209,11095.6976343209,11101.161048955,11326.7429750974,-0.0215985462285509,NA
"cell_0434",3,"nu_time",12,12,12,0,910,48,11008.5865848154,11104.5865848154,11110.0499994495,11335.6319255919,NA,-0.00784750443073904
"cell_0434",3,"sigma_nu_time",12,12,12,0,910,60,10992.7059231024,11112.7059231024,11121.3278312296,11401.512599073,-0.0227713020949089,0.00796344413830969
"cell_0435",3,"stationary",12,12,12,0,910,36,11071.8481170056,11143.8481170056,11146.8996633974,11317.132122588,NA,NA
"cell_0435",3,"sigma_time",12,12,12,0,910,48,11053.1488849939,11149.1488849939,11154.612299628,11380.1942257704,-0.0244781032181109,NA
"cell_0435",3,"nu_time",12,12,12,0,910,48,11063.9483422626,11159.9483422626,11165.4117568967,11390.9936830391,NA,-0.0123532745902679
"cell_0435",3,"sigma_nu_time",12,12,12,0,910,60,11046.6915974502,11166.6915974502,11175.3135055774,11455.4982734208,-0.0270931852769947,0.00588011204133848
"cell_0436",3,"stationary",12,12,12,0,910,36,10929.8645481945,11001.8645481945,11004.9160945863,11175.1485537769,NA,NA
"cell_0436",3,"sigma_time",12,12,12,0,910,48,10907.6009362664,11003.6009362664,11009.0643509005,11234.6462770429,-0.0284370090905415,NA
"cell_0436",3,"nu_time",12,12,12,0,910,48,10922.6599668613,11018.6599668613,11024.1233814954,11249.7053076378,NA,-0.0279617737849801
"cell_0436",3,"sigma_nu_time",12,12,12,0,910,60,10902.2104478425,11022.2104478425,11030.8323559697,11311.0171238132,-0.0303737189364951,-0.00568648059781595
"cell_0437",3,"stationary",12,12,12,0,910,36,10773.4823286577,10845.4823286577,10848.5338750494,11018.7663342401,NA,NA
"cell_0437",3,"sigma_time",12,12,12,0,910,48,10747.6439326156,10843.6439326156,10849.1073472498,11074.6892733921,-0.026808828207261,NA
"cell_0437",3,"nu_time",12,12,12,0,910,48,10766.8946892694,10862.8946892694,10868.3581039035,11093.9400300459,NA,-0.0417828420214374
"cell_0437",3,"sigma_nu_time",12,12,12,0,910,60,10743.2757013758,10863.2757013758,10871.897609503,11152.0823773465,-0.0318682453988119,-0.0222051384952492
"cell_0438",3,"stationary",12,12,12,0,910,36,10632.1590085563,10704.1590085563,10707.2105549481,10877.4430141387,NA,NA
"cell_0438",3,"sigma_time",12,12,12,0,910,48,10605.7728252631,10701.7728252631,10707.2362398973,10932.8181660396,-0.0262294558424797,NA
"cell_0438",3,"nu_time",12,12,12,0,910,48,10625.9976020188,10721.9976020188,10727.4610166529,10953.0429427953,NA,-0.05371191891764
"cell_0438",3,"sigma_nu_time",12,12,12,0,910,60,10601.9621259697,10721.9621259697,10730.584034097,11010.7688019404,-0.030287965107669,-0.0371855286989003
"cell_0439",3,"stationary",12,12,12,0,910,36,10612.7782055779,10684.7782055779,10687.8297519696,10858.0622111603,NA,NA
"cell_0439",3,"sigma_time",12,12,12,0,910,48,10588.5674436855,10684.5674436855,10690.0308583196,10915.612784462,-0.0269028086864197,NA
"cell_0439",3,"nu_time",12,12,12,0,910,48,10608.0068017144,10704.0068017144,10709.4702163486,10935.052142491,NA,-0.038868349580606
"cell_0439",3,"sigma_nu_time",12,12,12,0,910,60,10585.0377512862,10705.0377512862,10713.6596594134,10993.8444272569,-0.0287276999182574,-0.0196384655460607
"cell_0440",3,"stationary",12,12,12,0,910,36,10643.4212902231,10715.4212902231,10718.4728366149,10888.7052958055,NA,NA
"cell_0440",3,"sigma_time",12,12,12,0,910,48,10620.4451837013,10716.4451837013,10721.9085983354,10947.4905244778,-0.0283715599518155,NA
"cell_0440",3,"nu_time",12,12,12,0,910,48,10639.2807159214,10735.2807159214,10740.7441305556,10966.3260566979,NA,-0.0224529259191098
"cell_0440",3,"sigma_nu_time",12,12,12,0,910,60,10616.4361448765,10736.4361448765,10745.0580530037,11025.2428208472,-0.0295747445872404,-0.00177610929274627
"cell_0441",3,"stationary",12,12,12,0,910,36,10671.6418805064,10743.6418805064,10746.6934268981,10916.9258860888,NA,NA
"cell_0441",3,"sigma_time",12,12,12,0,910,48,10649.1635216865,10745.1635216865,10750.6269363206,10976.208862463,-0.0298233377797355,NA
"cell_0441",3,"nu_time",12,12,12,0,910,48,10667.3264264956,10763.3264264956,10768.7898411298,10994.3717672722,NA,-0.00623115696344444
"cell_0441",3,"sigma_nu_time",12,12,12,0,910,60,10644.2779755555,10764.2779755555,10772.8998836828,11053.0846515262,-0.0322973793507466,0.0178966571402819
"cell_0442",3,"stationary",12,12,12,0,910,36,10641.8114922173,10713.8114922173,10716.8630386091,10887.0954977997,NA,NA
"cell_0442",3,"sigma_time",12,12,12,0,910,48,10617.7308184238,10713.7308184238,10719.194233058,10944.7761592003,-0.0314899104214842,NA
"cell_0442",3,"nu_time",12,12,12,0,910,48,10637.0138482457,10733.0138482457,10738.4772628798,10964.0591890222,NA,-0.0022812791988382
"cell_0442",3,"sigma_nu_time",12,12,12,0,910,60,10612.3726542152,10732.3726542152,10740.9945623424,11021.1793301859,-0.034264684834232,0.012729815314776
"cell_0451",3,"stationary",12,12,12,0,910,36,9400.58328892194,9472.58328892194,9475.63483531369,9645.86729450433,NA,NA
"cell_0451",3,"sigma_time",12,12,12,0,910,48,9360.51810628676,9456.51810628676,9461.9815209209,9687.56344706328,-0.0371239412265764,NA
"cell_0451",3,"nu_time",12,12,12,0,910,48,9390.92161969717,9486.92161969717,9492.38503433132,9717.9669604737,NA,-0.0224955806622086
"cell_0451",3,"sigma_nu_time",12,12,12,0,910,60,9353.45782973921,9473.45782973921,9482.07973786642,9762.26450570986,-0.0395667428698683,0.0205585370490485
"cell_0452",3,"stationary",12,12,12,0,910,36,9511.98680762006,9583.98680762006,9587.03835401181,9757.27081320245,NA,NA
"cell_0452",3,"sigma_time",12,12,12,0,910,48,9477.05683087904,9573.05683087904,9578.52024551319,9804.10217165557,-0.032585342717029,NA
"cell_0452",3,"nu_time",12,12,12,0,910,48,9503.28323582406,9599.28323582406,9604.74665045821,9830.32857660058,NA,-0.0286783167127788
"cell_0452",3,"sigma_nu_time",12,12,12,0,910,60,9470.70308996556,9590.70308996556,9599.32499809277,9879.50976593621,-0.0335842068397313,0.0102624428928456
"cell_0453",3,"stationary",12,12,12,0,910,36,9654.55568668181,9726.55568668181,9729.60723307357,9899.83969226421,NA,NA
"cell_0453",3,"sigma_time",12,12,12,0,910,48,9618.77833146856,9714.77833146856,9720.24174610271,9945.82367224508,-0.0302533552226383,NA
"cell_0453",3,"nu_time",12,12,12,0,910,48,9644.71532839927,9740.71532839927,9746.17874303342,9971.76066917579,NA,-0.0392086571784307
"cell_0453",3,"sigma_nu_time",12,12,12,0,910,60,9612.67577902249,9732.67577902249,9741.2976871497,10021.4824549931,-0.0337775983660027,-0.010927095009433
"cell_0454",3,"stationary",12,12,12,0,910,36,9848.98018417487,9920.98018417487,9924.03173056662,10094.2641897573,NA,NA
"cell_0454",3,"sigma_time",12,12,12,0,910,48,9810.33374277728,9906.33374277728,9911.79715741142,10137.3790835538,-0.0310941228660991,NA
"cell_0454",3,"nu_time",12,12,12,0,910,48,9834.586528653,9930.586528653,9936.04994328715,10161.6318694295,NA,-0.0767772273304948
"cell_0454",3,"sigma_nu_time",12,12,12,0,910,60,9803.99343346096,9923.99343346096,9932.61534158817,10212.8001094316,-0.032888497602772,-0.0307942072996936
"cell_0455",3,"stationary",12,12,12,0,910,36,9975.19653307382,10047.1965330738,10050.2480794656,10220.4805386562,NA,NA
"cell_0455",3,"sigma_time",12,12,12,0,910,48,9955.3594311769,10051.3594311769,10056.8228458111,10282.4047719534,-0.0263441078235666,NA
"cell_0455",3,"nu_time",12,12,12,0,910,48,9965.71019609633,10061.7101960963,10067.1736107305,10292.7555368728,NA,-0.0137415376241185
"cell_0455",3,"sigma_nu_time",12,12,12,0,910,60,9947.27535269653,10067.2753526965,10075.8972608237,10356.0820286672,-0.0288068769098809,0.0109847899329671
"cell_0456",3,"stationary",12,12,12,0,910,36,10117.2396689557,10189.2396689557,10192.2912153474,10362.5236745381,NA,NA
"cell_0456",3,"sigma_time",12,12,12,0,910,48,10107.862469266,10203.862469266,10209.3258839001,10434.9078100425,-0.0228567423605993,NA
"cell_0456",3,"nu_time",12,12,12,0,910,48,10107.7930244206,10203.7930244206,10209.2564390547,10434.8383651971,NA,0.0102988095603376
"cell_0456",3,"sigma_nu_time",12,12,12,0,910,60,10098.3270421525,10218.3270421525,10226.9489502797,10507.1337181231,-0.0241516713914623,0.0299735164729843
"cell_0457",3,"stationary",12,12,12,0,910,36,10234.7429546103,10306.7429546103,10309.7945010021,10480.0269601927,NA,NA
"cell_0457",3,"sigma_time",12,12,12,0,910,48,10229.0585536271,10325.0585536271,10330.5219682613,10556.1038944037,-0.0179972739396204,NA
"cell_0457",3,"nu_time",12,12,12,0,910,48,10224.1696184295,10320.1696184295,10325.6330330637,10551.214959206,NA,0.02637278123024
"cell_0457",3,"sigma_nu_time",12,12,12,0,910,60,10218.4302424604,10338.4302424604,10347.0521505876,10627.236918431,-0.0222929746224037,0.036862029409575
"cell_0458",3,"stationary",12,12,12,0,910,36,10378.6692537484,10450.6692537484,10453.7208001401,10623.9532593308,NA,NA
"cell_0458",3,"sigma_time",12,12,12,0,910,48,10374.0332858524,10470.0332858524,10475.4967004865,10701.0786266289,-0.0157482071766799,NA
"cell_0458",3,"nu_time",12,12,12,0,910,48,10368.040138724,10464.040138724,10469.5035533581,10695.0854795005,NA,0.0297809807839406
"cell_0458",3,"sigma_nu_time",12,12,12,0,910,60,10363.6832956016,10483.6832956016,10492.3052037288,10772.4899715722,-0.0206420477189893,0.0349245774505612
"cell_0459",3,"stationary",12,12,12,0,910,36,10542.9530918299,10614.9530918299,10618.0046382216,10788.2370974122,NA,NA
"cell_0459",3,"sigma_time",12,12,12,0,910,48,10536.785679483,10632.785679483,10638.2490941172,10863.8310202595,-0.0187271619286193,NA
"cell_0459",3,"nu_time",12,12,12,0,910,48,10533.3197780806,10629.3197780806,10634.7831927148,10860.3651188571,NA,0.0145092772034919
"cell_0459",3,"sigma_nu_time",12,12,12,0,910,60,10527.7331683952,10647.7331683952,10656.3550765224,10936.5398443659,-0.0242953567914249,0.0214512653350756
"cell_0460",3,"stationary",12,12,12,0,910,36,10721.6148041995,10793.6148041995,10796.6663505913,10966.8988097819,NA,NA
"cell_0460",3,"sigma_time",12,12,12,0,910,48,10711.3412965073,10807.3412965073,10812.8047111415,11038.3866372838,-0.0222454143581687,NA
"cell_0460",3,"nu_time",12,12,12,0,910,48,10712.8042512842,10808.8042512842,10814.2676659183,11039.8495920607,NA,-0.0153456510835201
"cell_0460",3,"sigma_nu_time",12,12,12,0,910,60,10703.653427847,10823.653427847,10832.2753359742,11112.4601038177,-0.0283113856813284,0.00486327418916053
"cell_0461",3,"stationary",12,12,12,0,910,36,10888.363874851,10960.363874851,10963.4154212428,11133.6478804334,NA,NA
"cell_0461",3,"sigma_time",12,12,12,0,910,48,10875.0670575263,10971.0670575263,10976.5304721604,11202.1123983028,-0.0228195405547085,NA
"cell_0461",3,"nu_time",12,12,12,0,910,48,10880.3050400051,10976.3050400051,10981.7684546392,11207.3503807816,NA,-0.0225847335129264
"cell_0461",3,"sigma_nu_time",12,12,12,0,910,60,10868.2894086707,10988.2894086707,10996.9113167979,11277.0960846414,-0.0259199259697599,0.000107815780886079
"cell_0462",3,"stationary",12,12,12,0,910,36,11051.6165797018,11123.6165797018,11126.6681260935,11296.9005852842,NA,NA
"cell_0462",3,"sigma_time",12,12,12,0,910,48,11036.6042777333,11132.6042777333,11138.0676923675,11363.6496185099,-0.022421365564823,NA
"cell_0462",3,"nu_time",12,12,12,0,910,48,11044.2032444687,11140.2032444687,11145.6666591028,11371.2485852452,NA,-0.0179910269733892
"cell_0462",3,"sigma_nu_time",12,12,12,0,910,60,11030.5876075659,11150.5876075659,11159.2095156931,11439.3942835366,-0.0235688846573141,0.00208189010505959
"cell_0463",3,"stationary",12,12,12,0,910,36,11085.2775439074,11157.2775439074,11160.3290902991,11330.5615494898,NA,NA
"cell_0463",3,"sigma_time",12,12,12,0,910,48,11068.4187690321,11164.4187690321,11169.8821836663,11395.4641098086,-0.0225038943327695,NA
"cell_0463",3,"nu_time",12,12,12,0,910,48,11078.6900398592,11174.6900398592,11180.1534544933,11405.7353806357,NA,-0.0230100295250635
"cell_0463",3,"sigma_nu_time",12,12,12,0,910,60,11063.4326720833,11183.4326720833,11192.0545802105,11472.2393480539,-0.0233564796706778,-0.00277898455642481
"cell_0464",3,"stationary",12,12,12,0,910,36,10974.9654218719,11046.9654218719,11050.0169682637,11220.2494274543,NA,NA
"cell_0464",3,"sigma_time",12,12,12,0,910,48,10955.8321179355,11051.8321179355,11057.2955325697,11282.8774587121,-0.0234833877606576,NA
"cell_0464",3,"nu_time",12,12,12,0,910,48,10969.0502452347,11065.0502452347,11070.5136598688,11296.0955860112,NA,-0.0424518983131521
"cell_0464",3,"sigma_nu_time",12,12,12,0,910,60,10951.8711449749,11071.8711449749,11080.4930531021,11360.6778209455,-0.0235922010149261,-0.0185239831896254
"cell_0465",3,"stationary",12,12,12,0,910,36,10811.9780433053,10883.9780433053,10887.029589697,11057.2620488877,NA,NA
"cell_0465",3,"sigma_time",12,12,12,0,910,48,10792.1875779778,10888.1875779778,10893.650992612,11119.2329187544,-0.0251244575032172,NA
"cell_0465",3,"nu_time",12,12,12,0,910,48,10807.042024213,10903.042024213,10908.5054388471,11134.0873649895,NA,-0.0583402151044992
"cell_0465",3,"sigma_nu_time",12,12,12,0,910,60,10788.9739896854,10908.9739896854,10917.5958978126,11197.780665656,-0.0259958167323553,-0.0339816165703296
"cell_0466",3,"stationary",12,12,12,0,910,36,10656.1223023333,10728.1223023333,10731.173848725,10901.4063079156,NA,NA
"cell_0466",3,"sigma_time",12,12,12,0,910,48,10637.4720045001,10733.4720045001,10738.9354191342,10964.5173452766,-0.0273313195484803,NA
"cell_0466",3,"nu_time",12,12,12,0,910,48,10652.106312946,10748.106312946,10753.5697275802,10979.1516537225,NA,-0.0537288328311406
"cell_0466",3,"sigma_nu_time",12,12,12,0,910,60,10634.5755080858,10754.5755080858,10763.197416213,11043.3821840565,-0.0278150397319636,-0.0254536540130347
"cell_0467",3,"stationary",12,12,12,0,910,36,10614.5793250271,10686.5793250271,10689.6308714188,10859.8633306095,NA,NA
"cell_0467",3,"sigma_time",12,12,12,0,910,48,10595.7844979772,10691.7844979772,10697.2479126113,10922.8298387537,-0.0291535027912428,NA
"cell_0467",3,"nu_time",12,12,12,0,910,48,10610.9438196763,10706.9438196763,10712.4072343105,10937.9891604529,NA,-0.0423120797192787
"cell_0467",3,"sigma_nu_time",12,12,12,0,910,60,10592.8522701763,10712.8522701763,10721.4741783035,11001.658946147,-0.0295592783346538,-0.0234643895695685
"cell_0468",3,"stationary",12,12,12,0,910,36,10618.7158939159,10690.7158939159,10693.7674403076,10863.9998994983,NA,NA
"cell_0468",3,"sigma_time",12,12,12,0,910,48,10600.4946460274,10696.4946460274,10701.9580606615,10927.5399868039,-0.0285165602938335,NA
"cell_0468",3,"nu_time",12,12,12,0,910,48,10614.9876452067,10710.9876452067,10716.4510598409,10942.0329859832,NA,-0.0248576056861465
"cell_0468",3,"sigma_nu_time",12,12,12,0,910,60,10596.7614156729,10716.7614156729,10725.3833238001,11005.5680916435,-0.0294383871761862,-0.00643260032951746
"cell_0478",3,"stationary",12,12,12,0,910,36,9560.49774667956,9632.49774667956,9635.54929307131,9805.78175226195,NA,NA
"cell_0478",3,"sigma_time",12,12,12,0,910,48,9537.4744651525,9633.4744651525,9638.93787978665,9864.51980592902,-0.0303875231979173,NA
"cell_0478",3,"nu_time",12,12,12,0,910,48,9552.2779674681,9648.2779674681,9653.74138210224,9879.32330824462,NA,-0.00645318022539386
"cell_0478",3,"sigma_nu_time",12,12,12,0,910,60,9529.21318184415,9649.21318184415,9657.83508997136,9938.0198578148,-0.03862095635212,0.0264036965719811
"cell_0479",3,"stationary",12,12,12,0,910,36,9681.50069418795,9753.50069418795,9756.5522405797,9926.78469977034,NA,NA
"cell_0479",3,"sigma_time",12,12,12,0,910,48,9661.85984137593,9757.85984137593,9763.32325601008,9988.90518215245,-0.0260360838011656,NA
"cell_0479",3,"nu_time",12,12,12,0,910,48,9675.23112558836,9771.23112558836,9776.6945402225,10002.2764663649,NA,-0.0030666493110352
"cell_0479",3,"sigma_nu_time",12,12,12,0,910,60,9655.47444576296,9775.47444576296,9784.09635389017,10064.2811217336,-0.0330313092705944,0.0279301464864673
"cell_0480",3,"stationary",12,12,12,0,910,36,9830.62617239943,9902.62617239943,9905.67771879118,10075.9101779818,NA,NA
"cell_0480",3,"sigma_time",12,12,12,0,910,48,9813.17634266819,9909.17634266819,9914.63975730234,10140.2216834447,-0.0221634721918356,NA
"cell_0480",3,"nu_time",12,12,12,0,910,48,9825.37592577321,9921.37592577321,9926.83934040736,10152.4212665497,NA,-0.0147241687776789
"cell_0480",3,"sigma_nu_time",12,12,12,0,910,60,9808.64673149485,9928.64673149485,9937.26863962206,10217.4534074655,-0.027441609955823,0.0137249321731241
"cell_0481",3,"stationary",12,12,12,0,910,36,9986.96867027827,10058.9686702783,10062.02021667,10232.2526758607,NA,NA
"cell_0481",3,"sigma_time",12,12,12,0,910,48,9968.92483707064,10064.9248370706,10070.3882517048,10295.9701778472,-0.0249896040051384,NA
"cell_0481",3,"nu_time",12,12,12,0,910,48,9981.28324000955,10077.2832400096,10082.7466546437,10308.3285807861,NA,-0.0305879288601149
"cell_0481",3,"sigma_nu_time",12,12,12,0,910,60,9965.04477083968,10085.0447708397,10093.6666789669,10373.8514468103,-0.0267182796329113,-0.00348474664135043
"cell_0482",3,"stationary",12,12,12,0,910,36,10120.5225214942,10192.5225214942,10195.574067886,10365.8065270766,NA,NA
"cell_0482",3,"sigma_time",12,12,12,0,910,48,10097.189723722,10193.189723722,10198.6531383561,10424.2350644985,-0.0291319379055769,NA
"cell_0482",3,"nu_time",12,12,12,0,910,48,10112.1160920691,10208.1160920691,10213.5795067032,10439.1614328456,NA,-0.0353451338937809
"cell_0482",3,"sigma_nu_time",12,12,12,0,910,60,10092.6597634329,10212.6597634329,10221.2816715601,10501.4664394035,-0.031013448594883,-0.0103780807761569
"cell_0483",3,"stationary",12,12,12,0,910,36,10260.5254005605,10332.5254005605,10335.5769469522,10505.8094061428,NA,NA
"cell_0483",3,"sigma_time",12,12,12,0,910,48,10233.6331769705,10329.6331769705,10335.0965916046,10560.678517747,-0.0310546924019166,NA
"cell_0483",3,"nu_time",12,12,12,0,910,48,10248.576321704,10344.576321704,10350.0397363382,10575.6216624806,NA,-0.0570130433888548
"cell_0483",3,"sigma_nu_time",12,12,12,0,910,60,10228.2989775419,10348.2989775419,10356.9208856691,10637.1056535125,-0.0310542125825032,-0.0118238566651186
"cell_0484",3,"stationary",12,12,12,0,910,36,10312.4098260614,10384.4098260614,10387.4613724531,10557.6938316438,NA,NA
"cell_0484",3,"sigma_time",12,12,12,0,910,48,10299.696424529,10395.696424529,10401.1598391632,10626.7417653056,-0.0238030695229002,NA
"cell_0484",3,"nu_time",12,12,12,0,910,48,10304.2004917012,10400.2004917012,10405.6639063354,10631.2458324778,NA,-0.00433131560319194
"cell_0484",3,"sigma_nu_time",12,12,12,0,910,60,10292.4959123071,10412.4959123071,10421.1178204343,10701.3025882778,-0.0270842480464846,0.0107283139688073
"cell_0485",3,"stationary",12,12,12,0,910,36,10385.0583121294,10457.0583121294,10460.1098585212,10630.3423177118,NA,NA
"cell_0485",3,"sigma_time",12,12,12,0,910,48,10378.1631117046,10474.1631117046,10479.6265263388,10705.2084524811,-0.018259043979674,NA
"cell_0485",3,"nu_time",12,12,12,0,910,48,10375.4965617695,10471.4965617695,10476.9599764036,10702.541902546,NA,0.010256977650963
"cell_0485",3,"sigma_nu_time",12,12,12,0,910,60,10368.7717010445,10488.7717010445,10497.3936091717,10777.5783770151,-0.0252477324655556,0.0194600969914951
"cell_0486",3,"stationary",12,12,12,0,910,36,10493.1450363288,10565.1450363288,10568.1965827206,10738.4290419112,NA,NA
"cell_0486",3,"sigma_time",12,12,12,0,910,48,10487.5209687921,10583.5209687921,10588.9843834263,10814.5663095687,-0.0165425984123947,NA
"cell_0486",3,"nu_time",12,12,12,0,910,48,10482.9237993101,10578.9237993101,10584.3872139442,10809.9691400866,NA,0.00967533596166461
"cell_0486",3,"sigma_nu_time",12,12,12,0,910,60,10477.5460086446,10597.5460086446,10606.1679167718,10886.3526846153,-0.0182878565045076,0.0229618952360139
"cell_0487",3,"stationary",12,12,12,0,910,36,10637.8927577405,10709.8927577405,10712.9443041323,10883.1767633229,NA,NA
"cell_0487",3,"sigma_time",12,12,12,0,910,48,10630.9242526101,10726.9242526101,10732.3876672443,10957.9695933866,-0.0202691411846249,NA
"cell_0487",3,"nu_time",12,12,12,0,910,48,10627.5226773997,10723.5226773997,10728.9860920338,10954.5680181762,NA,-0.00610420695514069
"cell_0487",3,"sigma_nu_time",12,12,12,0,910,60,10621.1247480014,10741.1247480014,10749.7466561286,11029.931423972,-0.017153707314469,0.0148852996881937
"cell_0488",3,"stationary",12,12,12,0,910,36,10771.9949927052,10843.9949927052,10847.046539097,11017.2789982876,NA,NA
"cell_0488",3,"sigma_time",12,12,12,0,910,48,10763.2380650626,10859.2380650626,10864.7014796968,11090.2834058392,-0.0223532030408879,NA
"cell_0488",3,"nu_time",12,12,12,0,910,48,10761.8725041543,10857.8725041543,10863.3359187885,11088.9178449308,NA,-0.020463772213886
"cell_0488",3,"sigma_nu_time",12,12,12,0,910,60,10754.0347044039,10874.0347044039,10882.6566125311,11162.8413803745,-0.0189229451800141,0.00304089510069834
"cell_0489",3,"stationary",12,12,12,0,910,36,10930.2500931285,11002.2500931285,11005.3016395203,11175.5340987109,NA,NA
"cell_0489",3,"sigma_time",12,12,12,0,910,48,10919.0540348219,11015.0540348219,11020.517449456,11246.0993755984,-0.0247559529615651,NA
"cell_0489",3,"nu_time",12,12,12,0,910,48,10922.3034504004,11018.3034504004,11023.7668650346,11249.348791177,NA,-0.0268789440753225
"cell_0489",3,"sigma_nu_time",12,12,12,0,910,60,10912.1441119668,11032.1441119668,11040.766020094,11320.9507879375,-0.0251388837486788,-0.00738265038716289
"cell_0490",3,"stationary",12,12,12,0,910,36,11112.1232476453,11184.1232476453,11187.1747940371,11357.4072532277,NA,NA
"cell_0490",3,"sigma_time",12,12,12,0,910,48,11098.7112118923,11194.7112118923,11200.1746265264,11425.7565526688,-0.0246812230804042,NA
"cell_0490",3,"nu_time",12,12,12,0,910,48,11106.1843712162,11202.1843712162,11207.6477858504,11433.2297119927,NA,-0.0298374853706951
"cell_0490",3,"sigma_nu_time",12,12,12,0,910,60,11093.8699966748,11213.8699966748,11222.491904802,11502.6766726455,-0.0252680521298101,-0.00825812004140664
"cell_0491",3,"stationary",12,12,12,0,910,36,11160.2091849044,11232.2091849044,11235.2607312962,11405.4931904868,NA,NA
"cell_0491",3,"sigma_time",12,12,12,0,910,48,11144.9004264975,11240.9004264975,11246.3638411317,11471.945767274,-0.0247363624482129,NA
"cell_0491",3,"nu_time",12,12,12,0,910,48,11155.2967630711,11251.2967630711,11256.7601777053,11482.3421038476,NA,-0.0384777684477022
"cell_0491",3,"sigma_nu_time",12,12,12,0,910,60,11141.2329765185,11261.2329765185,11269.8548846457,11550.0396524892,-0.0251152532819886,-0.0100675755575666
"cell_0492",3,"stationary",12,12,12,0,910,36,11042.7544413009,11114.7544413009,11117.8059876927,11288.0384468833,NA,NA
"cell_0492",3,"sigma_time",12,12,12,0,910,48,11025.8346590076,11121.8346590076,11127.2980736417,11352.8799997841,-0.0260566230227062,NA
"cell_0492",3,"nu_time",12,12,12,0,910,48,11038.6097930421,11134.6097930421,11140.0732076762,11365.6551338186,NA,-0.0487088243913499
"cell_0492",3,"sigma_nu_time",12,12,12,0,910,60,11023.0402528636,11143.0402528636,11151.6621609908,11431.8469288343,-0.0256057233224668,-0.0195487207984676
"cell_0493",3,"stationary",12,12,12,0,910,36,10884.1638338983,10956.1638338983,10959.21538029,11129.4478394806,NA,NA
"cell_0493",3,"sigma_time",12,12,12,0,910,48,10867.2943645444,10963.2943645444,10968.7577791785,11194.3397053209,-0.0282401733683402,NA
"cell_0493",3,"nu_time",12,12,12,0,910,48,10880.8886425192,10976.8886425192,10982.3520571533,11207.9339832957,NA,-0.0206286655991729
"cell_0493",3,"sigma_nu_time",12,12,12,0,910,60,10864.9440525177,10984.9440525177,10993.5659606449,11273.7507284883,-0.0278376768726191,-0.00262162391441886
"cell_0506",3,"stationary",12,12,12,0,910,36,9796.71404638232,9868.71404638232,9871.76559277407,10041.9980519647,NA,NA
"cell_0506",3,"sigma_time",12,12,12,0,910,48,9786.93698992974,9882.93698992974,9888.40040456388,10113.9823307063,-0.0265154330089667,NA
"cell_0506",3,"nu_time",12,12,12,0,910,48,9788.11587664407,9884.11587664407,9889.57929127821,10115.1612174206,NA,0.0161707326115707
"cell_0506",3,"sigma_nu_time",12,12,12,0,910,60,9777.11859440036,9897.11859440036,9905.74050252757,10185.925270371,-0.0256820212705128,0.0402068196423869
"cell_0507",3,"stationary",12,12,12,0,910,36,9926.28753244985,9998.28753244985,10001.3390788416,10171.5715380322,NA,NA
"cell_0507",3,"sigma_time",12,12,12,0,910,48,9919.42061925652,10015.4206192565,10020.8840338907,10246.465960033,-0.0214983583186367,NA
"cell_0507",3,"nu_time",12,12,12,0,910,48,9920.16404865026,10016.1640486503,10021.6274632844,10247.2093894268,NA,-0.00139375125477926
"cell_0507",3,"sigma_nu_time",12,12,12,0,910,60,9912.48815419066,10032.4881541907,10041.1100623179,10321.2948301613,-0.0212777357335443,0.0228442982836058
"cell_0508",3,"stationary",12,12,12,0,910,36,10113.2347974489,10185.2347974489,10188.2863438407,10358.5188030313,NA,NA
"cell_0508",3,"sigma_time",12,12,12,0,910,48,10107.1811281127,10203.1811281127,10208.6445427468,10434.2264688892,-0.0186607292230924,NA
"cell_0508",3,"nu_time",12,12,12,0,910,48,10108.4365812936,10204.4365812936,10209.8999959278,10435.4819220701,NA,-0.0182976891174622
"cell_0508",3,"sigma_nu_time",12,12,12,0,910,60,10102.1703576842,10222.1703576842,10230.7922658114,10510.9770336549,-0.0189608275982089,0.000145633312140525
"cell_0509",3,"stationary",12,12,12,0,910,36,10245.7750647253,10317.7750647253,10320.8266111171,10491.0590703077,NA,NA
"cell_0509",3,"sigma_time",12,12,12,0,910,48,10239.6992749552,10335.6992749552,10341.1626895894,10566.7446157317,-0.0190583313223106,NA
"cell_0509",3,"nu_time",12,12,12,0,910,48,10240.2982428078,10336.2982428078,10341.7616574419,10567.3435835843,NA,-0.0143438161768368
"cell_0509",3,"sigma_nu_time",12,12,12,0,910,60,10234.0966283341,10354.0966283341,10362.7185364613,10642.9033043047,-0.0224668461307792,-0.0109451474520582
"cell_0510",3,"stationary",12,12,12,0,910,36,10324.9990890786,10396.9990890786,10400.0506354703,10570.283094661,NA,NA
"cell_0510",3,"sigma_time",12,12,12,0,910,48,10318.2982874379,10414.2982874379,10419.7617020721,10645.3436282144,-0.0179375215290314,NA
"cell_0510",3,"nu_time",12,12,12,0,910,48,10318.2226019851,10414.2226019851,10419.6860166193,10645.2679427616,NA,-0.015155058321749
"cell_0510",3,"sigma_nu_time",12,12,12,0,910,60,10311.3256057231,10431.3256057231,10439.9475138503,10720.1322816938,-0.024626466532013,-0.00818649471664827
"cell_0511",3,"stationary",12,12,12,0,910,36,10397.8712594379,10469.8712594379,10472.9228058297,10643.1552650203,NA,NA
"cell_0511",3,"sigma_time",12,12,12,0,910,48,10388.9998473426,10484.9998473426,10490.4632619768,10716.0451881191,-0.020094842784943,NA
"cell_0511",3,"nu_time",12,12,12,0,910,48,10390.4934970492,10486.4934970492,10491.9569116834,10717.5388378258,NA,-0.0130405361754475
"cell_0511",3,"sigma_nu_time",12,12,12,0,910,60,10381.6658477741,10501.6658477741,10510.2877559013,10790.4725237448,-0.0273579994479537,-0.00343124496631639
"cell_0512",3,"stationary",12,12,12,0,910,36,10482.8397598868,10554.8397598868,10557.8913062786,10728.1237654692,NA,NA
"cell_0512",3,"sigma_time",12,12,12,0,910,48,10470.103984493,10566.103984493,10571.5673991271,10797.1493252695,-0.0270003763279745,NA
"cell_0512",3,"nu_time",12,12,12,0,910,48,10475.7775943728,10571.7775943728,10577.2410090069,10802.8229351493,NA,-0.0150082080953192
"cell_0512",3,"sigma_nu_time",12,12,12,0,910,60,10463.8658458505,10583.8658458505,10592.4877539777,10872.6725218212,-0.0294409186878645,0.000634303078290089
"cell_0513",3,"stationary",12,12,12,0,910,36,10523.706369236,10595.706369236,10598.7579156278,10768.9903748184,NA,NA
"cell_0513",3,"sigma_time",12,12,12,0,910,48,10513.9808777712,10609.9808777712,10615.4442924054,10841.0262185477,-0.0253009148026444,NA
"cell_0513",3,"nu_time",12,12,12,0,910,48,10515.6195703999,10611.6195703999,10617.0829850341,10842.6649111765,NA,-0.0151989663719005
"cell_0513",3,"sigma_nu_time",12,12,12,0,910,60,10506.5465627991,10626.5465627991,10635.1684709263,10915.3532387697,-0.028861907997132,0.00601577105140868
"cell_0514",3,"stationary",12,12,12,0,910,36,10609.4056649966,10681.4056649966,10684.4572113883,10854.689670579,NA,NA
"cell_0514",3,"sigma_time",12,12,12,0,910,48,10601.2574416031,10697.2574416031,10702.7208562373,10928.3027823797,-0.020938472664358,NA
"cell_0514",3,"nu_time",12,12,12,0,910,48,10599.9025622736,10695.9025622736,10701.3659769078,10926.9479030501,NA,-0.0147705277867841
"cell_0514",3,"sigma_nu_time",12,12,12,0,910,60,10592.2796119656,10712.2796119656,10720.9015200928,11001.0862879362,-0.0210813083133312,0.00606310605314349
"cell_0515",3,"stationary",12,12,12,0,910,36,10719.4615083925,10791.4615083925,10794.5130547842,10964.7455139748,NA,NA
"cell_0515",3,"sigma_time",12,12,12,0,910,48,10710.8610455413,10806.8610455413,10812.3244601754,11037.9063863178,-0.0206310673871671,NA
"cell_0515",3,"nu_time",12,12,12,0,910,48,10708.373757063,10804.373757063,10809.8371716972,11035.4190978395,NA,-0.0210572333227905
"cell_0515",3,"sigma_nu_time",12,12,12,0,910,60,10700.5464144498,10820.5464144498,10829.168322577,11109.3530904205,-0.0208712833844264,0.00239043978988317
"cell_0516",3,"stationary",12,12,12,0,910,36,10840.2559044888,10912.2559044888,10915.3074508805,11085.5399100712,NA,NA
"cell_0516",3,"sigma_time",12,12,12,0,910,48,10830.5743752956,10926.5743752956,10932.0377899297,11157.6197160721,-0.0220107175976522,NA
"cell_0516",3,"nu_time",12,12,12,0,910,48,10829.2248288738,10925.2248288738,10930.6882435079,11156.2701696503,NA,-0.0270797840039334
"cell_0516",3,"sigma_nu_time",12,12,12,0,910,60,10820.6161132678,10940.6161132678,10949.238021395,11229.4227892385,-0.0221283542300861,-0.00239475586597424
"cell_0517",3,"stationary",12,12,12,0,910,36,10995.9017385247,11067.9017385247,11070.9532849164,11241.1857441071,NA,NA
"cell_0517",3,"sigma_time",12,12,12,0,910,48,10984.6831635026,11080.6831635026,11086.1465781367,11311.7285042791,-0.022782980281866,NA
"cell_0517",3,"nu_time",12,12,12,0,910,48,10987.5186926184,11083.5186926184,11088.9821072525,11314.5640333949,NA,-0.0291021707398537
"cell_0517",3,"sigma_nu_time",12,12,12,0,910,60,10977.4587835548,11097.4587835548,11106.080691682,11386.2654595254,-0.0227033524484428,-0.00973607090431146
"cell_0518",3,"stationary",12,12,12,0,910,36,11177.6240851797,11249.6240851797,11252.6756315714,11422.9080907621,NA,NA
"cell_0518",3,"sigma_time",12,12,12,0,910,48,11164.0962236261,11260.0962236261,11265.5596382602,11491.1415644026,-0.0256111968128265,NA
"cell_0518",3,"nu_time",12,12,12,0,910,48,11171.6822832725,11267.6822832725,11273.1456979067,11498.7276240491,NA,-0.031570045362395
"cell_0518",3,"sigma_nu_time",12,12,12,0,910,60,11159.2996930381,11279.2996930381,11287.9216011653,11568.1063690087,-0.0258410351077684,-0.00884566505665086
"cell_0534",3,"stationary",12,12,12,0,910,36,10010.960711849,10082.960711849,10086.0122582407,10256.2447174314,NA,NA
"cell_0534",3,"sigma_time",12,12,12,0,910,48,10006.0736936469,10102.0736936469,10107.537108281,10333.1190344234,-0.00252301420777174,NA
"cell_0534",3,"nu_time",12,12,12,0,910,48,10000.2732978757,10096.2732978757,10101.7367125099,10327.3186386522,NA,0.0368750220266013
"cell_0534",3,"sigma_nu_time",12,12,12,0,910,60,9995.17838561191,10115.1783856119,10123.8002937391,10403.9850615826,-0.00694191027742037,0.0545357882254859
"cell_0535",3,"stationary",12,12,12,0,910,36,10218.6360273903,10290.6360273903,10293.687573782,10463.9200329727,NA,NA
"cell_0535",3,"sigma_time",12,12,12,0,910,48,10210.9119869967,10306.9119869967,10312.3754016309,10537.9573277732,0.00191657869611481,NA
"cell_0535",3,"nu_time",12,12,12,0,910,48,10205.8464317548,10301.8464317548,10307.3098463889,10532.8917725313,NA,0.0199094535727053
"cell_0535",3,"sigma_nu_time",12,12,12,0,910,60,10199.3969322408,10319.3969322408,10328.018840368,10608.2036082115,-0.00515632872274442,0.0230604938268624
"cell_0536",3,"stationary",12,12,12,0,910,36,10444.6438215863,10516.6438215863,10519.695367978,10689.9278271687,NA,NA
"cell_0536",3,"sigma_time",12,12,12,0,910,48,10437.5060270247,10533.5060270247,10538.9694416589,10764.5513678012,0.000931450057410334,NA
"cell_0536",3,"nu_time",12,12,12,0,910,48,10432.9438884256,10528.9438884256,10534.4073030598,10759.9892292022,NA,0.00707681896539749
"cell_0536",3,"sigma_nu_time",12,12,12,0,910,60,10426.9742103544,10546.9742103544,10555.5961184816,10835.7808863251,-0.00381704919379638,0.00823894801105703
"cell_0537",3,"stationary",12,12,12,0,910,36,10575.346691058,10647.346691058,10650.3982374498,10820.6306966404,NA,NA
"cell_0537",3,"sigma_time",12,12,12,0,910,48,10568.1678707129,10664.1678707129,10669.631285347,10895.2132114894,0.00261709868808275,NA
"cell_0537",3,"nu_time",12,12,12,0,910,48,10562.8825169038,10658.8825169038,10664.3459315379,10889.9278576803,NA,0.00336839860342237
"cell_0537",3,"sigma_nu_time",12,12,12,0,910,60,10557.0406703873,10677.0406703873,10685.6625785145,10965.8473463579,-0.00264527087721781,0.00338119886455821
"cell_0538",3,"stationary",12,12,12,0,910,36,10546.6578041368,10618.6578041368,10621.7093505285,10791.9418097192,NA,NA
"cell_0538",3,"sigma_time",12,12,12,0,910,48,10536.9643644095,10632.9643644095,10638.4277790436,10864.009705186,0.00959697144386635,NA
"cell_0538",3,"nu_time",12,12,12,0,910,48,10530.6606293776,10626.6606293776,10632.1240440117,10857.7059701541,NA,0.00815916204455453
"cell_0538",3,"sigma_nu_time",12,12,12,0,910,60,10523.2494702152,10643.2494702152,10651.8713783424,10932.0561461858,9.81927934460315e-05,0.00703935315273183
"cell_0539",3,"stationary",12,12,12,0,910,36,10490.7219033201,10562.7219033201,10565.7734497118,10736.0059089025,NA,NA
"cell_0539",3,"sigma_time",12,12,12,0,910,48,10485.0450713637,10581.0450713637,10586.5084859978,10812.0904121402,0.0019062997984841,NA
"cell_0539",3,"nu_time",12,12,12,0,910,48,10476.315043283,10572.315043283,10577.7784579171,10803.3603840595,NA,0.0101434844117926
"cell_0539",3,"sigma_nu_time",12,12,12,0,910,60,10471.6676519053,10591.6676519053,10600.2895600326,10880.474327876,-0.00658100352919322,0.0130682105473541
"cell_0540",3,"stationary",12,12,12,0,910,36,10470.3108116149,10542.3108116149,10545.3623580066,10715.5948171973,NA,NA
"cell_0540",3,"sigma_time",12,12,12,0,910,48,10463.0316271382,10559.0316271382,10564.4950417723,10790.0769679147,-0.0218011030011251,NA
"cell_0540",3,"nu_time",12,12,12,0,910,48,10461.3041019774,10557.3041019774,10562.7675166116,10788.3494427539,NA,-0.0151623767654495
"cell_0540",3,"sigma_nu_time",12,12,12,0,910,60,10453.3474683868,10573.3474683868,10581.969376514,10862.1541443574,-0.0275251874369321,0.000495077504381069
"cell_0541",3,"stationary",12,12,12,0,910,36,10534.5425031593,10606.5425031593,10609.594049551,10779.8265087417,NA,NA
"cell_0541",3,"sigma_time",12,12,12,0,910,48,10520.3956882391,10616.3956882391,10621.8591028732,10847.4410290156,-0.0373691504870373,NA
"cell_0541",3,"nu_time",12,12,12,0,910,48,10525.739475286,10621.739475286,10627.2028899201,10852.7848160625,NA,-0.0259508580185291
"cell_0541",3,"sigma_nu_time",12,12,12,0,910,60,10513.1082164384,10633.1082164384,10641.7301245656,10921.914892409,-0.0355044198297181,-0.00552528469957531
"cell_0542",3,"stationary",12,12,12,0,910,36,10586.5581769177,10658.5581769177,10661.6097233094,10831.8421825,NA,NA
"cell_0542",3,"sigma_time",12,12,12,0,910,48,10574.1515686408,10670.1515686408,10675.6149832749,10901.1969094173,-0.0322170591360658,NA
"cell_0542",3,"nu_time",12,12,12,0,910,48,10577.1507866486,10673.1507866486,10678.6142012827,10904.1961274251,NA,-0.0259390156035259
"cell_0542",3,"sigma_nu_time",12,12,12,0,910,60,10565.6546681085,10685.6546681085,10694.2765762357,10974.4613440792,-0.0328319797484457,-0.0032862295495811
"cell_0543",3,"stationary",12,12,12,0,910,36,10665.2546897924,10737.2546897924,10740.3062361842,10910.5386953748,NA,NA
"cell_0543",3,"sigma_time",12,12,12,0,910,48,10654.7073134687,10750.7073134687,10756.1707281029,10981.7526542452,-0.0275036413380244,NA
"cell_0543",3,"nu_time",12,12,12,0,910,48,10654.9982661488,10750.9982661488,10756.461680783,10982.0436069253,NA,-0.0271927179485862
"cell_0543",3,"sigma_nu_time",12,12,12,0,910,60,10645.2798950866,10765.2798950866,10773.9018032139,11054.0865710573,-0.0262297714795862,-0.00188514110129693
"cell_0544",3,"stationary",12,12,12,0,910,36,10802.4985943842,10874.4985943842,10877.550140776,11047.7825999666,NA,NA
"cell_0544",3,"sigma_time",12,12,12,0,910,48,10790.3121013741,10886.3121013741,10891.7755160083,11117.3574421506,-0.0298098326274881,NA
"cell_0544",3,"nu_time",12,12,12,0,910,48,10792.2626304946,10888.2626304946,10893.7260451287,11119.3079712711,NA,-0.0361767145003872
"cell_0544",3,"sigma_nu_time",12,12,12,0,910,60,10781.3340544695,10901.3340544695,10909.9559625967,11190.1407304402,-0.02646148065382,-0.00531890079009443
"cell_0545",3,"stationary",12,12,12,0,910,36,11020.3944026359,11092.3944026359,11095.4459490277,11265.6784082183,NA,NA
"cell_0545",3,"sigma_time",12,12,12,0,910,48,11003.6057058203,11099.6057058203,11105.0691204544,11330.6510465968,-0.0337503800121491,NA
"cell_0545",3,"nu_time",12,12,12,0,910,48,11010.7344226407,11106.7344226407,11112.1978372749,11337.7797634173,NA,-0.0442139456278213
"cell_0545",3,"sigma_nu_time",12,12,12,0,910,60,10996.290879459,11116.290879459,11124.9127875862,11405.0975554296,-0.0313391805144449,-0.0116304083646348
"cell_0546",3,"stationary",12,12,12,0,910,36,11199.6188337096,11271.6188337096,11274.6703801014,11444.902839292,NA,NA
"cell_0546",3,"sigma_time",12,12,12,0,910,48,11183.197983215,11279.197983215,11284.6613978492,11510.2433239916,-0.0270234763227686,NA
"cell_0546",3,"nu_time",12,12,12,0,910,48,11192.805228436,11288.805228436,11294.2686430701,11519.8505692125,NA,-0.0284903476434108
"cell_0546",3,"sigma_nu_time",12,12,12,0,910,60,11177.5853870919,11297.5853870919,11306.2072952192,11586.3920630626,-0.0305199209186512,-0.00060261170958046
"cell_0566",3,"stationary",12,12,12,0,910,36,10801.1344242106,10873.1344242106,10876.1859706023,11046.418429793,NA,NA
"cell_0566",3,"sigma_time",12,12,12,0,910,48,10787.6393008925,10883.6393008925,10889.1027155267,11114.6846416691,0.00973968660709905,NA
"cell_0566",3,"nu_time",12,12,12,0,910,48,10785.8745422421,10881.8745422421,10887.3379568763,11112.9198830186,NA,0.0120278871278667
"cell_0566",3,"sigma_nu_time",12,12,12,0,910,60,10775.1099811319,10895.1099811319,10903.7318892591,11183.9166571025,-0.000196839588791258,0.0100869784130194
"cell_0567",3,"stationary",12,12,12,0,910,36,10661.5637214489,10733.5637214489,10736.6152678407,10906.8477270313,NA,NA
"cell_0567",3,"sigma_time",12,12,12,0,910,48,10653.5022548932,10749.5022548932,10754.9656695274,10980.5475956697,-0.00239880439713834,NA
"cell_0567",3,"nu_time",12,12,12,0,910,48,10648.026438224,10744.026438224,10749.4898528581,10975.0717790005,NA,-0.0115380570525011
"cell_0567",3,"sigma_nu_time",12,12,12,0,910,60,10640.9090711127,10760.9090711127,10769.5309792399,11049.7157470834,-0.0119272624907496,0.00196690364633127
"cell_0568",3,"stationary",12,12,12,0,910,36,10585.7878680204,10657.7878680204,10660.8394144121,10831.0718736028,NA,NA
"cell_0568",3,"sigma_time",12,12,12,0,910,48,10577.5164320257,10673.5164320257,10678.9798466599,10904.5617728022,-0.0235842999620745,NA
"cell_0568",3,"nu_time",12,12,12,0,910,48,10575.5060796704,10671.5060796704,10676.9694943046,10902.5514204469,NA,-0.0352130503612351
"cell_0568",3,"sigma_nu_time",12,12,12,0,910,60,10566.8974392141,10686.8974392141,10695.5193473413,10975.7041151847,-0.0283964913179627,-0.0168356698188965
"cell_0569",3,"stationary",12,12,12,0,910,36,10595.0564223597,10667.0564223597,10670.1079687515,10840.3404279421,NA,NA
"cell_0569",3,"sigma_time",12,12,12,0,910,48,10581.2639891942,10677.2639891942,10682.7274038284,10908.3093299708,-0.0404950619691532,NA
"cell_0569",3,"nu_time",12,12,12,0,910,48,10585.1913469931,10681.1913469931,10686.6547616273,10912.2366877696,NA,-0.0390585584343153
"cell_0569",3,"sigma_nu_time",12,12,12,0,910,60,10571.9057386252,10691.9057386252,10700.5276467524,10980.7124145959,-0.0367744639043954,-0.0174693953935216
"cell_0570",3,"stationary",12,12,12,0,910,36,10616.3044407554,10688.3044407554,10691.3559871472,10861.5884463378,NA,NA
"cell_0570",3,"sigma_time",12,12,12,0,910,48,10599.2229220188,10695.2229220188,10700.6863366529,10926.2682627953,-0.043194474918613,NA
"cell_0570",3,"nu_time",12,12,12,0,910,48,10606.7402807355,10702.7402807355,10708.2036953696,10933.785621512,NA,-0.0327738413735436
"cell_0570",3,"sigma_nu_time",12,12,12,0,910,60,10590.73681338,10710.73681338,10719.3587215072,10999.5434893507,-0.0403347179361948,-0.00949231364211951
"cell_0571",3,"stationary",12,12,12,0,910,36,10622.1468701439,10694.1468701439,10697.1984165356,10867.4308757263,NA,NA
"cell_0571",3,"sigma_time",12,12,12,0,910,48,10605.0268342808,10701.0268342808,10706.490248915,10932.0721750573,-0.043127636406295,NA
"cell_0571",3,"nu_time",12,12,12,0,910,48,10612.9159358218,10708.9159358218,10714.379350456,10939.9612765983,NA,-0.0416916230614291
"cell_0571",3,"sigma_nu_time",12,12,12,0,910,60,10596.9671169398,10716.9671169398,10725.589025067,11005.7737929105,-0.0401717431168921,-0.00346808577325724
"cell_0572",3,"stationary",12,12,12,0,910,36,10782.3889257887,10854.3889257887,10857.4404721804,11027.6729313711,NA,NA
"cell_0572",3,"sigma_time",12,12,12,0,910,48,10763.5034551229,10859.5034551229,10864.966869757,11090.5487958994,-0.0435283805180967,NA
"cell_0572",3,"nu_time",12,12,12,0,910,48,10773.1440438161,10869.1440438161,10874.6074584503,11100.1893845927,NA,-0.0352806899942999
"cell_0572",3,"sigma_nu_time",12,12,12,0,910,60,10755.8982666083,10875.8982666083,10884.5201747355,11164.704942579,-0.0387910937278418,-0.00522310918852969
"cell_0573",3,"stationary",12,12,12,0,910,36,11014.3421172897,11086.3421172897,11089.3936636815,11259.6261228721,NA,NA
"cell_0573",3,"sigma_time",12,12,12,0,910,48,10995.3034342566,11091.3034342566,11096.7668488907,11322.3487750331,-0.0371203918989838,NA
"cell_0573",3,"nu_time",12,12,12,0,910,48,11006.1791324352,11102.1791324352,11107.6425470693,11333.2244732117,NA,-0.0278513452817148
"cell_0573",3,"sigma_nu_time",12,12,12,0,910,60,10988.4212048648,11108.4212048648,11117.043112992,11397.2278808355,-0.0368549283687672,-0.000285013702790031
"cell_0574",3,"stationary",12,12,12,0,910,36,11207.4214853283,11279.4214853283,11282.47303172,11452.7054909107,NA,NA
"cell_0574",3,"sigma_time",12,12,12,0,910,48,11190.4950755151,11286.4950755151,11291.9584901493,11517.5404162917,-0.0292946909349778,NA
"cell_0574",3,"nu_time",12,12,12,0,910,48,11200.4587056928,11296.4587056928,11301.922120327,11527.5040464694,NA,-0.0152080790803015
"cell_0574",3,"sigma_nu_time",12,12,12,0,910,60,11183.7338978394,11303.7338978394,11312.3558059666,11592.54057381,-0.0328476280511086,0.00773246493737339
"cell_0594",3,"stationary",12,12,12,0,910,36,10861.323146873,10933.323146873,10936.3746932648,11106.6071524554,NA,NA
"cell_0594",3,"sigma_time",12,12,12,0,910,48,10850.4541906507,10946.4541906507,10951.9176052849,11177.4995314273,-0.000376785299128434,NA
"cell_0594",3,"nu_time",12,12,12,0,910,48,10848.2304738685,10944.2304738685,10949.6938885027,11175.275814645,NA,-0.000316356900707662
"cell_0594",3,"sigma_nu_time",12,12,12,0,910,60,10839.2926888605,10959.2926888605,10967.9145969877,11248.0993648312,-0.00968604779067715,-0.000434435520133358
"cell_0595",3,"stationary",12,12,12,0,910,36,10679.1442675686,10751.1442675686,10754.1958139603,10924.428273151,NA,NA
"cell_0595",3,"sigma_time",12,12,12,0,910,48,10671.2587431779,10767.2587431779,10772.722157812,10998.3040839544,-0.0122403719511905,NA
"cell_0595",3,"nu_time",12,12,12,0,910,48,10666.686842667,10762.686842667,10768.1502573011,10993.7321834435,NA,-0.0272976129299401
"cell_0595",3,"sigma_nu_time",12,12,12,0,910,60,10659.3401060177,10779.3401060177,10787.9620141449,11068.1467819884,-0.0182426645752013,-0.0112962086287979
"cell_0596",3,"stationary",12,12,12,0,910,36,10576.6792929396,10648.6792929396,10651.7308393313,10821.963298522,NA,NA
"cell_0596",3,"sigma_time",12,12,12,0,910,48,10566.5690007991,10662.5690007991,10668.0324154333,10893.6143415756,-0.031255413145564,NA
"cell_0596",3,"nu_time",12,12,12,0,910,48,10565.3038979511,10661.3038979511,10666.7673125852,10892.3492387276,NA,-0.0475611949235848
"cell_0596",3,"sigma_nu_time",12,12,12,0,910,60,10555.2983113092,10675.2983113092,10683.9202194365,10964.1049872799,-0.0358399094078173,-0.0279726167062998
"cell_0597",3,"stationary",12,12,12,0,910,36,10585.8665866774,10657.8665866774,10660.9181330692,10831.1505922598,NA,NA
"cell_0597",3,"sigma_time",12,12,12,0,910,48,10567.8858964412,10663.8858964412,10669.3493110754,10894.9312372178,-0.0438729171920889,NA
"cell_0597",3,"nu_time",12,12,12,0,910,48,10574.5442993313,10670.5442993313,10676.0077139655,10901.5896401078,NA,-0.0524819792905933
"cell_0597",3,"sigma_nu_time",12,12,12,0,910,60,10558.2715631196,10678.2715631196,10686.8934712468,10967.0782390903,-0.03800292042662,-0.0292698715472354
"cell_0598",3,"stationary",12,12,12,0,910,36,10619.934375696,10691.934375696,10694.9859220878,10865.2183812784,NA,NA
"cell_0598",3,"sigma_time",12,12,12,0,910,48,10594.3032702337,10690.3032702337,10695.7666848678,10921.3486110102,-0.0523040426591727,NA
"cell_0598",3,"nu_time",12,12,12,0,910,48,10608.5579675743,10704.5579675743,10710.0213822085,10935.6033083508,NA,-0.0602431297608907
"cell_0598",3,"sigma_nu_time",12,12,12,0,910,60,10586.2709320537,10706.2709320537,10714.8928401809,10995.0776080244,-0.0500364694597669,-0.0253163892625759
"cell_0599",3,"stationary",12,12,12,0,910,36,10637.2537139706,10709.2537139706,10712.3052603623,10882.537719553,NA,NA
"cell_0599",3,"sigma_time",12,12,12,0,910,48,10609.4087924595,10705.4087924595,10710.8722070937,10936.4541332361,-0.0517579014831519,NA
"cell_0599",3,"nu_time",12,12,12,0,910,48,10627.207950304,10723.207950304,10728.6713649381,10954.2532910805,NA,-0.0559691981331812
"cell_0599",3,"sigma_nu_time",12,12,12,0,910,60,10602.4244728666,10722.4244728666,10731.0463809939,11011.2311488373,-0.0553744777272669,-0.0136272226767696
"cell_0600",3,"stationary",12,12,12,0,910,36,10773.4411039266,10845.4411039266,10848.4926503183,11018.725109509,NA,NA
"cell_0600",3,"sigma_time",12,12,12,0,910,48,10750.7855605325,10846.7855605325,10852.2489751667,11077.8309013091,-0.0428043175925338,NA
"cell_0600",3,"nu_time",12,12,12,0,910,48,10765.7649936118,10861.7649936118,10867.228408246,11092.8103343883,NA,-0.0256608854421595
"cell_0600",3,"sigma_nu_time",12,12,12,0,910,60,10743.9205349457,10863.9205349457,10872.542443073,11152.7272109164,-0.0435025362093168,-0.00155112969590759
"cell_0601",3,"stationary",12,12,12,0,910,36,10987.1154916834,11059.1154916834,11062.1670380751,11232.3994972657,NA,NA
"cell_0601",3,"sigma_time",12,12,12,0,910,48,10968.172710504,11064.172710504,11069.6361251382,11295.2180512806,-0.0375322476478555,NA
"cell_0601",3,"nu_time",12,12,12,0,910,48,10979.8991422175,11075.8991422175,11081.3625568516,11306.944482994,NA,-0.0134101648745749
"cell_0601",3,"sigma_nu_time",12,12,12,0,910,60,10961.0709899292,11081.0709899292,11089.6928980564,11369.8776658999,-0.037524004290922,0.00878374524416129
"cell_0624",3,"stationary",12,12,12,0,910,36,10324.8756759066,10396.8756759066,10399.9272222984,10570.159681489,NA,NA
"cell_0624",3,"sigma_time",12,12,12,0,910,48,10305.8882833755,10401.8882833755,10407.3516980097,10632.933624152,-0.0435287802075714,NA
"cell_0624",3,"nu_time",12,12,12,0,910,48,10313.7729526233,10409.7729526233,10415.2363672574,10640.8182933998,NA,-0.0562981609743735
"cell_0624",3,"sigma_nu_time",12,12,12,0,910,60,10295.9324131646,10415.9324131646,10424.5543212918,10704.7390891353,-0.0413432804782228,-0.038579218056115
"cell_0625",3,"stationary",12,12,12,0,910,36,10420.0455968996,10492.0455968996,10495.0971432914,10665.329602482,NA,NA
"cell_0625",3,"sigma_time",12,12,12,0,910,48,10382.8323987832,10478.8323987832,10484.2958134173,10709.8777395597,-0.0627245821652961,NA
"cell_0625",3,"nu_time",12,12,12,0,910,48,10403.5326430923,10499.5326430923,10504.9960577265,10730.5779838688,NA,-0.0806262953059724
"cell_0625",3,"sigma_nu_time",12,12,12,0,910,60,10374.7852514085,10494.7852514085,10503.4071595357,10783.5919273791,-0.0544309670508406,-0.0462446907459975
"cell_0626",3,"stationary",12,12,12,0,910,36,10539.9552480271,10611.9552480271,10615.0067944188,10785.2392536095,NA,NA
"cell_0626",3,"sigma_time",12,12,12,0,910,48,10496.9831035263,10592.9831035263,10598.4465181605,10824.0284443029,-0.0589180643376738,NA
"cell_0626",3,"nu_time",12,12,12,0,910,48,10519.9302722449,10615.9302722449,10621.393686879,10846.9756130214,NA,-0.0945451580603019
"cell_0626",3,"sigma_nu_time",12,12,12,0,910,60,10489.049706068,10609.049706068,10617.6716141952,10897.8563820386,-0.0527518783749332,-0.0464857910344715
"cell_0627",3,"stationary",12,12,12,0,910,36,10582.9525872546,10654.9525872546,10658.0041336464,10828.236592837,NA,NA
"cell_0627",3,"sigma_time",12,12,12,0,910,48,10550.3970704241,10646.3970704241,10651.8604850583,10877.4424112006,-0.0542238114130363,NA
"cell_0627",3,"nu_time",12,12,12,0,910,48,10571.9911087634,10667.9911087634,10673.4545233975,10899.0364495399,NA,-0.048366713405763
"cell_0627",3,"sigma_nu_time",12,12,12,0,910,60,10544.8272519719,10664.8272519719,10673.4491600991,10953.6339279426,-0.0519343643243266,-0.0194872384452932
"cell_0628",3,"stationary",12,12,12,0,910,36,10705.8469433427,10777.8469433427,10780.8984897344,10951.130948925,NA,NA
"cell_0628",3,"sigma_time",12,12,12,0,910,48,10680.6564743575,10776.6564743575,10782.1198889917,11007.701815134,-0.0456410138243411,NA
"cell_0628",3,"nu_time",12,12,12,0,910,48,10697.5668165043,10793.5668165043,10799.0302311385,11024.6121572808,NA,-0.0209766653779258
"cell_0628",3,"sigma_nu_time",12,12,12,0,910,60,10674.2172271453,10794.2172271453,10802.8391352725,11083.0239031159,-0.0471991406061453,-0.00501899567909923
"cell_0629",3,"stationary",12,12,12,0,910,36,10879.4523569913,10951.4523569913,10954.503903383,11124.7363625736,NA,NA
"cell_0629",3,"sigma_time",12,12,12,0,910,48,10857.3394479288,10953.3394479288,10958.802862563,11184.3847887054,-0.0384412561894838,NA
"cell_0629",3,"nu_time",12,12,12,0,910,48,10871.5032335923,10967.5032335923,10972.9666482265,11198.5485743689,NA,-0.0157131858696335
"cell_0629",3,"sigma_nu_time",12,12,12,0,910,60,10850.3041209974,10970.3041209974,10978.9260291247,11259.1107969681,-0.0378289354682334,0.000952799283497724
"cell_0630",3,"stationary",12,12,12,0,910,36,11066.0781319297,11138.0781319297,11141.1296783214,11311.362137512,NA,NA
"cell_0630",3,"sigma_time",12,12,12,0,910,48,11046.9727503713,11142.9727503713,11148.4361650055,11374.0180911478,-0.0318865415009559,NA
"cell_0630",3,"nu_time",12,12,12,0,910,48,11058.1792989913,11154.1792989913,11159.6427136254,11385.2246397678,NA,-0.00742664904178662
"cell_0630",3,"sigma_nu_time",12,12,12,0,910,60,11039.3943046709,11159.3943046709,11168.0162127981,11448.2009806415,-0.0311301334852313,0.00185011925117165
"cell_0652",3,"stationary",12,12,12,0,910,36,10099.1799733794,10171.1799733794,10174.2315197712,10344.4639789618,NA,NA
"cell_0652",3,"sigma_time",12,12,12,0,910,48,10041.8325918492,10137.8325918492,10143.2960064833,10368.8779326257,-0.0512642875766072,NA
"cell_0652",3,"nu_time",12,12,12,0,910,48,10076.4458579915,10172.4458579915,10177.9092726256,10403.491198768,NA,-0.0984959556253939
"cell_0652",3,"sigma_nu_time",12,12,12,0,910,60,10034.9296140839,10154.9296140839,10163.5515222111,10443.7362900545,-0.047436683377926,-0.044002569739825
"cell_0653",3,"stationary",12,12,12,0,910,36,10254.7871643565,10326.7871643565,10329.8387107482,10500.0711699389,NA,NA
"cell_0653",3,"sigma_time",12,12,12,0,910,48,10194.3387978588,10290.3387978588,10295.802212493,10521.3841386353,-0.0559654891222304,NA
"cell_0653",3,"nu_time",12,12,12,0,910,48,10229.1390503959,10325.1390503959,10330.6024650301,10556.1843911724,NA,-0.0936197041594987
"cell_0653",3,"sigma_nu_time",12,12,12,0,910,60,10188.0251789789,10308.0251789789,10316.6470871061,10596.8318549495,-0.0510171909681374,-0.0477762581855479
"cell_0654",3,"stationary",12,12,12,0,910,36,10417.3403072685,10489.3403072685,10492.3918536602,10662.6243128509,NA,NA
"cell_0654",3,"sigma_time",12,12,12,0,910,48,10367.9058811246,10463.9058811246,10469.3692957587,10694.9512219011,-0.0531834793286768,NA
"cell_0654",3,"nu_time",12,12,12,0,910,48,10398.1270536404,10494.1270536404,10499.5904682745,10725.1723944169,NA,-0.0784896558439483
"cell_0654",3,"sigma_nu_time",12,12,12,0,910,60,10362.3943590479,10482.3943590479,10491.0162671751,10771.2010350185,-0.0481564814729462,-0.0488868730900102
"cell_0655",3,"stationary",12,12,12,0,910,36,10565.3065279551,10637.3065279551,10640.3580743469,10810.5905335375,NA,NA
"cell_0655",3,"sigma_time",12,12,12,0,910,48,10527.3253772751,10623.3253772751,10628.7887919092,10854.3707180516,-0.0485237734449999,NA
"cell_0655",3,"nu_time",12,12,12,0,910,48,10551.5645949763,10647.5645949763,10653.0280096104,10878.6099357528,NA,-0.0581934953129959
"cell_0655",3,"sigma_nu_time",12,12,12,0,910,60,10522.2008760034,10642.2008760034,10650.8227841306,10931.007551974,-0.0469766285659582,-0.0234893390268051
"cell_0656",3,"stationary",12,12,12,0,910,36,10668.5844716893,10740.5844716893,10743.6360180811,10913.8684772717,NA,NA
"cell_0656",3,"sigma_time",12,12,12,0,910,48,10639.190362572,10735.190362572,10740.6537772061,10966.2357033485,-0.0417579260863528,NA
"cell_0656",3,"nu_time",12,12,12,0,910,48,10657.8399244881,10753.8399244881,10759.3033391222,10984.8852652646,NA,-0.0249229609708738
"cell_0656",3,"sigma_nu_time",12,12,12,0,910,60,10633.3539312017,10753.3539312017,10761.9758393289,11042.1606071724,-0.0408015139340642,-0.00423168555247036
"cell_0657",3,"stationary",12,12,12,0,910,36,10782.3639462193,10854.3639462193,10857.415492611,11027.6479518017,NA,NA
"cell_0657",3,"sigma_time",12,12,12,0,910,48,10758.4073330361,10854.4073330361,10859.8707476702,11085.4526738126,-0.034279373339674,NA
"cell_0657",3,"nu_time",12,12,12,0,910,48,10773.0616238741,10869.0616238741,10874.5250385082,11100.1069646506,NA,-0.0105237693988917
"cell_0657",3,"sigma_nu_time",12,12,12,0,910,60,10751.519146622,10871.519146622,10880.1410547492,11160.3258225926,-0.0348892733031196,-0.00277958440635347
"cell_0680",3,"stationary",12,12,12,0,910,36,10110.9106411442,10182.9106411442,10185.962187536,10356.1946467266,NA,NA
"cell_0680",3,"sigma_time",12,12,12,0,910,48,10029.1409776408,10125.1409776408,10130.604392275,10356.1863184173,-0.0558205826965061,NA
"cell_0680",3,"nu_time",12,12,12,0,910,48,10071.3902888656,10167.3902888656,10172.8537034997,10398.4356296421,NA,-0.111188000468185
"cell_0680",3,"sigma_nu_time",12,12,12,0,910,60,10022.2569836178,10142.2569836178,10150.8788917451,10431.0636595885,-0.0516693286423172,-0.044338700263369
"cell_0681",3,"stationary",12,12,12,0,910,36,10214.3863580752,10286.3863580752,10289.4379044669,10459.6703636576,NA,NA
"cell_0681",3,"sigma_time",12,12,12,0,910,48,10148.683578538,10244.683578538,10250.1469931722,10475.7289193145,-0.0544851322242733,NA
"cell_0681",3,"nu_time",12,12,12,0,910,48,10187.8922127519,10283.8922127519,10289.3556273861,10514.9375535285,NA,-0.0712540098563117
"cell_0681",3,"sigma_nu_time",12,12,12,0,910,60,10142.8763924735,10262.8763924735,10271.4983006007,10551.6830684442,-0.0516264795163017,-0.0359877336789374
"cell_0682",3,"stationary",12,12,12,0,910,36,10388.751493523,10460.751493523,10463.8030399147,10634.0354991054,NA,NA
"cell_0682",3,"sigma_time",12,12,12,0,910,48,10338.1855611488,10434.1855611488,10439.6489757829,10665.2309019253,-0.0514858876119584,NA
"cell_0682",3,"nu_time",12,12,12,0,910,48,10369.9125262605,10465.9125262605,10471.3759408947,10696.9578670371,NA,-0.0650508183639952
"cell_0682",3,"sigma_nu_time",12,12,12,0,910,60,10332.983729555,10452.983729555,10461.6056376822,10741.7904055257,-0.0496381786754438,-0.0391126071693849
"cell_0683",3,"stationary",12,12,12,0,910,36,10566.0824143104,10638.0824143104,10641.1339607021,10811.3664198928,NA,NA
"cell_0683",3,"sigma_time",12,12,12,0,910,48,10526.2626781905,10622.2626781905,10627.7260928246,10853.308018967,-0.0473570162842682,NA
"cell_0683",3,"nu_time",12,12,12,0,910,48,10550.4559893456,10646.4559893456,10651.9194039797,10877.5013301221,NA,-0.0476461964366172
"cell_0683",3,"sigma_nu_time",12,12,12,0,910,60,10520.981508057,10640.981508057,10649.6034161842,10929.7881840276,-0.0461668508845383,-0.0297038627153536
"cell_0684",3,"stationary",12,12,12,0,910,36,10637.1056875724,10709.1056875724,10712.1572339641,10882.3896931548,NA,NA
"cell_0684",3,"sigma_time",12,12,12,0,910,48,10606.5809881071,10702.5809881071,10708.0444027412,10933.6263288836,-0.040353146364005,NA
"cell_0684",3,"nu_time",12,12,12,0,910,48,10624.5784980993,10720.5784980993,10726.0419127335,10951.6238388759,NA,-0.0302213936043026
"cell_0684",3,"sigma_nu_time",12,12,12,0,910,60,10600.2234057299,10720.2234057299,10728.8453138571,11009.0300817005,-0.0382558705585461,-0.0130136458037439
"cell_0707",3,"stationary",12,12,12,0,910,36,10228.9539983623,10300.9539983623,10304.0055447541,10474.2380039447,NA,NA
"cell_0707",3,"sigma_time",12,12,12,0,910,48,10142.0965715437,10238.0965715437,10243.5599861778,10469.1419123202,-0.05698306109026,NA
"cell_0707",3,"nu_time",12,12,12,0,910,48,10171.8764469514,10267.8764469514,10273.3398615855,10498.9217877279,NA,-0.150905363621079
"cell_0707",3,"sigma_nu_time",12,12,12,0,910,60,10127.6482367164,10247.6482367164,10256.2701448436,10536.4549126871,-0.0472127343472425,-0.0678782857937665
"cell_0708",3,"stationary",12,12,12,0,910,36,10195.497848894,10267.497848894,10270.5493952857,10440.7818544764,NA,NA
"cell_0708",3,"sigma_time",12,12,12,0,910,48,10119.5147856077,10215.5147856077,10220.9782002418,10446.5601263842,-0.0579164553074733,NA
"cell_0708",3,"nu_time",12,12,12,0,910,48,10157.6925922753,10253.6925922753,10259.1560069095,10484.7379330519,NA,-0.0884346638585144
"cell_0708",3,"sigma_nu_time",12,12,12,0,910,60,10111.4965250241,10231.4965250241,10240.1184331513,10520.3032009947,-0.0558613790259209,-0.048721028457519
"cell_0709",3,"stationary",12,12,12,0,910,36,10290.3049881713,10362.3049881713,10365.3565345631,10535.5889937537,NA,NA
"cell_0709",3,"sigma_time",12,12,12,0,910,48,10229.5083455695,10325.5083455695,10330.9717602037,10556.5536863461,-0.0585545895211303,NA
"cell_0709",3,"nu_time",12,12,12,0,910,48,10264.0403372303,10360.0403372303,10365.5037518645,10591.0856780069,NA,-0.0759488499455657
"cell_0709",3,"sigma_nu_time",12,12,12,0,910,60,10222.2338222438,10342.2338222438,10350.855730371,10631.0404982145,-0.0554459955314283,-0.0484832550282616
"cell_0710",3,"stationary",12,12,12,0,910,36,10411.32709127,10483.32709127,10486.3786376618,10656.6110968524,NA,NA
"cell_0710",3,"sigma_time",12,12,12,0,910,48,10364.1024903137,10460.1024903137,10465.5659049478,10691.1478310902,-0.0527144557899887,NA
"cell_0710",3,"nu_time",12,12,12,0,910,48,10392.1581917896,10488.1581917896,10493.6216064238,10719.2035325662,NA,-0.0552462577217236
"cell_0710",3,"sigma_nu_time",12,12,12,0,910,60,10357.2707629391,10477.2707629391,10485.8926710663,10766.0774389098,-0.0492476679296883,-0.0413152473036622
"cell_0711",3,"stationary",12,12,12,0,910,36,10523.2063383973,10595.2063383973,10598.2578847891,10768.4903439797,NA,NA
"cell_0711",3,"sigma_time",12,12,12,0,910,48,10486.9450503216,10582.9450503216,10588.4084649557,10813.9903910981,-0.0475574403851902,NA
"cell_0711",3,"nu_time",12,12,12,0,910,48,10508.088975011,10604.088975011,10609.5523896452,10835.1343157876,NA,-0.0423129212306201
"cell_0711",3,"sigma_nu_time",12,12,12,0,910,60,10480.0246185571,10600.0246185571,10608.6465266843,10888.8312945277,-0.0420866131310474,-0.0365846420063115
"cell_0737",3,"stationary",12,12,12,0,910,36,10336.8928181528,10408.8928181528,10411.9443645446,10582.1768237352,NA,NA
"cell_0737",3,"sigma_time",12,12,12,0,910,48,10279.4532926218,10375.4532926218,10380.916707256,10606.4986333983,-0.057661861334683,NA
"cell_0737",3,"nu_time",12,12,12,0,910,48,10309.316976822,10405.316976822,10410.7803914561,10636.3623175985,NA,-0.0750889712562192
"cell_0737",3,"sigma_nu_time",12,12,12,0,910,60,10270.8263215031,10390.8263215031,10399.4482296304,10679.6329974738,-0.0536163670296558,-0.0457134928061833
"cell_0738",3,"stationary",12,12,12,0,910,36,10466.2160992232,10538.2160992232,10541.2676456149,10711.5001048056,NA,NA
"cell_0738",3,"sigma_time",12,12,12,0,910,48,10424.5897167741,10520.5897167741,10526.0531314083,10751.6350575506,-0.0511210557817957,NA
"cell_0738",3,"nu_time",12,12,12,0,910,48,10447.1414186389,10543.1414186389,10548.604833273,10774.1867594154,NA,-0.0513325616939896
"cell_0738",3,"sigma_nu_time",12,12,12,0,910,60,10416.3302275087,10536.3302275087,10544.9521356359,10825.1369034794,-0.0468089009657437,-0.0404549858293471
"cell_0050",6,"stationary",12,12,12,0,907,36,9916.07874651127,9988.07874651127,9991.14081547679,10161.2438747154,NA,NA
"cell_0050",6,"sigma_time",12,12,12,0,907,48,9870.69772783102,9966.69772783102,9972.18024531354,10197.5845654365,-0.0303523319413238,NA
"cell_0050",6,"nu_time",12,12,12,0,907,48,9907.60057731589,10003.6005773159,10009.0830947984,10234.4874149214,NA,0.0461365166158245
"cell_0050",6,"sigma_nu_time",12,12,12,0,907,60,9849.30672390127,9969.30672390127,9977.95920617077,10257.9152709082,-0.0355504046525277,0.128636780476
"cell_0051",6,"stationary",12,12,12,0,907,36,9879.96259733141,9951.96259733141,9955.02466629692,10125.1277255356,NA,NA
"cell_0051",6,"sigma_time",12,12,12,0,907,48,9836.28338159736,9932.28338159736,9937.76589907988,10163.1702192029,-0.0306995573738285,NA
"cell_0051",6,"nu_time",12,12,12,0,907,48,9872.00129512221,9968.00129512221,9973.48381260472,10198.8881327277,NA,0.041558142116101
"cell_0051",6,"sigma_nu_time",12,12,12,0,907,60,9816.21529403129,9936.21529403129,9944.86777630079,10224.8238410382,-0.0359783758707102,0.128968221542265
"cell_0052",6,"stationary",12,12,12,0,907,36,9869.5069524363,9941.5069524363,9944.56902140181,10114.6720806404,NA,NA
"cell_0052",6,"sigma_time",12,12,12,0,907,48,9827.0601963474,9923.0601963474,9928.54271382991,10153.9470339529,-0.0304151751258862,NA
"cell_0052",6,"nu_time",12,12,12,0,907,48,9860.69916915529,9956.69916915529,9962.18168663781,10187.5860067608,NA,0.0377375568896586
"cell_0052",6,"sigma_nu_time",12,12,12,0,907,60,9806.90106206897,9926.90106206897,9935.55354433848,10215.5096090759,-0.0363567431078,0.124255741899182
"cell_0053",6,"stationary",12,12,12,0,907,36,9880.68680396746,9952.68680396746,9955.74887293297,10125.8519321716,NA,NA
"cell_0053",6,"sigma_time",12,12,12,0,907,48,9837.89678625997,9933.89678625997,9939.37930374248,10164.7836238655,-0.0300791629903745,NA
"cell_0053",6,"nu_time",12,12,12,0,907,48,9870.40950795691,9966.40950795691,9971.89202543943,10197.2963455624,NA,0.0332764924980599
"cell_0053",6,"sigma_nu_time",12,12,12,0,907,60,9816.71981066971,9936.71981066971,9945.37229293921,10225.3283576766,-0.0374727575735693,0.122171146985604
"cell_0054",6,"stationary",12,12,12,0,907,36,9904.20317274737,9976.20317274737,9979.26524171288,10149.3683009515,NA,NA
"cell_0054",6,"sigma_time",12,12,12,0,907,48,9860.68824126725,9956.68824126725,9962.17075874976,10187.5750788728,-0.0304602910059332,NA
"cell_0054",6,"nu_time",12,12,12,0,907,48,9892.19145234088,9988.19145234088,9993.67396982339,10219.0782899464,NA,0.037410407424663
"cell_0054",6,"sigma_nu_time",12,12,12,0,907,60,9838.65845627878,9958.65845627878,9967.31093854828,10247.2670032857,-0.0387445526935598,0.112277838419355
"cell_0077",6,"stationary",12,12,12,0,907,36,9938.12586893089,10010.1258689309,10013.1879378964,10183.290997135,NA,NA
"cell_0077",6,"sigma_time",12,12,12,0,907,48,9897.16141207402,9993.16141207402,9998.64392955653,10224.0482496795,-0.0268072312786462,NA
"cell_0077",6,"nu_time",12,12,12,0,907,48,9926.99771747217,10022.9977174722,10028.4802349547,10253.8845550777,NA,0.069764471592909
"cell_0077",6,"sigma_nu_time",12,12,12,0,907,60,9871.36044470757,9991.36044470757,10000.0129269771,10279.9689917145,-0.0329010872800019,0.119928531351978
"cell_0078",6,"stationary",12,12,12,0,907,36,9899.19995141536,9971.19995141536,9974.26202038088,10144.3650796195,NA,NA
"cell_0078",6,"sigma_time",12,12,12,0,907,48,9861.44508611388,9957.44508611388,9962.9276035964,10188.3319237194,-0.0271582543121198,NA
"cell_0078",6,"nu_time",12,12,12,0,907,48,9887.5746397024,9983.5746397024,9989.05715718492,10214.4614773079,NA,0.0720385871223074
"cell_0078",6,"sigma_nu_time",12,12,12,0,907,60,9835.936230307,9955.936230307,9964.58871257651,10244.5447773139,-0.0337276604481198,0.125420208023032
"cell_0079",6,"stationary",12,12,12,0,907,36,9884.29808003001,9956.29808003001,9959.36014899553,10129.4632082342,NA,NA
"cell_0079",6,"sigma_time",12,12,12,0,907,48,9844.17695089285,9940.17695089285,9945.65946837537,10171.0637884984,-0.0288027020067922,NA
"cell_0079",6,"nu_time",12,12,12,0,907,48,9873.5517112779,9969.5517112779,9975.03422876042,10200.4385488834,NA,0.0573308605061841
"cell_0079",6,"sigma_nu_time",12,12,12,0,907,60,9820.14673608062,9940.14673608062,9948.79921835013,10228.7552830875,-0.0351279719692715,0.126683227102089
"cell_0080",6,"stationary",12,12,12,0,907,36,9879.86991493661,9951.86991493661,9954.93198390213,10125.0350431408,NA,NA
"cell_0080",6,"sigma_time",12,12,12,0,907,48,9839.44599752034,9935.44599752034,9940.92851500286,10166.3328351259,-0.0293842622392918,NA
"cell_0080",6,"nu_time",12,12,12,0,907,48,9869.04009544119,9965.04009544119,9970.52261292371,10195.9269330467,NA,0.054517498812862
"cell_0080",6,"sigma_nu_time",12,12,12,0,907,60,9815.64268978076,9935.64268978076,9944.29517205027,10224.2512367877,-0.0359975139471021,0.126865617183991
"cell_0081",6,"stationary",12,12,12,0,907,36,9896.28946742788,9968.28946742788,9971.35153639339,10141.454595632,NA,NA
"cell_0081",6,"sigma_time",12,12,12,0,907,48,9856.01782378207,9952.01782378207,9957.50034126459,10182.9046613876,-0.0291193777613191,NA
"cell_0081",6,"nu_time",12,12,12,0,907,48,9883.54151060417,9979.54151060417,9985.02402808669,10210.4283482097,NA,0.0655560404869508
"cell_0081",6,"sigma_nu_time",12,12,12,0,907,60,9829.8945318001,9949.8945318001,9958.5470140696,10238.503078807,-0.0369687160615348,0.134031729592878
"cell_0082",6,"stationary",12,12,12,0,907,36,9924.89954500155,9996.89954500155,9999.96161396707,10170.0646732057,NA,NA
"cell_0082",6,"sigma_time",12,12,12,0,907,48,9884.79612841229,9980.79612841229,9986.27864589481,10211.6829660178,-0.0287876783881528,NA
"cell_0082",6,"nu_time",12,12,12,0,907,48,9910.12549017719,10006.1254901772,10011.6080076597,10237.0123277827,NA,0.0695297119099273
"cell_0082",6,"sigma_nu_time",12,12,12,0,907,60,9856.87716056953,9976.87716056953,9985.52964283903,10265.4857075764,-0.038031553521315,0.13484132060292
"cell_0083",6,"stationary",12,12,12,0,907,36,9956.28102848439,10028.2810284844,10031.3430974499,10201.4461566885,NA,NA
"cell_0083",6,"sigma_time",12,12,12,0,907,48,9914.48154977741,10010.4815497774,10015.9640672599,10241.3683873829,-0.0299666960650176,NA
"cell_0083",6,"nu_time",12,12,12,0,907,48,9939.98964406959,10035.9896440696,10041.4721615521,10266.8764816751,NA,0.0707868997094324
"cell_0083",6,"sigma_nu_time",12,12,12,0,907,60,9885.47812108005,10005.4781210801,10014.1306033496,10294.086668087,-0.0398054711466929,0.127973048980118
"cell_0104",6,"stationary",12,12,12,0,907,36,9977.00381539214,10049.0038153921,10052.0658843577,10222.1689435963,NA,NA
"cell_0104",6,"sigma_time",12,12,12,0,907,48,9933.04622281903,10029.046222819,10034.5287403016,10259.9330604246,-0.0273083897765211,NA
"cell_0104",6,"nu_time",12,12,12,0,907,48,9965.84149505265,10061.8414950526,10067.3240125352,10292.7283326582,NA,0.0742232397916386
"cell_0104",6,"sigma_nu_time",12,12,12,0,907,60,9903.99822673903,10023.998226739,10032.6507090085,10312.6067737459,-0.032026061077488,0.116013893725818
"cell_0105",6,"stationary",12,12,12,0,907,36,9928.53311213414,10000.5331121341,10003.5951810997,10173.6982403383,NA,NA
"cell_0105",6,"sigma_time",12,12,12,0,907,48,9889.5974515002,9985.5974515002,9991.07996898271,10216.4842891057,-0.0249485527546989,NA
"cell_0105",6,"nu_time",12,12,12,0,907,48,9916.23464856122,10012.2346485612,10017.7171660437,10243.1214861667,NA,0.0755979224487683
"cell_0105",6,"sigma_nu_time",12,12,12,0,907,60,9860.58424558458,9980.58424558458,9989.23672785409,10269.1927925915,-0.0315286717464692,0.117449876504842
"cell_0106",6,"stationary",12,12,12,0,907,36,9909.34527530466,9981.34527530466,9984.40734427018,10154.5104035088,NA,NA
"cell_0106",6,"sigma_time",12,12,12,0,907,48,9872.83873388505,9968.83873388505,9974.32125136757,10199.7255714906,-0.0250205967890651,NA
"cell_0106",6,"nu_time",12,12,12,0,907,48,9895.67386645959,9991.67386645959,9997.15638394211,10222.5607040651,NA,0.075467636331144
"cell_0106",6,"sigma_nu_time",12,12,12,0,907,60,9844.13391528798,9964.13391528798,9972.78639755749,10252.7424622949,-0.0314416564478886,0.117743901458857
"cell_0107",6,"stationary",12,12,12,0,907,36,9909.48438212639,9981.48438212639,9984.54645109191,10154.6495103305,NA,NA
"cell_0107",6,"sigma_time",12,12,12,0,907,48,9871.99251764709,9967.99251764709,9973.4750351296,10198.8793552526,-0.026651221043071,NA
"cell_0107",6,"nu_time",12,12,12,0,907,48,9895.56856822423,9991.56856822423,9997.05108570674,10222.4554058298,NA,0.0720564840712479
"cell_0107",6,"sigma_nu_time",12,12,12,0,907,60,9843.97383548079,9963.97383548079,9972.62631775029,10252.5823824877,-0.0325322737053648,0.116988556680213
"cell_0108",6,"stationary",12,12,12,0,907,36,9920.40798048657,9992.40798048657,9995.47004945209,10165.5731086907,NA,NA
"cell_0108",6,"sigma_time",12,12,12,0,907,48,9880.79902092511,9976.79902092511,9982.28153840763,10207.6858585306,-0.0277713546988476,NA
"cell_0108",6,"nu_time",12,12,12,0,907,48,9906.65117712885,10002.6511771289,10008.1336946114,10233.5380147344,NA,0.0692745024116301
"cell_0108",6,"sigma_nu_time",12,12,12,0,907,60,9852.45865886111,9972.45865886111,9981.11114113061,10261.067205868,-0.0349735043585077,0.12379898350435
"cell_0109",6,"stationary",12,12,12,0,907,36,9936.3670842955,10008.3670842955,10011.429153261,10181.5322124996,NA,NA
"cell_0109",6,"sigma_time",12,12,12,0,907,48,9898.41591260475,9994.41591260475,9999.89843008726,10225.3027502103,-0.0272735825106448,NA
"cell_0109",6,"nu_time",12,12,12,0,907,48,9920.47927366699,10016.479273667,10021.9617911495,10247.3661112725,NA,0.0771489009904349
"cell_0109",6,"sigma_nu_time",12,12,12,0,907,60,9867.54292140089,9987.54292140089,9996.1954036704,10276.1514684078,-0.0366897757519078,0.141029565989249
"cell_0110",6,"stationary",12,12,12,0,907,36,9964.87400106771,10036.8740010677,10039.9360700332,10210.0391292719,NA,NA
"cell_0110",6,"sigma_time",12,12,12,0,907,48,9928.70260999334,10024.7026099933,10030.1851274759,10255.5894475989,-0.0265301715703524,NA
"cell_0110",6,"nu_time",12,12,12,0,907,48,9946.56042119607,10042.5604211961,10048.0429386786,10273.4472588016,NA,0.0844443440696328
"cell_0110",6,"sigma_nu_time",12,12,12,0,907,60,9895.6978683979,10015.6978683979,10024.3503506674,10304.3064154048,-0.0384087178158596,0.148911453155605
"cell_0111",6,"stationary",12,12,12,0,907,36,9993.25021949888,10065.2502194989,10068.3122884644,10238.415347703,NA,NA
"cell_0111",6,"sigma_time",12,12,12,0,907,48,9958.09705372479,10054.0970537248,10059.5795712073,10284.9838913303,-0.0267179202530953,NA
"cell_0111",6,"nu_time",12,12,12,0,907,48,9973.0537539305,10069.0537539305,10074.536271413,10299.940591536,NA,0.0890214484768626
"cell_0111",6,"sigma_nu_time",12,12,12,0,907,60,9923.74664251453,10043.7466425145,10052.399124784,10332.3551895214,-0.0394865482908777,0.144341784435009
"cell_0130",6,"stationary",12,12,12,0,907,36,10137.9412115257,10209.9412115257,10213.0032804912,10383.1063397298,NA,NA
"cell_0130",6,"sigma_time",12,12,12,0,907,48,10084.5075039853,10180.5075039853,10185.9900214678,10411.3943415909,-0.0334272511709442,NA
"cell_0130",6,"nu_time",12,12,12,0,907,48,10128.6437619354,10224.6437619354,10230.126279418,10455.530599541,NA,0.0614721860274759
"cell_0130",6,"sigma_nu_time",12,12,12,0,907,60,10055.080271005,10175.080271005,10183.7327532745,10463.6888180119,-0.0360406223437802,0.127228866815085
"cell_0131",6,"stationary",12,12,12,0,907,36,10040.411777904,10112.411777904,10115.4738468695,10285.5769061081,NA,NA
"cell_0131",6,"sigma_time",12,12,12,0,907,48,9992.58604609973,10088.5860460997,10094.0685635822,10319.4728837053,-0.0296627505423318,NA
"cell_0131",6,"nu_time",12,12,12,0,907,48,10029.1954907086,10125.1954907086,10130.6780081911,10356.0823283141,NA,0.0723068966002453
"cell_0131",6,"sigma_nu_time",12,12,12,0,907,60,9961.68488122311,10081.6848812231,10090.3373634926,10370.29342823,-0.0334551467068664,0.127274551663721
"cell_0132",6,"stationary",12,12,12,0,907,36,9959.7397411875,10031.7397411875,10034.801810153,10204.9048693916,NA,NA
"cell_0132",6,"sigma_time",12,12,12,0,907,48,9917.82440845117,10013.8244084512,10019.3069259337,10244.7112460567,-0.0262067983849679,NA
"cell_0132",6,"nu_time",12,12,12,0,907,48,9947.31439314633,10043.3143931463,10048.7969106289,10274.2012307519,NA,0.0811686525798322
"cell_0132",6,"sigma_nu_time",12,12,12,0,907,60,9886.74976839334,10006.7497683933,10015.4022506628,10295.3583154002,-0.0303352299237707,0.122508900723821
"cell_0133",6,"stationary",12,12,12,0,907,36,9931.47085031338,10003.4708503134,10006.5329192789,10176.6359785175,NA,NA
"cell_0133",6,"sigma_time",12,12,12,0,907,48,9890.30194625848,9986.30194625848,9991.784463741,10217.188783864,-0.025137772036797,NA
"cell_0133",6,"nu_time",12,12,12,0,907,48,9918.63321695152,10014.6332169515,10020.115734434,10245.520054557,NA,0.0772405329821624
"cell_0133",6,"sigma_nu_time",12,12,12,0,907,60,9859.61496352006,9979.61496352006,9988.26744578956,10268.223510527,-0.0312295580322977,0.124420285180982
"cell_0134",6,"stationary",12,12,12,0,907,36,9943.72601308727,10015.7260130873,10018.7880820528,10188.8911412914,NA,NA
"cell_0134",6,"sigma_time",12,12,12,0,907,48,9900.71350274092,9996.71350274092,10002.1960202234,10227.6003403465,-0.0254935608434927,NA
"cell_0134",6,"nu_time",12,12,12,0,907,48,9930.28561805604,10026.285618056,10031.7681355386,10257.1724556616,NA,0.0718559565723167
"cell_0134",6,"sigma_nu_time",12,12,12,0,907,60,9870.15005122306,9990.15005122306,9998.80253349256,10278.75859823,-0.0336399928728579,0.125330726440921
"cell_0135",6,"stationary",12,12,12,0,907,36,9961.18922542869,10033.1892254287,10036.2512943942,10206.3543536328,NA,NA
"cell_0135",6,"sigma_time",12,12,12,0,907,48,9919.51905851648,10015.5190585165,10021.001575999,10246.405896122,-0.0266635277456632,NA
"cell_0135",6,"nu_time",12,12,12,0,907,48,9946.81785268733,10042.8178526873,10048.3003701698,10273.7046902929,NA,0.0700895943192028
"cell_0135",6,"sigma_nu_time",12,12,12,0,907,60,9889.25644936553,10009.2564493655,10017.908931635,10297.8649963724,-0.0340964485795265,0.12371325084291
"cell_0136",6,"stationary",12,12,12,0,907,36,9971.89936650087,10043.8993665009,10046.9614354664,10217.064494705,NA,NA
"cell_0136",6,"sigma_time",12,12,12,0,907,48,9932.21281096443,10028.2128109644,10033.695328447,10259.09964857,-0.0272038803563947,NA
"cell_0136",6,"nu_time",12,12,12,0,907,48,9956.99466853238,10052.9946685324,10058.4771860149,10283.8815061379,NA,0.0707313139271664
"cell_0136",6,"sigma_nu_time",12,12,12,0,907,60,9901.77921324383,10021.7792132438,10030.4316955133,10310.3877602507,-0.0357898013999396,0.130068246215704
"cell_0137",6,"stationary",12,12,12,0,907,36,9980.44129029304,10052.441290293,10055.5033592586,10225.6064184972,NA,NA
"cell_0137",6,"sigma_time",12,12,12,0,907,48,9943.24354696769,10039.2435469677,10044.7260644502,10270.1303845732,-0.0266510963351843,NA
"cell_0137",6,"nu_time",12,12,12,0,907,48,9963.65798528475,10059.6579852847,10065.1405027673,10290.5448228903,NA,0.0794250294169782
"cell_0137",6,"sigma_nu_time",12,12,12,0,907,60,9910.56098638404,10030.560986384,10039.2134686535,10319.169533391,-0.0378673311289468,0.147274142324001
"cell_0138",6,"stationary",12,12,12,0,907,36,10005.8848179535,10077.8848179535,10080.946886919,10251.0499461577,NA,NA
"cell_0138",6,"sigma_time",12,12,12,0,907,48,9973.13879219256,10069.1387921926,10074.6213096751,10300.0256297981,-0.0251167304219393,NA
"cell_0138",6,"nu_time",12,12,12,0,907,48,9986.08274764191,10082.0827476419,10087.5652651244,10312.9695852474,NA,0.0909666104731551
"cell_0138",6,"sigma_nu_time",12,12,12,0,907,60,9937.95098687599,10057.950986876,10066.6034691455,10346.5595338829,-0.0384092212387566,0.160237671134589
"cell_0139",6,"stationary",12,12,12,0,907,36,10036.6023857193,10108.6023857193,10111.6644546848,10281.7675139235,NA,NA
"cell_0139",6,"sigma_time",12,12,12,0,907,48,10006.7661469248,10102.7661469248,10108.2486644073,10333.6529845303,-0.0247013382336799,NA
"cell_0139",6,"nu_time",12,12,12,0,907,48,10013.8864185193,10109.8864185193,10115.3689360018,10340.7732561248,NA,0.101593233878714
"cell_0139",6,"sigma_nu_time",12,12,12,0,907,60,9969.57214109082,10089.5721410908,10098.2246233603,10378.1806880977,-0.0387739472047494,0.156861949398932
"cell_0157",6,"stationary",12,12,12,0,907,36,10207.3478519655,10279.3478519655,10282.4099209311,10452.5129801697,NA,NA
"cell_0157",6,"sigma_time",12,12,12,0,907,48,10162.0640891694,10258.0640891694,10263.5466066519,10488.9509267749,-0.0347574366567056,NA
"cell_0157",6,"nu_time",12,12,12,0,907,48,10199.0797248566,10295.0797248566,10300.5622423392,10525.9665624622,NA,0.0651813677035108
"cell_0157",6,"sigma_nu_time",12,12,12,0,907,60,10135.6968706042,10255.6968706042,10264.3493528737,10544.3054176112,-0.0374619664757245,0.123200532479505
"cell_0158",6,"stationary",12,12,12,0,907,36,10125.996652892,10197.996652892,10201.0587218575,10371.1617810961,NA,NA
"cell_0158",6,"sigma_time",12,12,12,0,907,48,10072.4476747856,10168.4476747856,10173.9301922681,10399.3345123911,-0.0335126689185099,NA
"cell_0158",6,"nu_time",12,12,12,0,907,48,10117.3674857015,10213.3674857015,10218.850003184,10444.254323307,NA,0.0607979675552054
"cell_0158",6,"sigma_nu_time",12,12,12,0,907,60,10044.9453798279,10164.9453798279,10173.5978620974,10453.5539268349,-0.0374852873636144,0.122362088241897
"cell_0159",6,"stationary",12,12,12,0,907,36,10035.8859754672,10107.8859754672,10110.9480444327,10281.0511036713,NA,NA
"cell_0159",6,"sigma_time",12,12,12,0,907,48,9979.1681171027,10075.1681171027,10080.6506345852,10306.0549547082,-0.0313257921524744,NA
"cell_0159",6,"nu_time",12,12,12,0,907,48,10026.1222089167,10122.1222089167,10127.6047263992,10353.0090465222,NA,0.0647411200166099
"cell_0159",6,"sigma_nu_time",12,12,12,0,907,60,9950.38471098145,10070.3847109815,10079.037193251,10358.9932579884,-0.03573370620343,0.12185040869668
"cell_0160",6,"stationary",12,12,12,0,907,36,9945.8222428855,10017.8222428855,10020.884311851,10190.9873710896,NA,NA
"cell_0160",6,"sigma_time",12,12,12,0,907,48,9894.58493261564,9990.58493261564,9996.06745009816,10221.4717702212,-0.0267699693278604,NA
"cell_0160",6,"nu_time",12,12,12,0,907,48,9934.26838809941,10030.2683880994,10035.7509055819,10261.1552257049,NA,0.0709309018580703
"cell_0160",6,"sigma_nu_time",12,12,12,0,907,60,9865.30049212226,9985.30049212226,9993.95297439176,10273.9090391292,-0.0325614414409449,0.119719841874466
"cell_0161",6,"stationary",12,12,12,0,907,36,9949.25484535135,10021.2548453514,10024.3169143169,10194.4199735555,NA,NA
"cell_0161",6,"sigma_time",12,12,12,0,907,48,9897.40421265583,9993.40421265583,9998.88673013835,10224.2910502614,-0.0278456383999176,NA
"cell_0161",6,"nu_time",12,12,12,0,907,48,9937.98253541544,10033.9825354154,10039.465052898,10264.869373021,NA,0.0677281864411053
"cell_0161",6,"sigma_nu_time",12,12,12,0,907,60,9868.34208009256,9988.34208009256,9996.99456236206,10276.9506270995,-0.0342040963516634,0.122850247011252
"cell_0162",6,"stationary",12,12,12,0,907,36,9984.31098069037,10056.3109806904,10059.3730496559,10229.4761088945,NA,NA
"cell_0162",6,"sigma_time",12,12,12,0,907,48,9934.23628429646,10030.2362842965,10035.718801779,10261.123121902,-0.0281209766379978,NA
"cell_0162",6,"nu_time",12,12,12,0,907,48,9972.60332777553,10068.6033277755,10074.085845258,10299.4901653811,NA,0.0668097764838629
"cell_0162",6,"sigma_nu_time",12,12,12,0,907,60,9905.38043470244,10025.3804347024,10034.0329169719,10313.9889817093,-0.0361731652176607,0.125430746600871
"cell_0163",6,"stationary",12,12,12,0,907,36,10015.2441622233,10087.2441622233,10090.3062311889,10260.4092904275,NA,NA
"cell_0163",6,"sigma_time",12,12,12,0,907,48,9973.55553909169,10069.5555390917,10075.0380565742,10300.4423766972,-0.0275747737513352,NA
"cell_0163",6,"nu_time",12,12,12,0,907,48,10001.5492961052,10097.5492961052,10103.0318135877,10328.4361337107,NA,0.073207232082558
"cell_0163",6,"sigma_nu_time",12,12,12,0,907,60,9944.57985499755,10064.5798549975,10073.2323372671,10353.1884020045,-0.0363906102942564,0.126957751830649
"cell_0164",6,"stationary",12,12,12,0,907,36,10027.1395100881,10099.1395100881,10102.2015790536,10272.3046382922,NA,NA
"cell_0164",6,"sigma_time",12,12,12,0,907,48,9991.45559396411,10087.4555939641,10092.9381114466,10318.3424315696,-0.026855133826935,NA
"cell_0164",6,"nu_time",12,12,12,0,907,48,10012.6773654151,10108.6773654151,10114.1598828976,10339.5642030206,NA,0.0751269193263225
"cell_0164",6,"sigma_nu_time",12,12,12,0,907,60,9962.51206050176,10082.5120605018,10091.1645427713,10371.1206075087,-0.0364644356722669,0.13748663442987
"cell_0165",6,"stationary",12,12,12,0,907,36,10041.4939075712,10113.4939075712,10116.5559765367,10286.6590357754,NA,NA
"cell_0165",6,"sigma_time",12,12,12,0,907,48,10002.4094993695,10098.4094993695,10103.892016852,10329.296336975,-0.0285310765360993,NA
"cell_0165",6,"nu_time",12,12,12,0,907,48,10028.5373319799,10124.5373319799,10130.0198494624,10355.4241695854,NA,0.0688706270835675
"cell_0165",6,"sigma_nu_time",12,12,12,0,907,60,9972.80555913079,10092.8055591308,10101.4580414003,10381.4141061377,-0.0385979321803556,0.153095669115165
"cell_0166",6,"stationary",12,12,12,0,907,36,10072.8069452903,10144.8069452903,10147.8690142558,10317.9720734944,NA,NA
"cell_0166",6,"sigma_time",12,12,12,0,907,48,10035.7396388845,10131.7396388845,10137.222156367,10362.62647649,-0.0292984804529423,NA
"cell_0166",6,"nu_time",12,12,12,0,907,48,10058.7139569679,10154.7139569679,10160.1964744504,10385.6007945734,NA,0.0744119396451938
"cell_0166",6,"sigma_nu_time",12,12,12,0,907,60,10004.6736832565,10124.6736832565,10133.326165526,10413.2822302634,-0.0399329392347524,0.155739814310046
"cell_0167",6,"stationary",12,12,12,0,907,36,10103.8477632114,10175.8477632114,10178.909832177,10349.0128914156,NA,NA
"cell_0167",6,"sigma_time",12,12,12,0,907,48,10069.7646623351,10165.7646623351,10171.2471798177,10396.6514999407,-0.0292073425563722,NA
"cell_0167",6,"nu_time",12,12,12,0,907,48,10087.3633629218,10183.3633629218,10188.8458804043,10414.2502005273,NA,0.0871286645768448
"cell_0167",6,"sigma_nu_time",12,12,12,0,907,60,10036.9324893582,10156.9324893582,10165.5849716277,10445.5410363652,-0.0410426496418673,0.154777514165916
"cell_0184",6,"stationary",12,12,12,0,907,36,10293.1725021353,10365.1725021353,10368.2345711008,10538.3376303395,NA,NA
"cell_0184",6,"sigma_time",12,12,12,0,907,48,10260.3806364134,10356.3806364134,10361.8631538959,10587.2674740189,-0.0294745518509373,NA
"cell_0184",6,"nu_time",12,12,12,0,907,48,10283.7868745658,10379.7868745658,10385.2693920483,10610.6737121713,NA,0.071415635475332
"cell_0184",6,"sigma_nu_time",12,12,12,0,907,60,10236.4738344884,10356.4738344884,10365.1263167579,10645.0823814953,-0.0352894193339279,0.108995014113007
"cell_0185",6,"stationary",12,12,12,0,907,36,10220.733282084,10292.733282084,10295.7953510495,10465.8984102881,NA,NA
"cell_0185",6,"sigma_time",12,12,12,0,907,48,10183.2238288599,10279.2238288599,10284.7063463424,10510.1106664654,-0.0309216270453742,NA
"cell_0185",6,"nu_time",12,12,12,0,907,48,10211.3080154845,10307.3080154845,10312.790532967,10538.19485309,NA,0.0663751617457211
"cell_0185",6,"sigma_nu_time",12,12,12,0,907,60,10158.2995999756,10278.2995999756,10286.9520822451,10566.9081469825,-0.0366210036830921,0.10954840006862
"cell_0186",6,"stationary",12,12,12,0,907,36,10143.6188189679,10215.6188189679,10218.6808879334,10388.783947172,NA,NA
"cell_0186",6,"sigma_time",12,12,12,0,907,48,10094.6432766982,10190.6432766982,10196.1257941807,10421.5301143037,-0.0322361179296518,NA
"cell_0186",6,"nu_time",12,12,12,0,907,48,10133.9470777018,10229.9470777018,10235.4295951843,10460.8339153073,NA,0.0582268661046455
"cell_0186",6,"sigma_nu_time",12,12,12,0,907,60,10068.6532985951,10188.6532985951,10197.3057808646,10477.261845602,-0.0370522049600122,0.110799634648555
"cell_0187",6,"stationary",12,12,12,0,907,36,10061.8603848194,10133.8603848194,10136.9224537849,10307.0255130235,NA,NA
"cell_0187",6,"sigma_time",12,12,12,0,907,48,10001.5249787441,10097.5249787441,10103.0074962266,10328.4118163496,-0.0309304215339445,NA
"cell_0187",6,"nu_time",12,12,12,0,907,48,10051.7159633598,10147.7159633598,10153.1984808423,10378.6028009653,NA,0.0516800931107776
"cell_0187",6,"sigma_nu_time",12,12,12,0,907,60,9974.80582623989,10094.8058262399,10103.4583085094,10383.4143732468,-0.0365434879874201,0.110889368043379
"cell_0188",6,"stationary",12,12,12,0,907,36,9993.80742348927,10065.8074234893,10068.8694924548,10238.9725516934,NA,NA
"cell_0188",6,"sigma_time",12,12,12,0,907,48,9929.0489178696,10025.0489178696,10030.5314353521,10255.9357554751,-0.0305939762476238,NA
"cell_0188",6,"nu_time",12,12,12,0,907,48,9983.1750336611,10079.1750336611,10084.6575511436,10310.0618712666,NA,0.0503130419992833
"cell_0188",6,"sigma_nu_time",12,12,12,0,907,60,9902.12049003776,10022.1204900378,10030.7729723073,10310.7290370447,-0.0359335552617344,0.113922004694708
"cell_0189",6,"stationary",12,12,12,0,907,36,9984.3961106567,10056.3961106567,10059.4581796222,10229.5612388608,NA,NA
"cell_0189",6,"sigma_time",12,12,12,0,907,48,9924.10357838409,10020.1035783841,10025.5860958666,10250.9904159896,-0.0302994023708902,NA
"cell_0189",6,"nu_time",12,12,12,0,907,48,9973.97909592378,10069.9790959238,10075.4616134063,10300.8659335293,NA,0.0539164974767279
"cell_0189",6,"sigma_nu_time",12,12,12,0,907,60,9897.33298532401,10017.332985324,10025.9854675935,10305.9415323309,-0.0365255941202775,0.115471981240028
"cell_0190",6,"stationary",12,12,12,0,907,36,10024.7756895725,10096.7756895725,10099.837758538,10269.9408177767,NA,NA
"cell_0190",6,"sigma_time",12,12,12,0,907,48,9977.79511023495,10073.7951102349,10079.2776277175,10304.6819478405,-0.0282134814126088,NA
"cell_0190",6,"nu_time",12,12,12,0,907,48,10012.5266883255,10108.5266883255,10114.009205808,10339.413525931,NA,0.0698744338172158
"cell_0190",6,"sigma_nu_time",12,12,12,0,907,60,9950.33811767962,10070.3381176796,10078.9905999491,10358.9466646865,-0.0357276804376416,0.124968415324542
"cell_0191",6,"stationary",12,12,12,0,907,36,10071.0700286674,10143.0700286674,10146.1320976329,10316.2351568716,NA,NA
"cell_0191",6,"sigma_time",12,12,12,0,907,48,10038.0138289964,10134.0138289964,10139.496346479,10364.900666602,-0.0260680795390418,NA
"cell_0191",6,"nu_time",12,12,12,0,907,48,10056.5459991558,10152.5459991558,10158.0285166383,10383.4328367613,NA,0.0835638129587153
"cell_0191",6,"sigma_nu_time",12,12,12,0,907,60,10011.2941384722,10131.2941384722,10139.9466207417,10419.9026854791,-0.0342084512692236,0.128752036992092
"cell_0192",6,"stationary",12,12,12,0,907,36,10098.199566397,10170.199566397,10173.2616353625,10343.3646946012,NA,NA
"cell_0192",6,"sigma_time",12,12,12,0,907,48,10069.3758242793,10165.3758242793,10170.8583417618,10396.2626618848,-0.0264459935862811,NA
"cell_0192",6,"nu_time",12,12,12,0,907,48,10083.4829184315,10179.4829184315,10184.965435914,10410.369756037,NA,0.0821918142697075
"cell_0192",6,"sigma_nu_time",12,12,12,0,907,60,10042.6092309085,10162.6092309085,10171.261713178,10451.2177779154,-0.0343631043552957,0.134439674849819
"cell_0193",6,"stationary",12,12,12,0,907,36,10121.6254286492,10193.6254286492,10196.6874976147,10366.7905568533,NA,NA
"cell_0193",6,"sigma_time",12,12,12,0,907,48,10090.0323899012,10186.0323899012,10191.5149073837,10416.9192275067,-0.0295692458563339,NA
"cell_0193",6,"nu_time",12,12,12,0,907,48,10108.4366558589,10204.4366558589,10209.9191733414,10435.3234934645,NA,0.0723343836759596
"cell_0193",6,"sigma_nu_time",12,12,12,0,907,60,10062.6355653962,10182.6355653962,10191.2880476657,10471.2441124031,-0.0366947679742236,0.139958642363899
"cell_0194",6,"stationary",12,12,12,0,907,36,10163.3642024578,10235.3642024578,10238.4262714233,10408.5293306619,NA,NA
"cell_0194",6,"sigma_time",12,12,12,0,907,48,10127.9131459034,10223.9131459034,10229.3956633859,10454.799983509,-0.0320481028935165,NA
"cell_0194",6,"nu_time",12,12,12,0,907,48,10151.69383123,10247.69383123,10253.1763487125,10478.5806688355,NA,0.073988589010727
"cell_0194",6,"sigma_nu_time",12,12,12,0,907,60,10100.2489853573,10220.2489853573,10228.9014676268,10508.8575323642,-0.0405859732759106,0.139341390010028
"cell_0210",6,"stationary",12,12,12,0,907,36,10355.7579700272,10427.7579700272,10430.8200389928,10600.9230982314,NA,NA
"cell_0210",6,"sigma_time",12,12,12,0,907,48,10331.8503857635,10427.8503857635,10433.332903246,10658.7372233691,-0.0214399877760206,NA
"cell_0210",6,"nu_time",12,12,12,0,907,48,10346.0675362673,10442.0675362673,10447.5500537499,10672.9543738729,NA,0.0712452516870355
"cell_0210",6,"sigma_nu_time",12,12,12,0,907,60,10312.5601273489,10432.5601273489,10441.2126096184,10721.1686743558,-0.029971122395456,0.103409706900759
"cell_0211",6,"stationary",12,12,12,0,907,36,10331.3457068306,10403.3457068306,10406.4077757961,10576.5108350347,NA,NA
"cell_0211",6,"sigma_time",12,12,12,0,907,48,10304.0124529899,10400.0124529899,10405.4949704724,10630.8992905954,-0.0264721767692387,NA
"cell_0211",6,"nu_time",12,12,12,0,907,48,10321.9117071039,10417.9117071039,10423.3942245864,10648.7985447094,NA,0.067855654430639
"cell_0211",6,"sigma_nu_time",12,12,12,0,907,60,10283.4458937081,10403.4458937081,10412.0983759776,10692.054440715,-0.0316019645710749,0.0994437507583933
"cell_0212",6,"stationary",12,12,12,0,907,36,10306.386511618,10378.386511618,10381.4485805835,10551.5516398222,NA,NA
"cell_0212",6,"sigma_time",12,12,12,0,907,48,10276.3540968271,10372.3540968271,10377.8366143096,10603.2409344327,-0.028252954363293,NA
"cell_0212",6,"nu_time",12,12,12,0,907,48,10297.0662882679,10393.0662882679,10398.5488057504,10623.9531258734,NA,0.06031469520976
"cell_0212",6,"sigma_nu_time",12,12,12,0,907,60,10254.8363069211,10374.8363069211,10383.4887891906,10663.444853928,-0.0340072242219447,0.0943055239253804
"cell_0213",6,"stationary",12,12,12,0,907,36,10254.228536565,10326.228536565,10329.2906055305,10499.3936647691,NA,NA
"cell_0213",6,"sigma_time",12,12,12,0,907,48,10219.1383390147,10315.1383390147,10320.6208564972,10546.0251766202,-0.0299191185049713,NA
"cell_0213",6,"nu_time",12,12,12,0,907,48,10244.8472467836,10340.8472467836,10346.3297642661,10571.7340843891,NA,0.0537834837504004
"cell_0213",6,"sigma_nu_time",12,12,12,0,907,60,10196.7323350469,10316.7323350469,10325.3848173164,10605.3408820538,-0.0358771636292506,0.0931249414634532
"cell_0214",6,"stationary",12,12,12,0,907,36,10166.9326491118,10238.9326491118,10241.9947180774,10412.097777316,NA,NA
"cell_0214",6,"sigma_time",12,12,12,0,907,48,10119.980464344,10215.980464344,10221.4629818265,10446.8673019495,-0.0309477956382035,NA
"cell_0214",6,"nu_time",12,12,12,0,907,48,10157.6387070954,10253.6387070954,10259.1212245779,10484.5255447009,NA,0.0468219653130514
"cell_0214",6,"sigma_nu_time",12,12,12,0,907,60,10097.1151083091,10217.1151083091,10225.7675905786,10505.723655316,-0.0361611023709852,0.0961621979223933
"cell_0215",6,"stationary",12,12,12,0,907,36,10079.2604365355,10151.2604365355,10154.322505501,10324.4255647396,NA,NA
"cell_0215",6,"sigma_time",12,12,12,0,907,48,10020.8448461871,10116.8448461871,10122.3273636696,10347.7316837926,-0.0302751903175684,NA
"cell_0215",6,"nu_time",12,12,12,0,907,48,10070.1241851459,10166.1241851459,10171.6067026284,10397.0110227514,NA,0.0423988770621696
"cell_0215",6,"sigma_nu_time",12,12,12,0,907,60,9997.74241100583,10117.7424110058,10126.3948932753,10406.3509580127,-0.036123849239586,0.0988121805631428
"cell_0216",6,"stationary",12,12,12,0,907,36,9983.53601620499,10055.536016205,10058.5980851705,10228.7011444091,NA,NA
"cell_0216",6,"sigma_time",12,12,12,0,907,48,9926.38739245129,10022.3873924513,10027.8699099338,10253.2742300568,-0.0284013580748419,NA
"cell_0216",6,"nu_time",12,12,12,0,907,48,9973.99609824852,10069.9960982485,10075.478615731,10300.8829358541,NA,0.0502553878415416
"cell_0216",6,"sigma_nu_time",12,12,12,0,907,60,9903.12034916782,10023.1203491678,10031.7728314373,10311.7288961747,-0.0353982905996862,0.10550839403177
"cell_0217",6,"stationary",12,12,12,0,907,36,10010.6789345142,10082.6789345142,10085.7410034797,10255.8440627183,NA,NA
"cell_0217",6,"sigma_time",12,12,12,0,907,48,9962.32565936812,10058.3256593681,10063.8081768506,10289.2124969736,-0.0270215184765745,NA
"cell_0217",6,"nu_time",12,12,12,0,907,48,10000.7985640575,10096.7985640575,10102.28108154,10327.685401663,NA,0.0572793525180111
"cell_0217",6,"sigma_nu_time",12,12,12,0,907,60,9940.19157429085,10060.1915742909,10068.8440565604,10348.8001212978,-0.0357469024571068,0.108271614441792
"cell_0218",6,"stationary",12,12,12,0,907,36,10097.3814242147,10169.3814242147,10172.4434931802,10342.5465524188,NA,NA
"cell_0218",6,"sigma_time",12,12,12,0,907,48,10059.1353042096,10155.1353042096,10160.6178216921,10386.0221418151,-0.0266484098997401,NA
"cell_0218",6,"nu_time",12,12,12,0,907,48,10086.5668594859,10182.5668594859,10188.0493769684,10413.4536970915,NA,0.0718414123140571
"cell_0218",6,"sigma_nu_time",12,12,12,0,907,60,10036.5881197834,10156.5881197834,10165.2406020529,10445.1966667903,-0.0338981169793106,0.113383649178915
"cell_0219",6,"stationary",12,12,12,0,907,36,10189.3595434404,10261.3595434404,10264.421612406,10434.5246716446,NA,NA
"cell_0219",6,"sigma_time",12,12,12,0,907,48,10161.1452481777,10257.1452481777,10262.6277656602,10488.0320857832,-0.0247392639179823,NA
"cell_0219",6,"nu_time",12,12,12,0,907,48,10176.892815644,10272.892815644,10278.3753331265,10503.7796532495,NA,0.0758167646606433
"cell_0219",6,"sigma_nu_time",12,12,12,0,907,60,10139.4774771017,10259.4774771017,10268.1299593712,10548.0860241086,-0.0323776406633201,0.110671072894993
"cell_0220",6,"stationary",12,12,12,0,907,36,10242.585728623,10314.585728623,10317.6477975886,10487.7508568272,NA,NA
"cell_0220",6,"sigma_time",12,12,12,0,907,48,10218.8982962779,10314.8982962779,10320.3808137605,10545.7851338835,-0.0250613780009501,NA
"cell_0220",6,"nu_time",12,12,12,0,907,48,10229.7543488163,10325.7543488163,10331.2368662988,10556.6411864218,NA,0.0714696605170973
"cell_0220",6,"sigma_nu_time",12,12,12,0,907,60,10197.0286347942,10317.0286347942,10325.6811170637,10605.6371818011,-0.03166230650204,0.111368616969453
"cell_0221",6,"stationary",12,12,12,0,907,36,10237.2064975327,10309.2064975327,10312.2685664982,10482.3716257369,NA,NA
"cell_0221",6,"sigma_time",12,12,12,0,907,48,10212.5310825385,10308.5310825385,10314.0136000211,10539.4179201441,-0.0287867580859126,NA
"cell_0221",6,"nu_time",12,12,12,0,907,48,10224.6021275863,10320.6021275863,10326.0846450688,10551.4889651918,NA,0.0688945017058078
"cell_0221",6,"sigma_nu_time",12,12,12,0,907,60,10189.8453389495,10309.8453389495,10318.497821219,10598.4538859564,-0.0343021496878373,0.11537037991366
"cell_0237",6,"stationary",12,12,12,0,907,36,10200.0558377648,10272.0558377648,10275.1179067303,10445.2209659689,NA,NA
"cell_0237",6,"sigma_time",12,12,12,0,907,48,10168.7634801298,10264.7634801298,10270.2459976123,10495.6503177354,-0.0295927550817942,NA
"cell_0237",6,"nu_time",12,12,12,0,907,48,10193.8775827252,10289.8775827252,10295.3601002077,10520.7644203307,NA,0.0437076691372118
"cell_0237",6,"sigma_nu_time",12,12,12,0,907,60,10152.7340118068,10272.7340118068,10281.3864940763,10561.3425588137,-0.0339658608462461,0.0768845136065778
"cell_0238",6,"stationary",12,12,12,0,907,36,10226.9681995707,10298.9681995707,10302.0302685363,10472.1333277749,NA,NA
"cell_0238",6,"sigma_time",12,12,12,0,907,48,10199.4317838144,10295.4317838144,10300.9143012969,10526.3186214199,-0.0282255670511661,NA
"cell_0238",6,"nu_time",12,12,12,0,907,48,10219.5950885103,10315.5950885103,10321.0776059928,10546.4819261158,NA,0.0519065713523676
"cell_0238",6,"sigma_nu_time",12,12,12,0,907,60,10182.6777385059,10302.6777385059,10311.3302207754,10591.2862855128,-0.0305232299425,0.0890063047266651
"cell_0239",6,"stationary",12,12,12,0,907,36,10244.0278271505,10316.0278271505,10319.089896116,10489.1929553546,NA,NA
"cell_0239",6,"sigma_time",12,12,12,0,907,48,10215.5704467506,10311.5704467506,10317.0529642331,10542.4572843561,-0.0274979925770139,NA
"cell_0239",6,"nu_time",12,12,12,0,907,48,10235.7693565332,10331.7693565332,10337.2518740157,10562.6561941388,NA,0.0491753625860091
"cell_0239",6,"sigma_nu_time",12,12,12,0,907,60,10197.9965025798,10317.9965025798,10326.6489848493,10606.6050495867,-0.0302162990760898,0.0807594858833214
"cell_0240",6,"stationary",12,12,12,0,907,36,10262.5872228014,10334.5872228014,10337.6492917669,10507.7523510055,NA,NA
"cell_0240",6,"sigma_time",12,12,12,0,907,48,10230.9853971529,10326.9853971529,10332.4679146354,10557.8722347584,-0.0281932287010809,NA
"cell_0240",6,"nu_time",12,12,12,0,907,48,10254.0483143084,10350.0483143084,10355.5308317909,10580.9351519139,NA,0.0387073433699163
"cell_0240",6,"sigma_nu_time",12,12,12,0,907,60,10213.0405436532,10333.0405436532,10341.6930259227,10621.6490906601,-0.0315374239536099,0.0730463430423811
"cell_0241",6,"stationary",12,12,12,0,907,36,10242.0562593446,10314.0562593446,10317.1183283102,10487.2213875488,NA,NA
"cell_0241",6,"sigma_time",12,12,12,0,907,48,10205.4421633074,10301.4421633074,10306.9246807899,10532.3290009129,-0.0289049141545125,NA
"cell_0241",6,"nu_time",12,12,12,0,907,48,10233.593985731,10329.593985731,10335.0765032135,10560.4808233365,NA,0.0337871006061021
"cell_0241",6,"sigma_nu_time",12,12,12,0,907,60,10187.3086659763,10307.3086659763,10315.9611482458,10595.9172129832,-0.0328428738218878,0.0723612492549985
"cell_0242",6,"stationary",12,12,12,0,907,36,10163.4517127261,10235.4517127261,10238.5137816917,10408.6168409303,NA,NA
"cell_0242",6,"sigma_time",12,12,12,0,907,48,10116.5929281258,10212.5929281258,10218.0754456083,10443.4797657313,-0.0307930761653942,NA
"cell_0242",6,"nu_time",12,12,12,0,907,48,10155.9301677691,10251.9301677691,10257.4126852516,10482.8170053746,NA,0.0320724333453956
"cell_0242",6,"sigma_nu_time",12,12,12,0,907,60,10099.0720062453,10219.0720062453,10227.7244885148,10507.6805532522,-0.0343918960310931,0.0798569911585516
"cell_0243",6,"stationary",12,12,12,0,907,36,10068.7510025934,10140.7510025934,10143.8130715589,10313.9161307975,NA,NA
"cell_0243",6,"sigma_time",12,12,12,0,907,48,10020.404138765,10116.404138765,10121.8866562475,10347.2909763705,-0.0293465215782862,NA
"cell_0243",6,"nu_time",12,12,12,0,907,48,10062.1618465278,10158.1618465278,10163.6443640103,10389.0486841333,NA,0.0426869623007109
"cell_0243",6,"sigma_nu_time",12,12,12,0,907,60,10002.6500367683,10122.6500367683,10131.3025190378,10411.2585837752,-0.0337809215289059,0.0903884972711082
"cell_0244",6,"stationary",12,12,12,0,907,36,10025.3735625421,10097.3735625421,10100.4356315076,10270.5386907462,NA,NA
"cell_0244",6,"sigma_time",12,12,12,0,907,48,9980.2766366308,10076.2766366308,10081.7591541133,10307.1634742363,-0.0281666496494689,NA
"cell_0244",6,"nu_time",12,12,12,0,907,48,10019.2176452437,10115.2176452437,10120.7001627262,10346.1044828492,NA,0.056060935515464
"cell_0244",6,"sigma_nu_time",12,12,12,0,907,60,9962.60485573673,10082.6048557367,10091.2573380062,10371.2134027436,-0.0330522405438333,0.0948095400191633
"cell_0245",6,"stationary",12,12,12,0,907,36,10089.7405684807,10161.7405684807,10164.8026374462,10334.9056966849,NA,NA
"cell_0245",6,"sigma_time",12,12,12,0,907,48,10050.9982784943,10146.9982784943,10152.4807959768,10377.8851160998,-0.0264793372021397,NA
"cell_0245",6,"nu_time",12,12,12,0,907,48,10083.227233226,10179.227233226,10184.7097507085,10410.1140708315,NA,0.0565718374412277
"cell_0245",6,"sigma_nu_time",12,12,12,0,907,60,10034.1023234977,10154.1023234977,10162.7548057672,10442.7108705046,-0.0323941572922325,0.0949969255688329
"cell_0246",6,"stationary",12,12,12,0,907,36,10232.0944673114,10304.0944673114,10307.1565362769,10477.2595955156,NA,NA
"cell_0246",6,"sigma_time",12,12,12,0,907,48,10200.0787624123,10296.0787624123,10301.5612798948,10526.9656000178,-0.0271421386726379,NA
"cell_0246",6,"nu_time",12,12,12,0,907,48,10224.9690062536,10320.9690062536,10326.4515237361,10551.8558438591,NA,0.0531131122216606
"cell_0246",6,"sigma_nu_time",12,12,12,0,907,60,10184.439142622,10304.439142622,10313.0916248915,10593.0476896289,-0.0325648114999187,0.0844422476339391
"cell_0247",6,"stationary",12,12,12,0,907,36,10364.4685211332,10436.4685211332,10439.5305900987,10609.6336493373,NA,NA
"cell_0247",6,"sigma_time",12,12,12,0,907,48,10338.9633225276,10434.9633225276,10440.4458400101,10665.8501601331,-0.0264892663570444,NA
"cell_0247",6,"nu_time",12,12,12,0,907,48,10356.4685484399,10452.4685484399,10457.9510659224,10683.3553860454,NA,0.0510522235207543
"cell_0247",6,"sigma_nu_time",12,12,12,0,907,60,10323.0929402457,10443.0929402457,10451.7454225152,10731.7014872526,-0.0307004436036107,0.0807316747352839
"cell_0248",6,"stationary",12,12,12,0,907,36,10386.649066207,10458.649066207,10461.7111351725,10631.8141944111,NA,NA
"cell_0248",6,"sigma_time",12,12,12,0,907,48,10367.3647622675,10463.3647622675,10468.84727975,10694.251599873,-0.025425073647082,NA
"cell_0248",6,"nu_time",12,12,12,0,907,48,10377.0823793128,10473.0823793128,10478.5648967953,10703.9692169183,NA,0.0510710115550631
"cell_0248",6,"sigma_nu_time",12,12,12,0,907,60,10351.6348404904,10471.6348404904,10480.2873227599,10760.2433874973,-0.0305524608838435,0.0795221368130197
"cell_0265",6,"stationary",12,12,12,0,907,36,10156.8939480596,10228.8939480596,10231.9560170251,10402.0590762638,NA,NA
"cell_0265",6,"sigma_time",12,12,12,0,907,48,10103.0627404129,10199.0627404129,10204.5452578954,10429.9495780184,-0.0320698262606515,NA
"cell_0265",6,"nu_time",12,12,12,0,907,48,10151.4624346956,10247.4624346956,10252.9449521781,10478.3492723011,NA,0.00827011840334925
"cell_0265",6,"sigma_nu_time",12,12,12,0,907,60,10089.5995442196,10209.5995442196,10218.2520264891,10498.2080912265,-0.0341851479135839,0.0562076819266483
"cell_0266",6,"stationary",12,12,12,0,907,36,10191.5469392244,10263.5469392244,10266.6090081899,10436.7120674285,NA,NA
"cell_0266",6,"sigma_time",12,12,12,0,907,48,10144.3888402774,10240.3888402774,10245.87135776,10471.275677883,-0.0304691760147254,NA
"cell_0266",6,"nu_time",12,12,12,0,907,48,10185.1333806849,10281.1333806849,10286.6158981674,10512.0202182904,NA,0.013660472410453
"cell_0266",6,"sigma_nu_time",12,12,12,0,907,60,10130.6461022457,10250.6461022457,10259.2985845152,10539.2546492526,-0.0317607748925127,0.0565524195171425
"cell_0267",6,"stationary",12,12,12,0,907,36,10230.7790692313,10302.7790692313,10305.8411381968,10475.9441974354,NA,NA
"cell_0267",6,"sigma_time",12,12,12,0,907,48,10189.7128956694,10285.7128956694,10291.1954131519,10516.5997332749,-0.0284440693903349,NA
"cell_0267",6,"nu_time",12,12,12,0,907,48,10223.2331729925,10319.2331729925,10324.715690475,10550.120010598,NA,0.0134710486780171
"cell_0267",6,"sigma_nu_time",12,12,12,0,907,60,10175.5057946745,10295.5057946745,10304.158276944,10584.1143416814,-0.0306101826199174,0.0502906124569808
"cell_0268",6,"stationary",12,12,12,0,907,36,10255.6882182253,10327.6882182253,10330.7502871908,10500.8533464295,NA,NA
"cell_0268",6,"sigma_time",12,12,12,0,907,48,10221.50785097,10317.50785097,10322.9903684526,10548.3946885756,-0.0258161099746313,NA
"cell_0268",6,"nu_time",12,12,12,0,907,48,10247.2019538047,10343.2019538047,10348.6844712872,10574.0887914102,NA,0.0143332882430282
"cell_0268",6,"sigma_nu_time",12,12,12,0,907,60,10206.8212115104,10326.8212115104,10335.4736937799,10615.4297585173,-0.0291567279354614,0.0471399204926176
"cell_0269",6,"stationary",12,12,12,0,907,36,10231.0651409453,10303.0651409453,10306.1272099108,10476.2302691495,NA,NA
"cell_0269",6,"sigma_time",12,12,12,0,907,48,10198.4233682618,10294.4233682618,10299.9058857443,10525.3102058673,-0.0253842876623612,NA
"cell_0269",6,"nu_time",12,12,12,0,907,48,10222.9392599673,10318.9392599673,10324.4217774498,10549.8260975728,NA,0.018852226198808
"cell_0269",6,"sigma_nu_time",12,12,12,0,907,60,10183.9567134101,10303.9567134101,10312.6091956796,10592.565260417,-0.0291668327160052,0.0518116994062933
"cell_0270",6,"stationary",12,12,12,0,907,36,10159.243941832,10231.243941832,10234.3060107975,10404.4090700361,NA,NA
"cell_0270",6,"sigma_time",12,12,12,0,907,48,10123.0881949827,10219.0881949827,10224.5707124652,10449.9750325883,-0.0266288188461715,NA
"cell_0270",6,"nu_time",12,12,12,0,907,48,10152.8088180034,10248.8088180034,10254.2913354859,10479.6956556089,NA,0.0294131359143401
"cell_0270",6,"sigma_nu_time",12,12,12,0,907,60,10109.4386666782,10229.4386666782,10238.0911489477,10518.0472136851,-0.0303111027344896,0.0649076663571273
"cell_0271",6,"stationary",12,12,12,0,907,36,10098.1172350328,10170.1172350328,10173.1793039983,10343.2823632369,NA,NA
"cell_0271",6,"sigma_time",12,12,12,0,907,48,10061.6155363747,10157.6155363747,10163.0980538572,10388.5023739802,-0.0273861628126313,NA
"cell_0271",6,"nu_time",12,12,12,0,907,48,10093.247112236,10189.247112236,10194.7296297185,10420.1339498415,NA,0.0315764549179083
"cell_0271",6,"sigma_nu_time",12,12,12,0,907,60,10048.5614406284,10168.5614406284,10177.213922898,10457.1699876354,-0.0304365443623177,0.0657776654002515
"cell_0272",6,"stationary",12,12,12,0,907,36,10084.5345462265,10156.5345462265,10159.596615192,10329.6996744306,NA,NA
"cell_0272",6,"sigma_time",12,12,12,0,907,48,10047.4098077795,10143.4098077795,10148.8923252621,10374.2966453851,-0.0283473797050925,NA
"cell_0272",6,"nu_time",12,12,12,0,907,48,10080.2890245677,10176.2890245677,10181.7715420503,10407.1758621733,NA,0.0246721511096644
"cell_0272",6,"sigma_nu_time",12,12,12,0,907,60,10033.6304267449,10153.6304267449,10162.2829090144,10442.2389737518,-0.0312596638352115,0.0827163182119438
"cell_0273",6,"stationary",12,12,12,0,907,36,10231.5435687053,10303.5435687053,10306.6056376708,10476.7086969094,NA,NA
"cell_0273",6,"sigma_time",12,12,12,0,907,48,10195.9891417095,10291.9891417095,10297.471659192,10522.875979315,-0.0298915880921822,NA
"cell_0273",6,"nu_time",12,12,12,0,907,48,10226.9870302245,10322.9870302245,10328.469547707,10553.87386783,NA,0.038781217351916
"cell_0273",6,"sigma_nu_time",12,12,12,0,907,60,10181.9256010856,10301.9256010856,10310.5780833551,10590.5341480925,-0.0330365753943331,0.0884569642936917
"cell_0274",6,"stationary",12,12,12,0,907,36,10386.8437635476,10458.8437635476,10461.9058325131,10632.0088917518,NA,NA
"cell_0274",6,"sigma_time",12,12,12,0,907,48,10357.9137976166,10453.9137976166,10459.3963150991,10684.8006352221,-0.0303239251260523,NA
"cell_0274",6,"nu_time",12,12,12,0,907,48,10381.7092208056,10477.7092208056,10483.1917382881,10708.5960584111,NA,0.0406125131979535
"cell_0274",6,"sigma_nu_time",12,12,12,0,907,60,10344.8366308804,10464.8366308804,10473.4891131499,10753.4451778873,-0.0330962222533138,0.0834061566491076
"cell_0275",6,"stationary",12,12,12,0,907,36,10511.1828223726,10583.1828223726,10586.2448913381,10756.3479505767,NA,NA
"cell_0275",6,"sigma_time",12,12,12,0,907,48,10490.6811304164,10586.6811304164,10592.1636478989,10817.5679680219,-0.0274468313724361,NA
"cell_0275",6,"nu_time",12,12,12,0,907,48,10505.3190440333,10601.3190440333,10606.8015615159,10832.2058816389,NA,0.0349011697214575
"cell_0275",6,"sigma_nu_time",12,12,12,0,907,60,10479.2136308972,10599.2136308972,10607.8661131667,10887.8221779041,-0.0300919923126098,0.0713654402676984
"cell_0276",6,"stationary",12,12,12,0,907,36,10545.9860267162,10617.9860267162,10621.0480956817,10791.1511549203,NA,NA
"cell_0276",6,"sigma_time",12,12,12,0,907,48,10527.5550175318,10623.5550175318,10629.0375350143,10854.4418551373,-0.0275736077900154,NA
"cell_0276",6,"nu_time",12,12,12,0,907,48,10539.8773359829,10635.8773359829,10641.3598534655,10866.7641735885,NA,0.0289695859462243
"cell_0276",6,"sigma_nu_time",12,12,12,0,907,60,10516.0873288005,10636.0873288005,10644.73981107,10924.6958758074,-0.0301432320240083,0.0740100817778455
"cell_0293",6,"stationary",12,12,12,0,907,36,10275.1078193216,10347.1078193216,10350.1698882871,10520.2729475258,NA,NA
"cell_0293",6,"sigma_time",12,12,12,0,907,48,10218.4531442376,10314.4531442376,10319.9356617201,10545.3399818431,-0.0326190302308972,NA
"cell_0293",6,"nu_time",12,12,12,0,907,48,10268.7734075738,10364.7734075738,10370.2559250563,10595.6602451793,NA,-0.0152288237518555
"cell_0293",6,"sigma_nu_time",12,12,12,0,907,60,10205.7515557069,10325.7515557069,10334.4040379764,10614.3601027138,-0.0309968811884531,0.0293989585708153
"cell_0294",6,"stationary",12,12,12,0,907,36,10344.9797545589,10416.9797545589,10420.0418235244,10590.1448827631,NA,NA
"cell_0294",6,"sigma_time",12,12,12,0,907,48,10299.9708064344,10395.9708064344,10401.453323917,10626.85764404,-0.0303363526354638,NA
"cell_0294",6,"nu_time",12,12,12,0,907,48,10338.6228494158,10434.6228494158,10440.1053668983,10665.5096870213,NA,-0.0134432452237876
"cell_0294",6,"sigma_nu_time",12,12,12,0,907,60,10287.9602178366,10407.9602178366,10416.6127001061,10696.5687648435,-0.0286081245037513,0.0281996201703056
"cell_0295",6,"stationary",12,12,12,0,907,36,10369.9307314142,10441.9307314142,10444.9928003797,10615.0958596183,NA,NA
"cell_0295",6,"sigma_time",12,12,12,0,907,48,10335.2922668669,10431.2922668669,10436.7747843494,10662.1791044724,-0.0270223636639807,NA
"cell_0295",6,"nu_time",12,12,12,0,907,48,10363.4010728745,10459.4010728745,10464.883590357,10690.2879104801,NA,-0.00250605867021586
"cell_0295",6,"sigma_nu_time",12,12,12,0,907,60,10323.0697331297,10443.0697331297,10451.7222153992,10731.6782801366,-0.0258761933694044,0.0398511560282412
"cell_0296",6,"stationary",12,12,12,0,907,36,10373.3844027924,10445.3844027924,10448.4464717579,10618.5495309965,NA,NA
"cell_0296",6,"sigma_time",12,12,12,0,907,48,10345.6444304364,10441.6444304364,10447.1269479189,10672.5312680419,-0.0245301409106664,NA
"cell_0296",6,"nu_time",12,12,12,0,907,48,10366.7467897229,10462.7467897229,10468.2293072054,10693.6336273284,NA,0.00649404445707653
"cell_0296",6,"sigma_nu_time",12,12,12,0,907,60,10333.5083950248,10453.5083950248,10462.1608772943,10742.1169420317,-0.0247186268858694,0.0428511530171964
"cell_0297",6,"stationary",12,12,12,0,907,36,10346.7687553525,10418.7687553525,10421.830824318,10591.9338835566,NA,NA
"cell_0297",6,"sigma_time",12,12,12,0,907,48,10319.0624835996,10415.0624835996,10420.5450010821,10645.9493212051,-0.0248271724769763,NA
"cell_0297",6,"nu_time",12,12,12,0,907,48,10340.7171880159,10436.7171880159,10442.1997054984,10667.6040256214,NA,0.0073223470561878
"cell_0297",6,"sigma_nu_time",12,12,12,0,907,60,10308.0421110603,10428.0421110603,10436.6945933298,10716.6506580672,-0.0256682537738126,0.042984999959447
"cell_0298",6,"stationary",12,12,12,0,907,36,10278.3002352024,10350.3002352024,10353.3623041679,10523.4653634066,NA,NA
"cell_0298",6,"sigma_time",12,12,12,0,907,48,10249.8902376147,10345.8902376147,10351.3727550972,10576.7770752203,-0.0245328447411492,NA
"cell_0298",6,"nu_time",12,12,12,0,907,48,10273.5996223735,10369.5996223735,10375.082139856,10600.486459979,NA,0.00964490196521753
"cell_0298",6,"sigma_nu_time",12,12,12,0,907,60,10239.1353236994,10359.1353236994,10367.7878059689,10647.7438707063,-0.026866453541132,0.0419595866709004
"cell_0299",6,"stationary",12,12,12,0,907,36,10294.1458353285,10366.1458353285,10369.207904294,10539.3109635326,NA,NA
"cell_0299",6,"sigma_time",12,12,12,0,907,48,10259.1255878412,10355.1255878412,10360.6081053237,10586.0124254467,-0.0282635453204641,NA
"cell_0299",6,"nu_time",12,12,12,0,907,48,10290.7693707553,10386.7693707553,10392.2518882378,10617.6562083608,NA,-0.00200125539480265
"cell_0299",6,"sigma_nu_time",12,12,12,0,907,60,10249.451280397,10369.451280397,10378.1037626665,10658.0598274039,-0.0298250963972258,0.0419710078297753
"cell_0300",6,"stationary",12,12,12,0,907,36,10344.2805916848,10416.2805916848,10419.3426606503,10589.4457198889,NA,NA
"cell_0300",6,"sigma_time",12,12,12,0,907,48,10304.5605379058,10400.5605379058,10406.0430553883,10631.4473755114,-0.0315203257376535,NA
"cell_0300",6,"nu_time",12,12,12,0,907,48,10341.6420322752,10437.6420322752,10443.1245497577,10668.5288698807,NA,0.00674253806635782
"cell_0300",6,"sigma_nu_time",12,12,12,0,907,60,10294.3790920468,10414.3790920468,10423.0315743163,10702.9876390537,-0.0323165776171966,0.0640965535860243
"cell_0301",6,"stationary",12,12,12,0,907,36,10455.8165598824,10527.8165598824,10530.8786288479,10700.9816880865,NA,NA
"cell_0301",6,"sigma_time",12,12,12,0,907,48,10417.6776655364,10513.6776655364,10519.1601830189,10744.5645031419,-0.0341722594638642,NA
"cell_0301",6,"nu_time",12,12,12,0,907,48,10452.9764848069,10548.9764848069,10554.4590022895,10779.8633224125,NA,0.0206671943797549
"cell_0301",6,"sigma_nu_time",12,12,12,0,907,60,10406.6877747722,10526.6877747722,10535.3402570417,10815.2963217792,-0.0348484502187441,0.0663855623461701
"cell_0302",6,"stationary",12,12,12,0,907,36,10568.9547495055,10640.9547495055,10644.016818471,10814.1198777097,NA,NA
"cell_0302",6,"sigma_time",12,12,12,0,907,48,10540.0266030886,10636.0266030886,10641.5091205712,10866.9134406942,-0.0333791499138552,NA
"cell_0302",6,"nu_time",12,12,12,0,907,48,10565.1707497744,10661.1707497744,10666.653267257,10892.05758738,NA,0.0333608063699848
"cell_0302",6,"sigma_nu_time",12,12,12,0,907,60,10529.3428693836,10649.3428693836,10657.9953516531,10937.9514163905,-0.0353872156715537,0.0714646591425445
"cell_0303",6,"stationary",12,12,12,0,907,36,10653.3901417668,10725.3901417668,10728.4522107324,10898.555269971,NA,NA
"cell_0303",6,"sigma_time",12,12,12,0,907,48,10636.5584094177,10732.5584094177,10738.0409269002,10963.4452470232,-0.0243468371522041,NA
"cell_0303",6,"nu_time",12,12,12,0,907,48,10648.4132874821,10744.4132874821,10749.8958049646,10975.3001250876,NA,0.0355310546571792
"cell_0303",6,"sigma_nu_time",12,12,12,0,907,60,10627.224890198,10747.224890198,10755.8773724675,11035.8334372049,-0.0283996961724712,0.0703913572684247
"cell_0304",6,"stationary",12,12,12,0,907,36,10665.2953368438,10737.2953368438,10740.3574058093,10910.4604650479,NA,NA
"cell_0304",6,"sigma_time",12,12,12,0,907,48,10643.6854327353,10739.6854327353,10745.1679502178,10970.5722703408,-0.0301588799983748,NA
"cell_0304",6,"nu_time",12,12,12,0,907,48,10661.6938536448,10757.6938536448,10763.1763711274,10988.5806912504,NA,0.0209500611492647
"cell_0304",6,"sigma_nu_time",12,12,12,0,907,60,10634.9024544459,10754.9024544459,10763.5549367154,11043.5110014528,-0.0335930695421242,0.0647824895955344
"cell_0321",6,"stationary",12,12,12,0,907,36,10462.0676091008,10534.0676091008,10537.1296780663,10707.2327373049,NA,NA
"cell_0321",6,"sigma_time",12,12,12,0,907,48,10428.6966061266,10524.6966061266,10530.1791236091,10755.5834437321,-0.0283903319213938,NA
"cell_0321",6,"nu_time",12,12,12,0,907,48,10456.777788536,10552.777788536,10558.2603060186,10783.6646261416,NA,-0.0182269394740053
"cell_0321",6,"sigma_nu_time",12,12,12,0,907,60,10415.8679625955,10535.8679625955,10544.520444865,10824.4765096024,-0.0268976959113593,0.0183899190784095
"cell_0322",6,"stationary",12,12,12,0,907,36,10594.8275066372,10666.8275066372,10669.8895756027,10839.9926348413,NA,NA
"cell_0322",6,"sigma_time",12,12,12,0,907,48,10572.1110939021,10668.1110939021,10673.5936113846,10898.9979315076,-0.0258874361350653,NA
"cell_0322",6,"nu_time",12,12,12,0,907,48,10589.5477398594,10685.5477398594,10691.0302573419,10916.4345774649,NA,-0.0180975145670444
"cell_0322",6,"sigma_nu_time",12,12,12,0,907,60,10561.4527850435,10681.4527850435,10690.105267313,10970.0613320505,-0.0244586429946857,0.015611333858861
"cell_0323",6,"stationary",12,12,12,0,907,36,10658.4239183641,10730.4239183641,10733.4859873296,10903.5890465682,NA,NA
"cell_0323",6,"sigma_time",12,12,12,0,907,48,10641.6448128997,10737.6448128997,10743.1273303823,10968.5316505053,-0.0223039956524743,NA
"cell_0323",6,"nu_time",12,12,12,0,907,48,10652.7952588113,10748.7952588113,10754.2777762938,10979.6820964168,NA,-0.0133686471512331
"cell_0323",6,"sigma_nu_time",12,12,12,0,907,60,10631.5177919622,10751.5177919622,10760.1702742317,11040.1263389691,-0.023209724836462,0.0170965431014361
"cell_0324",6,"stationary",12,12,12,0,907,36,10607.6331484835,10679.6331484835,10682.695217449,10852.7982766876,NA,NA
"cell_0324",6,"sigma_time",12,12,12,0,907,48,10590.6076574009,10686.6076574009,10692.0901748834,10917.4944950064,-0.0230141656883958,NA
"cell_0324",6,"nu_time",12,12,12,0,907,48,10602.1702797957,10698.1702797957,10703.6527972782,10929.0571174012,NA,-0.00901812342639699
"cell_0324",6,"sigma_nu_time",12,12,12,0,907,60,10580.3586930749,10700.3586930749,10709.0111753444,10988.9672400818,-0.0225466276118187,0.0219639586470528
"cell_0325",6,"stationary",12,12,12,0,907,36,10556.9690213874,10628.9690213874,10632.0310903529,10802.1341495915,NA,NA
"cell_0325",6,"sigma_time",12,12,12,0,907,48,10534.3787144699,10630.3787144699,10635.8612319524,10861.2655520754,-0.0253250900787696,NA
"cell_0325",6,"nu_time",12,12,12,0,907,48,10552.4038186219,10648.4038186219,10653.8863361044,10879.2906562274,NA,-0.0163497441541555
"cell_0325",6,"sigma_nu_time",12,12,12,0,907,60,10525.274292144,10645.274292144,10653.9267744135,10933.8828391509,-0.0242990111029924,0.0221154702558112
"cell_0326",6,"stationary",12,12,12,0,907,36,10533.7553618196,10605.7553618196,10608.8174307851,10778.9204900238,NA,NA
"cell_0326",6,"sigma_time",12,12,12,0,907,48,10504.7742074567,10600.7742074567,10606.2567249392,10831.6610450622,-0.0271493151731766,NA
"cell_0326",6,"nu_time",12,12,12,0,907,48,10529.8839989089,10625.8839989089,10631.3665163915,10856.7708365145,NA,-0.0227408708557949
"cell_0326",6,"sigma_nu_time",12,12,12,0,907,60,10496.5795555646,10616.5795555646,10625.2320378341,10905.1881025715,-0.0265740689755491,0.0234008383013126
"cell_0327",6,"stationary",12,12,12,0,907,36,10553.9150846332,10625.9150846332,10628.9771535987,10799.0802128374,NA,NA
"cell_0327",6,"sigma_time",12,12,12,0,907,48,10520.2224821658,10616.2224821658,10621.7049996483,10847.1093197713,-0.0303262396616543,NA
"cell_0327",6,"nu_time",12,12,12,0,907,48,10550.85759684,10646.85759684,10652.3401143225,10877.7444344455,NA,-0.0150839165824278
"cell_0327",6,"sigma_nu_time",12,12,12,0,907,60,10511.6553383081,10631.6553383081,10640.3078205776,10920.263885315,-0.0293605418609287,0.0367351555318616
"cell_0328",6,"stationary",12,12,12,0,907,36,10611.1529265753,10683.1529265753,10686.2149955408,10856.3180547794,NA,NA
"cell_0328",6,"sigma_time",12,12,12,0,907,48,10572.6968974911,10668.6968974911,10674.1794149736,10899.5837350966,-0.0334634251401116,NA
"cell_0328",6,"nu_time",12,12,12,0,907,48,10608.944691038,10704.944691038,10710.4272085205,10935.8315286435,NA,-0.000906283548464183
"cell_0328",6,"sigma_nu_time",12,12,12,0,907,60,10563.9888071879,10683.9888071879,10692.6412894574,10972.5973541948,-0.0326481147603908,0.0421575649317897
"cell_0329",6,"stationary",12,12,12,0,907,36,10711.9917540374,10783.9917540374,10787.0538230029,10957.1568822415,NA,NA
"cell_0329",6,"sigma_time",12,12,12,0,907,48,10673.1903844642,10769.1903844642,10774.6729019468,11000.0772220698,-0.0354159173327017,NA
"cell_0329",6,"nu_time",12,12,12,0,907,48,10709.8395417443,10805.8395417443,10811.3220592268,11036.7263793499,NA,0.00866903348272752
"cell_0329",6,"sigma_nu_time",12,12,12,0,907,60,10664.1590746961,10784.1590746961,10792.8115569656,11072.767621703,-0.0360769304408892,0.0449015477763978
"cell_0330",6,"stationary",12,12,12,0,907,36,10746.8194779709,10818.8194779709,10821.8815469364,10991.9846061751,NA,NA
"cell_0330",6,"sigma_time",12,12,12,0,907,48,10720.3307206275,10816.3307206275,10821.8132381101,11047.2175582331,-0.0307038140389073,NA
"cell_0330",6,"nu_time",12,12,12,0,907,48,10743.3777844985,10839.3777844985,10844.8603019811,11070.2646221041,NA,0.0283944105585945
"cell_0330",6,"sigma_nu_time",12,12,12,0,907,60,10711.1018080843,10831.1018080843,10839.7542903538,11119.7103550912,-0.0340609205006683,0.0527944578004897
"cell_0331",6,"stationary",12,12,12,0,907,36,10795.8214164665,10867.8214164665,10870.883485432,11040.9865446706,NA,NA
"cell_0331",6,"sigma_time",12,12,12,0,907,48,10769.1001424682,10865.1001424682,10870.5826599507,11095.9869800737,-0.0337520534893069,NA
"cell_0331",6,"nu_time",12,12,12,0,907,48,10793.112653659,10889.112653659,10894.5951711415,11119.9994912645,NA,0.0175825282082716
"cell_0331",6,"sigma_nu_time",12,12,12,0,907,60,10761.1053682688,10881.1053682688,10889.7578505383,11169.7139152757,-0.0367802244620136,0.0467612798992185
"cell_0348",6,"stationary",12,12,12,0,907,36,10461.668680265,10533.668680265,10536.7307492305,10706.8338084692,NA,NA
"cell_0348",6,"sigma_time",12,12,12,0,907,48,10440.2035666959,10536.2035666959,10541.6860841784,10767.0904043014,-0.0232847721549871,NA
"cell_0348",6,"nu_time",12,12,12,0,907,48,10455.9426800851,10551.9426800851,10557.4251975676,10782.8295176906,NA,-0.00590070342918347
"cell_0348",6,"sigma_nu_time",12,12,12,0,907,60,10425.3556977836,10545.3556977836,10554.0081800531,10833.9642447905,-0.0219274252997191,0.0308622175837368
"cell_0349",6,"stationary",12,12,12,0,907,36,10672.2319369052,10744.2319369052,10747.2940058707,10917.3970651093,NA,NA
"cell_0349",6,"sigma_time",12,12,12,0,907,48,10653.4932873275,10749.4932873275,10754.97580481,10980.380124933,-0.0250523481813395,NA
"cell_0349",6,"nu_time",12,12,12,0,907,48,10666.4788359593,10762.4788359593,10767.9613534418,10993.3656735648,NA,-0.00937963442625808
"cell_0349",6,"sigma_nu_time",12,12,12,0,907,60,10641.1476064228,10761.1476064228,10769.8000886923,11049.7561534297,-0.0237468669877771,0.0215150383461826
"cell_0350",6,"stationary",12,12,12,0,907,36,10864.862484198,10936.862484198,10939.9245531635,11110.0276124021,NA,NA
"cell_0350",6,"sigma_time",12,12,12,0,907,48,10851.6452070013,10947.6452070013,10953.1277244838,11178.5320446068,-0.0216947656803418,NA
"cell_0350",6,"nu_time",12,12,12,0,907,48,10859.2327937104,10955.2327937104,10960.715311193,11186.119631316,NA,-0.000431871230779639
"cell_0350",6,"sigma_nu_time",12,12,12,0,907,60,10842.4263188097,10962.4263188097,10971.0788010792,11251.0348658166,-0.0226523682299598,0.0170333702077569
"cell_0351",6,"stationary",12,12,12,0,907,36,10942.8318076689,11014.8318076689,11017.8938766344,11187.996935873,NA,NA
"cell_0351",6,"sigma_time",12,12,12,0,907,48,10930.202678051,11026.202678051,11031.6851955335,11257.0895156565,-0.0220340192349049,NA
"cell_0351",6,"nu_time",12,12,12,0,907,48,10937.8693326994,11033.8693326994,11039.3518501819,11264.7561703049,NA,-0.00360763789860667
"cell_0351",6,"sigma_nu_time",12,12,12,0,907,60,10923.0397435247,11043.0397435247,11051.6922257942,11331.6482905316,-0.0217641113468768,0.0128357226855829
"cell_0352",6,"stationary",12,12,12,0,907,36,10860.1478210056,10932.1478210056,10935.2098899711,11105.3129492098,NA,NA
"cell_0352",6,"sigma_time",12,12,12,0,907,48,10845.8861987771,10941.8861987771,10947.3687162596,11172.7730363826,-0.0220940187113062,NA
"cell_0352",6,"nu_time",12,12,12,0,907,48,10855.0792619361,10951.0792619361,10956.5617794186,11181.9660995416,NA,-0.00418973161858481
"cell_0352",6,"sigma_nu_time",12,12,12,0,907,60,10837.6827419178,10957.6827419178,10966.3352241873,11246.2912889247,-0.0224747043689413,0.0156477028048101
"cell_0353",6,"stationary",12,12,12,0,907,36,10790.1574806527,10862.1574806527,10865.2195496182,11035.3226088569,NA,NA
"cell_0353",6,"sigma_time",12,12,12,0,907,48,10770.7670532055,10866.7670532055,10872.249570688,11097.6538908111,-0.025526389134875,NA
"cell_0353",6,"nu_time",12,12,12,0,907,48,10785.8479708276,10881.8479708276,10887.3304883101,11112.7348084331,NA,-0.0227872686898543
"cell_0353",6,"sigma_nu_time",12,12,12,0,907,60,10762.5265239713,10882.5265239713,10891.1790062408,11171.1350709782,-0.0254591650621141,0.0163535387986346
"cell_0354",6,"stationary",12,12,12,0,907,36,10746.1971554663,10818.1971554663,10821.2592244318,10991.3622836705,NA,NA
"cell_0354",6,"sigma_time",12,12,12,0,907,48,10721.144430935,10817.144430935,10822.6269484175,11048.0312685405,-0.0280308727701363,NA
"cell_0354",6,"nu_time",12,12,12,0,907,48,10742.7119458274,10838.7119458274,10844.1944633099,11069.5987834329,NA,-0.0223321077319878
"cell_0354",6,"sigma_nu_time",12,12,12,0,907,60,10713.2771582742,10833.2771582742,10841.9296405437,11121.8857052811,-0.0281334568859171,0.0190296443234163
"cell_0355",6,"stationary",12,12,12,0,907,36,10787.8794167022,10859.8794167022,10862.9414856677,11033.0445449063,NA,NA
"cell_0355",6,"sigma_time",12,12,12,0,907,48,10757.9598797484,10853.9598797484,10859.4423972309,11084.8467173539,-0.0306666423872242,NA
"cell_0355",6,"nu_time",12,12,12,0,907,48,10785.0932212975,10881.0932212975,10886.57573878,11111.980058903,NA,-0.0126780745804571
"cell_0355",6,"sigma_nu_time",12,12,12,0,907,60,10750.1282251078,10870.1282251078,10878.7807073773,11158.7367721147,-0.0311218249478209,0.023680970240487
"cell_0356",6,"stationary",12,12,12,0,907,36,10850.5490993489,10922.5490993489,10925.6111683144,11095.7142275531,NA,NA
"cell_0356",6,"sigma_time",12,12,12,0,907,48,10817.6089244551,10913.6089244551,10919.0914419376,11144.4957620606,-0.0329631913311727,NA
"cell_0356",6,"nu_time",12,12,12,0,907,48,10848.1494477028,10944.1494477028,10949.6319651853,11175.0362853083,NA,-0.00330296231277352
"cell_0356",6,"sigma_nu_time",12,12,12,0,907,60,10809.5549261689,10929.5549261689,10938.2074084384,11218.1634731758,-0.0336426891543704,0.0253566143935702
"cell_0357",6,"stationary",12,12,12,0,907,36,10915.7821202934,10987.7821202934,10990.8441892589,11160.9472484976,NA,NA
"cell_0357",6,"sigma_time",12,12,12,0,907,48,10881.1164961962,10977.1164961962,10982.5990136788,11208.0033338018,-0.0338396498227016,NA
"cell_0357",6,"nu_time",12,12,12,0,907,48,10913.5464806765,11009.5464806765,11015.0289981591,11240.4333182821,NA,0.00394543292243286
"cell_0357",6,"sigma_nu_time",12,12,12,0,907,60,10873.2051959913,10993.2051959913,11001.8576782608,11281.8137429982,-0.0355991504450997,0.0332925600293299
"cell_0358",6,"stationary",12,12,12,0,907,36,10935.5933986689,11007.5933986689,11010.6554676345,11180.7585268731,NA,NA
"cell_0358",6,"sigma_time",12,12,12,0,907,48,10902.3773843755,10998.3773843755,11003.859901858,11229.264221981,-0.0351674511421046,NA
"cell_0358",6,"nu_time",12,12,12,0,907,48,10933.2528084664,11029.2528084664,11034.7353259489,11260.1396460719,NA,0.00857022274611536
"cell_0358",6,"sigma_nu_time",12,12,12,0,907,60,10894.2601851313,11014.2601851313,11022.9126674008,11302.8687321382,-0.0369062144293016,0.0353289186304449
"cell_0371",6,"stationary",12,12,12,0,907,36,10335.9895621459,10407.9895621459,10411.0516311114,10581.1546903501,NA,NA
"cell_0371",6,"sigma_time",12,12,12,0,907,48,10307.2594634286,10403.2594634286,10408.7419809111,10634.1463010341,-0.0273939236369747,NA
"cell_0371",6,"nu_time",12,12,12,0,907,48,10329.2829324843,10425.2829324843,10430.7654499668,10656.1697700898,NA,0.0538112227140708
"cell_0371",6,"sigma_nu_time",12,12,12,0,907,60,10292.1898193346,10412.1898193346,10420.8423016041,10700.7983663415,-0.0323513092573368,0.0849742596748986
"cell_0372",6,"stationary",12,12,12,0,907,36,10325.8827195374,10397.8827195374,10400.944788503,10571.0478477416,NA,NA
"cell_0372",6,"sigma_time",12,12,12,0,907,48,10307.6960844533,10403.6960844533,10409.1786019358,10634.5829220588,-0.0225097924582998,NA
"cell_0372",6,"nu_time",12,12,12,0,907,48,10317.0014843339,10413.0014843339,10418.4840018164,10643.8883219394,NA,0.0655222854361209
"cell_0372",6,"sigma_nu_time",12,12,12,0,907,60,10292.2326577452,10412.2326577452,10420.8851400147,10700.8412047521,-0.0279643025103566,0.087163904920136
"cell_0373",6,"stationary",12,12,12,0,907,36,10356.0318732015,10428.0318732015,10431.0939421671,10601.1970014057,NA,NA
"cell_0373",6,"sigma_time",12,12,12,0,907,48,10349.1604915407,10445.1604915407,10450.6430090232,10676.0473291462,-0.0153199655102574,NA
"cell_0373",6,"nu_time",12,12,12,0,907,48,10345.415392884,10441.415392884,10446.8979103665,10672.3022304896,NA,0.0638127108559528
"cell_0373",6,"sigma_nu_time",12,12,12,0,907,60,10334.7424419219,10454.7424419219,10463.3949241914,10743.3509889288,-0.0174834922065349,0.0783711279090614
"cell_0374",6,"stationary",12,12,12,0,907,36,10427.8329102749,10499.8329102749,10502.8949792404,10672.9980384791,NA,NA
"cell_0374",6,"sigma_time",12,12,12,0,907,48,10420.3342007917,10516.3342007917,10521.8167182743,10747.2210383973,-0.0172522869086521,NA
"cell_0374",6,"nu_time",12,12,12,0,907,48,10419.2547769521,10515.2547769521,10520.7372944347,10746.1416145577,NA,0.0492354205707189
"cell_0374",6,"sigma_nu_time",12,12,12,0,907,60,10406.7967711395,10526.7967711395,10535.449253409,10815.4053181464,-0.0177655551791297,0.0736920143322855
"cell_0375",6,"stationary",12,12,12,0,907,36,10553.9994856628,10625.9994856628,10629.0615546283,10799.164613867,NA,NA
"cell_0375",6,"sigma_time",12,12,12,0,907,48,10542.1742116045,10638.1742116045,10643.6567290871,10869.0610492101,-0.0202509959387601,NA
"cell_0375",6,"nu_time",12,12,12,0,907,48,10548.2486119893,10644.2486119893,10649.7311294719,10875.1354495949,NA,0.0243777325794342
"cell_0375",6,"sigma_nu_time",12,12,12,0,907,60,10529.6138492816,10649.6138492816,10658.2663315511,10938.2223962885,-0.0198543953565595,0.0550092323340237
"cell_0376",6,"stationary",12,12,12,0,907,36,10755.9810662398,10827.9810662398,10831.0431352053,11001.1461944439,NA,NA
"cell_0376",6,"sigma_time",12,12,12,0,907,48,10741.9040303229,10837.9040303229,10843.3865478054,11068.7908679285,-0.0221791791957133,NA
"cell_0376",6,"nu_time",12,12,12,0,907,48,10749.9367720625,10845.9367720625,10851.419289545,11076.823609668,NA,0.013002194155035
"cell_0376",6,"sigma_nu_time",12,12,12,0,907,60,10729.3012877854,10849.3012877854,10857.9537700549,11137.9098347923,-0.0241882730837302,0.0419434676891323
"cell_0377",6,"stationary",12,12,12,0,907,36,10971.7780797189,11043.7780797189,11046.8401486844,11216.9432079231,NA,NA
"cell_0377",6,"sigma_time",12,12,12,0,907,48,10958.209123683,11054.209123683,11059.6916411655,11285.0959612885,-0.0234563549363922,NA
"cell_0377",6,"nu_time",12,12,12,0,907,48,10964.9506173185,11060.9506173185,11066.433134801,11291.837454924,NA,0.00440750503257101
"cell_0377",6,"sigma_nu_time",12,12,12,0,907,60,10946.850823264,11066.850823264,11075.5033055335,11355.4593702709,-0.0246534333489768,0.0286372971619132
"cell_0378",6,"stationary",12,12,12,0,907,36,11157.6547045944,11229.6547045944,11232.7167735599,11402.8198327985,NA,NA
"cell_0378",6,"sigma_time",12,12,12,0,907,48,11144.2205898404,11240.2205898404,11245.7031073229,11471.1074274459,-0.0227816684099396,NA
"cell_0378",6,"nu_time",12,12,12,0,907,48,11151.6110430632,11247.6110430632,11253.0935605457,11478.4978806688,NA,0.00475275927713729
"cell_0378",6,"sigma_nu_time",12,12,12,0,907,60,11135.3588035666,11255.3588035666,11264.0112858361,11543.9673505735,-0.024218048298493,0.0185024235020159
"cell_0379",6,"stationary",12,12,12,0,907,36,11275.4155792325,11347.4155792325,11350.477648198,11520.5807074367,NA,NA
"cell_0379",6,"sigma_time",12,12,12,0,907,48,11258.7772988891,11354.7772988891,11360.2598163716,11585.6641364946,-0.0261350115527844,NA
"cell_0379",6,"nu_time",12,12,12,0,907,48,11271.5970022648,11367.5970022648,11373.0795197474,11598.4838398704,NA,-0.0228179638004304
"cell_0379",6,"sigma_nu_time",12,12,12,0,907,60,11253.6561066804,11373.6561066804,11382.3085889499,11662.2646536873,-0.0269853308571742,0.0120082119613491
"cell_0380",6,"stationary",12,12,12,0,907,36,11177.8071785581,11249.8071785581,11252.8692475236,11422.9723067623,NA,NA
"cell_0380",6,"sigma_time",12,12,12,0,907,48,11154.6660877142,11250.6660877142,11256.1486051967,11481.5529253198,-0.028867540960325,NA
"cell_0380",6,"nu_time",12,12,12,0,907,48,11173.7538690854,11269.7538690854,11275.2363865679,11500.6407066909,NA,-0.040894094773586
"cell_0380",6,"sigma_nu_time",12,12,12,0,907,60,11150.9032158023,11270.9032158023,11279.5556980718,11559.5117628092,-0.0294693688365669,0.00331773239873791
"cell_0381",6,"stationary",12,12,12,0,907,36,11074.678416853,11146.678416853,11149.7404858185,11319.8435450572,NA,NA
"cell_0381",6,"sigma_time",12,12,12,0,907,48,11047.5046999378,11143.5046999378,11148.9872174203,11374.3915375433,-0.0323181245033816,NA
"cell_0381",6,"nu_time",12,12,12,0,907,48,11070.5081945169,11166.5081945169,11171.9907119994,11397.3950321224,NA,-0.0384691880995909
"cell_0381",6,"sigma_nu_time",12,12,12,0,907,60,11042.9031200501,11162.9031200501,11171.5556023196,11451.511667057,-0.0306078127336561,0.00170518799992376
"cell_0382",6,"stationary",12,12,12,0,907,36,11017.4768251743,11089.4768251743,11092.5388941398,11262.6419533784,NA,NA
"cell_0382",6,"sigma_time",12,12,12,0,907,48,10986.793601996,11082.793601996,11088.2761194785,11313.6804396015,-0.0326904751678289,NA
"cell_0382",6,"nu_time",12,12,12,0,907,48,11013.6579669593,11109.6579669593,11115.1404844418,11340.5448045648,NA,-0.0284403568947444
"cell_0382",6,"sigma_nu_time",12,12,12,0,907,60,10981.7860170308,11101.7860170308,11110.4384993003,11390.3945640377,-0.0317445371054187,0.00187945539594637
"cell_0383",6,"stationary",12,12,12,0,907,36,11027.2841292757,11099.2841292757,11102.3461982412,11272.4492574798,NA,NA
"cell_0383",6,"sigma_time",12,12,12,0,907,48,10994.2001779957,11090.2001779957,11095.6826954782,11321.0870156012,-0.0337574734617447,NA
"cell_0383",6,"nu_time",12,12,12,0,907,48,11024.1922536688,11120.1922536688,11125.6747711514,11351.0790912744,NA,-0.0181090236588927
"cell_0383",6,"sigma_nu_time",12,12,12,0,907,60,10989.0955289862,11109.0955289862,11117.7480112557,11397.7040759931,-0.0335853153134634,0.00911947751638729
"cell_0384",6,"stationary",12,12,12,0,907,36,11078.9235529444,11150.9235529444,11153.9856219099,11324.0886811486,NA,NA
"cell_0384",6,"sigma_time",12,12,12,0,907,48,11044.7716215429,11140.7716215429,11146.2541390254,11371.6584591485,-0.0346948762065715,NA
"cell_0384",6,"nu_time",12,12,12,0,907,48,11076.5404007388,11172.5404007388,11178.0229182213,11403.4272383443,NA,-0.00687463772875706
"cell_0384",6,"sigma_nu_time",12,12,12,0,907,60,11039.2829189807,11159.2829189807,11167.9354012502,11447.8914659876,-0.0347723951549002,0.0221642305686308
"cell_0385",6,"stationary",12,12,12,0,907,36,11127.1697026947,11199.1697026947,11202.2317716602,11372.3348308988,NA,NA
"cell_0385",6,"sigma_time",12,12,12,0,907,48,11092.9442880051,11188.9442880051,11194.4268054877,11419.8311256107,-0.0350771164962517,NA
"cell_0385",6,"nu_time",12,12,12,0,907,48,11125.0447148231,11221.0447148231,11226.5272323056,11451.9315524286,NA,0.00339440651558785
"cell_0385",6,"sigma_nu_time",12,12,12,0,907,60,11086.7521562313,11206.7521562313,11215.4046385008,11495.3607032382,-0.0359352083419813,0.0325535063499861
"cell_0386",6,"stationary",12,12,12,0,907,36,11137.4713799125,11209.4713799125,11212.533448878,11382.6365081166,NA,NA
"cell_0386",6,"sigma_time",12,12,12,0,907,48,11097.4591188454,11193.4591188454,11198.9416363279,11424.3459564509,-0.0378595741350687,NA
"cell_0386",6,"nu_time",12,12,12,0,907,48,11135.3131442308,11231.3131442308,11236.7956617134,11462.1999818364,NA,-0.0086827645674623
"cell_0386",6,"sigma_nu_time",12,12,12,0,907,60,11091.8872497482,11211.8872497482,11220.5397320177,11500.4957967551,-0.0382988343907663,0.0292892641786109
"cell_0399",6,"stationary",12,12,12,0,907,36,10379.4803317484,10451.4803317484,10454.5424007139,10624.6454599525,NA,NA
"cell_0399",6,"sigma_time",12,12,12,0,907,48,10353.2306806963,10449.2306806963,10454.7131981788,10680.1175183018,-0.0272644485947731,NA
"cell_0399",6,"nu_time",12,12,12,0,907,48,10377.3655470771,10473.3655470771,10478.8480645596,10704.2523846827,NA,0.00541773267594627
"cell_0399",6,"sigma_nu_time",12,12,12,0,907,60,10345.2672766684,10465.2672766684,10473.9197589379,10753.8758236754,-0.0307720933507553,0.0614224855032663
"cell_0400",6,"stationary",12,12,12,0,907,36,10452.2016376933,10524.2016376933,10527.2637066588,10697.3667658975,NA,NA
"cell_0400",6,"sigma_time",12,12,12,0,907,48,10441.9894507137,10537.9894507137,10543.4719681962,10768.8762883193,-0.0173301395574604,NA
"cell_0400",6,"nu_time",12,12,12,0,907,48,10446.0561436105,10542.0561436105,10547.538661093,10772.942981216,NA,0.0446596545467658
"cell_0400",6,"sigma_nu_time",12,12,12,0,907,60,10432.1778964805,10552.1778964805,10560.83037875,10840.7864434874,-0.020992240234027,0.0738030444051988
"cell_0401",6,"stationary",12,12,12,0,907,36,10563.2513088316,10635.2513088316,10638.3133777971,10808.4164370357,NA,NA
"cell_0401",6,"sigma_time",12,12,12,0,907,48,10558.3866896923,10654.3866896923,10659.8692071748,10885.2735272978,-0.0136336417024807,NA
"cell_0401",6,"nu_time",12,12,12,0,907,48,10555.875738449,10651.875738449,10657.3582559315,10882.7625760546,NA,0.0539562309312813
"cell_0401",6,"sigma_nu_time",12,12,12,0,907,60,10548.4471103446,10668.4471103446,10677.0995926141,10957.0556573515,-0.0168624842643445,0.0624228370486361
"cell_0402",6,"stationary",12,12,12,0,907,36,10724.342652236,10796.342652236,10799.4047212015,10969.5077804402,NA,NA
"cell_0402",6,"sigma_time",12,12,12,0,907,48,10720.6127221875,10816.6127221875,10822.09523967,11047.499559793,-0.0117756005888304,NA
"cell_0402",6,"nu_time",12,12,12,0,907,48,10717.1581964648,10813.1581964648,10818.6407139473,11044.0450340703,NA,0.0342559899297114
"cell_0402",6,"sigma_nu_time",12,12,12,0,907,60,10711.319225681,10831.319225681,10839.9717079505,11119.9277726879,-0.0138957929799728,0.0538134197199611
"cell_0403",6,"stationary",12,12,12,0,907,36,10900.721836519,10972.721836519,10975.7839054845,11145.8869647231,NA,NA
"cell_0403",6,"sigma_time",12,12,12,0,907,48,10893.9832443228,10989.9832443228,10995.4657618053,11220.8700819283,-0.0163987916889315,NA
"cell_0403",6,"nu_time",12,12,12,0,907,48,10895.6652061181,10991.6652061181,10997.1477236007,11222.5520437237,NA,0.0227626718823774
"cell_0403",6,"sigma_nu_time",12,12,12,0,907,60,10885.7609715939,11005.7609715939,11014.4134538634,11294.3695186008,-0.0190682562696944,0.0387322325894678
"cell_0404",6,"stationary",12,12,12,0,907,36,11097.8706312092,11169.8706312092,11172.9327001747,11343.0357594133,NA,NA
"cell_0404",6,"sigma_time",12,12,12,0,907,48,11086.3401291085,11182.3401291085,11187.822646591,11413.2269667141,-0.0228263071284024,NA
"cell_0404",6,"nu_time",12,12,12,0,907,48,11093.1395085652,11189.1395085652,11194.6220260477,11420.0263461707,NA,0.00779621887518472
"cell_0404",6,"sigma_nu_time",12,12,12,0,907,60,11077.8562258121,11197.8562258121,11206.5087080816,11486.464772819,-0.0232218777879638,0.040228090701443
"cell_0405",6,"stationary",12,12,12,0,907,36,11303.1794363732,11375.1794363732,11378.2415053387,11548.3445645773,NA,NA
"cell_0405",6,"sigma_time",12,12,12,0,907,48,11288.8397300485,11384.8397300485,11390.322247531,11615.726567654,-0.0242249043061818,NA
"cell_0405",6,"nu_time",12,12,12,0,907,48,11298.1537597331,11394.1537597331,11399.6362772156,11625.0405973386,NA,0.00775269412098911
"cell_0405",6,"sigma_nu_time",12,12,12,0,907,60,11280.661551451,11400.661551451,11409.3140337205,11689.2700984579,-0.0254297660179587,0.0321739481604768
"cell_0406",6,"stationary",12,12,12,0,907,36,11497.7867699868,11569.7867699868,11572.8488389523,11742.9518981909,NA,NA
"cell_0406",6,"sigma_time",12,12,12,0,907,48,11479.7902591168,11575.7902591168,11581.2727765993,11806.6770967223,-0.0266915920850407,NA
"cell_0406",6,"nu_time",12,12,12,0,907,48,11494.4401706176,11590.4401706176,11595.9226881002,11821.3270082232,NA,-0.00381710018048752
"cell_0406",6,"sigma_nu_time",12,12,12,0,907,60,11474.1552865929,11594.1552865929,11602.8077688624,11882.7638335998,-0.0289232876119613,0.0163544328158608
"cell_0407",6,"stationary",12,12,12,0,907,36,11554.9867229457,11626.9867229457,11630.0487919112,11800.1518511499,NA,NA
"cell_0407",6,"sigma_time",12,12,12,0,907,48,11533.3754411733,11629.3754411733,11634.8579586558,11860.2622787788,-0.0296161473937144,NA
"cell_0407",6,"nu_time",12,12,12,0,907,48,11552.1245007461,11648.1245007461,11653.6070182286,11879.0113383517,NA,-0.0223242232910637
"cell_0407",6,"sigma_nu_time",12,12,12,0,907,60,11529.5767105991,11649.5767105991,11658.2291928686,11938.185257606,-0.0314979784551625,0.0132009871992566
"cell_0408",6,"stationary",12,12,12,0,907,36,11465.6870979267,11537.6870979267,11540.7491668922,11710.8522261308,NA,NA
"cell_0408",6,"sigma_time",12,12,12,0,907,48,11437.6853627292,11533.6853627292,11539.1678802117,11764.5722003347,-0.0340749577067472,NA
"cell_0408",6,"nu_time",12,12,12,0,907,48,11461.5368370464,11557.5368370464,11563.0193545289,11788.4236746519,NA,-0.0385664180378454
"cell_0408",6,"sigma_nu_time",12,12,12,0,907,60,11435.1202623487,11555.1202623487,11563.7727446182,11843.7288093556,-0.0325337931126782,0.00352833335588541
"cell_0409",6,"stationary",12,12,12,0,907,36,11354.9654429982,11426.9654429982,11430.0275119637,11600.1305712024,NA,NA
"cell_0409",6,"sigma_time",12,12,12,0,907,48,11319.3826636768,11415.3826636768,11420.8651811593,11646.2695012823,-0.0358892813809166,NA
"cell_0409",6,"nu_time",12,12,12,0,907,48,11347.5812065916,11443.5812065916,11449.0637240742,11674.4680441972,NA,-0.0502742653954219
"cell_0409",6,"sigma_nu_time",12,12,12,0,907,60,11317.1135592068,11437.1135592068,11445.7660414763,11725.7221062137,-0.0322593749582185,-0.0107716608376997
"cell_0410",6,"stationary",12,12,12,0,907,36,11238.8070366271,11310.8070366271,11313.8691055927,11483.9721648313,NA,NA
"cell_0410",6,"sigma_time",12,12,12,0,907,48,11203.2408359817,11299.2408359817,11304.7233534642,11530.1276735872,-0.034695692335217,NA
"cell_0410",6,"nu_time",12,12,12,0,907,48,11231.8408172489,11327.8408172489,11333.3233347314,11558.7276548544,NA,-0.0365845706901619
"cell_0410",6,"sigma_nu_time",12,12,12,0,907,60,11200.8724640354,11320.8724640354,11329.5249463049,11609.4810110423,-0.0326730550785108,-0.00403409668612464
"cell_0411",6,"stationary",12,12,12,0,907,36,11258.1178397321,11330.1178397321,11333.1799086976,11503.2829679362,NA,NA
"cell_0411",6,"sigma_time",12,12,12,0,907,48,11222.5177827278,11318.5177827278,11324.0003002104,11549.4046203334,-0.0342994247591643,NA
"cell_0411",6,"nu_time",12,12,12,0,907,48,11252.9975632889,11348.9975632889,11354.4800807714,11579.8844008944,NA,-0.0225903077793234
"cell_0411",6,"sigma_nu_time",12,12,12,0,907,60,11220.2550045022,11340.2550045022,11348.9074867717,11628.8635515091,-0.0324300386363514,0.0012495849804816
"cell_0412",6,"stationary",12,12,12,0,907,36,11296.9641465518,11368.9641465518,11372.0262155173,11542.129274756,NA,NA
"cell_0412",6,"sigma_time",12,12,12,0,907,48,11262.3115780979,11358.3115780979,11363.7940955804,11589.1984157034,-0.0356101617868208,NA
"cell_0412",6,"nu_time",12,12,12,0,907,48,11294.1210269564,11390.1210269564,11395.603544439,11621.007864562,NA,-0.00559896274849979
"cell_0412",6,"sigma_nu_time",12,12,12,0,907,60,11259.013585914,11379.013585914,11387.6660681835,11667.6221329209,-0.0344856315047124,0.0174498806297153
"cell_0413",6,"stationary",12,12,12,0,907,36,11335.6148852625,11407.6148852625,11410.676954228,11580.7800134667,NA,NA
"cell_0413",6,"sigma_time",12,12,12,0,907,48,11301.8017748787,11397.8017748787,11403.2842923612,11628.6886124842,-0.0366270377421224,NA
"cell_0413",6,"nu_time",12,12,12,0,907,48,11333.4207213283,11429.4207213283,11434.9032388108,11660.3075589338,NA,0.00712012222305074
"cell_0413",6,"sigma_nu_time",12,12,12,0,907,60,11296.8132281142,11416.8132281142,11425.4657103837,11705.4217751211,-0.0370988575424697,0.0399939693021508
"cell_0414",6,"stationary",12,12,12,0,907,36,11321.2660381533,11393.2660381533,11396.3281071188,11566.4311663574,NA,NA
"cell_0414",6,"sigma_time",12,12,12,0,907,48,11285.3833129609,11381.3833129609,11386.8658304434,11612.2701505664,-0.0378074883612744,NA
"cell_0414",6,"nu_time",12,12,12,0,907,48,11319.1271031617,11415.1271031617,11420.6096206443,11646.0139407673,NA,0.00494646758264076
"cell_0414",6,"sigma_nu_time",12,12,12,0,907,60,11280.2463599343,11400.2463599343,11408.8988422038,11688.8549069412,-0.0387184653136762,0.0372338048566585
"cell_0425",6,"stationary",12,12,12,0,907,36,10197.3288602845,10269.3288602845,10272.3909292501,10442.4939884887,NA,NA
"cell_0425",6,"sigma_time",12,12,12,0,907,48,10140.5725459388,10236.5725459388,10242.0550634213,10467.4593835443,-0.0345290036623787,NA
"cell_0425",6,"nu_time",12,12,12,0,907,48,10188.3685937906,10284.3685937906,10289.8511112731,10515.2554313961,NA,-0.0526359631451781
"cell_0425",6,"sigma_nu_time",12,12,12,0,907,60,10135.6635359414,10255.6635359414,10264.3160182109,10544.2720829483,-0.0373687698022747,0.0123189883694198
"cell_0426",6,"stationary",12,12,12,0,907,36,10308.1144072352,10380.1144072352,10383.1764762007,10553.2795354393,NA,NA
"cell_0426",6,"sigma_time",12,12,12,0,907,48,10275.4178416463,10371.4178416463,10376.9003591288,10602.3046792518,-0.0285811688250598,NA
"cell_0426",6,"nu_time",12,12,12,0,907,48,10306.5981726804,10402.5981726804,10408.0806901629,10633.4850102859,NA,-0.0245314994156712
"cell_0426",6,"sigma_nu_time",12,12,12,0,907,60,10270.1513488183,10390.1513488183,10398.8038310878,10678.7598958252,-0.0309181505432389,0.0288123808513515
"cell_0427",6,"stationary",12,12,12,0,907,36,10464.4680081367,10536.4680081367,10539.5300771023,10709.6331363409,NA,NA
"cell_0427",6,"sigma_time",12,12,12,0,907,48,10448.9955451481,10544.9955451481,10550.4780626306,10775.8823827536,-0.0223805334584574,NA
"cell_0427",6,"nu_time",12,12,12,0,907,48,10462.1176049402,10558.1176049402,10563.6001224227,10789.0044425457,NA,0.00635900859738942
"cell_0427",6,"sigma_nu_time",12,12,12,0,907,60,10442.2853421378,10562.2853421378,10570.9378244073,10850.8938891447,-0.0256212654414319,0.0385331574220238
"cell_0428",6,"stationary",12,12,12,0,907,36,10626.8019076839,10698.8019076839,10701.8639766494,10871.967035888,NA,NA
"cell_0428",6,"sigma_time",12,12,12,0,907,48,10619.5959401467,10715.5959401467,10721.0784576292,10946.4827777522,-0.0165500166666587,NA
"cell_0428",6,"nu_time",12,12,12,0,907,48,10621.6352571322,10717.6352571322,10723.1177746148,10948.5220947378,NA,0.0333576911714967
"cell_0428",6,"sigma_nu_time",12,12,12,0,907,60,10611.8478633405,10731.8478633405,10740.50034561,11020.4564103474,-0.0199783100987738,0.0498715351661077
"cell_0429",6,"stationary",12,12,12,0,907,36,10798.4049168746,10870.4049168746,10873.4669858401,11043.5700450788,NA,NA
"cell_0429",6,"sigma_time",12,12,12,0,907,48,10793.2711184726,10889.2711184726,10894.7536359551,11120.1579560781,-0.01488611476571,NA
"cell_0429",6,"nu_time",12,12,12,0,907,48,10793.0171026662,10889.0171026662,10894.4996201488,11119.9039402718,NA,0.0298446908909011
"cell_0429",6,"sigma_nu_time",12,12,12,0,907,60,10785.9635924625,10905.9635924625,10914.616074732,11194.5721394694,-0.0169196541208982,0.0353673113679711
"cell_0430",6,"stationary",12,12,12,0,907,36,10995.0270696291,11067.0270696291,11070.0891385946,11240.1921978332,NA,NA
"cell_0430",6,"sigma_time",12,12,12,0,907,48,10989.7741373401,11085.7741373401,11091.2566548226,11316.6609749456,-0.0152623509789581,NA
"cell_0430",6,"nu_time",12,12,12,0,907,48,10990.8882447534,11086.8882447534,11092.3707622359,11317.7750823589,NA,0.0176929523296607
"cell_0430",6,"sigma_nu_time",12,12,12,0,907,60,10983.9252765524,11103.9252765524,11112.5777588219,11392.5338235593,-0.017212996470563,0.0291655335223942
"cell_0431",6,"stationary",12,12,12,0,907,36,11203.34622854,11275.34622854,11278.4082975055,11448.5113567441,NA,NA
"cell_0431",6,"sigma_time",12,12,12,0,907,48,11197.2680828395,11293.2680828395,11298.750600322,11524.154920445,-0.0168350492117114,NA
"cell_0431",6,"nu_time",12,12,12,0,907,48,11200.1734793538,11296.1734793538,11301.6559968363,11527.0603169593,NA,0.0170600647242117
"cell_0431",6,"sigma_nu_time",12,12,12,0,907,60,11192.374576479,11312.374576479,11321.0270587485,11600.9831234859,-0.0176829194487593,0.0303552907063843
"cell_0432",6,"stationary",12,12,12,0,907,36,11400.3511119568,11472.3511119568,11475.4131809224,11645.516240161,NA,NA
"cell_0432",6,"sigma_time",12,12,12,0,907,48,11387.9960783079,11483.9960783079,11489.4785957904,11714.8829159134,-0.0238921741265404,NA
"cell_0432",6,"nu_time",12,12,12,0,907,48,11398.0123788266,11494.0123788266,11499.4948963091,11724.8992164321,NA,0.000249344358053046
"cell_0432",6,"sigma_nu_time",12,12,12,0,907,60,11383.8360204164,11503.8360204164,11512.4885026859,11792.4445674233,-0.0243244995315007,0.0224114589490383
"cell_0433",6,"stationary",12,12,12,0,907,36,11582.2260852236,11654.2260852236,11657.2881541891,11827.3912134277,NA,NA
"cell_0433",6,"sigma_time",12,12,12,0,907,48,11564.6131044596,11660.6131044596,11666.0956219421,11891.4999420651,-0.0259224587792643,NA
"cell_0433",6,"nu_time",12,12,12,0,907,48,11580.0382213442,11676.0382213442,11681.5207388267,11906.9250589497,NA,-0.0141649977815046
"cell_0433",6,"sigma_nu_time",12,12,12,0,907,60,11560.7294433797,11680.7294433797,11689.3819256492,11969.3379903866,-0.0268884137784692,0.0180380127232967
"cell_0434",6,"stationary",12,12,12,0,907,36,11766.9266927833,11838.9266927833,11841.9887617488,12012.0918209875,NA,NA
"cell_0434",6,"sigma_time",12,12,12,0,907,48,11746.1309586246,11842.1309586246,11847.6134761071,12073.0177962301,-0.0286449410122548,NA
"cell_0434",6,"nu_time",12,12,12,0,907,48,11764.847298928,11860.847298928,11866.3298164105,12091.7341365335,NA,-0.0153578623768422
"cell_0434",6,"sigma_nu_time",12,12,12,0,907,60,11743.0381370189,11863.0381370189,11871.6906192884,12151.6466840258,-0.0294640387054177,0.0188915936475587
"cell_0435",6,"stationary",12,12,12,0,907,36,11834.7155281703,11906.7155281703,11909.7775971358,12079.8806563744,NA,NA
"cell_0435",6,"sigma_time",12,12,12,0,907,48,11811.6873451897,11907.6873451897,11913.1698626723,12138.5741827953,-0.0304904955134624,NA
"cell_0435",6,"nu_time",12,12,12,0,907,48,11832.2206871279,11928.2206871279,11933.7032046104,12159.1075247334,NA,-0.0180998409706728
"cell_0435",6,"sigma_nu_time",12,12,12,0,907,60,11809.028232892,11929.028232892,11937.6807151615,12217.6367798989,-0.0308999093835859,0.0156536034580862
"cell_0436",6,"stationary",12,12,12,0,907,36,11699.7655319703,11771.7655319703,11774.8276009358,11944.9306601744,NA,NA
"cell_0436",6,"sigma_time",12,12,12,0,907,48,11672.2447543068,11768.2447543068,11773.7272717894,11999.1315919124,-0.0318443695195374,NA
"cell_0436",6,"nu_time",12,12,12,0,907,48,11695.8103726075,11791.8103726075,11797.29289009,12022.697210213,NA,-0.0317325370352457
"cell_0436",6,"sigma_nu_time",12,12,12,0,907,60,11669.9257752746,11789.9257752746,11798.5782575441,12078.5343222815,-0.0322082597660822,0.00757933521114016
"cell_0437",6,"stationary",12,12,12,0,907,36,11552.862302692,11624.862302692,11627.9243716575,11798.0274308961,NA,NA
"cell_0437",6,"sigma_time",12,12,12,0,907,48,11521.4561218393,11617.4561218393,11622.9386393218,11848.3429594448,-0.0340291902365085,NA
"cell_0437",6,"nu_time",12,12,12,0,907,48,11546.3163165345,11642.3163165345,11647.798834017,11873.20315414,NA,-0.0379307290924489
"cell_0437",6,"sigma_nu_time",12,12,12,0,907,60,11519.078391583,11639.078391583,11647.7308738525,11927.6869385899,-0.0313593933140039,-0.00633584167811246
"cell_0438",6,"stationary",12,12,12,0,907,36,11430.9673610463,11502.9673610463,11506.0294300118,11676.1324892505,NA,NA
"cell_0438",6,"sigma_time",12,12,12,0,907,48,11399.0764416432,11495.0764416432,11500.5589591257,11725.9632792487,-0.0330169330070869,NA
"cell_0438",6,"nu_time",12,12,12,0,907,48,11422.6846741921,11518.6846741921,11524.1671916746,11749.5715117976,NA,-0.0476628361114547
"cell_0438",6,"sigma_nu_time",12,12,12,0,907,60,11396.497696529,11516.497696529,11525.1501787985,11805.1062435359,-0.031569068806721,-0.0169329173730136
"cell_0439",6,"stationary",12,12,12,0,907,36,11422.7830173189,11494.7830173189,11497.8450862844,11667.9481455231,NA,NA
"cell_0439",6,"sigma_time",12,12,12,0,907,48,11391.9620494203,11487.9620494203,11493.4445669029,11718.8488870259,-0.0334358307602363,NA
"cell_0439",6,"nu_time",12,12,12,0,907,48,11417.5811099102,11513.5811099102,11519.0636273928,11744.4679475158,NA,-0.0193231487300421
"cell_0439",6,"sigma_nu_time",12,12,12,0,907,60,11389.8516202772,11509.8516202772,11518.5041025467,11798.4601672841,-0.0321323380806837,-0.00147464764923128
"cell_0440",6,"stationary",12,12,12,0,907,36,11458.9661574816,11530.9661574816,11534.0282264471,11704.1312856858,NA,NA
"cell_0440",6,"sigma_time",12,12,12,0,907,48,11428.0818923558,11524.0818923558,11529.5644098383,11754.9687299613,-0.0353700385343492,NA
"cell_0440",6,"nu_time",12,12,12,0,907,48,11455.8513672251,11551.8513672251,11557.3338847076,11782.7382048306,NA,0.00232487462109384
"cell_0440",6,"sigma_nu_time",12,12,12,0,907,60,11425.1928072877,11545.1928072877,11553.8452895572,11833.8013542946,-0.0347719409477054,0.0230800279165888
"cell_0441",6,"stationary",12,12,12,0,907,36,11491.8960353794,11563.8960353794,11566.9581043449,11737.0611635836,NA,NA
"cell_0441",6,"sigma_time",12,12,12,0,907,48,11460.7570158215,11556.7570158215,11562.239533304,11787.643853427,-0.035348135995332,NA
"cell_0441",6,"nu_time",12,12,12,0,907,48,11489.2010791333,11585.2010791333,11590.6835966159,11816.0879167389,NA,0.0128124756489899
"cell_0441",6,"sigma_nu_time",12,12,12,0,907,60,11456.2791141849,11576.2791141849,11584.9315964544,11864.8876611918,-0.038054345469035,0.043164264402669
"cell_0442",6,"stationary",12,12,12,0,907,36,11473.2898951178,11545.2898951178,11548.3519640833,11718.4550233219,NA,NA
"cell_0442",6,"sigma_time",12,12,12,0,907,48,11440.7758054712,11536.7758054712,11542.2583229537,11767.6626430768,-0.0368814633009961,NA
"cell_0442",6,"nu_time",12,12,12,0,907,48,11470.6397841536,11566.6397841536,11572.1223016361,11797.5266217591,NA,0.0124347608443797
"cell_0442",6,"sigma_nu_time",12,12,12,0,907,60,11436.0332462219,11556.0332462219,11564.6857284914,11844.6417932288,-0.0387053423808303,0.0432092599059851
"cell_0451",6,"stationary",12,12,12,0,907,36,10185.4765411415,10257.4765411415,10260.538610107,10430.6416693456,NA,NA
"cell_0451",6,"sigma_time",12,12,12,0,907,48,10136.6148831865,10232.6148831865,10238.097400669,10463.501720792,-0.0363239110439719,NA
"cell_0451",6,"nu_time",12,12,12,0,907,48,10182.2893616066,10278.2893616066,10283.7718790891,10509.1761992121,NA,-0.0297260157513567
"cell_0451",6,"sigma_nu_time",12,12,12,0,907,60,10127.8075248792,10247.8075248792,10256.4600071487,10536.4160718861,-0.0387223220822515,0.015512699409914
"cell_0452",6,"stationary",12,12,12,0,907,36,10286.360662893,10358.360662893,10361.4227318586,10531.5257910972,NA,NA
"cell_0452",6,"sigma_time",12,12,12,0,907,48,10243.5443640414,10339.5443640414,10345.026881524,10570.431201647,-0.0323758091499914,NA
"cell_0452",6,"nu_time",12,12,12,0,907,48,10283.0559272595,10379.0559272595,10384.538444742,10609.9427648651,NA,-0.0333138737912859
"cell_0452",6,"sigma_nu_time",12,12,12,0,907,60,10234.1073106062,10354.1073106062,10362.7597928757,10642.7158576131,-0.0338959576032829,0.00616033840658305
"cell_0453",6,"stationary",12,12,12,0,907,36,10437.8427568025,10509.8427568025,10512.9048257681,10683.0078850067,NA,NA
"cell_0453",6,"sigma_time",12,12,12,0,907,48,10394.922253881,10490.922253881,10496.4047713635,10721.8090914865,-0.0310372061488801,NA
"cell_0453",6,"nu_time",12,12,12,0,907,48,10432.073162088,10528.073162088,10533.5556795705,10758.9599996936,NA,-0.0488148582125993
"cell_0453",6,"sigma_nu_time",12,12,12,0,907,60,10388.2551216887,10508.2551216887,10516.9076039582,10796.8636686956,-0.0300966677495101,-0.00835803816130736
"cell_0454",6,"stationary",12,12,12,0,907,36,10647.6032670164,10719.6032670164,10722.665335982,10892.7683952206,NA,NA
"cell_0454",6,"sigma_time",12,12,12,0,907,48,10604.8836797795,10700.8836797795,10706.366197262,10931.770517385,-0.0296984244648092,NA
"cell_0454",6,"nu_time",12,12,12,0,907,48,10635.0507137275,10731.0507137275,10736.5332312101,10961.9375513331,NA,-0.0833811427161888
"cell_0454",6,"sigma_nu_time",12,12,12,0,907,60,10602.1343813326,10722.1343813326,10730.7868636021,11010.7429283395,-0.0267891792379964,-0.0340057605676051
"cell_0455",6,"stationary",12,12,12,0,907,36,10747.5560128929,10819.5560128929,10822.6180818584,10992.721141097,NA,NA
"cell_0455",6,"sigma_time",12,12,12,0,907,48,10723.1833691709,10819.1833691709,10824.6658866534,11050.0702067764,-0.0278630605089161,NA
"cell_0455",6,"nu_time",12,12,12,0,907,48,10744.901547339,10840.901547339,10846.3840648215,11071.7883849445,NA,-0.0368064200757353
"cell_0455",6,"sigma_nu_time",12,12,12,0,907,60,10718.7072790976,10838.7072790976,10847.3597613671,11127.3158261045,-0.0278171381304174,-0.00423518933828133
"cell_0456",6,"stationary",12,12,12,0,907,36,10873.4445077944,10945.4445077944,10948.5065767599,11118.6096359985,NA,NA
"cell_0456",6,"sigma_time",12,12,12,0,907,48,10862.0071587086,10958.0071587086,10963.4896761911,11188.8939963141,-0.0217027568975178,NA
"cell_0456",6,"nu_time",12,12,12,0,907,48,10869.9962678998,10965.9962678998,10971.4787853823,11196.8831055053,NA,-0.0170194245770043
"cell_0456",6,"sigma_nu_time",12,12,12,0,907,60,10855.5069843333,10975.5069843333,10984.1594666028,11264.1155313402,-0.0238022250622825,0.00837386561735782
"cell_0457",6,"stationary",12,12,12,0,907,36,10990.1801194845,11062.1801194845,11065.24218845,11235.3452476886,NA,NA
"cell_0457",6,"sigma_time",12,12,12,0,907,48,10983.8903945334,11079.8903945334,11085.3729120159,11310.7772321389,-0.0160383687338857,NA
"cell_0457",6,"nu_time",12,12,12,0,907,48,10985.8637017096,11081.8637017096,11087.3462191921,11312.7505393151,NA,-0.00284510489699928
"cell_0457",6,"sigma_nu_time",12,12,12,0,907,60,10977.402461886,11097.402461886,11106.0549441555,11386.011008893,-0.0191449417246851,0.00915403377628884
"cell_0458",6,"stationary",12,12,12,0,907,36,11132.6271065516,11204.6271065516,11207.6891755171,11377.7922347557,NA,NA
"cell_0458",6,"sigma_time",12,12,12,0,907,48,11127.9590222871,11223.9590222871,11229.4415397696,11454.8458598927,-0.0137514960418721,NA
"cell_0458",6,"nu_time",12,12,12,0,907,48,11128.0954745828,11224.0954745828,11229.5779920653,11454.9823121883,NA,0.000476258492126299
"cell_0458",6,"sigma_nu_time",12,12,12,0,907,60,11122.0955326711,11242.0955326711,11250.7480149406,11530.704079678,-0.0173854523346368,0.0128527586656637
"cell_0459",6,"stationary",12,12,12,0,907,36,11295.6062474402,11367.6062474402,11370.6683164057,11540.7713756443,NA,NA
"cell_0459",6,"sigma_time",12,12,12,0,907,48,11289.0563817586,11385.0563817586,11390.5388992411,11615.9432193641,-0.0151591788312423,NA
"cell_0459",6,"nu_time",12,12,12,0,907,48,11291.9806995657,11387.9806995657,11393.4632170483,11618.8675371713,NA,-0.0176872787832816
"cell_0459",6,"sigma_nu_time",12,12,12,0,907,60,11285.0200337963,11405.0200337963,11413.6725160658,11693.6285808033,-0.0162939862742138,-0.000524993764272305
"cell_0460",6,"stationary",12,12,12,0,907,36,11470.5969483307,11542.5969483307,11545.6590172962,11715.7620765349,NA,NA
"cell_0460",6,"sigma_time",12,12,12,0,907,48,11458.1843309996,11554.1843309996,11559.6668484821,11785.0711686051,-0.0205175552123505,NA
"cell_0460",6,"nu_time",12,12,12,0,907,48,11467.0698405251,11563.0698405251,11568.5523580076,11793.9566781306,NA,-0.0351390486854277
"cell_0460",6,"sigma_nu_time",12,12,12,0,907,60,11455.0948040543,11575.0948040543,11583.7472863238,11863.7033510612,-0.0192947372262652,-0.0134150829443061
"cell_0461",6,"stationary",12,12,12,0,907,36,11638.6860938652,11710.6860938652,11713.7481628308,11883.8512220694,NA,NA
"cell_0461",6,"sigma_time",12,12,12,0,907,48,11621.3961983696,11717.3961983696,11722.8787158521,11948.2830359751,-0.0248182906136002,NA
"cell_0461",6,"nu_time",12,12,12,0,907,48,11635.4099965578,11731.4099965578,11736.8925140404,11962.2968341634,NA,-0.0269542752447963
"cell_0461",6,"sigma_nu_time",12,12,12,0,907,60,11618.8070702155,11738.8070702155,11747.4595524851,12027.4156172225,-0.0241441265520443,-0.0102469394803061
"cell_0462",6,"stationary",12,12,12,0,907,36,11813.1024738788,11885.1024738788,11888.1645428443,12058.267602083,NA,NA
"cell_0462",6,"sigma_time",12,12,12,0,907,48,11792.9537005465,11888.9537005465,11894.436218029,12119.840538152,-0.0285844323927698,NA
"cell_0462",6,"nu_time",12,12,12,0,907,48,11810.0022778202,11906.0022778202,11911.4847953027,12136.8891154257,NA,-0.0401814920332985
"cell_0462",6,"sigma_nu_time",12,12,12,0,907,60,11790.669466359,11910.669466359,11919.3219486285,12199.2780133659,-0.0278495532443592,-0.00282419188266697
"cell_0463",6,"stationary",12,12,12,0,907,36,11850.2359610009,11922.2359610009,11925.2980299664,12095.401089205,NA,NA
"cell_0463",6,"sigma_time",12,12,12,0,907,48,11827.2953698169,11923.2953698169,11928.7778872994,12154.1822074224,-0.030696250370113,NA
"cell_0463",6,"nu_time",12,12,12,0,907,48,11846.5149134894,11942.5149134894,11947.9974309719,12173.4017510949,NA,-0.0383552545185342
"cell_0463",6,"sigma_nu_time",12,12,12,0,907,60,11824.946189717,11944.946189717,11953.5986719865,12233.5547367239,-0.0282045928987809,0.000233927588509209
"cell_0464",6,"stationary",12,12,12,0,907,36,11742.297887442,11814.297887442,11817.3599564075,11987.4630156461,NA,NA
"cell_0464",6,"sigma_time",12,12,12,0,907,48,11715.9441610331,11811.9441610331,11817.4266785156,12042.8309986386,-0.0317153910302259,NA
"cell_0464",6,"nu_time",12,12,12,0,907,48,11736.8807175819,11832.8807175819,11838.3632350644,12063.7675551874,NA,-0.0471989581296129
"cell_0464",6,"sigma_nu_time",12,12,12,0,907,60,11713.4085477039,11833.4085477039,11842.0610299734,12122.0170947108,-0.0284082809351263,-0.00834836763419343
"cell_0465",6,"stationary",12,12,12,0,907,36,11583.21398201,11655.21398201,11658.2760509755,11828.3791102141,NA,NA
"cell_0465",6,"sigma_time",12,12,12,0,907,48,11554.6410966296,11650.6410966296,11656.1236141121,11881.5279342352,-0.0323242960403887,NA
"cell_0465",6,"nu_time",12,12,12,0,907,48,11576.184561733,11672.184561733,11677.6670792155,11903.0713993385,NA,-0.048691979613272
"cell_0465",6,"sigma_nu_time",12,12,12,0,907,60,11551.4749583352,11671.4749583352,11680.1274406047,11960.0835053421,-0.0278537128863217,-0.0194962364937289
"cell_0466",6,"stationary",12,12,12,0,907,36,11436.36328919,11508.36328919,11511.4253581555,11681.5284173941,NA,NA
"cell_0466",6,"sigma_time",12,12,12,0,907,48,11407.5350681361,11503.5350681361,11509.0175856186,11734.4219057416,-0.0337427373323467,NA
"cell_0466",6,"nu_time",12,12,12,0,907,48,11429.0293976155,11525.0293976155,11530.5119150981,11755.9162352211,NA,-0.0390405297144493
"cell_0466",6,"sigma_nu_time",12,12,12,0,907,60,11403.9075084283,11523.9075084283,11532.5599906978,11812.5160554352,-0.0289212363370526,-0.0200798832952818
"cell_0467",6,"stationary",12,12,12,0,907,36,11410.4763273232,11482.4763273232,11485.5383962888,11655.6414555274,NA,NA
"cell_0467",6,"sigma_time",12,12,12,0,907,48,11380.3963034811,11476.3963034811,11481.8788209636,11707.2831410866,-0.0327860951957276,NA
"cell_0467",6,"nu_time",12,12,12,0,907,48,11404.4593442999,11500.4593442999,11505.9418617824,11731.3461819054,NA,-0.0291836706598271
"cell_0467",6,"sigma_nu_time",12,12,12,0,907,60,11377.2566510925,11497.2566510925,11505.909133362,11785.8651980994,-0.0291477351354145,-0.0109765408678118
"cell_0468",6,"stationary",12,12,12,0,907,36,11418.5629892826,11490.5629892826,11493.6250582482,11663.7281174868,NA,NA
"cell_0468",6,"sigma_time",12,12,12,0,907,48,11388.737441403,11484.737441403,11490.2199588855,11715.6242790085,-0.0320648360549758,NA
"cell_0468",6,"nu_time",12,12,12,0,907,48,11414.2965909809,11510.2965909809,11515.7791084634,11741.1834285864,NA,-0.0130708151685543
"cell_0468",6,"sigma_nu_time",12,12,12,0,907,60,11385.2086748624,11505.2086748624,11513.8611571319,11793.8172218693,-0.0302313851409512,0.0128084415485308
"cell_0478",6,"stationary",12,12,12,0,907,36,10329.3548273007,10401.3548273007,10404.4168962663,10574.5199555049,NA,NA
"cell_0478",6,"sigma_time",12,12,12,0,907,48,10302.3786645212,10398.3786645212,10403.8611820037,10629.2655021267,-0.0318731269038073,NA
"cell_0478",6,"nu_time",12,12,12,0,907,48,10326.7932871529,10422.7932871529,10428.2758046354,10653.6801247584,NA,-0.0178550459206708
"cell_0478",6,"sigma_nu_time",12,12,12,0,907,60,10292.4846936794,10412.4846936794,10421.1371759489,10701.0932406863,-0.0345511905363816,0.0365529604090499
"cell_0479",6,"stationary",12,12,12,0,907,36,10429.3148872498,10501.3148872498,10504.3769562153,10674.480015454,NA,NA
"cell_0479",6,"sigma_time",12,12,12,0,907,48,10405.8319769226,10501.8319769226,10507.3144944051,10732.7188145282,-0.0283554635156238,NA
"cell_0479",6,"nu_time",12,12,12,0,907,48,10425.5940507063,10521.5940507063,10527.0765681888,10752.4808883118,NA,-0.0210237997686473
"cell_0479",6,"sigma_nu_time",12,12,12,0,907,60,10394.8065057215,10514.8065057215,10523.458987991,10803.4150527284,-0.0292781103201045,0.0187860974519752
"cell_0480",6,"stationary",12,12,12,0,907,36,10567.087698825,10639.087698825,10642.1497677905,10812.2528270292,NA,NA
"cell_0480",6,"sigma_time",12,12,12,0,907,48,10546.1557004579,10642.1557004579,10647.6382179405,10873.0425380635,-0.0258784801445797,NA
"cell_0480",6,"nu_time",12,12,12,0,907,48,10562.7267105705,10658.7267105705,10664.209228053,10889.613548176,NA,-0.0307675948557973
"cell_0480",6,"sigma_nu_time",12,12,12,0,907,60,10535.7517916881,10655.7517916881,10664.4042739576,10944.360338695,-0.0246973956486817,0.00179264884425081
"cell_0481",6,"stationary",12,12,12,0,907,36,10731.1551996439,10803.1551996439,10806.2172686094,10976.3203278481,NA,NA
"cell_0481",6,"sigma_time",12,12,12,0,907,48,10709.3547080486,10805.3547080486,10810.8372255311,11036.2415456542,-0.0262916517668328,NA
"cell_0481",6,"nu_time",12,12,12,0,907,48,10726.2401611626,10822.2401611626,10827.7226786451,11053.1269987681,NA,-0.0456138230520186
"cell_0481",6,"sigma_nu_time",12,12,12,0,907,60,10701.2398474598,10821.2398474598,10829.8923297293,11109.8483944667,-0.0242225047949201,-0.0131710591203764
"cell_0482",6,"stationary",12,12,12,0,907,36,10902.196789281,10974.196789281,10977.2588582465,11147.3619174851,NA,NA
"cell_0482",6,"sigma_time",12,12,12,0,907,48,10874.735083235,10970.735083235,10976.2176007175,11201.6219208405,-0.0307200753878896,NA
"cell_0482",6,"nu_time",12,12,12,0,907,48,10895.8461334348,10991.8461334348,10997.3286509173,11222.7329710403,NA,-0.0639591653141308
"cell_0482",6,"sigma_nu_time",12,12,12,0,907,60,10868.884666019,10988.884666019,10997.5371482885,11277.4932130259,-0.0266003273617772,-0.0281107300487148
"cell_0483",6,"stationary",12,12,12,0,907,36,11071.3929055424,11143.3929055424,11146.4549745079,11316.5580337466,NA,NA
"cell_0483",6,"sigma_time",12,12,12,0,907,48,11042.0934526046,11138.0934526046,11143.5759700871,11368.9802902102,-0.0292804639009366,NA
"cell_0483",6,"nu_time",12,12,12,0,907,48,11061.9401882254,11157.9401882254,11163.4227057079,11388.827025831,NA,-0.0691379609153515
"cell_0483",6,"sigma_nu_time",12,12,12,0,907,60,11037.74791724,11157.74791724,11166.4003995095,11446.3564642469,-0.0275566064989775,-0.045679604310181
"cell_0484",6,"stationary",12,12,12,0,907,36,11117.6114962823,11189.6114962823,11192.6735652478,11362.7766244864,NA,NA
"cell_0484",6,"sigma_time",12,12,12,0,907,48,11102.6830105641,11198.6830105641,11204.1655280466,11429.5698481696,-0.0239038534375346,NA
"cell_0484",6,"nu_time",12,12,12,0,907,48,11113.6488370945,11209.6488370945,11215.1313545771,11440.5356747001,NA,-0.0292666469683297
"cell_0484",6,"sigma_nu_time",12,12,12,0,907,60,11096.3401444673,11216.3401444673,11224.9926267368,11504.9486914742,-0.0258468258342747,-0.0114832098066011
"cell_0485",6,"stationary",12,12,12,0,907,36,11184.2596694023,11256.2596694023,11259.3217383678,11429.4247976064,NA,NA
"cell_0485",6,"sigma_time",12,12,12,0,907,48,11175.9849222494,11271.9849222494,11277.4674397319,11502.8717598549,-0.017983439689568,NA
"cell_0485",6,"nu_time",12,12,12,0,907,48,11179.4306457819,11275.4306457819,11280.9131632644,11506.3174833874,NA,-0.0220986283268028
"cell_0485",6,"sigma_nu_time",12,12,12,0,907,60,11169.3371184955,11289.3371184955,11297.989600765,11577.9456655024,-0.021808714819928,-0.00847054748946844
"cell_0486",6,"stationary",12,12,12,0,907,36,11282.4197440777,11354.4197440777,11357.4818130432,11527.5848722819,NA,NA
"cell_0486",6,"sigma_time",12,12,12,0,907,48,11275.9499847002,11371.9499847002,11377.4325021828,11602.8368223058,-0.0149024920459861,NA
"cell_0486",6,"nu_time",12,12,12,0,907,48,11277.7028750671,11373.7028750671,11379.1853925496,11604.5897126726,NA,-0.0308492756709859
"cell_0486",6,"sigma_nu_time",12,12,12,0,907,60,11271.1835308637,11391.1835308637,11399.8360131332,11679.7920778706,-0.0146200595825082,-0.014388935124885
"cell_0487",6,"stationary",12,12,12,0,907,36,11416.730668229,11488.730668229,11491.7927371945,11661.8957964332,NA,NA
"cell_0487",6,"sigma_time",12,12,12,0,907,48,11408.9332458467,11504.9332458467,11510.4157633292,11735.8200834523,-0.014806113725423,NA
"cell_0487",6,"nu_time",12,12,12,0,907,48,11411.6981090228,11507.6981090228,11513.1806265053,11738.5849466283,NA,-0.0461340554321714
"cell_0487",6,"sigma_nu_time",12,12,12,0,907,60,11405.3368347767,11525.3368347767,11533.9893170462,11813.9453817836,-0.0134890536875851,-0.0263328846510995
"cell_0488",6,"stationary",12,12,12,0,907,36,11538.590630038,11610.590630038,11613.6526990035,11783.7557582421,NA,NA
"cell_0488",6,"sigma_time",12,12,12,0,907,48,11527.5694059086,11623.5694059086,11629.0519233911,11854.4562435141,-0.0163908041907886,NA
"cell_0488",6,"nu_time",12,12,12,0,907,48,11533.1256167354,11629.1256167354,11634.6081342179,11860.0124543409,NA,-0.045896854871108
"cell_0488",6,"sigma_nu_time",12,12,12,0,907,60,11524.0037684098,11644.0037684098,11652.6562506793,11932.6123154167,-0.0158639713601509,-0.0257718070349237
"cell_0489",6,"stationary",12,12,12,0,907,36,11689.3234894206,11761.3234894206,11764.3855583861,11934.4886176247,NA,NA
"cell_0489",6,"sigma_time",12,12,12,0,907,48,11673.9313033533,11769.9313033533,11775.4138208358,12000.8181409588,-0.0204349370247711,NA
"cell_0489",6,"nu_time",12,12,12,0,907,48,11684.2613964037,11780.2613964037,11785.7439138862,12011.1482340092,NA,-0.0403297696202071
"cell_0489",6,"sigma_nu_time",12,12,12,0,907,60,11670.8379218478,11790.8379218478,11799.4904041173,12079.4464688547,-0.0189045618387639,-0.0240969261840695
"cell_0490",6,"stationary",12,12,12,0,907,36,11866.4940104363,11938.4940104363,11941.5560794018,12111.6591386404,NA,NA
"cell_0490",6,"sigma_time",12,12,12,0,907,48,11847.5430615603,11943.5430615603,11949.0255790428,12174.4298991658,-0.0223619964646734,NA
"cell_0490",6,"nu_time",12,12,12,0,907,48,11861.8800639779,11957.8800639779,11963.3625814604,12188.7669015834,NA,-0.0474157109833139
"cell_0490",6,"sigma_nu_time",12,12,12,0,907,60,11844.7938678674,11964.7938678674,11973.4463501369,12253.4024148743,-0.0212283106300201,-0.0189393601157346
"cell_0491",6,"stationary",12,12,12,0,907,36,11913.8313859877,11985.8313859877,11988.8934549533,12158.9965141919,NA,NA
"cell_0491",6,"sigma_time",12,12,12,0,907,48,11891.8651689927,11987.8651689927,11993.3476864753,12218.7520065983,-0.0249332344184471,NA
"cell_0491",6,"nu_time",12,12,12,0,907,48,11909.0414015815,12005.0414015815,12010.5239190641,12235.9282391871,NA,-0.0519021599052015
"cell_0491",6,"sigma_nu_time",12,12,12,0,907,60,11889.1865829234,12009.1865829234,12017.8390651929,12297.7951299303,-0.0230764008735862,-0.0127484565120079
"cell_0492",6,"stationary",12,12,12,0,907,36,11794.3819236668,11866.3819236668,11869.4439926323,12039.5470518709,NA,NA
"cell_0492",6,"sigma_time",12,12,12,0,907,48,11769.1794356369,11865.1794356369,11870.6619531194,12096.0662732424,-0.0274684736855646,NA
"cell_0492",6,"nu_time",12,12,12,0,907,48,11788.549452712,11884.549452712,11890.0319701946,12115.4362903176,NA,-0.0566986438355042
"cell_0492",6,"sigma_nu_time",12,12,12,0,907,60,11766.3727114862,11886.3727114862,11895.0251937557,12174.9812584931,-0.0247528403717467,-0.0187420546815431
"cell_0493",6,"stationary",12,12,12,0,907,36,11633.0494516673,11705.0494516673,11708.1115206328,11878.2145798714,NA,NA
"cell_0493",6,"sigma_time",12,12,12,0,907,48,11605.6564994604,11701.6564994604,11707.1390169429,11932.5433370659,-0.0313407413931256,NA
"cell_0493",6,"nu_time",12,12,12,0,907,48,11627.1401248211,11723.1401248211,11728.6226423037,11954.0269624267,NA,-0.0555626377313332
"cell_0493",6,"sigma_nu_time",12,12,12,0,907,60,11602.6660021021,11722.6660021021,11731.3184843716,12011.274549109,-0.0283209158582882,-0.0204935764295253
"cell_0506",6,"stationary",12,12,12,0,907,36,10553.7399971681,10625.7399971681,10628.8020661337,10798.9051253723,NA,NA
"cell_0506",6,"sigma_time",12,12,12,0,907,48,10542.9625130786,10638.9625130786,10644.4450305612,10869.8493506842,-0.0230300102092875,NA
"cell_0506",6,"nu_time",12,12,12,0,907,48,10545.9452003718,10641.9452003718,10647.4277178543,10872.8320379773,NA,0.0160357276468935
"cell_0506",6,"sigma_nu_time",12,12,12,0,907,60,10529.9006377796,10649.9006377796,10658.5531200491,10938.5091847865,-0.0275372065581471,0.0420736788743137
"cell_0507",6,"stationary",12,12,12,0,907,36,10655.4341221323,10727.4341221323,10730.4961910978,10900.5992503364,NA,NA
"cell_0507",6,"sigma_time",12,12,12,0,907,48,10647.7093614022,10743.7093614022,10749.1918788847,10974.5961990077,-0.0206940773774285,NA
"cell_0507",6,"nu_time",12,12,12,0,907,48,10646.7131711546,10742.7131711546,10748.1956886372,10973.6000087602,NA,0.000245225634742461
"cell_0507",6,"sigma_nu_time",12,12,12,0,907,60,10634.8981553058,10754.8981553058,10763.5506375753,11043.5067023127,-0.0222476262197925,0.0224894691032153
"cell_0508",6,"stationary",12,12,12,0,907,36,10825.9591964441,10897.9591964441,10901.0212654096,11071.1243246483,NA,NA
"cell_0508",6,"sigma_time",12,12,12,0,907,48,10818.8453642998,10914.8453642998,10920.3278817823,11145.7322019053,-0.0189029562719775,NA
"cell_0508",6,"nu_time",12,12,12,0,907,48,10819.2566211348,10915.2566211348,10920.7391386174,11146.1434587404,NA,-0.0104241047704471
"cell_0508",6,"sigma_nu_time",12,12,12,0,907,60,10809.7376758808,10929.7376758808,10938.3901581503,11218.3462228877,-0.0219671428388699,0.00525654983218726
"cell_0509",6,"stationary",12,12,12,0,907,36,10973.2981838917,11045.2981838917,11048.3602528572,11218.4633120958,NA,NA
"cell_0509",6,"sigma_time",12,12,12,0,907,48,10965.9301561902,11061.9301561902,11067.4126736727,11292.8169937957,-0.0196668608506541,NA
"cell_0509",6,"nu_time",12,12,12,0,907,48,10966.4560953653,11062.4560953653,11067.9386128478,11293.3429329708,NA,-0.0189027798307516
"cell_0509",6,"sigma_nu_time",12,12,12,0,907,60,10956.881885125,11076.881885125,11085.5343673945,11365.4904321319,-0.0222787825194119,-0.00337269576676911
"cell_0510",6,"stationary",12,12,12,0,907,36,11087.7177573365,11159.7177573365,11162.779826302,11332.8828855406,NA,NA
"cell_0510",6,"sigma_time",12,12,12,0,907,48,11079.4165068104,11175.4165068104,11180.8990242929,11406.3033444159,-0.0200312897206269,NA
"cell_0510",6,"nu_time",12,12,12,0,907,48,11079.9056273631,11175.9056273631,11181.3881448456,11406.7924649686,NA,-0.0248552592774773
"cell_0510",6,"sigma_nu_time",12,12,12,0,907,60,11068.5512082446,11188.5512082446,11197.2036905141,11477.1597552515,-0.0226592945618181,-0.00861948477606832
"cell_0511",6,"stationary",12,12,12,0,907,36,11206.5628086555,11278.5628086555,11281.6248776211,11451.7279368597,NA,NA
"cell_0511",6,"sigma_time",12,12,12,0,907,48,11195.6057709408,11291.6057709408,11297.0882884233,11522.4926085463,-0.0219673534769911,NA
"cell_0511",6,"nu_time",12,12,12,0,907,48,11199.4139922674,11295.4139922674,11300.8965097499,11526.3008298729,NA,-0.0348131711427219
"cell_0511",6,"sigma_nu_time",12,12,12,0,907,60,11184.8052422943,11304.8052422943,11313.4577245638,11593.4137893012,-0.0252104938643054,-0.0166876602461851
"cell_0512",6,"stationary",12,12,12,0,907,36,11333.9242427594,11405.9242427594,11408.9863117249,11579.0893709636,NA,NA
"cell_0512",6,"sigma_time",12,12,12,0,907,48,11318.8876771967,11414.8876771967,11420.3701946792,11645.7745148022,-0.025534867771411,NA
"cell_0512",6,"nu_time",12,12,12,0,907,48,11328.0010922186,11424.0010922186,11429.4836097011,11654.8879298241,NA,-0.0427117942045454
"cell_0512",6,"sigma_nu_time",12,12,12,0,907,60,11310.6366604304,11430.6366604304,11439.2891426999,11719.2452074374,-0.0262820317678046,-0.0192870191479199
"cell_0513",6,"stationary",12,12,12,0,907,36,11366.5515388836,11438.5515388836,11441.6136078491,11611.7166670877,NA,NA
"cell_0513",6,"sigma_time",12,12,12,0,907,48,11354.0740920638,11450.0740920638,11455.5566095464,11680.9609296694,-0.022030956479739,NA
"cell_0513",6,"nu_time",12,12,12,0,907,48,11360.3848023485,11456.3848023485,11461.867319831,11687.2716399541,NA,-0.0513259477710193
"cell_0513",6,"sigma_nu_time",12,12,12,0,907,60,11348.307346148,11468.307346148,11476.9598284175,11756.915893155,-0.0227265901915412,-0.030590584780075
"cell_0514",6,"stationary",12,12,12,0,907,36,11427.2531003189,11499.2531003189,11502.3151692844,11672.4182285231,NA,NA
"cell_0514",6,"sigma_time",12,12,12,0,907,48,11417.5013197015,11513.5013197015,11518.983837184,11744.388157307,-0.017759438250936,NA
"cell_0514",6,"nu_time",12,12,12,0,907,48,11420.4829820615,11516.4829820615,11521.965499544,11747.369819667,NA,-0.0586018919365216
"cell_0514",6,"sigma_nu_time",12,12,12,0,907,60,11412.6744381215,11532.6744381215,11541.326920391,11821.2829851284,-0.0159802401740549,-0.0358528747571099
"cell_0515",6,"stationary",12,12,12,0,907,36,11512.2968804054,11584.2968804054,11587.3589493709,11757.4620086095,NA,NA
"cell_0515",6,"sigma_time",12,12,12,0,907,48,11503.2738921479,11599.2738921479,11604.7564096304,11830.1607297534,-0.0151716418569734,NA
"cell_0515",6,"nu_time",12,12,12,0,907,48,11504.5281517307,11600.5281517307,11606.0106692132,11831.4149893362,NA,-0.0661029184797471
"cell_0515",6,"sigma_nu_time",12,12,12,0,907,60,11497.9032858595,11617.9032858595,11626.555768129,11906.5118328664,-0.0134019191899517,-0.0438190168983097
"cell_0516",6,"stationary",12,12,12,0,907,36,11613.7234684037,11685.7234684037,11688.7855373692,11858.8885966079,NA,NA
"cell_0516",6,"sigma_time",12,12,12,0,907,48,11602.5217226553,11698.5217226553,11704.0042401379,11929.4085602609,-0.0150900722741528,NA
"cell_0516",6,"nu_time",12,12,12,0,907,48,11605.6995137225,11701.6995137225,11707.182031205,11932.586351328,NA,-0.0604688024684086
"cell_0516",6,"sigma_nu_time",12,12,12,0,907,60,11597.1632002679,11717.1632002679,11725.8156825374,12005.7717472748,-0.0152993361724061,-0.0450287419053108
"cell_0517",6,"stationary",12,12,12,0,907,36,11756.6746625598,11828.6746625598,11831.7367315253,12001.839790764,NA,NA
"cell_0517",6,"sigma_time",12,12,12,0,907,48,11740.9893153686,11836.9893153686,11842.4718328511,12067.8761529741,-0.0208116643956282,NA
"cell_0517",6,"nu_time",12,12,12,0,907,48,11749.4611747128,11845.4611747128,11850.9436921953,12076.3480123183,NA,-0.0573651037881253
"cell_0517",6,"sigma_nu_time",12,12,12,0,907,60,11736.5761301961,11856.5761301961,11865.2286124656,12145.184677203,-0.0189555164902101,-0.0394701175832074
"cell_0518",6,"stationary",12,12,12,0,907,36,11927.0215726349,11999.0215726349,12002.0836416004,12172.1867008391,NA,NA
"cell_0518",6,"sigma_time",12,12,12,0,907,48,11907.3213078282,12003.3213078282,12008.8038253108,12234.2081454338,-0.0225671289313837,NA
"cell_0518",6,"nu_time",12,12,12,0,907,48,11920.6658039477,12016.6658039477,12022.1483214302,12247.5526415532,NA,-0.0568320384338328
"cell_0518",6,"sigma_nu_time",12,12,12,0,907,60,11903.7076759779,12023.7076759779,12032.3601582474,12312.3162229849,-0.0211137183168594,-0.0369551527070338
"cell_0534",6,"stationary",12,12,12,0,907,36,10759.6575375308,10831.6575375308,10834.7196064963,11004.8226657349,NA,NA
"cell_0534",6,"sigma_time",12,12,12,0,907,48,10755.1364664137,10851.1364664137,10856.6189838962,11082.0233040192,-0.00430596226464211,NA
"cell_0534",6,"nu_time",12,12,12,0,907,48,10746.4038000825,10842.4038000825,10847.886317565,11073.2906376881,NA,0.0321408289318736
"cell_0534",6,"sigma_nu_time",12,12,12,0,907,60,10742.7921359632,10862.7921359632,10871.4446182327,11151.4006829701,-0.00893594667399958,0.0338176873771672
"cell_0535",6,"stationary",12,12,12,0,907,36,10935.4688554474,11007.4688554474,11010.5309244129,11180.6339836515,NA,NA
"cell_0535",6,"sigma_time",12,12,12,0,907,48,10927.9547756282,11023.9547756282,11029.4372931107,11254.8416132337,0.00108497532230326,NA
"cell_0535",6,"nu_time",12,12,12,0,907,48,10924.3362205906,11020.3362205906,11025.8187380732,11251.2230581962,NA,0.0140646075861739
"cell_0535",6,"sigma_nu_time",12,12,12,0,907,60,10919.2622519465,11039.2622519465,11047.914734216,11327.8707989534,0.00119567891086911,0.0170782135810777
"cell_0536",6,"stationary",12,12,12,0,907,36,11139.3927742369,11211.3927742369,11214.4548432024,11384.557902441,NA,NA
"cell_0536",6,"sigma_time",12,12,12,0,907,48,11132.1438497682,11228.1438497682,11233.6263672508,11459.0306873738,0.000671096470375794,NA
"cell_0536",6,"nu_time",12,12,12,0,907,48,11131.3907336174,11227.3907336174,11232.8732510999,11458.2775712229,NA,-0.00871974700666187
"cell_0536",6,"sigma_nu_time",12,12,12,0,907,60,11126.5635068893,11246.5635068893,11255.2159891588,11535.1720538962,0.00118677895335647,-0.00129560651756401
"cell_0537",6,"stationary",12,12,12,0,907,36,11270.2595659294,11342.2595659294,11345.3216348949,11515.4246941335,NA,NA
"cell_0537",6,"sigma_time",12,12,12,0,907,48,11262.4807479764,11358.4807479764,11363.9632654589,11589.3675855819,0.000612977548807351,NA
"cell_0537",6,"nu_time",12,12,12,0,907,48,11261.8889513461,11357.8889513461,11363.3714688286,11588.7757889516,NA,-0.00936861752389978
"cell_0537",6,"sigma_nu_time",12,12,12,0,907,60,11256.723655008,11376.723655008,11385.3761372775,11665.3322020149,0.00259515644283381,-0.00249531634889106
"cell_0538",6,"stationary",12,12,12,0,907,36,11279.1513990148,11351.1513990148,11354.2134679803,11524.316527219,NA,NA
"cell_0538",6,"sigma_time",12,12,12,0,907,48,11267.9081480359,11363.9081480359,11369.3906655184,11594.7949856414,0.00340277986668974,NA
"cell_0538",6,"nu_time",12,12,12,0,907,48,11267.5622262687,11363.5622262687,11369.0447437512,11594.4490638742,NA,-0.00100628109415639
"cell_0538",6,"sigma_nu_time",12,12,12,0,907,60,11259.2101428049,11379.2101428049,11387.8626250744,11667.8186898118,0.00315846583486021,0.00131769523481893
"cell_0539",6,"stationary",12,12,12,0,907,36,11287.2592136877,11359.2592136877,11362.3212826532,11532.4243418919,NA,NA
"cell_0539",6,"sigma_time",12,12,12,0,907,48,11281.5313450461,11377.5313450461,11383.0138625286,11608.4181826516,-0.00891547737413665,NA
"cell_0539",6,"nu_time",12,12,12,0,907,48,11273.7181532508,11369.7181532508,11375.2006707333,11600.6049908563,NA,-0.0169079212607177
"cell_0539",6,"sigma_nu_time",12,12,12,0,907,60,11270.0144880286,11390.0144880286,11398.6669702981,11678.6230350355,-0.00796378927018027,-0.00975095178289636
"cell_0540",6,"stationary",12,12,12,0,907,36,11336.5203042856,11408.5203042856,11411.5823732511,11581.6854324898,NA,NA
"cell_0540",6,"sigma_time",12,12,12,0,907,48,11326.5533030267,11422.5533030267,11428.0358205092,11653.4401406322,-0.0219030977300626,NA
"cell_0540",6,"nu_time",12,12,12,0,907,48,11327.9212781566,11423.9212781566,11429.4037956392,11654.8081157622,NA,-0.0510708438236124
"cell_0540",6,"sigma_nu_time",12,12,12,0,907,60,11316.7513365647,11436.7513365647,11445.4038188342,11725.3598835716,-0.0249080648876421,-0.0311173871922863
"cell_0541",6,"stationary",12,12,12,0,907,36,11403.267419911,11475.267419911,11478.3294888765,11648.4325481152,NA,NA
"cell_0541",6,"sigma_time",12,12,12,0,907,48,11385.2322105327,11481.2322105327,11486.7147280152,11712.1190481382,-0.0310827918352807,NA
"cell_0541",6,"nu_time",12,12,12,0,907,48,11393.8145370205,11489.8145370205,11495.2970545031,11720.7013746261,NA,-0.0839926847504224
"cell_0541",6,"sigma_nu_time",12,12,12,0,907,60,11378.8682609806,11498.8682609806,11507.5207432501,11787.4768079875,-0.0283286629854036,-0.0580335051840859
"cell_0542",6,"stationary",12,12,12,0,907,36,11429.6803289892,11501.6803289892,11504.7423979547,11674.8454571933,NA,NA
"cell_0542",6,"sigma_time",12,12,12,0,907,48,11413.1834591018,11509.1834591018,11514.6659765843,11740.0702967073,-0.0290592690927878,NA
"cell_0542",6,"nu_time",12,12,12,0,907,48,11420.2098785969,11516.2098785969,11521.6923960794,11747.0967162025,NA,-0.0751067990367682
"cell_0542",6,"sigma_nu_time",12,12,12,0,907,60,11406.8771980918,11526.8771980918,11535.5296803613,11815.4857450987,-0.0256302753526487,-0.0553714489773706
"cell_0543",6,"stationary",12,12,12,0,907,36,11477.9188567218,11549.9188567218,11552.9809256873,11723.0839849259,NA,NA
"cell_0543",6,"sigma_time",12,12,12,0,907,48,11464.3224731976,11560.3224731976,11565.8049906801,11791.2093108031,-0.0220202242897434,NA
"cell_0543",6,"nu_time",12,12,12,0,907,48,11468.843009324,11564.843009324,11570.3255268066,11795.7298469296,NA,-0.0751454331828502
"cell_0543",6,"sigma_nu_time",12,12,12,0,907,60,11458.2612964546,11578.2612964546,11586.9137787241,11866.8698434615,-0.018932445954262,-0.0517805524950113
"cell_0544",6,"stationary",12,12,12,0,907,36,11588.9337728611,11660.9337728611,11663.9958418266,11834.0989010652,NA,NA
"cell_0544",6,"sigma_time",12,12,12,0,907,48,11572.0934632043,11668.0934632043,11673.5759806868,11898.9803008098,-0.0224969931631028,NA
"cell_0544",6,"nu_time",12,12,12,0,907,48,11579.1901004904,11675.1901004904,11680.672617973,11906.076938096,NA,-0.0819592843614323
"cell_0544",6,"sigma_nu_time",12,12,12,0,907,60,11566.009799781,11686.009799781,11694.6622820505,11974.6183467879,-0.0204694137172858,-0.054734789214152
"cell_0545",6,"stationary",12,12,12,0,907,36,11782.6135164029,11854.6135164029,11857.6755853684,12027.7786446071,NA,NA
"cell_0545",6,"sigma_time",12,12,12,0,907,48,11758.07465236,11854.07465236,11859.5571698425,12084.9614899655,-0.0254637133329863,NA
"cell_0545",6,"nu_time",12,12,12,0,907,48,11770.9709921276,11866.9709921276,11872.4535096101,12097.8578297331,NA,-0.0853562269088814
"cell_0545",6,"sigma_nu_time",12,12,12,0,907,60,11751.9497251024,11871.9497251024,11880.6022073719,12160.5582721093,-0.0239894661905624,-0.0560388027192452
"cell_0546",6,"stationary",12,12,12,0,907,36,11939.0195934434,12011.0195934434,12014.0816624089,12184.1847216475,NA,NA
"cell_0546",6,"sigma_time",12,12,12,0,907,48,11914.0141019099,12010.0141019099,12015.4966193924,12240.9009395155,-0.0263853270917651,NA
"cell_0546",6,"nu_time",12,12,12,0,907,48,11932.047736647,12028.047736647,12033.5302541295,12258.9345742525,NA,-0.0600801440724985
"cell_0546",6,"sigma_nu_time",12,12,12,0,907,60,11910.2495526098,12030.2495526098,12038.9020348793,12318.8580996167,-0.0255253399001147,-0.0261334939991335
"cell_0566",6,"stationary",12,12,12,0,907,36,11521.5693422906,11593.5693422906,11596.6314112561,11766.7344704947,NA,NA
"cell_0566",6,"sigma_time",12,12,12,0,907,48,11506.6181904816,11602.6181904816,11608.1007079642,11833.5050280872,0.00433161105579855,NA
"cell_0566",6,"nu_time",12,12,12,0,907,48,11514.0266795913,11610.0266795913,11615.5091970738,11840.9135171968,NA,-0.0163206752856265
"cell_0566",6,"sigma_nu_time",12,12,12,0,907,60,11501.6296908997,11621.6296908997,11630.2821731692,11910.2382379066,0.00416605354680553,-0.0132783826291295
"cell_0567",6,"stationary",12,12,12,0,907,36,11447.9511200731,11519.9511200731,11523.0131890386,11693.1162482772,NA,NA
"cell_0567",6,"sigma_time",12,12,12,0,907,48,11440.1741283455,11536.1741283455,11541.656645828,11767.060965951,-0.0121417679369454,NA
"cell_0567",6,"nu_time",12,12,12,0,907,48,11438.1631170273,11534.1631170273,11539.6456345098,11765.0499546329,NA,-0.0412317843656567
"cell_0567",6,"sigma_nu_time",12,12,12,0,907,60,11432.7170873587,11552.7170873587,11561.3695696282,11841.3256343656,-0.00977029079015458,-0.0306033410315737
"cell_0568",6,"stationary",12,12,12,0,907,36,11441.1871576508,11513.1871576508,11516.2492266163,11686.3522858549,NA,NA
"cell_0568",6,"sigma_time",12,12,12,0,907,48,11429.4932327584,11525.4932327584,11530.975750241,11756.380070364,-0.0245026198545866,NA
"cell_0568",6,"nu_time",12,12,12,0,907,48,11431.9593066574,11527.9593066574,11533.4418241399,11758.8461442629,NA,-0.0698340822755314
"cell_0568",6,"sigma_nu_time",12,12,12,0,907,60,11421.4481232396,11541.4481232396,11550.1006055091,11830.0566702465,-0.0224096490303292,-0.0491125989343435
"cell_0569",6,"stationary",12,12,12,0,907,36,11454.5752082347,11526.5752082347,11529.6372772002,11699.7403364389,NA,NA
"cell_0569",6,"sigma_time",12,12,12,0,907,48,11435.219794656,11531.219794656,11536.7023121385,11762.1066322616,-0.0345776050067901,NA
"cell_0569",6,"nu_time",12,12,12,0,907,48,11444.2217392927,11540.2217392927,11545.7042567753,11771.1085768983,NA,-0.083549943361345
"cell_0569",6,"sigma_nu_time",12,12,12,0,907,60,11427.7451050575,11547.7451050575,11556.397587327,11836.3536520644,-0.0301768381575107,-0.0623062164594662
"cell_0570",6,"stationary",12,12,12,0,907,36,11462.3453185753,11534.3453185753,11537.4073875408,11707.5104467794,NA,NA
"cell_0570",6,"sigma_time",12,12,12,0,907,48,11439.030271229,11535.030271229,11540.5127887115,11765.9171088345,-0.0368339792445136,NA
"cell_0570",6,"nu_time",12,12,12,0,907,48,11451.5533205765,11547.5533205765,11553.035838059,11778.440158182,NA,-0.0854125247417477
"cell_0570",6,"sigma_nu_time",12,12,12,0,907,60,11432.1555418424,11552.1555418424,11560.8080241119,11840.7640888494,-0.0320348389449395,-0.0607988879956461
"cell_0571",6,"stationary",12,12,12,0,907,36,11462.2069546846,11534.2069546846,11537.2690236502,11707.3720828888,NA,NA
"cell_0571",6,"sigma_time",12,12,12,0,907,48,11438.8909290447,11534.8909290447,11540.3734465272,11765.7777666502,-0.036892515100421,NA
"cell_0571",6,"nu_time",12,12,12,0,907,48,11452.5025020363,11548.5025020363,11553.9850195188,11779.3893396418,NA,-0.0769959961017492
"cell_0571",6,"sigma_nu_time",12,12,12,0,907,60,11432.5235017273,11552.5235017273,11561.1759839968,11841.1320487342,-0.031938143311345,-0.0529673333670741
"cell_0572",6,"stationary",12,12,12,0,907,36,11585.107931697,11657.107931697,11660.1700006625,11830.2730599011,NA,NA
"cell_0572",6,"sigma_time",12,12,12,0,907,48,11558.5009255243,11654.5009255243,11659.9834430068,11885.3877631299,-0.0330187908166176,NA
"cell_0572",6,"nu_time",12,12,12,0,907,48,11574.4920631504,11670.4920631504,11675.9745806329,11901.3789007559,NA,-0.084878778314061
"cell_0572",6,"sigma_nu_time",12,12,12,0,907,60,11552.3546236982,11672.3546236982,11681.0071059677,11960.9631707051,-0.030139012233677,-0.0563891753261307
"cell_0573",6,"stationary",12,12,12,0,907,36,11774.3708127135,11846.3708127135,11849.432881679,12019.5359409177,NA,NA
"cell_0573",6,"sigma_time",12,12,12,0,907,48,11745.73610271,11841.73610271,11847.2186201925,12072.6229403155,-0.0303173875382873,NA
"cell_0573",6,"nu_time",12,12,12,0,907,48,11765.3685976419,11861.3685976419,11866.8511151245,12092.2554352475,NA,-0.0777898034239646
"cell_0573",6,"sigma_nu_time",12,12,12,0,907,60,11740.6317191224,11860.6317191224,11869.2842013919,12149.2402661293,-0.0282000800704568,-0.0417923464200944
"cell_0574",6,"stationary",12,12,12,0,907,36,11937.0039219812,12009.0039219812,12012.0659909467,12182.1690501853,NA,NA
"cell_0574",6,"sigma_time",12,12,12,0,907,48,11910.3396952496,12006.3396952496,12011.8222127321,12237.2265328551,-0.0275939356267819,NA
"cell_0574",6,"nu_time",12,12,12,0,907,48,11931.2527480907,12027.2527480907,12032.7352655732,12258.1395856962,NA,-0.0473804790549317
"cell_0574",6,"sigma_nu_time",12,12,12,0,907,60,11905.984686762,12025.984686762,12034.6371690315,12314.5932337689,-0.0266511324810984,-0.00425349008827563
"cell_0594",6,"stationary",12,12,12,0,907,36,11585.6060252701,11657.6060252701,11660.6680942356,11830.7711534742,NA,NA
"cell_0594",6,"sigma_time",12,12,12,0,907,48,11575.1310263153,11671.1310263153,11676.6135437978,11902.0178639208,-0.00465271500814955,NA
"cell_0594",6,"nu_time",12,12,12,0,907,48,11578.7981271362,11674.7981271362,11680.2806446187,11905.6849647417,NA,-0.040703278881654
"cell_0594",6,"sigma_nu_time",12,12,12,0,907,60,11570.4268715393,11690.4268715393,11699.0793538089,11979.0354185463,-0.0019943781064913,-0.0438922640682027
"cell_0595",6,"stationary",12,12,12,0,907,36,11463.6542983022,11535.6542983022,11538.7163672677,11708.8194265063,NA,NA
"cell_0595",6,"sigma_time",12,12,12,0,907,48,11455.5538687676,11551.5538687676,11557.0363862502,11782.4407063732,-0.0157828001796872,NA
"cell_0595",6,"nu_time",12,12,12,0,907,48,11454.5543587876,11550.5543587876,11556.0368762701,11781.4411963931,NA,-0.0617036165616679
"cell_0595",6,"sigma_nu_time",12,12,12,0,907,60,11448.5860036705,11568.5860036705,11577.23848594,11857.1945506774,-0.0150772943895853,-0.0443070409648245
"cell_0596",6,"stationary",12,12,12,0,907,36,11423.5856486427,11495.5856486427,11498.6477176082,11668.7507768469,NA,NA
"cell_0596",6,"sigma_time",12,12,12,0,907,48,11409.0294626296,11505.0294626296,11510.5119801122,11735.9163002352,-0.0295075529067823,NA
"cell_0596",6,"nu_time",12,12,12,0,907,48,11412.8100367259,11508.8100367259,11514.2925542084,11739.6968743314,NA,-0.0821172834971326
"cell_0596",6,"sigma_nu_time",12,12,12,0,907,60,11400.4655986679,11520.4655986679,11529.1180809374,11809.0741456748,-0.026444637425472,-0.0633373717825695
"cell_0597",6,"stationary",12,12,12,0,907,36,11445.518782605,11517.518782605,11520.5808515705,11690.6839108091,NA,NA
"cell_0597",6,"sigma_time",12,12,12,0,907,48,11420.7540882009,11516.7540882009,11522.2366056834,11747.6409258064,-0.0350991118510856,NA
"cell_0597",6,"nu_time",12,12,12,0,907,48,11432.1623090743,11528.1623090743,11533.6448265568,11759.0491466799,NA,-0.0987579482825997
"cell_0597",6,"sigma_nu_time",12,12,12,0,907,60,11411.9794422078,11531.9794422078,11540.6319244773,11820.5879892147,-0.0294739780930406,-0.0727898770825758
"cell_0598",6,"stationary",12,12,12,0,907,36,11478.5362899304,11550.5362899304,11553.5983588959,11723.7014181346,NA,NA
"cell_0598",6,"sigma_time",12,12,12,0,907,48,11444.861819969,11540.861819969,11546.3443374515,11771.7486575745,-0.0364711934644149,NA
"cell_0598",6,"nu_time",12,12,12,0,907,48,11462.5529500608,11558.5529500608,11564.0354675433,11789.4397876663,NA,-0.106600694402445
"cell_0598",6,"sigma_nu_time",12,12,12,0,907,60,11436.2588108661,11556.2588108661,11564.9112931356,11844.867357873,-0.0303313603697821,-0.0736671066041664
"cell_0599",6,"stationary",12,12,12,0,907,36,11486.3399246711,11558.3399246711,11561.4019936366,11731.5050528752,NA,NA
"cell_0599",6,"sigma_time",12,12,12,0,907,48,11450.0388373953,11546.0388373953,11551.5213548778,11776.9256750008,-0.0373485067140222,NA
"cell_0599",6,"nu_time",12,12,12,0,907,48,11473.0096063455,11569.0096063455,11574.492123828,11799.896443951,NA,-0.094542061251434
"cell_0599",6,"sigma_nu_time",12,12,12,0,907,60,11442.9900266763,11562.9900266763,11571.6425089458,11851.5985736832,-0.0316880197104769,-0.0607020837876091
"cell_0600",6,"stationary",12,12,12,0,907,36,11576.7452507201,11648.7452507201,11651.8073196857,11821.9103789243,NA,NA
"cell_0600",6,"sigma_time",12,12,12,0,907,48,11544.7828285925,11640.7828285925,11646.265346075,11871.669666198,-0.0377031438918615,NA
"cell_0600",6,"nu_time",12,12,12,0,907,48,11567.2789016772,11663.2789016772,11668.7614191597,11894.1657392827,NA,-0.0770888850618774
"cell_0600",6,"sigma_nu_time",12,12,12,0,907,60,11538.344180579,11658.344180579,11666.9966628486,11946.952727586,-0.0331818473422138,-0.0467965778822709
"cell_0601",6,"stationary",12,12,12,0,907,36,11743.0188626744,11815.0188626744,11818.08093164,11988.1839908786,NA,NA
"cell_0601",6,"sigma_time",12,12,12,0,907,48,11714.0129173652,11810.0129173652,11815.4954348478,12040.8997549708,-0.0318208894721142,NA
"cell_0601",6,"nu_time",12,12,12,0,907,48,11735.9034872417,11831.9034872417,11837.3860047242,12062.7903248472,NA,-0.0695653381501289
"cell_0601",6,"sigma_nu_time",12,12,12,0,907,60,11708.0361633337,11828.0361633337,11836.6886456032,12116.6447103406,-0.0313500979068328,-0.0277709079272557
"cell_0624",6,"stationary",12,12,12,0,907,36,11192.2413821643,11264.2413821643,11267.3034511298,11437.4065103685,NA,NA
"cell_0624",6,"sigma_time",12,12,12,0,907,48,11167.4006153655,11263.4006153655,11268.883132848,11494.287452971,-0.0339150321943109,NA
"cell_0624",6,"nu_time",12,12,12,0,907,48,11178.5926109328,11274.5926109328,11280.0751284153,11505.4794485383,NA,-0.0979492451888167
"cell_0624",6,"sigma_nu_time",12,12,12,0,907,60,11157.3998771496,11277.3998771496,11286.0523594191,11566.0084241565,-0.0280336505375999,-0.0745404325306546
"cell_0625",6,"stationary",12,12,12,0,907,36,11308.4964436623,11380.4964436623,11383.5585126278,11553.6615718665,NA,NA
"cell_0625",6,"sigma_time",12,12,12,0,907,48,11266.0491114621,11362.0491114621,11367.5316289446,11592.9359490676,-0.0348743324096241,NA
"cell_0625",6,"nu_time",12,12,12,0,907,48,11282.1506923085,11378.1506923085,11383.633209791,11609.037529914,NA,-0.132976839634708
"cell_0625",6,"sigma_nu_time",12,12,12,0,907,60,11254.5273385163,11374.5273385163,11383.1798207858,11663.1358855232,-0.0288877842029775,-0.0930540756236136
"cell_0626",6,"stationary",12,12,12,0,907,36,11420.2889720328,11492.2889720328,11495.3510409983,11665.4541002369,NA,NA
"cell_0626",6,"sigma_time",12,12,12,0,907,48,11372.4661490575,11468.4661490575,11473.94866654,11699.352986663,-0.0345476235982629,NA
"cell_0626",6,"nu_time",12,12,12,0,907,48,11388.8209976359,11484.8209976359,11490.3035151185,11715.7078352415,NA,-0.145755401389198
"cell_0626",6,"sigma_nu_time",12,12,12,0,907,60,11359.2290849282,11479.2290849282,11487.8815671977,11767.8376319351,-0.0289511374381542,-0.101414569351806
"cell_0627",6,"stationary",12,12,12,0,907,36,11436.9831819709,11508.9831819709,11512.0452509365,11682.1483101751,NA,NA
"cell_0627",6,"sigma_time",12,12,12,0,907,48,11399.5890580542,11495.5890580542,11501.0715755367,11726.4758956597,-0.0330622251224264,NA
"cell_0627",6,"nu_time",12,12,12,0,907,48,11421.3570713011,11517.3570713011,11522.8395887836,11748.2439089066,NA,-0.10773129301479
"cell_0627",6,"sigma_nu_time",12,12,12,0,907,60,11392.225932848,11512.225932848,11520.8784151175,11800.834479855,-0.029235533080717,-0.0607845089709155
"cell_0628",6,"stationary",12,12,12,0,907,36,11507.710054302,11579.710054302,11582.7721232675,11752.8751825061,NA,NA
"cell_0628",6,"sigma_time",12,12,12,0,907,48,11474.0574593327,11570.0574593327,11575.5399768153,11800.9442969383,-0.0352602175775178,NA
"cell_0628",6,"nu_time",12,12,12,0,907,48,11496.8578427099,11592.8578427099,11598.3403601924,11823.7446803154,NA,-0.0947908129873513
"cell_0628",6,"sigma_nu_time",12,12,12,0,907,60,11467.2433752527,11587.2433752527,11595.8958575222,11875.8519222596,-0.0323806200712,-0.042776101966013
"cell_0629",6,"stationary",12,12,12,0,907,36,11637.7324533031,11709.7324533031,11712.7945222686,11882.8975815073,NA,NA
"cell_0629",6,"sigma_time",12,12,12,0,907,48,11605.2401781816,11701.2401781816,11706.7226956642,11932.1270157872,-0.0324322571995721,NA
"cell_0629",6,"nu_time",12,12,12,0,907,48,11628.8048556934,11724.8048556934,11730.2873731759,11955.6916932989,NA,-0.0838554433669495
"cell_0629",6,"sigma_nu_time",12,12,12,0,907,60,11598.7579000213,11718.7579000213,11727.4103822908,12007.3664470283,-0.0327017240119485,-0.0372861874610233
"cell_0630",6,"stationary",12,12,12,0,907,36,11788.1157059336,11860.1157059336,11863.1777748991,12033.2808341377,NA,NA
"cell_0630",6,"sigma_time",12,12,12,0,907,48,11759.281029972,11855.281029972,11860.7635474545,12086.1678675775,-0.0295215852897492,NA
"cell_0630",6,"nu_time",12,12,12,0,907,48,11782.2881428366,11878.2881428366,11883.7706603191,12109.1749804421,NA,-0.054692718422101
"cell_0630",6,"sigma_nu_time",12,12,12,0,907,60,11753.7195556113,11873.7195556113,11882.3720378809,12162.3281026183,-0.0286821256564709,-0.0105106959108967
"cell_0652",6,"stationary",12,12,12,0,907,36,11021.844771325,11093.844771325,11096.9068402906,11267.0098995292,NA,NA
"cell_0652",6,"sigma_time",12,12,12,0,907,48,10965.1018869699,11061.1018869699,11066.5844044525,11291.9887245755,-0.0347894233143248,NA
"cell_0652",6,"nu_time",12,12,12,0,907,48,10989.5123174045,11085.5123174045,11090.994834887,11316.39915501,NA,-0.127823072159279
"cell_0652",6,"sigma_nu_time",12,12,12,0,907,60,10956.6791185426,11076.6791185426,11085.3316008121,11365.2876655495,-0.029665063094464,-0.0803918988972055
"cell_0653",6,"stationary",12,12,12,0,907,36,11163.6686840628,11235.6686840628,11238.7307530283,11408.833812267,NA,NA
"cell_0653",6,"sigma_time",12,12,12,0,907,48,11105.713494862,11201.713494862,11207.1960123445,11432.6003324675,-0.0335368462555114,NA
"cell_0653",6,"nu_time",12,12,12,0,907,48,11129.5109214074,11225.5109214074,11230.9934388899,11456.3977590129,NA,-0.134382485242342
"cell_0653",6,"sigma_nu_time",12,12,12,0,907,60,11096.5222658859,11216.5222658859,11225.1747481554,11505.1308128928,-0.0282186759126552,-0.0838850842175992
"cell_0654",6,"stationary",12,12,12,0,907,36,11292.1975532352,11364.1975532352,11367.2596222007,11537.3626814393,NA,NA
"cell_0654",6,"sigma_time",12,12,12,0,907,48,11242.4521910475,11338.4521910475,11343.93470853,11569.339028653,-0.0321091211728356,NA
"cell_0654",6,"nu_time",12,12,12,0,907,48,11264.9949723388,11360.9949723388,11366.4774898213,11591.8818099443,NA,-0.116831362308682
"cell_0654",6,"sigma_nu_time",12,12,12,0,907,60,11233.4782674938,11353.4782674938,11362.1307497633,11642.0868145007,-0.027589686148941,-0.0776251724553803
"cell_0655",6,"stationary",12,12,12,0,907,36,11402.3997746539,11474.3997746539,11477.4618436194,11647.5649028581,NA,NA
"cell_0655",6,"sigma_time",12,12,12,0,907,48,11361.3385800819,11457.3385800819,11462.8210975644,11688.2254176874,-0.031264168898973,NA
"cell_0655",6,"nu_time",12,12,12,0,907,48,11384.5004517857,11480.5004517857,11485.9829692682,11711.3872893912,NA,-0.102061730713925
"cell_0655",6,"sigma_nu_time",12,12,12,0,907,60,11354.0365970482,11474.0365970482,11482.6890793177,11762.6451440551,-0.0279908541309679,-0.0630943388617267
"cell_0656",6,"stationary",12,12,12,0,907,36,11461.9827563104,11533.9827563104,11537.0448252759,11707.1478845145,NA,NA
"cell_0656",6,"sigma_time",12,12,12,0,907,48,11426.5093417261,11522.5093417261,11527.9918592087,11753.3961793317,-0.032731716273735,NA
"cell_0656",6,"nu_time",12,12,12,0,907,48,11449.8718808383,11545.8718808383,11551.3543983208,11776.7587184438,NA,-0.0872862585846958
"cell_0656",6,"sigma_nu_time",12,12,12,0,907,60,11420.1114264427,11540.1114264427,11548.7639087122,11828.7199734496,-0.0306349420589403,-0.0522978509949303
"cell_0657",6,"stationary",12,12,12,0,907,36,11533.467110408,11605.467110408,11608.5291793735,11778.6322386122,NA,NA
"cell_0657",6,"sigma_time",12,12,12,0,907,48,11501.3103613843,11597.3103613843,11602.7928788669,11828.1971989899,-0.0328798880680728,NA
"cell_0657",6,"nu_time",12,12,12,0,907,48,11524.7560638277,11620.7560638277,11626.2385813103,11851.6429014333,NA,-0.0791137254805263
"cell_0657",6,"sigma_nu_time",12,12,12,0,907,60,11495.5036138821,11615.5036138821,11624.1560961516,11904.112160889,-0.0329293675782688,-0.0390886762120313
"cell_0680",6,"stationary",12,12,12,0,907,36,11051.0471770981,11123.0471770981,11126.1092460636,11296.2123053022,NA,NA
"cell_0680",6,"sigma_time",12,12,12,0,907,48,10976.1704988784,11072.1704988784,11077.653016361,11303.057336484,-0.037529072340827,NA
"cell_0680",6,"nu_time",12,12,12,0,907,48,11006.7222371501,11102.7222371501,11108.2047546327,11333.6090747557,NA,-0.143337104364692
"cell_0680",6,"sigma_nu_time",12,12,12,0,907,60,10967.4880383903,11087.4880383903,11096.1405206598,11376.0965853972,-0.0313405309692599,-0.0808176788424167
"cell_0681",6,"stationary",12,12,12,0,907,36,11122.2187763416,11194.2187763416,11197.2808453071,11367.3839045457,NA,NA
"cell_0681",6,"sigma_time",12,12,12,0,907,48,11059.7183826382,11155.7183826382,11161.2009001207,11386.6052202437,-0.0364232760612638,NA
"cell_0681",6,"nu_time",12,12,12,0,907,48,11090.2072733795,11186.2072733795,11191.689790862,11417.094110985,NA,-0.122033446488402
"cell_0681",6,"sigma_nu_time",12,12,12,0,907,60,11052.8439733428,11172.8439733428,11181.4964556123,11461.4525203497,-0.0300117666914529,-0.0685630966008875
"cell_0682",6,"stationary",12,12,12,0,907,36,11253.888245752,11325.888245752,11328.9503147175,11499.0533739561,NA,NA
"cell_0682",6,"sigma_time",12,12,12,0,907,48,11202.1284666715,11298.1284666715,11303.610984154,11529.0153042771,-0.0344631753243219,NA
"cell_0682",6,"nu_time",12,12,12,0,907,48,11228.5037455051,11324.5037455051,11329.9862629876,11555.3905831107,NA,-0.101669663727117
"cell_0682",6,"sigma_nu_time",12,12,12,0,907,60,11194.5843660951,11314.5843660951,11323.2368483646,11603.192913102,-0.0292338966228429,-0.0640500658194963
"cell_0683",6,"stationary",12,12,12,0,907,36,11393.6461822844,11465.6461822844,11468.7082512499,11638.8113104886,NA,NA
"cell_0683",6,"sigma_time",12,12,12,0,907,48,11350.4281430942,11446.4281430942,11451.9106605768,11677.3149806998,-0.0334600701988089,NA
"cell_0683",6,"nu_time",12,12,12,0,907,48,11374.5930534421,11470.5930534421,11476.0755709246,11701.4798910476,NA,-0.0954083292004206
"cell_0683",6,"sigma_nu_time",12,12,12,0,907,60,11343.0787210145,11463.0787210145,11471.731203284,11751.6872680214,-0.0302063090725946,-0.0627116038621279
"cell_0684",6,"stationary",12,12,12,0,907,36,11422.5139088764,11494.5139088764,11497.5759778419,11667.6790370805,NA,NA
"cell_0684",6,"sigma_time",12,12,12,0,907,48,11385.9730751493,11481.9730751493,11487.4555926318,11712.8599127549,-0.0337423691504551,NA
"cell_0684",6,"nu_time",12,12,12,0,907,48,11409.4700061988,11505.4700061988,11510.9525236813,11736.3568438043,NA,-0.0865735263094392
"cell_0684",6,"sigma_nu_time",12,12,12,0,907,60,11379.342363954,11499.342363954,11507.9948462235,11787.9509109609,-0.032184032488983,-0.0555825245282296
"cell_0707",6,"stationary",12,12,12,0,907,36,11194.3556028688,11266.3556028688,11269.4176718344,11439.520731073,NA,NA
"cell_0707",6,"sigma_time",12,12,12,0,907,48,11112.843404712,11208.843404712,11214.3259221945,11439.7302423175,-0.0410907881713542,NA
"cell_0707",6,"nu_time",12,12,12,0,907,48,11128.0040505004,11224.0040505004,11229.4865679829,11454.8908881059,NA,-0.199729224800498
"cell_0707",6,"sigma_nu_time",12,12,12,0,907,60,11090.7637180562,11210.7637180562,11219.4162003257,11499.3722650631,-0.0318696909470885,-0.121317991800687
"cell_0708",6,"stationary",12,12,12,0,907,36,11164.6287358327,11236.6287358327,11239.6908047982,11409.7938640369,NA,NA
"cell_0708",6,"sigma_time",12,12,12,0,907,48,11093.1760065163,11189.1760065163,11194.6585239988,11420.0628441218,-0.0438628798722146,NA
"cell_0708",6,"nu_time",12,12,12,0,907,48,11123.2219451078,11219.2219451078,11224.7044625903,11450.1087827133,NA,-0.139461317082642
"cell_0708",6,"sigma_nu_time",12,12,12,0,907,60,11083.7874979564,11203.7874979564,11212.4399802259,11492.3960449633,-0.0350578147378748,-0.0802894082905932
"cell_0709",6,"stationary",12,12,12,0,907,36,11211.338388626,11283.338388626,11286.4004575916,11456.5035168302,NA,NA
"cell_0709",6,"sigma_time",12,12,12,0,907,48,11149.1010202395,11245.1010202395,11250.583537722,11475.987857845,-0.0435855445011317,NA
"cell_0709",6,"nu_time",12,12,12,0,907,48,11178.3663299172,11274.3663299172,11279.8488473998,11505.2531675228,NA,-0.117955526446513
"cell_0709",6,"sigma_nu_time",12,12,12,0,907,60,11139.9311362353,11259.9311362353,11268.5836185048,11548.5396832422,-0.0355287038932125,-0.077215860013099
"cell_0710",6,"stationary",12,12,12,0,907,36,11281.8148986362,11353.8148986362,11356.8769676018,11526.9800268404,NA,NA
"cell_0710",6,"sigma_time",12,12,12,0,907,48,11230.046514911,11326.046514911,11331.5290323936,11556.9333525166,-0.0415888439356146,NA
"cell_0710",6,"nu_time",12,12,12,0,907,48,11256.6438984124,11352.6438984124,11358.1264158949,11583.5307360179,NA,-0.0996658145803139
"cell_0710",6,"sigma_nu_time",12,12,12,0,907,60,11221.222214216,11341.222214216,11349.8746964855,11629.8307612229,-0.0357757214611068,-0.0686889919138598
"cell_0711",6,"stationary",12,12,12,0,907,36,11348.6366069547,11420.6366069547,11423.6986759202,11593.8017351589,NA,NA
"cell_0711",6,"sigma_time",12,12,12,0,907,48,11306.7599835858,11402.7599835858,11408.2425010683,11633.6468211913,-0.038927173534683,NA
"cell_0711",6,"nu_time",12,12,12,0,907,48,11330.8091343759,11426.8091343759,11432.2916518584,11657.6959719814,NA,-0.0967459234341703
"cell_0711",6,"sigma_nu_time",12,12,12,0,907,60,11299.1005762424,11419.1005762424,11427.7530585119,11707.7091232493,-0.0363291021368589,-0.0661231803512168
"cell_0737",6,"stationary",12,12,12,0,907,36,11275.497690496,11347.497690496,11350.5597594615,11520.6628187001,NA,NA
"cell_0737",6,"sigma_time",12,12,12,0,907,48,11215.424694251,11311.424694251,11316.9072117335,11542.3115318565,-0.0486204614354831,NA
"cell_0737",6,"nu_time",12,12,12,0,907,48,11241.2760332021,11337.2760332021,11342.7585506846,11568.1628708076,NA,-0.117860561753101
"cell_0737",6,"sigma_nu_time",12,12,12,0,907,60,11204.1339361329,11324.1339361329,11332.7864184024,11612.7424831398,-0.0394141711340499,-0.0796207516129436
"cell_0738",6,"stationary",12,12,12,0,907,36,11331.8836109769,11403.8836109769,11406.9456799424,11577.048739181,NA,NA
"cell_0738",6,"sigma_time",12,12,12,0,907,48,11285.0404690642,11381.0404690642,11386.5229865468,11611.9273066698,-0.0443191927778062,NA
"cell_0738",6,"nu_time",12,12,12,0,907,48,11308.9425314865,11404.9425314865,11410.425048969,11635.829369092,NA,-0.0958192604109418
"cell_0738",6,"sigma_nu_time",12,12,12,0,907,60,11275.4987266401,11395.4987266401,11404.1512089096,11684.107273647,-0.0385801979279028,-0.0690999192194997
"cell_0050",12,"stationary",12,12,12,0,901,36,10617.7555923944,10689.7555923944,10692.8389257278,10862.6817816683,NA,NA
"cell_0050",12,"sigma_time",12,12,12,0,901,48,10544.201120827,10640.201120827,10645.7222475876,10870.7693731922,-0.049814900431503,NA
"cell_0050",12,"nu_time",12,12,12,0,901,48,10616.5215743586,10712.5215743586,10718.0427011191,10943.0898267238,NA,-0.0139648748562801
"cell_0050",12,"sigma_nu_time",12,12,12,0,901,60,10519.6256648205,10639.6256648205,10648.3399505347,10927.835980277,-0.0521876106217075,0.114374453280618
"cell_0051",12,"stationary",12,12,12,0,901,36,10569.9752706435,10641.9752706435,10645.0586039768,10814.9014599174,NA,NA
"cell_0051",12,"sigma_time",12,12,12,0,901,48,10501.6146034066,10597.6146034066,10603.1357301672,10828.1828557718,-0.0494905948474999,NA
"cell_0051",12,"nu_time",12,12,12,0,901,48,10568.5272973499,10664.5272973499,10670.0484241105,10895.0955497151,NA,-0.0187732568757979
"cell_0051",12,"sigma_nu_time",12,12,12,0,901,60,10477.6580944354,10597.6580944354,10606.3723801497,10885.8684098919,-0.0518173530114687,0.104552580487317
"cell_0052",12,"stationary",12,12,12,0,901,36,10551.6052835495,10623.6052835495,10626.6886168829,10796.5314728234,NA,NA
"cell_0052",12,"sigma_time",12,12,12,0,901,48,10486.8182906832,10582.8182906832,10588.3394174437,10813.3865430484,-0.0492015213163335,NA
"cell_0052",12,"nu_time",12,12,12,0,901,48,10550.0060529664,10646.0060529664,10651.5271797269,10876.5743053316,NA,-0.0158661514578014
"cell_0052",12,"sigma_nu_time",12,12,12,0,901,60,10463.4151302393,10583.4151302393,10592.1294159536,10871.6254456958,-0.0503518485451306,0.0993767509497255
"cell_0053",12,"stationary",12,12,12,0,901,36,10558.1713270915,10630.1713270915,10633.2546604248,10803.0975163654,NA,NA
"cell_0053",12,"sigma_time",12,12,12,0,901,48,10493.7937265377,10589.7937265377,10595.3148532982,10820.3619789029,-0.048566769210682,NA
"cell_0053",12,"nu_time",12,12,12,0,901,48,10556.4743811778,10652.4743811778,10657.9955079383,10883.042633543,NA,-0.0105316855931313
"cell_0053",12,"sigma_nu_time",12,12,12,0,901,60,10470.2154475777,10590.2154475777,10598.929733292,10878.4257630342,-0.0505528844856191,0.105546135859841
"cell_0054",12,"stationary",12,12,12,0,901,36,10575.5017382025,10647.5017382025,10650.5850715359,10820.4279274764,NA,NA
"cell_0054",12,"sigma_time",12,12,12,0,901,48,10510.9117956896,10606.9117956896,10612.4329224501,10837.4800480548,-0.0497638150309419,NA
"cell_0054",12,"nu_time",12,12,12,0,901,48,10573.6680849826,10669.6680849826,10675.1892117432,10900.2363373478,NA,-0.0059750130150073
"cell_0054",12,"sigma_nu_time",12,12,12,0,901,60,10487.6443310127,10607.6443310127,10616.3586167269,10895.8546464692,-0.0516804318924867,0.110784420626223
"cell_0077",12,"stationary",12,12,12,0,901,36,10627.167055423,10699.167055423,10702.2503887564,10872.0932446969,NA,NA
"cell_0077",12,"sigma_time",12,12,12,0,901,48,10559.4257317007,10655.4257317007,10660.9468584612,10885.9939840659,-0.0436456078221207,NA
"cell_0077",12,"nu_time",12,12,12,0,901,48,10625.541363398,10721.541363398,10727.0624901585,10952.1096157632,NA,0.00418678657344125
"cell_0077",12,"sigma_nu_time",12,12,12,0,901,60,10532.6775016903,10652.6775016903,10661.3917874046,10940.8878171468,-0.0450071006738206,0.122432724619313
"cell_0078",12,"stationary",12,12,12,0,901,36,10577.3292183875,10649.3292183875,10652.4125517208,10822.2554076614,NA,NA
"cell_0078",12,"sigma_time",12,12,12,0,901,48,10517.1756633466,10613.1756633466,10618.6967901072,10843.7439157118,-0.0425284382335697,NA
"cell_0078",12,"nu_time",12,12,12,0,901,48,10575.0866697894,10671.0866697894,10676.60779655,10901.6549221546,NA,0.0104417937624728
"cell_0078",12,"sigma_nu_time",12,12,12,0,901,60,10490.4283619703,10610.4283619703,10619.1426476846,10898.6386774268,-0.043746090958538,0.116768787526222
"cell_0079",12,"stationary",12,12,12,0,901,36,10556.6539776259,10628.6539776259,10631.7373109592,10801.5801668998,NA,NA
"cell_0079",12,"sigma_time",12,12,12,0,901,48,10494.7335459295,10590.7335459295,10596.25467269,10821.3017982947,-0.0450494876423444,NA
"cell_0079",12,"nu_time",12,12,12,0,901,48,10554.7210293776,10650.7210293776,10656.2421561382,10881.2892817428,NA,0.00759110179771622
"cell_0079",12,"sigma_nu_time",12,12,12,0,901,60,10468.6889466271,10588.6889466271,10597.4032323414,10876.8992620836,-0.046287586247716,0.105105171980887
"cell_0080",12,"stationary",12,12,12,0,901,36,10544.6178549368,10616.6178549368,10619.7011882702,10789.5440442107,NA,NA
"cell_0080",12,"sigma_time",12,12,12,0,901,48,10484.1228745617,10580.1228745617,10585.6440013223,10810.6911269269,-0.0456776638605548,NA
"cell_0080",12,"nu_time",12,12,12,0,901,48,10542.5667648489,10638.5667648489,10644.0878916095,10869.1350172141,NA,0.00879140509780986
"cell_0080",12,"sigma_nu_time",12,12,12,0,901,60,10458.4086244277,10578.4086244277,10587.122910142,10866.6189398842,-0.0469202324437317,0.0994686651884655
"cell_0081",12,"stationary",12,12,12,0,901,36,10554.4440976681,10626.4440976681,10629.5274310015,10799.370286942,NA,NA
"cell_0081",12,"sigma_time",12,12,12,0,901,48,10495.3669581899,10591.3669581899,10596.8880849504,10821.935210555,-0.0446749728011394,NA
"cell_0081",12,"nu_time",12,12,12,0,901,48,10552.1027944998,10648.1027944998,10653.6239212604,10878.671046865,NA,0.0117495319715035
"cell_0081",12,"sigma_nu_time",12,12,12,0,901,60,10468.4772853634,10588.4772853634,10597.1915710776,10876.6876008199,-0.04660906217944,0.110634387130814
"cell_0082",12,"stationary",12,12,12,0,901,36,10577.8911976767,10649.8911976767,10652.97453101,10822.8173869506,NA,NA
"cell_0082",12,"sigma_time",12,12,12,0,901,48,10520.0893499061,10616.0893499061,10621.6104766667,10846.6576022713,-0.0446965252080803,NA
"cell_0082",12,"nu_time",12,12,12,0,901,48,10575.3439776017,10671.3439776017,10676.8651043622,10901.9122299669,NA,0.0180584428706892
"cell_0082",12,"sigma_nu_time",12,12,12,0,901,60,10493.3209077452,10613.3209077452,10622.0351934595,10901.5312232017,-0.0466851298168137,0.120589416256819
"cell_0083",12,"stationary",12,12,12,0,901,36,10607.5809531574,10679.5809531574,10682.6642864907,10852.5071424313,NA,NA
"cell_0083",12,"sigma_time",12,12,12,0,901,48,10547.4967943006,10643.4967943006,10649.0179210612,10874.0650466658,-0.0463509404621962,NA
"cell_0083",12,"nu_time",12,12,12,0,901,48,10605.3067175121,10701.3067175121,10706.8278442727,10931.8749698773,NA,0.0136637925112337
"cell_0083",12,"sigma_nu_time",12,12,12,0,901,60,10522.5569199269,10642.5569199269,10651.2712056412,10930.7672353834,-0.0481880942484544,0.127022726822463
"cell_0104",12,"stationary",12,12,12,0,901,36,10658.0711676109,10730.0711676109,10733.1545009443,10902.9973568848,NA,NA
"cell_0104",12,"sigma_time",12,12,12,0,901,48,10584.3589052579,10680.3589052579,10685.8800320185,10910.9271576231,-0.0429959542940072,NA
"cell_0104",12,"nu_time",12,12,12,0,901,48,10656.1720112414,10752.1720112414,10757.693138002,10982.7402636066,NA,0.0106273968819141
"cell_0104",12,"sigma_nu_time",12,12,12,0,901,60,10554.2501787568,10674.2501787568,10682.9644644711,10962.4604942133,-0.0461856362685706,0.133210813273429
"cell_0105",12,"stationary",12,12,12,0,901,36,10595.6956941075,10667.6956941075,10670.7790274408,10840.6218833814,NA,NA
"cell_0105",12,"sigma_time",12,12,12,0,901,48,10532.6505208918,10628.6505208918,10634.1716476523,10859.218773257,-0.0398703364396197,NA
"cell_0105",12,"nu_time",12,12,12,0,901,48,10592.7710878644,10688.7710878644,10694.2922146249,10919.3393402296,NA,0.0261223237032005
"cell_0105",12,"sigma_nu_time",12,12,12,0,901,60,10502.3802434195,10622.3802434195,10631.0945291337,10910.590558876,-0.0419038693074668,0.124869544486657
"cell_0106",12,"stationary",12,12,12,0,901,36,10567.8505546168,10639.8505546168,10642.9338879502,10812.7767438907,NA,NA
"cell_0106",12,"sigma_time",12,12,12,0,901,48,10511.3439271944,10607.3439271944,10612.865053955,10837.9121795596,-0.0389179504307561,NA
"cell_0106",12,"nu_time",12,12,12,0,901,48,10563.8480226656,10659.8480226656,10665.3691494262,10890.4162750308,NA,0.0344247366433631
"cell_0106",12,"sigma_nu_time",12,12,12,0,901,60,10481.6157497411,10601.6157497411,10610.3300354554,10889.8260651976,-0.0402694087151188,0.11172114433259
"cell_0107",12,"stationary",12,12,12,0,901,36,10561.734884291,10633.734884291,10636.8182176243,10806.6610735649,NA,NA
"cell_0107",12,"sigma_time",12,12,12,0,901,48,10505.9740998824,10601.9740998824,10607.495226643,10832.5423522476,-0.0403171279111937,NA
"cell_0107",12,"nu_time",12,12,12,0,901,48,10557.8281021487,10653.8281021487,10659.3492289093,10884.3963545139,NA,0.0317548634537358
"cell_0107",12,"sigma_nu_time",12,12,12,0,901,60,10478.1151693627,10598.1151693627,10606.829455077,10886.3254848192,-0.0414951585819745,0.100054243098098
"cell_0108",12,"stationary",12,12,12,0,901,36,10568.9883364832,10640.9883364832,10644.0716698165,10813.9145257571,NA,NA
"cell_0108",12,"sigma_time",12,12,12,0,901,48,10511.1009569992,10607.1009569992,10612.6220837598,10837.6692093644,-0.0424027419008879,NA
"cell_0108",12,"nu_time",12,12,12,0,901,48,10565.3175138862,10661.3175138862,10666.8386406468,10891.8857662514,NA,0.0313124641752853
"cell_0108",12,"sigma_nu_time",12,12,12,0,901,60,10482.5631345695,10602.5631345695,10611.2774202838,10890.773450026,-0.0438286582258199,0.103318137707435
"cell_0109",12,"stationary",12,12,12,0,901,36,10580.0082782767,10652.0082782767,10655.0916116101,10824.9344675506,NA,NA
"cell_0109",12,"sigma_time",12,12,12,0,901,48,10525.877284382,10621.877284382,10627.3984111426,10852.4455367472,-0.0413006727348055,NA
"cell_0109",12,"nu_time",12,12,12,0,901,48,10575.8261985854,10671.8261985854,10677.3473253459,10902.3944509506,NA,0.0345395820252513
"cell_0109",12,"sigma_nu_time",12,12,12,0,901,60,10496.8686850528,10616.8686850528,10625.5829707671,10905.0790005093,-0.0429836391062793,0.114635996225239
"cell_0110",12,"stationary",12,12,12,0,901,36,10604.5853035453,10676.5853035453,10679.6686368786,10849.5114928192,NA,NA
"cell_0110",12,"sigma_time",12,12,12,0,901,48,10553.8848618525,10649.8848618525,10655.4059886131,10880.4531142177,-0.0404138429556141,NA
"cell_0110",12,"nu_time",12,12,12,0,901,48,10600.0012492191,10696.0012492191,10701.5223759797,10926.5695015843,NA,0.0384419560665676
"cell_0110",12,"sigma_nu_time",12,12,12,0,901,60,10526.0864029169,10646.0864029169,10654.8006886312,10934.2967183734,-0.0422841868620608,0.125364059200636
"cell_0111",12,"stationary",12,12,12,0,901,36,10631.0358762085,10703.0358762085,10706.1192095418,10875.9620654824,NA,NA
"cell_0111",12,"sigma_time",12,12,12,0,901,48,10581.7674870498,10677.7674870498,10683.2886138104,10908.335739415,-0.0404326416657769,NA
"cell_0111",12,"nu_time",12,12,12,0,901,48,10626.6351199305,10722.6351199305,10728.1562466911,10953.2033722957,NA,0.0399817473320639
"cell_0111",12,"sigma_nu_time",12,12,12,0,901,60,10556.0557713479,10676.0557713479,10684.7700570622,10964.2660868044,-0.0425633366776366,0.12830850141297
"cell_0130",12,"stationary",12,12,12,0,901,36,10843.8657772886,10915.8657772886,10918.9491106219,11088.7919665625,NA,NA
"cell_0130",12,"sigma_time",12,12,12,0,901,48,10751.6937466173,10847.6937466173,10853.2148733779,11078.2619989825,-0.0511019443094709,NA
"cell_0130",12,"nu_time",12,12,12,0,901,48,10842.4697847214,10938.4697847214,10943.9909114819,11169.0380370866,NA,0.00561874732607463
"cell_0130",12,"sigma_nu_time",12,12,12,0,901,60,10718.5079651526,10838.5079651526,10847.2222508669,11126.7182806091,-0.0560299660406198,0.143208191844146
"cell_0131",12,"stationary",12,12,12,0,901,36,10724.6880926563,10796.6880926563,10799.7714259897,10969.6142819302,NA,NA
"cell_0131",12,"sigma_time",12,12,12,0,901,48,10644.6411661901,10740.6411661901,10746.1622929506,10971.2094185553,-0.0462796680081973,NA
"cell_0131",12,"nu_time",12,12,12,0,901,48,10722.6092006451,10818.6092006451,10824.1303274057,11049.1774530103,NA,0.0178113328314093
"cell_0131",12,"sigma_nu_time",12,12,12,0,901,60,10612.0292661778,10732.0292661778,10740.7435518921,11020.2395816343,-0.0502188713551863,0.141441787882757
"cell_0132",12,"stationary",12,12,12,0,901,36,10620.214512733,10692.214512733,10695.2978460663,10865.1407020069,NA,NA
"cell_0132",12,"sigma_time",12,12,12,0,901,48,10552.6037376462,10648.6037376462,10654.1248644068,10879.1719900114,-0.0402609759907309,NA
"cell_0132",12,"nu_time",12,12,12,0,901,48,10617.1781299041,10713.1781299041,10718.6992566647,10943.7463822693,NA,0.0277613624196977
"cell_0132",12,"sigma_nu_time",12,12,12,0,901,60,10521.4291047934,10641.4291047934,10650.1433905077,10929.6394202499,-0.0438929000363396,0.127104962344276
"cell_0133",12,"stationary",12,12,12,0,901,36,10582.4609355015,10654.4609355015,10657.5442688348,10827.3871247754,NA,NA
"cell_0133",12,"sigma_time",12,12,12,0,901,48,10518.1822107137,10614.1822107137,10619.7033374742,10844.7504630789,-0.0394733788134625,NA
"cell_0133",12,"nu_time",12,12,12,0,901,48,10578.7723249476,10674.7723249476,10680.2934517081,10905.3405773128,NA,0.0319765879080615
"cell_0133",12,"sigma_nu_time",12,12,12,0,901,60,10486.7657102541,10606.7657102541,10615.4799959684,10894.9760257106,-0.0424306127433262,0.118834976502918
"cell_0134",12,"stationary",12,12,12,0,901,36,10592.4912563641,10664.4912563641,10667.5745896975,10837.417445638,NA,NA
"cell_0134",12,"sigma_time",12,12,12,0,901,48,10527.9302757044,10623.9302757044,10629.451402465,10854.4985280696,-0.0408471549722427,NA
"cell_0134",12,"nu_time",12,12,12,0,901,48,10588.7145287943,10684.7145287943,10690.2356555549,10915.2827811595,NA,0.0359095258321988
"cell_0134",12,"sigma_nu_time",12,12,12,0,901,60,10497.0948207213,10617.0948207213,10625.8091064355,10905.3051361778,-0.0429808123570242,0.114804869186586
"cell_0135",12,"stationary",12,12,12,0,901,36,10604.2918704178,10676.2918704178,10679.3752037511,10849.2180596917,NA,NA
"cell_0135",12,"sigma_time",12,12,12,0,901,48,10543.4713207531,10639.4713207531,10644.9924475136,10870.0395731183,-0.0414598622829674,NA
"cell_0135",12,"nu_time",12,12,12,0,901,48,10599.8097387296,10695.8097387296,10701.3308654902,10926.3779910948,NA,0.043243788841681
"cell_0135",12,"sigma_nu_time",12,12,12,0,901,60,10513.4236244161,10633.4236244161,10642.1379101304,10921.6339398726,-0.0426913806829116,0.110859971135673
"cell_0136",12,"stationary",12,12,12,0,901,36,10608.6487921917,10680.6487921917,10683.732125525,10853.5749814656,NA,NA
"cell_0136",12,"sigma_time",12,12,12,0,901,48,10551.8545812565,10647.8545812565,10653.3757080171,10878.4228336217,-0.0411004022268172,NA
"cell_0136",12,"nu_time",12,12,12,0,901,48,10603.5142194752,10699.5142194752,10705.0353462358,10930.0824718404,NA,0.049095230510502
"cell_0136",12,"sigma_nu_time",12,12,12,0,901,60,10521.5985269969,10641.5985269969,10650.3128127111,10929.8088424534,-0.0430730776415609,0.11070360191671
"cell_0137",12,"stationary",12,12,12,0,901,36,10612.0262806057,10684.0262806057,10687.1096139391,10856.9524698796,NA,NA
"cell_0137",12,"sigma_time",12,12,12,0,901,48,10559.7115680092,10655.7115680092,10661.2326947697,10886.2798203744,-0.0399532332277066,NA
"cell_0137",12,"nu_time",12,12,12,0,901,48,10606.5672701374,10702.5672701374,10708.0883968979,10933.1355225026,NA,0.046170588975022
"cell_0137",12,"sigma_nu_time",12,12,12,0,901,60,10530.4774590178,10650.4774590178,10659.191744732,10938.6877744743,-0.0419012453612196,0.120038447812838
"cell_0138",12,"stationary",12,12,12,0,901,36,10632.844373446,10704.844373446,10707.9277067793,10877.7705627199,NA,NA
"cell_0138",12,"sigma_time",12,12,12,0,901,48,10587.3167994121,10683.3167994121,10688.8379261727,10913.8850517773,-0.0379233123712642,NA
"cell_0138",12,"nu_time",12,12,12,0,901,48,10626.2177473946,10722.2177473946,10727.7388741552,10952.7859997598,NA,0.0548715940117916
"cell_0138",12,"sigma_nu_time",12,12,12,0,901,60,10558.956615783,10678.956615783,10687.6709014973,10967.1669312395,-0.0399257420307223,0.131163722831361
"cell_0139",12,"stationary",12,12,12,0,901,36,10660.8263902517,10732.8263902517,10735.909723585,10905.7525795256,NA,NA
"cell_0139",12,"sigma_time",12,12,12,0,901,48,10619.383727313,10715.383727313,10720.9048540736,10945.9519796782,-0.0364232401622391,NA
"cell_0139",12,"nu_time",12,12,12,0,901,48,10653.7676442768,10749.7676442768,10755.2887710373,10980.335896642,NA,0.0605429261458188
"cell_0139",12,"sigma_nu_time",12,12,12,0,901,60,10593.1186630083,10713.1186630083,10721.8329487225,11001.3289784648,-0.0384466130046422,0.125922219720317
"cell_0157",12,"stationary",12,12,12,0,901,36,10911.9400302109,10983.9400302109,10987.0233635442,11156.8662194848,NA,NA
"cell_0157",12,"sigma_time",12,12,12,0,901,48,10835.6642236426,10931.6642236426,10937.1853504032,11162.2324760078,-0.0484424640453391,NA
"cell_0157",12,"nu_time",12,12,12,0,901,48,10910.6809032943,11006.6809032943,11012.2020300548,11237.2491556595,NA,0.00728340763815108
"cell_0157",12,"sigma_nu_time",12,12,12,0,901,60,10807.6748802527,10927.6748802527,10936.389165967,11215.8851957092,-0.0531301064459913,0.124425318390841
"cell_0158",12,"stationary",12,12,12,0,901,36,10828.177678413,10900.177678413,10903.2610117463,11073.1038676869,NA,NA
"cell_0158",12,"sigma_time",12,12,12,0,901,48,10742.1285455072,10838.1285455072,10843.6496722677,11068.6967978724,-0.0503975307499682,NA
"cell_0158",12,"nu_time",12,12,12,0,901,48,10827.3307934836,10923.3307934836,10928.8519202442,11153.8990458488,NA,-0.0112937815168024
"cell_0158",12,"sigma_nu_time",12,12,12,0,901,60,10714.5091630604,10834.5091630604,10843.2234487747,11122.7194785169,-0.0542415850770476,0.120865661437312
"cell_0159",12,"stationary",12,12,12,0,901,36,10725.9282618155,10797.9282618155,10801.0115951488,10970.8544510894,NA,NA
"cell_0159",12,"sigma_time",12,12,12,0,901,48,10638.3289855287,10734.3289855287,10739.8501122892,10964.8972378939,-0.0480596686272301,NA
"cell_0159",12,"nu_time",12,12,12,0,901,48,10725.030236019,10821.030236019,10826.5513627795,11051.5984883842,NA,-0.00246911085010619
"cell_0159",12,"sigma_nu_time",12,12,12,0,901,60,10610.5489931108,10730.5489931108,10739.2632788251,11018.7593085673,-0.0533206979740865,0.128920045397677
"cell_0160",12,"stationary",12,12,12,0,901,36,10610.9069401701,10682.9069401701,10685.9902735035,10855.833129444,NA,NA
"cell_0160",12,"sigma_time",12,12,12,0,901,48,10534.4409140284,10630.4409140284,10635.962040789,10861.0091663936,-0.0431331137900454,NA
"cell_0160",12,"nu_time",12,12,12,0,901,48,10609.3294285269,10705.3294285269,10710.8505552875,10935.8976808921,NA,0.0141410984671615
"cell_0160",12,"sigma_nu_time",12,12,12,0,901,60,10506.706836583,10626.706836583,10635.4211222973,10914.9171520395,-0.0471585935904355,0.117717096588086
"cell_0161",12,"stationary",12,12,12,0,901,36,10607.9297525362,10679.9297525362,10683.0130858695,10852.8559418101,NA,NA
"cell_0161",12,"sigma_time",12,12,12,0,901,48,10531.8249072926,10627.8249072926,10633.3460340531,10858.3931596578,-0.044131118416475,NA
"cell_0161",12,"nu_time",12,12,12,0,901,48,10606.2499686398,10702.2499686398,10707.7710954004,10932.818221005,NA,0.0147100195743306
"cell_0161",12,"sigma_nu_time",12,12,12,0,901,60,10504.9339703312,10624.9339703312,10633.6482560454,10913.1442857877,-0.0476733591718448,0.113534075017926
"cell_0162",12,"stationary",12,12,12,0,901,36,10636.8774068309,10708.8774068309,10711.9607401642,10881.8035961048,NA,NA
"cell_0162",12,"sigma_time",12,12,12,0,901,48,10564.7317756602,10660.7317756602,10666.2529024207,10891.3000280254,-0.0445870734217134,NA
"cell_0162",12,"nu_time",12,12,12,0,901,48,10634.9316289867,10730.9316289867,10736.4527557472,10961.4998813519,NA,0.0231907887391549
"cell_0162",12,"sigma_nu_time",12,12,12,0,901,60,10538.5528299529,10658.5528299529,10667.2671156672,10946.7631454094,-0.046926080065127,0.114491473426028
"cell_0163",12,"stationary",12,12,12,0,901,36,10656.3812673754,10728.3812673754,10731.4646007088,10901.3074566493,NA,NA
"cell_0163",12,"sigma_time",12,12,12,0,901,48,10597.5945948311,10693.5945948311,10699.1157215917,10924.1628471963,-0.0421663773218719,NA
"cell_0163",12,"nu_time",12,12,12,0,901,48,10652.7480629836,10748.7480629836,10754.2691897441,10979.3163153488,NA,0.0365914642327731
"cell_0163",12,"sigma_nu_time",12,12,12,0,901,60,10572.2267080748,10692.2267080748,10700.9409937891,10980.4370235313,-0.0434554595809436,0.113506959649231
"cell_0164",12,"stationary",12,12,12,0,901,36,10655.4240609874,10727.4240609874,10730.5073943208,10900.3502502613,NA,NA
"cell_0164",12,"sigma_time",12,12,12,0,901,48,10606.0455387824,10702.0455387824,10707.566665543,10932.6137911476,-0.0403092355553985,NA
"cell_0164",12,"nu_time",12,12,12,0,901,48,10650.2476646576,10746.2476646576,10751.7687914182,10976.8159170228,NA,0.0442260712842066
"cell_0164",12,"sigma_nu_time",12,12,12,0,901,60,10580.4088834112,10700.4088834112,10709.1231691254,10988.6191988677,-0.0417258100104037,0.117909594435746
"cell_0165",12,"stationary",12,12,12,0,901,36,10665.5845334954,10737.5845334954,10740.6678668287,10910.5107227693,NA,NA
"cell_0165",12,"sigma_time",12,12,12,0,901,48,10610.9023123478,10706.9023123478,10712.4234391084,10937.470564713,-0.0423569419903758,NA
"cell_0165",12,"nu_time",12,12,12,0,901,48,10661.8580226177,10757.8580226177,10763.3791493783,10988.4262749829,NA,0.0387476283623192
"cell_0165",12,"sigma_nu_time",12,12,12,0,901,60,10586.0650133977,10706.0650133977,10714.7792991119,10994.2753288542,-0.0452972823898723,0.124848458554654
"cell_0166",12,"stationary",12,12,12,0,901,36,10689.6043578008,10761.6043578008,10764.6876911341,10934.5305470747,NA,NA
"cell_0166",12,"sigma_time",12,12,12,0,901,48,10637.2814209309,10733.2814209309,10738.8025476915,10963.8496732961,-0.0404999418461959,NA
"cell_0166",12,"nu_time",12,12,12,0,901,48,10685.66378012,10781.66378012,10787.1849068806,11012.2320324852,NA,0.0403680528299454
"cell_0166",12,"sigma_nu_time",12,12,12,0,901,60,10614.0955137781,10734.0955137781,10742.8097994924,11022.3058292346,-0.0429146622405347,0.118743373490649
"cell_0167",12,"stationary",12,12,12,0,901,36,10715.3242466367,10787.3242466367,10790.40757997,10960.2504359106,NA,NA
"cell_0167",12,"sigma_time",12,12,12,0,901,48,10666.9358248139,10762.9358248139,10768.4569515744,10993.5040771791,-0.0374333695730446,NA
"cell_0167",12,"nu_time",12,12,12,0,901,48,10710.2622628253,10806.2622628253,10811.7833895859,11036.8305151905,NA,0.0504466356989697
"cell_0167",12,"sigma_nu_time",12,12,12,0,901,60,10644.9344772536,10764.9344772536,10773.6487629679,11053.1447927101,-0.039694314285332,0.118050585205974
"cell_0184",12,"stationary",12,12,12,0,901,36,10987.1193877687,11059.1193877687,11062.202721102,11232.0455770426,NA,NA
"cell_0184",12,"sigma_time",12,12,12,0,901,48,10935.5467787219,11031.5467787219,11037.0679054825,11262.1150310871,-0.0408387116674014,NA
"cell_0184",12,"nu_time",12,12,12,0,901,48,10984.7611036433,11080.7611036433,11086.2822304039,11311.3293560085,NA,0.02003552736076
"cell_0184",12,"sigma_nu_time",12,12,12,0,901,60,10914.1198068209,11034.1198068209,11042.8340925352,11322.3301222774,-0.0465260377680369,0.103659522437483
"cell_0185",12,"stationary",12,12,12,0,901,36,10908.7861760067,10980.7861760067,10983.86950934,11153.7123652806,NA,NA
"cell_0185",12,"sigma_time",12,12,12,0,901,48,10850.8497487867,10946.8497487867,10952.3708755473,11177.4180011519,-0.0437110589513569,NA
"cell_0185",12,"nu_time",12,12,12,0,901,48,10907.296056662,11003.296056662,11008.8171834225,11233.8643090272,NA,0.0107054120266877
"cell_0185",12,"sigma_nu_time",12,12,12,0,901,60,10829.9020299914,10949.9020299914,10958.6163157057,11238.1123454479,-0.0492043157912292,0.10389708220895
"cell_0186",12,"stationary",12,12,12,0,901,36,10831.44816118,10903.44816118,10906.5314945133,11076.3743504539,NA,NA
"cell_0186",12,"sigma_time",12,12,12,0,901,48,10758.6263637108,10854.6263637108,10860.1474904714,11085.194616076,-0.0475525713978837,NA
"cell_0186",12,"nu_time",12,12,12,0,901,48,10830.6920097616,10926.6920097616,10932.2131365222,11157.2602621268,NA,-0.00155197759988906
"cell_0186",12,"sigma_nu_time",12,12,12,0,901,60,10736.6373611734,10856.6373611734,10865.3516468877,11144.8476766299,-0.0531495910796692,0.115010577461011
"cell_0187",12,"stationary",12,12,12,0,901,36,10746.1733564971,10818.1733564971,10821.2566898305,10991.099545771,NA,NA
"cell_0187",12,"sigma_time",12,12,12,0,901,48,10659.4506871363,10755.4506871363,10760.9718138969,10986.0189395015,-0.0490193445625321,NA
"cell_0187",12,"nu_time",12,12,12,0,901,48,10745.4826993612,10841.4826993612,10847.0038261218,11072.0509517264,NA,-0.00676784963439425
"cell_0187",12,"sigma_nu_time",12,12,12,0,901,60,10636.4751788447,10756.4751788447,10765.189464559,11044.6854943012,-0.0543472246766745,0.111019218337888
"cell_0188",12,"stationary",12,12,12,0,901,36,10667.0731759545,10739.0731759545,10742.1565092878,10911.9993652284,NA,NA
"cell_0188",12,"sigma_time",12,12,12,0,901,48,10576.0911197397,10672.0911197397,10677.6122465002,10902.6593721049,-0.0482624990388121,NA
"cell_0188",12,"nu_time",12,12,12,0,901,48,10666.2056232418,10762.2056232418,10767.7267500024,10992.773875607,NA,-0.00915248390279736
"cell_0188",12,"sigma_nu_time",12,12,12,0,901,60,10552.6139801733,10672.6139801733,10681.3282658876,10960.8242956298,-0.0523026757931352,0.111255940112883
"cell_0189",12,"stationary",12,12,12,0,901,36,10644.4038360673,10716.4038360673,10719.4871694006,10889.3300253412,NA,NA
"cell_0189",12,"sigma_time",12,12,12,0,901,48,10560.2907596449,10656.2907596449,10661.8118864054,10886.8590120101,-0.0472153154964578,NA
"cell_0189",12,"nu_time",12,12,12,0,901,48,10643.2511689454,10739.2511689454,10744.772295706,10969.8194213106,NA,-0.00137852198887086
"cell_0189",12,"sigma_nu_time",12,12,12,0,901,60,10537.5567840421,10657.5567840421,10666.2710697564,10945.7670994986,-0.050366811420531,0.113253852769503
"cell_0190",12,"stationary",12,12,12,0,901,36,10669.7739988684,10741.7739988684,10744.8573322017,10914.7001881423,NA,NA
"cell_0190",12,"sigma_time",12,12,12,0,901,48,10605.1268173098,10701.1268173098,10706.6479440704,10931.695069675,-0.0434685067293989,NA
"cell_0190",12,"nu_time",12,12,12,0,901,48,10667.4235607307,10763.4235607307,10768.9446874912,10993.9918130959,NA,0.0302675096086629
"cell_0190",12,"sigma_nu_time",12,12,12,0,901,60,10582.7095570949,10702.7095570949,10711.4238428092,10990.9198725514,-0.0460568904325051,0.113850613088517
"cell_0191",12,"stationary",12,12,12,0,901,36,10700.9356602583,10772.9356602583,10776.0189935916,10945.8618495322,NA,NA
"cell_0191",12,"sigma_time",12,12,12,0,901,48,10655.9293226815,10751.9293226815,10757.4504494421,10982.4975750467,-0.0397265098791916,NA
"cell_0191",12,"nu_time",12,12,12,0,901,48,10696.1049309819,10792.1049309819,10797.6260577424,11022.6731833471,NA,0.0518435298366216
"cell_0191",12,"sigma_nu_time",12,12,12,0,901,60,10635.344291737,10755.344291737,10764.0585774513,11043.5546071935,-0.0415050502723485,0.110278030426481
"cell_0192",12,"stationary",12,12,12,0,901,36,10717.713098071,10789.713098071,10792.7964314044,10962.6392873449,NA,NA
"cell_0192",12,"sigma_time",12,12,12,0,901,48,10678.1852376916,10774.1852376916,10779.7063644521,11004.7534900568,-0.0382388494422055,NA
"cell_0192",12,"nu_time",12,12,12,0,901,48,10711.8994690495,10807.8994690495,10813.4205958101,11038.4677214147,NA,0.0623126318107069
"cell_0192",12,"sigma_nu_time",12,12,12,0,901,60,10657.357610783,10777.357610783,10786.0718964973,11065.5679262395,-0.0401887807499245,0.112835550538725
"cell_0193",12,"stationary",12,12,12,0,901,36,10733.4790493926,10805.4790493926,10808.562382726,10978.4052386665,NA,NA
"cell_0193",12,"sigma_time",12,12,12,0,901,48,10688.8739537461,10784.8739537461,10790.3950805067,11015.4422061113,-0.0392331267435617,NA
"cell_0193",12,"nu_time",12,12,12,0,901,48,10728.7134333767,10824.7134333767,10830.2345601373,11055.2816857419,NA,0.0525454141814764
"cell_0193",12,"sigma_nu_time",12,12,12,0,901,60,10668.5036882045,10788.5036882045,10797.2179739188,11076.714003661,-0.0417024904960637,0.112991742693011
"cell_0194",12,"stationary",12,12,12,0,901,36,10772.9064279147,10844.9064279147,10847.9897612481,11017.8326171886,NA,NA
"cell_0194",12,"sigma_time",12,12,12,0,901,48,10721.7297330061,10817.7297330061,10823.2508597667,11048.2979853713,-0.039628850957022,NA
"cell_0194",12,"nu_time",12,12,12,0,901,48,10769.1245453889,10865.1245453889,10870.6456721495,11095.6927977541,NA,0.0345607642625936
"cell_0194",12,"sigma_nu_time",12,12,12,0,901,60,10702.73337238,10822.73337238,10831.4476580943,11110.9436878365,-0.0419904518619235,0.107920561293176
"cell_0210",12,"stationary",12,12,12,0,901,36,11055.3597475831,11127.3597475831,11130.4430809164,11300.285936857,NA,NA
"cell_0210",12,"sigma_time",12,12,12,0,901,48,11019.7328016198,11115.7328016198,11121.2539283804,11346.301053985,-0.0355759936528706,NA
"cell_0210",12,"nu_time",12,12,12,0,901,48,11050.8678416008,11146.8678416008,11152.3889683613,11377.436093966,NA,0.040831931725709
"cell_0210",12,"sigma_nu_time",12,12,12,0,901,60,11000.4553286757,11120.4553286757,11129.16961439,11408.6656441322,-0.0416758430663379,0.101624681802203
"cell_0211",12,"stationary",12,12,12,0,901,36,11027.3642616393,11099.3642616393,11102.4475949726,11272.2904509132,NA,NA
"cell_0211",12,"sigma_time",12,12,12,0,901,48,10987.8280575204,11083.8280575204,11089.349184281,11314.3963098856,-0.0370371291601642,NA
"cell_0211",12,"nu_time",12,12,12,0,901,48,11024.5163173801,11120.5163173801,11126.0374441406,11351.0845697453,NA,0.0281138070187362
"cell_0211",12,"sigma_nu_time",12,12,12,0,901,60,10970.5580549449,11090.5580549449,11099.2723406592,11378.7683704014,-0.0422095227273654,0.0907305464245291
"cell_0212",12,"stationary",12,12,12,0,901,36,10993.2569993069,11065.2569993069,11068.3403326403,11238.1831885808,NA,NA
"cell_0212",12,"sigma_time",12,12,12,0,901,48,10950.4975233922,11046.4975233922,11052.0186501527,11277.0657757573,-0.0379058655305423,NA
"cell_0212",12,"nu_time",12,12,12,0,901,48,10991.6199424391,11087.6199424391,11093.1410691997,11318.1881948043,NA,0.0132826910554589
"cell_0212",12,"sigma_nu_time",12,12,12,0,901,60,10935.2208666661,11055.2208666661,11063.9351523804,11343.4311821226,-0.0427395295153777,0.0866214700585666
"cell_0213",12,"stationary",12,12,12,0,901,36,10933.1305408928,11005.1305408928,11008.2138742261,11178.0567301667,NA,NA
"cell_0213",12,"sigma_time",12,12,12,0,901,48,10883.8771098038,10979.8771098038,10985.3982365644,11210.445362169,-0.0420616962504827,NA
"cell_0213",12,"nu_time",12,12,12,0,901,48,10932.1797810736,11028.1797810736,11033.7009078342,11258.7480334388,NA,0.00328782461091246
"cell_0213",12,"sigma_nu_time",12,12,12,0,901,60,10869.1783312441,10989.1783312441,10997.8926169584,11277.3886467006,-0.0472671846141084,0.0914842910648438
"cell_0214",12,"stationary",12,12,12,0,901,36,10845.5582229893,10917.5582229893,10920.6415563227,11090.4844122632,NA,NA
"cell_0214",12,"sigma_time",12,12,12,0,901,48,10781.067504287,10877.067504287,10882.5886310476,11107.6357566522,-0.0459034644331752,NA
"cell_0214",12,"nu_time",12,12,12,0,901,48,10844.9575248868,10940.9575248868,10946.4786516474,11171.525777252,NA,-0.00176297301939696
"cell_0214",12,"sigma_nu_time",12,12,12,0,901,60,10764.6665056894,10884.6665056894,10893.3807914037,11172.8768211459,-0.0512280859959068,0.0904164157332393
"cell_0215",12,"stationary",12,12,12,0,901,36,10754.4897205929,10826.4897205929,10829.5730539262,10999.4159098668,NA,NA
"cell_0215",12,"sigma_time",12,12,12,0,901,48,10675.3875196101,10771.3875196101,10776.9086463707,11001.9557719753,-0.0478950720112535,NA
"cell_0215",12,"nu_time",12,12,12,0,901,48,10753.8428466582,10849.8428466582,10855.3639734187,11080.4110990234,NA,-0.0119175969124405
"cell_0215",12,"sigma_nu_time",12,12,12,0,901,60,10657.1609943353,10777.1609943353,10785.8752800496,11065.3713097918,-0.0521158760726403,0.0957298109339509
"cell_0216",12,"stationary",12,12,12,0,901,36,10642.5947701539,10714.5947701539,10717.6781034872,10887.5209594278,NA,NA
"cell_0216",12,"sigma_time",12,12,12,0,901,48,10567.1289084336,10663.1289084336,10668.6500351942,10893.6971607988,-0.045237273497978,NA
"cell_0216",12,"nu_time",12,12,12,0,901,48,10641.6021149252,10737.6021149252,10743.1232416858,10968.1703672904,NA,0.00298054893942803
"cell_0216",12,"sigma_nu_time",12,12,12,0,901,60,10547.3857314599,10667.3857314599,10676.1000171742,10955.5960469164,-0.048515539130851,0.105970156075065
"cell_0217",12,"stationary",12,12,12,0,901,36,10654.4013622608,10726.4013622608,10729.4846955942,10899.3275515347,NA,NA
"cell_0217",12,"sigma_time",12,12,12,0,901,48,10592.3181850061,10688.3181850061,10693.8393117667,10918.8864373713,-0.0404535041155894,NA
"cell_0217",12,"nu_time",12,12,12,0,901,48,10652.7643683799,10748.7643683799,10754.2854951404,10979.3326207451,NA,0.0176314003547632
"cell_0217",12,"sigma_nu_time",12,12,12,0,901,60,10574.0385017257,10694.0385017257,10702.75278744,10982.2488171822,-0.0434463904265174,0.103441615837873
"cell_0218",12,"stationary",12,12,12,0,901,36,10728.6724518556,10800.6724518556,10803.7557851889,10973.5986411295,NA,NA
"cell_0218",12,"sigma_time",12,12,12,0,901,48,10678.6509831706,10774.6509831706,10780.1721099312,11005.2192355358,-0.0386558229890929,NA
"cell_0218",12,"nu_time",12,12,12,0,901,48,10725.9360590394,10821.9360590394,10827.4571858,11052.5043114046,NA,0.0371168005978426
"cell_0218",12,"sigma_nu_time",12,12,12,0,901,60,10662.1466591585,10782.1466591585,10790.8609448728,11070.356974615,-0.04088510674339,0.106316598655289
"cell_0219",12,"stationary",12,12,12,0,901,36,10809.9295377515,10881.9295377515,10885.0128710848,11054.8557270254,NA,NA
"cell_0219",12,"sigma_time",12,12,12,0,901,48,10772.0694319879,10868.0694319879,10873.5905587485,11098.6376843531,-0.0366937210886946,NA
"cell_0219",12,"nu_time",12,12,12,0,901,48,10805.5138327387,10901.5138327387,10907.0349594993,11132.0820851039,NA,0.0556375305183145
"cell_0219",12,"sigma_nu_time",12,12,12,0,901,60,10755.7432904814,10875.7432904814,10884.4575761957,11163.9536059379,-0.038913849544332,0.102067824833527
"cell_0220",12,"stationary",12,12,12,0,901,36,10853.3035880644,10925.3035880644,10928.3869213978,11098.2297773383,NA,NA
"cell_0220",12,"sigma_time",12,12,12,0,901,48,10820.4144531929,10916.4144531929,10921.9355799535,11146.9827055581,-0.0355517994173924,NA
"cell_0220",12,"nu_time",12,12,12,0,901,48,10847.8489006766,10943.8489006766,10949.3700274372,11174.4171530418,NA,0.0589316210057378
"cell_0220",12,"sigma_nu_time",12,12,12,0,901,60,10804.17976414,10924.17976414,10932.8940498543,11212.3900795965,-0.0375037293186667,0.10259860181149
"cell_0221",12,"stationary",12,12,12,0,901,36,10840.5117298529,10912.5117298529,10915.5950631862,11085.4379191268,NA,NA
"cell_0221",12,"sigma_time",12,12,12,0,901,48,10806.3952809996,10902.3952809996,10907.9164077602,11132.9635333648,-0.033215191527959,NA
"cell_0221",12,"nu_time",12,12,12,0,901,48,10835.1470433109,10931.1470433109,10936.6681700714,11161.7152956761,NA,0.0489201334243562
"cell_0221",12,"sigma_nu_time",12,12,12,0,901,60,10791.0234343571,10911.0234343571,10919.7377200714,11199.2337498136,-0.034962924336014,0.100386463935051
"cell_0237",12,"stationary",12,12,12,0,901,36,10892.3556287499,10964.3556287499,10967.4389620832,11137.2818180238,NA,NA
"cell_0237",12,"sigma_time",12,12,12,0,901,48,10843.5408909268,10939.5408909268,10945.0620176874,11170.109143292,-0.0431986970343765,NA
"cell_0237",12,"nu_time",12,12,12,0,901,48,10889.6642300808,10985.6642300808,10991.1853568414,11216.232482446,NA,0.00912720248494342
"cell_0237",12,"sigma_nu_time",12,12,12,0,901,60,10825.1687413929,10945.1687413929,10953.8830271071,11233.3790568494,-0.0487116670315677,0.0948585646608959
"cell_0238",12,"stationary",12,12,12,0,901,36,10914.1681577295,10986.1681577295,10989.2514910628,11159.0943470034,NA,NA
"cell_0238",12,"sigma_time",12,12,12,0,901,48,10875.0211515792,10971.0211515792,10976.5422783398,11201.5894039444,-0.0370741533363167,NA
"cell_0238",12,"nu_time",12,12,12,0,901,48,10911.5771674279,11007.5771674279,11013.0982941884,11238.1454197931,NA,0.0126938745493316
"cell_0238",12,"sigma_nu_time",12,12,12,0,901,60,10859.2129120505,10979.2129120505,10987.9271977647,11267.423227507,-0.0422430767887379,0.0917749493083504
"cell_0239",12,"stationary",12,12,12,0,901,36,10928.1003684034,11000.1003684034,11003.1837017368,11173.0265576773,NA,NA
"cell_0239",12,"sigma_time",12,12,12,0,901,48,10890.2319266705,10986.2319266705,10991.7530534311,11216.8001790357,-0.0354112103691979,NA
"cell_0239",12,"nu_time",12,12,12,0,901,48,10926.3784868244,11022.3784868244,11027.8996135849,11252.9467391896,NA,0.00766227494697806
"cell_0239",12,"sigma_nu_time",12,12,12,0,901,60,10877.3068241657,10997.3068241657,11006.02110988,11285.5171396222,-0.0399054348611529,0.0837630349086632
"cell_0240",12,"stationary",12,12,12,0,901,36,10941.8260038011,11013.8260038011,11016.9093371344,11186.752193075,NA,NA
"cell_0240",12,"sigma_time",12,12,12,0,901,48,10900.9046778165,10996.9046778165,11002.4258045771,11227.4729301817,-0.0372084528406483,NA
"cell_0240",12,"nu_time",12,12,12,0,901,48,10940.9214184662,11036.9214184662,11042.4425452268,11267.4896708314,NA,-0.00102661766392114
"cell_0240",12,"sigma_nu_time",12,12,12,0,901,60,10890.1150711934,11010.1150711934,11018.8293569077,11298.3253866499,-0.0420043941825303,0.0746566171291877
"cell_0241",12,"stationary",12,12,12,0,901,36,10918.7894071031,10990.7894071031,10993.8727404364,11163.715596377,NA,NA
"cell_0241",12,"sigma_time",12,12,12,0,901,48,10871.4851556975,10967.4851556975,10973.0062824581,11198.0534080627,-0.0405024968178329,NA
"cell_0241",12,"nu_time",12,12,12,0,901,48,10918.0775548946,11014.0775548946,11019.5986816552,11244.6458072598,NA,-0.0120227301678388
"cell_0241",12,"sigma_nu_time",12,12,12,0,901,60,10861.2471234079,10981.2471234079,10989.9614091222,11269.4574388644,-0.0449513962161522,0.0697695213193786
"cell_0242",12,"stationary",12,12,12,0,901,36,10843.4584418161,10915.4584418161,10918.5417751494,11088.38463109,NA,NA
"cell_0242",12,"sigma_time",12,12,12,0,901,48,10782.3397024287,10878.3397024287,10883.8608291893,11108.9079547939,-0.0446576415911418,NA
"cell_0242",12,"nu_time",12,12,12,0,901,48,10842.2852632864,10938.2852632864,10943.806390047,11168.8535156516,NA,-0.0208083206059546
"cell_0242",12,"sigma_nu_time",12,12,12,0,901,60,10771.5868747598,10891.5868747598,10900.3011604741,11179.7971902163,-0.0481787580744303,0.0717836548257447
"cell_0243",12,"stationary",12,12,12,0,901,36,10738.7471527558,10810.7471527558,10813.8304860892,10983.6733420297,NA,NA
"cell_0243",12,"sigma_time",12,12,12,0,901,48,10676.6248208189,10772.6248208189,10778.1459475795,11003.1930731841,-0.0439912206697428,NA
"cell_0243",12,"nu_time",12,12,12,0,901,48,10737.9008562252,10833.9008562252,10839.4219829857,11064.4691085904,NA,-0.00787477686692315
"cell_0243",12,"sigma_nu_time",12,12,12,0,901,60,10664.0695716613,10784.0695716613,10792.7838573756,11072.2798871178,-0.047078453014689,0.0820717579296103
"cell_0244",12,"stationary",12,12,12,0,901,36,10679.6350212164,10751.6350212164,10754.7183545498,10924.5612104903,NA,NA
"cell_0244",12,"sigma_time",12,12,12,0,901,48,10622.526789428,10718.526789428,10724.0479161886,10949.0950417932,-0.0417740459310995,NA
"cell_0244",12,"nu_time",12,12,12,0,901,48,10678.7031872589,10774.7031872589,10780.2243140194,11005.2714396241,NA,0.00985027097995198
"cell_0244",12,"sigma_nu_time",12,12,12,0,901,60,10608.6192848971,10728.6192848971,10737.3335706114,11016.8296003536,-0.0448326064106467,0.088736423351292
"cell_0245",12,"stationary",12,12,12,0,901,36,10728.3351342277,10800.3351342277,10803.418467561,10973.2613235016,NA,NA
"cell_0245",12,"sigma_time",12,12,12,0,901,48,10679.987443102,10775.987443102,10781.5085698626,11006.5556954672,-0.0373196008717816,NA
"cell_0245",12,"nu_time",12,12,12,0,901,48,10726.9800791599,10822.9800791599,10828.5012059204,11053.5483315251,NA,0.0224587072576101
"cell_0245",12,"sigma_nu_time",12,12,12,0,901,60,10667.0642701918,10787.0642701918,10795.7785559061,11075.2745856483,-0.0404772283642916,0.0971022850776055
"cell_0246",12,"stationary",12,12,12,0,901,36,10857.9178963661,10929.9178963661,10933.0012296994,11102.84408564,NA,NA
"cell_0246",12,"sigma_time",12,12,12,0,901,48,10817.2147797962,10913.2147797962,10918.7359065567,11143.7830321614,-0.0343453609929897,NA
"cell_0246",12,"nu_time",12,12,12,0,901,48,10856.0483041365,10952.0483041365,10957.569430897,11182.6165565017,NA,0.029066287368798
"cell_0246",12,"sigma_nu_time",12,12,12,0,901,60,10806.0911394904,10926.0911394904,10934.8054252047,11214.3014549469,-0.0371780936351917,0.0757270811949842
"cell_0247",12,"stationary",12,12,12,0,901,36,10978.0368453344,11050.0368453344,11053.1201786677,11222.9630346083,NA,NA
"cell_0247",12,"sigma_time",12,12,12,0,901,48,10943.426958139,11039.426958139,11044.9480848995,11269.9952105042,-0.0330932755960398,NA
"cell_0247",12,"nu_time",12,12,12,0,901,48,10975.1876563049,11071.1876563049,11076.7087830655,11301.7559086701,NA,0.0295119007308974
"cell_0247",12,"sigma_nu_time",12,12,12,0,901,60,10931.9088130993,11051.9088130993,11060.6230988136,11340.1191285558,-0.0358311237194735,0.0845600575681587
"cell_0248",12,"stationary",12,12,12,0,901,36,10990.045009913,11062.045009913,11065.1283432463,11234.9711991869,NA,NA
"cell_0248",12,"sigma_time",12,12,12,0,901,48,10964.1841095759,11060.1841095759,11065.7052363365,11290.7523619411,-0.0288740454393313,NA
"cell_0248",12,"nu_time",12,12,12,0,901,48,10985.9545572647,11081.9545572647,11087.4756840252,11312.5228096299,NA,0.0421581806994323
"cell_0248",12,"sigma_nu_time",12,12,12,0,901,60,10953.4028636039,11073.4028636039,11082.1171493182,11361.6131790604,-0.0307004734185084,0.0848027548408668
"cell_0265",12,"stationary",12,12,12,0,901,36,10857.3663171046,10929.3663171046,10932.4496504379,11102.2925063785,NA,NA
"cell_0265",12,"sigma_time",12,12,12,0,901,48,10783.3850137186,10879.3850137186,10884.9061404792,11109.9532660838,-0.0510928205530626,NA
"cell_0265",12,"nu_time",12,12,12,0,901,48,10853.3957094099,10949.3957094099,10954.9168361705,11179.9639617751,NA,-0.0435239350594342
"cell_0265",12,"sigma_nu_time",12,12,12,0,901,60,10772.0453884514,10892.0453884514,10900.7596741657,11180.2557039079,-0.0542921359259491,0.0693253736486229
"cell_0266",12,"stationary",12,12,12,0,901,36,10884.4376053125,10956.4376053125,10959.5209386459,11129.3637945864,NA,NA
"cell_0266",12,"sigma_time",12,12,12,0,901,48,10822.8998172675,10918.8998172675,10924.420944028,11149.4680696327,-0.0446728451081523,NA
"cell_0266",12,"nu_time",12,12,12,0,901,48,10881.6556017532,10977.6556017532,10983.1767285137,11208.2238541184,NA,-0.0351860267974076
"cell_0266",12,"sigma_nu_time",12,12,12,0,901,60,10813.1843342993,10933.1843342993,10941.8986200135,11221.3946497558,-0.0475773351764874,0.0658358933268273
"cell_0267",12,"stationary",12,12,12,0,901,36,10915.4074454407,10987.4074454407,10990.4907787741,11160.3336347146,NA,NA
"cell_0267",12,"sigma_time",12,12,12,0,901,48,10864.3464576234,10960.3464576234,10965.867584384,11190.9147099886,-0.0411873886063577,NA
"cell_0267",12,"nu_time",12,12,12,0,901,48,10913.6165262052,11009.6165262052,11015.1376529658,11240.1847785704,NA,-0.0275362403438123
"cell_0267",12,"sigma_nu_time",12,12,12,0,901,60,10855.9920048657,10975.9920048657,10984.70629058,11264.2023203222,-0.0445134282946263,0.0618971960955521
"cell_0268",12,"stationary",12,12,12,0,901,36,10932.4860748579,11004.4860748579,11007.5694081912,11177.4122641318,NA,NA
"cell_0268",12,"sigma_time",12,12,12,0,901,48,10891.9189058584,10987.9189058584,10993.440032619,11218.4871582236,-0.0367010283640463,NA
"cell_0268",12,"nu_time",12,12,12,0,901,48,10931.3238551571,11027.3238551571,11032.8449819176,11257.8921075223,NA,-0.0216683762431494
"cell_0268",12,"sigma_nu_time",12,12,12,0,901,60,10884.8707584471,11004.8707584471,11013.5850441613,11293.0810739036,-0.0402628282216535,0.0544388042980274
"cell_0269",12,"stationary",12,12,12,0,901,36,10904.4084076906,10976.4084076906,10979.4917410239,11149.3345969645,NA,NA
"cell_0269",12,"sigma_time",12,12,12,0,901,48,10866.1773808759,10962.1773808759,10967.6985076365,11192.7456332411,-0.0355433568110804,NA
"cell_0269",12,"nu_time",12,12,12,0,901,48,10903.3968808742,10999.3968808742,11004.9180076347,11229.9651332394,NA,-0.0210785096668812
"cell_0269",12,"sigma_nu_time",12,12,12,0,901,60,10859.6425813352,10979.6425813352,10988.3568670494,11267.8528967917,-0.0392148204522816,0.0522196765708863
"cell_0270",12,"stationary",12,12,12,0,901,36,10831.4099180556,10903.4099180556,10906.4932513889,11076.3361073295,NA,NA
"cell_0270",12,"sigma_time",12,12,12,0,901,48,10788.1294406292,10884.1294406292,10889.6505673898,11114.6976929944,-0.0372591814015378,NA
"cell_0270",12,"nu_time",12,12,12,0,901,48,10830.3760490512,10926.3760490512,10931.8971758118,11156.9443014164,NA,-0.0175817834988766
"cell_0270",12,"sigma_nu_time",12,12,12,0,901,60,10781.1748356384,10901.1748356384,10909.8891213527,11189.3851510949,-0.0405146270847197,0.0534896566312165
"cell_0271",12,"stationary",12,12,12,0,901,36,10763.233190785,10835.233190785,10838.3165241184,11008.1593800589,NA,NA
"cell_0271",12,"sigma_time",12,12,12,0,901,48,10718.8441374825,10814.8441374825,10820.365264243,11045.4123898477,-0.0371465691998303,NA
"cell_0271",12,"nu_time",12,12,12,0,901,48,10762.4360141476,10858.4360141476,10863.9571409082,11089.0042665128,NA,-0.00516909989623879
"cell_0271",12,"sigma_nu_time",12,12,12,0,901,60,10710.676844617,10830.676844617,10839.3911303312,11118.8871600735,-0.0393159783521355,0.0618316779933069
"cell_0272",12,"stationary",12,12,12,0,901,36,10741.0026912265,10813.0026912265,10816.0860245598,10985.9288805004,NA,NA
"cell_0272",12,"sigma_time",12,12,12,0,901,48,10695.0244338485,10791.0244338485,10796.5455606091,11021.5926862137,-0.0377128832606785,NA
"cell_0272",12,"nu_time",12,12,12,0,901,48,10740.1835025655,10836.1835025655,10841.7046293261,11066.7517549307,NA,0.0127377082755728
"cell_0272",12,"sigma_nu_time",12,12,12,0,901,60,10685.0960663295,10805.0960663295,10813.8103520438,11093.306381786,-0.0398724579586262,0.0772596604261594
"cell_0273",12,"stationary",12,12,12,0,901,36,10875.1724931097,10947.1724931097,10950.255826443,11120.0986823836,NA,NA
"cell_0273",12,"sigma_time",12,12,12,0,901,48,10830.0986256158,10926.0986256158,10931.6197523764,11156.666877981,-0.0372476168088521,NA
"cell_0273",12,"nu_time",12,12,12,0,901,48,10874.212851307,10970.212851307,10975.7339780676,11200.7811036722,NA,0.0143615371821781
"cell_0273",12,"sigma_nu_time",12,12,12,0,901,60,10820.1752369485,10940.1752369485,10948.8895226628,11228.385552405,-0.0401700874611192,0.0780112090409257
"cell_0274",12,"stationary",12,12,12,0,901,36,11014.7613795216,11086.7613795216,11089.844712855,11259.6875687955,NA,NA
"cell_0274",12,"sigma_time",12,12,12,0,901,48,10976.4423010893,11072.4423010893,11077.9634278499,11303.0105534545,-0.0343345641349895,NA
"cell_0274",12,"nu_time",12,12,12,0,901,48,11013.0958866109,11109.0958866109,11114.6170133714,11339.6641389761,NA,0.0190496205073673
"cell_0274",12,"sigma_nu_time",12,12,12,0,901,60,10967.1336285339,11087.1336285339,11095.8479142482,11375.3439439904,-0.0370852693783327,0.0751226052918317
"cell_0275",12,"stationary",12,12,12,0,901,36,11122.8686537741,11194.8686537741,11197.9519871075,11367.794843048,NA,NA
"cell_0275",12,"sigma_time",12,12,12,0,901,48,11094.3006254353,11190.3006254353,11195.8217521958,11420.8688778005,-0.0296820620512613,NA
"cell_0275",12,"nu_time",12,12,12,0,901,48,11120.3011600497,11216.3011600497,11221.8222868103,11446.8694124149,NA,0.0288000421050041
"cell_0275",12,"sigma_nu_time",12,12,12,0,901,60,11085.6665109752,11205.6665109752,11214.3807966895,11493.8768264317,-0.0323934266526321,0.0747523326566421
"cell_0276",12,"stationary",12,12,12,0,901,36,11150.392514366,11222.392514366,11225.4758476993,11395.3187036399,NA,NA
"cell_0276",12,"sigma_time",12,12,12,0,901,48,11123.4105250179,11219.4105250179,11224.9316517784,11449.9787773831,-0.0299800020767601,NA
"cell_0276",12,"nu_time",12,12,12,0,901,48,11147.318882461,11243.318882461,11248.8400092215,11473.8871348262,NA,0.0353155726093447
"cell_0276",12,"sigma_nu_time",12,12,12,0,901,60,11114.6052082078,11234.6052082078,11243.3194939221,11522.8155236643,-0.0323447258785756,0.077632454753169
"cell_0293",12,"stationary",12,12,12,0,901,36,10966.5308298007,11038.5308298007,11041.614163134,11211.4570190746,NA,NA
"cell_0293",12,"sigma_time",12,12,12,0,901,48,10893.897168805,10989.897168805,10995.4182955656,11220.4654211702,-0.0486802742013057,NA
"cell_0293",12,"nu_time",12,12,12,0,901,48,10960.0728158678,11056.0728158678,11061.5939426284,11286.641068233,NA,-0.059908943911648
"cell_0293",12,"sigma_nu_time",12,12,12,0,901,60,10886.3475303213,11006.3475303213,11015.0618160355,11294.5578457778,-0.0508468154955259,0.0462858267791376
"cell_0294",12,"stationary",12,12,12,0,901,36,11028.1703159435,11100.1703159435,11103.2536492768,11273.0965052174,NA,NA
"cell_0294",12,"sigma_time",12,12,12,0,901,48,10972.5816068444,11068.5816068444,11074.102733605,11299.1498592096,-0.041011428538434,NA
"cell_0294",12,"nu_time",12,12,12,0,901,48,11023.1667464051,11119.1667464051,11124.6878731657,11349.7349987703,NA,-0.0554603484282217
"cell_0294",12,"sigma_nu_time",12,12,12,0,901,60,10967.2446924311,11087.2446924311,11095.9589781454,11375.4550078876,-0.042348265757002,0.0366049812721007
"cell_0295",12,"stationary",12,12,12,0,901,36,11042.9808363708,11114.9808363708,11118.0641697041,11287.9070256447,NA,NA
"cell_0295",12,"sigma_time",12,12,12,0,901,48,11001.701475746,11097.701475746,11103.2226025066,11328.2697281112,-0.0349459554752277,NA
"cell_0295",12,"nu_time",12,12,12,0,901,48,11040.3008112436,11136.3008112436,11141.8219380042,11366.8690636088,NA,-0.0401460492557033
"cell_0295",12,"sigma_nu_time",12,12,12,0,901,60,10997.0602778199,11117.0602778199,11125.7745635342,11405.2705932764,-0.0364721023224525,0.037960863935553
"cell_0296",12,"stationary",12,12,12,0,901,36,11042.4991380558,11114.4991380558,11117.5824713892,11287.4253273297,NA,NA
"cell_0296",12,"sigma_time",12,12,12,0,901,48,11010.6835197006,11106.6835197006,11112.2046464611,11337.2517720658,-0.0306872161369788,NA
"cell_0296",12,"nu_time",12,12,12,0,901,48,11040.9451826297,11136.9451826297,11142.4663093902,11367.5134349949,NA,-0.0279605423549678
"cell_0296",12,"sigma_nu_time",12,12,12,0,901,60,11006.6683605439,11126.6683605439,11135.3826462581,11414.8786760004,-0.0328216677787642,0.0370427160708263
"cell_0297",12,"stationary",12,12,12,0,901,36,11019.8940499555,11091.8940499555,11094.9773832888,11264.8202392294,NA,NA
"cell_0297",12,"sigma_time",12,12,12,0,901,48,10987.7745993067,11083.7745993067,11089.2957260673,11314.3428516719,-0.0311156640993238,NA
"cell_0297",12,"nu_time",12,12,12,0,901,48,11018.1042065828,11114.1042065828,11119.6253333433,11344.672458948,NA,-0.0326970591484124
"cell_0297",12,"sigma_nu_time",12,12,12,0,901,60,10984.739265899,11104.739265899,11113.4535516133,11392.9495813555,-0.0328301982722595,0.0302564109161802
"cell_0298",12,"stationary",12,12,12,0,901,36,10949.5646114502,11021.5646114502,11024.6479447836,11194.4908007241,NA,NA
"cell_0298",12,"sigma_time",12,12,12,0,901,48,10916.3269066219,11012.3269066219,11017.8480333825,11242.8951589871,-0.0328198700117297,NA
"cell_0298",12,"nu_time",12,12,12,0,901,48,10948.3893430723,11044.3893430723,11049.9104698329,11274.9575954375,NA,-0.0251156030394048
"cell_0298",12,"sigma_nu_time",12,12,12,0,901,60,10912.9063356096,11032.9063356096,11041.6206213239,11321.1166510661,-0.0339238046350965,0.038879512349262
"cell_0299",12,"stationary",12,12,12,0,901,36,10966.4420794305,11038.4420794305,11041.5254127638,11211.3682687044,NA,NA
"cell_0299",12,"sigma_time",12,12,12,0,901,48,10924.1270070515,11020.1270070515,11025.648133812,11250.6952594167,-0.0363537339982538,NA
"cell_0299",12,"nu_time",12,12,12,0,901,48,10964.6070688012,11060.6070688012,11066.1281955617,11291.1753211664,NA,-0.0339904357577016
"cell_0299",12,"sigma_nu_time",12,12,12,0,901,60,10921.0951074888,11041.0951074888,11049.809393203,11329.3054229453,-0.0366874458778584,0.0394908348844346
"cell_0300",12,"stationary",12,12,12,0,901,36,11006.7630245432,11078.7630245432,11081.8463578765,11251.6892138171,NA,NA
"cell_0300",12,"sigma_time",12,12,12,0,901,48,10957.7627762753,11053.7627762753,11059.2839030358,11284.3310286405,-0.0407554719086495,NA
"cell_0300",12,"nu_time",12,12,12,0,901,48,11005.1887215569,11101.1887215569,11106.7098483175,11331.7569739221,NA,-0.0312970066289668
"cell_0300",12,"sigma_nu_time",12,12,12,0,901,60,10953.9374743524,11073.9374743524,11082.6517600667,11362.147789809,-0.0408595743334688,0.0459696590186263
"cell_0301",12,"stationary",12,12,12,0,901,36,11102.0058002409,11174.0058002409,11177.0891335742,11346.9319895148,NA,NA
"cell_0301",12,"sigma_time",12,12,12,0,901,48,11053.1498334187,11149.1498334187,11154.6709601793,11379.7180857839,-0.0416367664407534,NA
"cell_0301",12,"nu_time",12,12,12,0,901,48,11100.7812230651,11196.7812230651,11202.3023498256,11427.3494754303,NA,-0.0172109404403305
"cell_0301",12,"sigma_nu_time",12,12,12,0,901,60,11047.8724201632,11167.8724201632,11176.5867058774,11456.0827356197,-0.0419015596317427,0.061132286787444
"cell_0302",12,"stationary",12,12,12,0,901,36,11196.5974960253,11268.5974960253,11271.6808293587,11441.5236852992,NA,NA
"cell_0302",12,"sigma_time",12,12,12,0,901,48,11157.9893020239,11253.9893020239,11259.5104287845,11484.5575543891,-0.0363618494236658,NA
"cell_0302",12,"nu_time",12,12,12,0,901,48,11195.0534295318,11291.0534295318,11296.5745562924,11521.621681897,NA,0.0100835908262154
"cell_0302",12,"sigma_nu_time",12,12,12,0,901,60,11151.5084116898,11271.5084116898,11280.2226974041,11559.7187271463,-0.0376976741997585,0.0683040675103595
"cell_0303",12,"stationary",12,12,12,0,901,36,11262.6172019352,11334.6172019352,11337.7005352686,11507.5433912091,NA,NA
"cell_0303",12,"sigma_time",12,12,12,0,901,48,11239.167370198,11335.167370198,11340.6884969586,11565.7356225632,-0.0277630205272895,NA
"cell_0303",12,"nu_time",12,12,12,0,901,48,11259.8434013373,11355.8434013373,11361.3645280979,11586.4116537025,NA,0.032327120917879
"cell_0303",12,"sigma_nu_time",12,12,12,0,901,60,11232.2876309783,11352.2876309783,11361.0019166926,11640.4979464348,-0.029618908878478,0.0681888931033771
"cell_0304",12,"stationary",12,12,12,0,901,36,11281.8363952988,11353.8363952988,11356.9197286321,11526.7625845727,NA,NA
"cell_0304",12,"sigma_time",12,12,12,0,901,48,11249.726110774,11345.726110774,11351.2472375346,11576.2943631392,-0.0350551730321471,NA
"cell_0304",12,"nu_time",12,12,12,0,901,48,11279.1732735046,11375.1732735046,11380.6944002652,11605.7415258698,NA,0.0193871967460544
"cell_0304",12,"sigma_nu_time",12,12,12,0,901,60,11243.0546217432,11363.0546217432,11371.7689074575,11651.2649371997,-0.0356531495355378,0.0646632579345187
"cell_0321",12,"stationary",12,12,12,0,901,36,11131.6707238959,11203.6707238959,11206.7540572292,11376.5969131698,NA,NA
"cell_0321",12,"sigma_time",12,12,12,0,901,48,11087.6795623751,11183.6795623751,11189.2006891357,11414.2478147403,-0.0392867854886497,NA
"cell_0321",12,"nu_time",12,12,12,0,901,48,11127.6968467069,11223.6968467069,11229.2179734674,11454.2650990721,NA,-0.0386708839220012
"cell_0321",12,"sigma_nu_time",12,12,12,0,901,60,11081.6660020427,11201.6660020427,11210.380287757,11489.8763174993,-0.0398142348469921,0.0360345740184907
"cell_0322",12,"stationary",12,12,12,0,901,36,11251.1074226877,11323.1074226877,11326.190756021,11496.0336119616,NA,NA
"cell_0322",12,"sigma_time",12,12,12,0,901,48,11222.7745224423,11318.7745224423,11324.2956492029,11549.3427748075,-0.0306736155944587,NA
"cell_0322",12,"nu_time",12,12,12,0,901,48,11247.7524876961,11343.7524876961,11349.2736144566,11574.3207400613,NA,-0.0408889239920522
"cell_0322",12,"sigma_nu_time",12,12,12,0,901,60,11219.1930204267,11339.1930204267,11347.907306141,11627.4033358832,-0.0293593818318546,0.0032551649955909
"cell_0323",12,"stationary",12,12,12,0,901,36,11307.1997313661,11379.1997313661,11382.2830646994,11552.12592064,NA,NA
"cell_0323",12,"sigma_time",12,12,12,0,901,48,11286.0404627885,11382.0404627885,11387.5615895491,11612.6087151537,-0.0259399439955499,NA
"cell_0323",12,"nu_time",12,12,12,0,901,48,11304.6468385185,11400.6468385185,11406.167965279,11631.2150908837,NA,-0.0366234169584891
"cell_0323",12,"sigma_nu_time",12,12,12,0,901,60,11282.9414379006,11402.9414379006,11411.6557236149,11691.1517533571,-0.0250786555810363,-4.30447365556319e-05
"cell_0324",12,"stationary",12,12,12,0,901,36,11264.115002034,11336.115002034,11339.1983353674,11509.0411913079,NA,NA
"cell_0324",12,"sigma_time",12,12,12,0,901,48,11243.0340539159,11339.0340539159,11344.5551806765,11569.6023062811,-0.0252812068705317,NA
"cell_0324",12,"nu_time",12,12,12,0,901,48,11261.8997693374,11357.8997693374,11363.4208960979,11588.4680217026,NA,-0.0299743124154674
"cell_0324",12,"sigma_nu_time",12,12,12,0,901,60,11240.4385546261,11360.4385546261,11369.1528403403,11648.6488700826,-0.0250891745657671,0.00983669444190496
"cell_0325",12,"stationary",12,12,12,0,901,36,11229.4298492295,11301.4298492295,11304.5131825628,11474.3560385034,NA,NA
"cell_0325",12,"sigma_time",12,12,12,0,901,48,11201.0841160136,11297.0841160136,11302.6052427742,11527.6523683788,-0.0290858300310912,NA
"cell_0325",12,"nu_time",12,12,12,0,901,48,11225.8078611967,11321.8078611967,11327.3289879572,11552.3761135619,NA,-0.039453677961248
"cell_0325",12,"sigma_nu_time",12,12,12,0,901,60,11199.3476415425,11319.3476415425,11328.0619272568,11607.557956999,-0.0288822449675515,0.00835697182667785
"cell_0326",12,"stationary",12,12,12,0,901,36,11216.1358340596,11288.1358340596,11291.2191673929,11461.0620233335,NA,NA
"cell_0326",12,"sigma_time",12,12,12,0,901,48,11179.5576917775,11275.5576917775,11281.078818538,11506.1259441427,-0.0336582427503093,NA
"cell_0326",12,"nu_time",12,12,12,0,901,48,11210.6625221004,11306.6625221004,11312.183648861,11537.2307744656,NA,-0.0509609197725712
"cell_0326",12,"sigma_nu_time",12,12,12,0,901,60,11178.2130183758,11298.2130183758,11306.9273040901,11586.4233338323,-0.0326483681210429,0.0104065881863506
"cell_0327",12,"stationary",12,12,12,0,901,36,11232.7383360548,11304.7383360548,11307.8216693881,11477.6645253287,NA,NA
"cell_0327",12,"sigma_time",12,12,12,0,901,48,11190.4500742416,11286.4500742416,11291.9712010022,11517.0183266068,-0.0365953863779188,NA
"cell_0327",12,"nu_time",12,12,12,0,901,48,11227.2699726476,11323.2699726476,11328.7910994082,11553.8382250128,NA,-0.050140141302788
"cell_0327",12,"sigma_nu_time",12,12,12,0,901,60,11189.0251942308,11309.0251942308,11317.7394799451,11597.2355096873,-0.0363996626436802,0.0182357085713942
"cell_0328",12,"stationary",12,12,12,0,901,36,11278.7109464949,11350.7109464949,11353.7942798283,11523.6371357688,NA,NA
"cell_0328",12,"sigma_time",12,12,12,0,901,48,11230.6457090398,11326.6457090398,11332.1668358004,11557.213961405,-0.0414071579871535,NA
"cell_0328",12,"nu_time",12,12,12,0,901,48,11273.6511418677,11369.6511418677,11375.1722686283,11600.2193942329,NA,-0.0459363595560438
"cell_0328",12,"sigma_nu_time",12,12,12,0,901,60,11228.9553675726,11348.9553675726,11357.6696532869,11637.1656830291,-0.0396879383766848,0.0252650992439203
"cell_0329",12,"stationary",12,12,12,0,901,36,11366.9351968444,11438.9351968444,11442.0185301777,11611.8613861183,NA,NA
"cell_0329",12,"sigma_time",12,12,12,0,901,48,11316.7677260144,11412.7677260144,11418.2888527749,11643.3359783796,-0.0444556885605449,NA
"cell_0329",12,"nu_time",12,12,12,0,901,48,11362.3667438233,11458.3667438233,11463.8878705838,11688.9349961885,NA,-0.0390687164477965
"cell_0329",12,"sigma_nu_time",12,12,12,0,901,60,11314.2053550233,11434.2053550233,11442.9196407376,11722.4156704798,-0.0427863922368825,0.0319328730032779
"cell_0330",12,"stationary",12,12,12,0,901,36,11380.6392062067,11452.6392062067,11455.72253954,11625.5653954806,NA,NA
"cell_0330",12,"sigma_time",12,12,12,0,901,48,11345.7549720155,11441.7549720155,11447.2760987761,11672.3232243807,-0.0372121322542512,NA
"cell_0330",12,"nu_time",12,12,12,0,901,48,11378.4106390036,11474.4106390036,11479.9317657642,11704.9788913688,NA,0.00365184109551239
"cell_0330",12,"sigma_nu_time",12,12,12,0,901,60,11341.3222508215,11461.3222508215,11470.0365365358,11749.532566278,-0.0366605361958363,0.0523579610130972
"cell_0331",12,"stationary",12,12,12,0,901,36,11431.2505608354,11503.2505608354,11506.3338941688,11676.1767501093,NA,NA
"cell_0331",12,"sigma_time",12,12,12,0,901,48,11394.3837751506,11490.3837751506,11495.9049019112,11720.9520275158,-0.0387000170112671,NA
"cell_0331",12,"nu_time",12,12,12,0,901,48,11428.4157929785,11524.4157929785,11529.936919739,11754.9840453437,NA,0.00158724061751831
"cell_0331",12,"sigma_nu_time",12,12,12,0,901,60,11389.8935434803,11509.8935434803,11518.6078291946,11798.1038589368,-0.0380889393384145,0.0500892263856474
"cell_0348",12,"stationary",12,12,12,0,901,36,11113.3189727152,11185.3189727152,11188.4023060486,11358.2451619891,NA,NA
"cell_0348",12,"sigma_time",12,12,12,0,901,48,11084.2365231384,11180.2365231384,11185.757649899,11410.8047755036,-0.0367482282830234,NA
"cell_0348",12,"nu_time",12,12,12,0,901,48,11110.2727607643,11206.2727607643,11211.7938875248,11436.8410131295,NA,0.000931392600060882
"cell_0348",12,"sigma_nu_time",12,12,12,0,901,60,11074.6109104055,11194.6109104055,11203.3251961198,11482.821225862,-0.038945747625042,0.0649389004514674
"cell_0349",12,"stationary",12,12,12,0,901,36,11320.5207332707,11392.5207332707,11395.604066604,11565.4469225446,NA,NA
"cell_0349",12,"sigma_time",12,12,12,0,901,48,11294.6466990793,11390.6466990793,11396.1678258399,11621.2149514445,-0.0324259723603963,NA
"cell_0349",12,"nu_time",12,12,12,0,901,48,11317.7390966734,11413.7390966734,11419.2602234339,11644.3073490386,NA,-0.0246981795860004
"cell_0349",12,"sigma_nu_time",12,12,12,0,901,60,11289.8255754633,11409.8255754633,11418.5398611776,11698.0358909198,-0.0307778380852657,0.0215529252079096
"cell_0350",12,"stationary",12,12,12,0,901,36,11503.9791839564,11575.9791839564,11579.0625172897,11748.9053732303,NA,NA
"cell_0350",12,"sigma_time",12,12,12,0,901,48,11485.3922067375,11581.3922067375,11586.9133334981,11811.9604591027,-0.0262310318178604,NA
"cell_0350",12,"nu_time",12,12,12,0,901,48,11500.7504268079,11596.7504268079,11602.2715535685,11827.3186791731,NA,-0.040406515565666
"cell_0350",12,"sigma_nu_time",12,12,12,0,901,60,11482.0955936789,11602.0955936789,11610.8098793931,11890.3059091354,-0.0247895632193558,-0.00207711054397927
"cell_0351",12,"stationary",12,12,12,0,901,36,11585.160222935,11657.160222935,11660.2435562683,11830.0864122089,NA,NA
"cell_0351",12,"sigma_time",12,12,12,0,901,48,11567.3230877007,11663.3230877007,11668.8442144612,11893.8913400659,-0.0251990400039709,NA
"cell_0351",12,"nu_time",12,12,12,0,901,48,11580.7273913975,11676.7273913975,11682.2485181581,11907.2956437627,NA,-0.0499525487168456
"cell_0351",12,"sigma_nu_time",12,12,12,0,901,60,11564.3360535722,11684.3360535722,11693.0503392865,11972.5463690287,-0.0232787322279769,-0.016712603126166
"cell_0352",12,"stationary",12,12,12,0,901,36,11514.1861081498,11586.1861081498,11589.2694414832,11759.1122974237,NA,NA
"cell_0352",12,"sigma_time",12,12,12,0,901,48,11494.2442675929,11590.2442675929,11595.7653943535,11820.8125199581,-0.0258124978375768,NA
"cell_0352",12,"nu_time",12,12,12,0,901,48,11509.9016910212,11605.9016910212,11611.4228177818,11836.4699433864,NA,-0.0459138619158646
"cell_0352",12,"sigma_nu_time",12,12,12,0,901,60,11491.5682765754,11611.5682765754,11620.2825622897,11899.7785920319,-0.0249743094887249,-0.00511912514323657
"cell_0353",12,"stationary",12,12,12,0,901,36,11463.5303254634,11535.5303254634,11538.6136587968,11708.4565147373,NA,NA
"cell_0353",12,"sigma_time",12,12,12,0,901,48,11436.8431196378,11532.8431196378,11538.3642463983,11763.411372003,-0.0285563315421953,NA
"cell_0353",12,"nu_time",12,12,12,0,901,48,11457.6591781621,11553.6591781621,11559.1803049227,11784.2274305273,NA,-0.0454064341907415
"cell_0353",12,"sigma_nu_time",12,12,12,0,901,60,11434.4413371002,11554.4413371002,11563.1556228145,11842.6516525567,-0.0281981626434194,-0.00105413969246245
"cell_0354",12,"stationary",12,12,12,0,901,36,11432.2289074052,11504.2289074052,11507.3122407385,11677.1550966791,NA,NA
"cell_0354",12,"sigma_time",12,12,12,0,901,48,11398.6874661148,11494.6874661148,11500.2085928753,11725.25571848,-0.0322495528000253,NA
"cell_0354",12,"nu_time",12,12,12,0,901,48,11424.9625604887,11520.9625604887,11526.4836872493,11751.5308128539,NA,-0.043179817042603
"cell_0354",12,"sigma_nu_time",12,12,12,0,901,60,11396.4288282906,11516.4288282906,11525.1431140049,11804.6391437471,-0.0316261358057683,0.00567090156384118
"cell_0355",12,"stationary",12,12,12,0,901,36,11471.5841371954,11543.5841371954,11546.6674705287,11716.5103264693,NA,NA
"cell_0355",12,"sigma_time",12,12,12,0,901,48,11432.3254692852,11528.3254692852,11533.8465960458,11758.8937216504,-0.0367892522928049,NA
"cell_0355",12,"nu_time",12,12,12,0,901,48,11463.6986481259,11559.6986481259,11565.2197748864,11790.2669004911,NA,-0.0470776484751017
"cell_0355",12,"sigma_nu_time",12,12,12,0,901,60,11430.0905409001,11550.0905409001,11558.8048266144,11838.3008563566,-0.0353950534722948,0.00882275929417528
"cell_0356",12,"stationary",12,12,12,0,901,36,11527.046388306,11599.046388306,11602.1297216393,11771.9725775799,NA,NA
"cell_0356",12,"sigma_time",12,12,12,0,901,48,11483.8081161944,11579.8081161944,11585.329242955,11810.3763685596,-0.0407606300211967,NA
"cell_0356",12,"nu_time",12,12,12,0,901,48,11519.3913925233,11615.3913925233,11620.9125192839,11845.9596448885,NA,-0.0508985170109014
"cell_0356",12,"sigma_nu_time",12,12,12,0,901,60,11481.6590156823,11601.6590156823,11610.3733013966,11889.8693311388,-0.0392925209939663,0.0099175007335811
"cell_0357",12,"stationary",12,12,12,0,901,36,11585.8207984711,11657.8207984711,11660.9041318044,11830.746987745,NA,NA
"cell_0357",12,"sigma_time",12,12,12,0,901,48,11539.9401761281,11635.9401761281,11641.4613028887,11866.5084284933,-0.0431535206253681,NA
"cell_0357",12,"nu_time",12,12,12,0,901,48,11578.5416733184,11674.5416733184,11680.0628000789,11905.1099256836,NA,-0.0499070313757732
"cell_0357",12,"sigma_nu_time",12,12,12,0,901,60,11537.9447883022,11657.9447883022,11666.6590740165,11946.1551037587,-0.0428475306996396,0.0108110264620249
"cell_0358",12,"stationary",12,12,12,0,901,36,11599.6855300357,11671.6855300357,11674.768863369,11844.6117193096,NA,NA
"cell_0358",12,"sigma_time",12,12,12,0,901,48,11554.9623939004,11650.9623939004,11656.4835206609,11881.5306462656,-0.0438966407963275,NA
"cell_0358",12,"nu_time",12,12,12,0,901,48,11594.0131547156,11690.0131547156,11695.5342814761,11920.5814070808,NA,-0.0359844650379241
"cell_0358",12,"sigma_nu_time",12,12,12,0,901,60,11552.3849810357,11672.3849810357,11681.09926675,11960.5952964922,-0.0440434411368553,0.0228861756611813
"cell_0371",12,"stationary",12,12,12,0,901,36,11040.2393524326,11112.2393524326,11115.322685766,11285.1655417065,NA,NA
"cell_0371",12,"sigma_time",12,12,12,0,901,48,10993.8217700599,11089.8217700599,11095.3428968205,11320.3900224251,-0.048456856231731,NA
"cell_0371",12,"nu_time",12,12,12,0,901,48,11036.0129783522,11132.0129783522,11137.5341051127,11362.5812307174,NA,0.0287962651531647
"cell_0371",12,"sigma_nu_time",12,12,12,0,901,60,10970.8309975795,11090.8309975795,11099.5452832938,11379.041313036,-0.0604013737755379,0.115937908018742
"cell_0372",12,"stationary",12,12,12,0,901,36,10992.6784186953,11064.6784186953,11067.7617520286,11237.6046079692,NA,NA
"cell_0372",12,"sigma_time",12,12,12,0,901,48,10965.1582213912,11061.1582213912,11066.6793481518,11291.7264737564,-0.0373804107209895,NA
"cell_0372",12,"nu_time",12,12,12,0,901,48,10981.7849782263,11077.7849782263,11083.3061049869,11308.3532305915,NA,0.0701940537448197
"cell_0372",12,"sigma_nu_time",12,12,12,0,901,60,10939.2279071326,11059.2279071326,11067.9421928468,11347.4382225891,-0.0496522845099528,0.126562927582098
"cell_0373",12,"stationary",12,12,12,0,901,36,10996.9426688072,11068.9426688072,11072.0260021406,11241.8688580811,NA,NA
"cell_0373",12,"sigma_time",12,12,12,0,901,48,10989.1385180362,11085.1385180362,11090.6596447968,11315.7067704014,-0.0203615995606017,NA
"cell_0373",12,"nu_time",12,12,12,0,901,48,10982.8868510239,11078.8868510239,11084.4079777845,11309.4551033891,NA,0.0832532725629732
"cell_0373",12,"sigma_nu_time",12,12,12,0,901,60,10969.1067877206,11089.1067877206,11097.8210734349,11377.3171031771,-0.0258646342419709,0.102060510944132
"cell_0374",12,"stationary",12,12,12,0,901,36,11056.8310277551,11128.8310277551,11131.9143610884,11301.757217029,NA,NA
"cell_0374",12,"sigma_time",12,12,12,0,901,48,11047.4862397506,11143.4862397506,11149.0073665111,11374.0544921158,-0.0238150298679352,NA
"cell_0374",12,"nu_time",12,12,12,0,901,48,11047.862392841,11143.862392841,11149.3835196016,11374.4306452062,NA,0.0553860735563364
"cell_0374",12,"sigma_nu_time",12,12,12,0,901,60,11031.8693752222,11151.8693752222,11160.5836609365,11440.0796906787,-0.0292051314403508,0.094388164778402
"cell_0375",12,"stationary",12,12,12,0,901,36,11191.2569879659,11263.2569879659,11266.3403212992,11436.1831772398,NA,NA
"cell_0375",12,"sigma_time",12,12,12,0,901,48,11175.0767580756,11271.0767580756,11276.5978848362,11501.6450104408,-0.0304612145232256,NA
"cell_0375",12,"nu_time",12,12,12,0,901,48,11187.9263586558,11283.9263586558,11289.4474854164,11514.494611021,NA,0.0234179486944163
"cell_0375",12,"sigma_nu_time",12,12,12,0,901,60,11165.267726392,11285.267726392,11293.9820121063,11573.4780418485,-0.0367128130454979,0.0714964817408913
"cell_0376",12,"stationary",12,12,12,0,901,36,11402.3105939737,11474.3105939737,11477.3939273071,11647.2367832476,NA,NA
"cell_0376",12,"sigma_time",12,12,12,0,901,48,11381.6809434836,11477.6809434836,11483.2020702442,11708.2491958488,-0.0332311729878261,NA
"cell_0376",12,"nu_time",12,12,12,0,901,48,11400.4856992275,11496.4856992275,11502.0068259881,11727.0539515927,NA,-0.00485024114151499
"cell_0376",12,"sigma_nu_time",12,12,12,0,901,60,11376.1969146091,11496.1969146091,11504.9112003233,11784.4072300656,-0.0349963676043543,0.0376473931073379
"cell_0377",12,"stationary",12,12,12,0,901,36,11618.0200177461,11690.0200177461,11693.1033510794,11862.94620702,NA,NA
"cell_0377",12,"sigma_time",12,12,12,0,901,48,11596.9016037326,11692.9016037326,11698.4227304931,11923.4698560978,-0.0301798837419356,NA
"cell_0377",12,"nu_time",12,12,12,0,901,48,11615.4500464883,11711.4500464883,11716.9711732489,11942.0182988535,NA,-0.0259512450010798
"cell_0377",12,"sigma_nu_time",12,12,12,0,901,60,11592.9221577016,11712.9221577016,11721.6364434159,12001.1324731581,-0.0303887066548363,0.0117867994541687
"cell_0378",12,"stationary",12,12,12,0,901,36,11808.1770455412,11880.1770455412,11883.2603788745,12053.1032348151,NA,NA
"cell_0378",12,"sigma_time",12,12,12,0,901,48,11787.0565348696,11883.0565348696,11888.5776616302,12113.6247872348,-0.0287849629813669,NA
"cell_0378",12,"nu_time",12,12,12,0,901,48,11803.9896784688,11899.9896784688,11905.5108052293,12130.557930834,NA,-0.0371915020766965
"cell_0378",12,"sigma_nu_time",12,12,12,0,901,60,11783.4793982376,11903.4793982376,11912.1936839519,12191.6897136941,-0.0280349462185789,-0.00551072599443438
"cell_0379",12,"stationary",12,12,12,0,901,36,11942.7182609728,12014.7182609728,12017.8015943061,12187.6444502467,NA,NA
"cell_0379",12,"sigma_time",12,12,12,0,901,48,11917.1981143422,12013.1981143422,12018.7192411027,12243.7663667074,-0.0303037678824008,NA
"cell_0379",12,"nu_time",12,12,12,0,901,48,11934.1738155981,12030.1738155981,12035.6949423587,12260.7420679633,NA,-0.060750222283532
"cell_0379",12,"sigma_nu_time",12,12,12,0,901,60,11912.8637499588,12032.8637499588,12041.5780356731,12321.0740654153,-0.0281333618455812,-0.0180522337967794
"cell_0380",12,"stationary",12,12,12,0,901,36,11869.6651310945,11941.6651310945,11944.7484644278,12114.5913203684,NA,NA
"cell_0380",12,"sigma_time",12,12,12,0,901,48,11834.2491008253,11930.2491008253,11935.7702275859,12160.8173531905,-0.034145767845429,NA
"cell_0380",12,"nu_time",12,12,12,0,901,48,11855.9617816744,11951.9617816744,11957.482908435,12182.5300340396,NA,-0.0779012852500979
"cell_0380",12,"sigma_nu_time",12,12,12,0,901,60,11829.2305276945,11949.2305276945,11957.9448134088,12237.440843151,-0.0304611630689455,-0.0262555147889093
"cell_0381",12,"stationary",12,12,12,0,901,36,11775.9057549124,11847.9057549124,11850.9890882457,12020.8319441863,NA,NA
"cell_0381",12,"sigma_time",12,12,12,0,901,48,11735.5104478856,11831.5104478856,11837.0315746461,12062.0787002508,-0.0359470868739315,NA
"cell_0381",12,"nu_time",12,12,12,0,901,48,11762.6288802976,11858.6288802976,11864.1500070582,12089.1971326628,NA,-0.070042745740954
"cell_0381",12,"sigma_nu_time",12,12,12,0,901,60,11731.1417123816,11851.1417123816,11859.8559980959,12139.3520278381,-0.0329831441784585,-0.0167503724315761
"cell_0382",12,"stationary",12,12,12,0,901,36,11722.2633995038,11794.2633995038,11797.3467328371,11967.1895887777,NA,NA
"cell_0382",12,"sigma_time",12,12,12,0,901,48,11678.0681372704,11774.0681372704,11779.589264031,12004.6363896356,-0.0389957746143987,NA
"cell_0382",12,"nu_time",12,12,12,0,901,48,11709.7484289193,11805.7484289193,11811.2695556798,12036.3166812845,NA,-0.0606384105823972
"cell_0382",12,"sigma_nu_time",12,12,12,0,901,60,11674.1918096347,11794.1918096347,11802.906095349,12082.4021250912,-0.035445563781336,-0.00713738619608707
"cell_0383",12,"stationary",12,12,12,0,901,36,11729.8702126474,11801.8702126474,11804.9535459807,11974.7964019213,NA,NA
"cell_0383",12,"sigma_time",12,12,12,0,901,48,11683.1589865801,11779.1589865801,11784.6801133406,12009.7272389453,-0.0415503764301685,NA
"cell_0383",12,"nu_time",12,12,12,0,901,48,11718.2428074557,11814.2428074557,11819.7639342163,12044.8110598209,NA,-0.0625679078241009
"cell_0383",12,"sigma_nu_time",12,12,12,0,901,60,11679.652080102,11799.652080102,11808.3663658162,12087.8623955585,-0.0390530857273102,-0.00127367854338472
"cell_0384",12,"stationary",12,12,12,0,901,36,11775.5463447961,11847.5463447961,11850.6296781295,12020.47253407,NA,NA
"cell_0384",12,"sigma_time",12,12,12,0,901,48,11727.4642131136,11823.4642131136,11828.9853398742,12054.0324654788,-0.0427127861389451,NA
"cell_0384",12,"nu_time",12,12,12,0,901,48,11765.2779455958,11861.2779455958,11866.7990723563,12091.846197961,NA,-0.0560854986062197
"cell_0384",12,"sigma_nu_time",12,12,12,0,901,60,11724.3289516912,11844.3289516912,11853.0432374055,12132.5392671477,-0.0429880471204803,0.00109521322277175
"cell_0385",12,"stationary",12,12,12,0,901,36,11818.7604007476,11890.7604007476,11893.843734081,12063.6865900215,NA,NA
"cell_0385",12,"sigma_time",12,12,12,0,901,48,11770.2724102377,11866.2724102377,11871.7935369983,12096.8406626029,-0.0448083764125809,NA
"cell_0385",12,"nu_time",12,12,12,0,901,48,11810.1301989927,11906.1301989927,11911.6513257533,12136.6984513579,NA,-0.0485818256355768
"cell_0385",12,"sigma_nu_time",12,12,12,0,901,60,11767.4493554627,11887.4493554627,11896.1636411769,12175.6596709192,-0.0435169527638617,0.00940229993649049
"cell_0386",12,"stationary",12,12,12,0,901,36,11839.3780744002,11911.3780744002,11914.4614077335,12084.3042636741,NA,NA
"cell_0386",12,"sigma_time",12,12,12,0,901,48,11783.3452452115,11879.3452452115,11884.866371972,12109.9134975767,-0.0478694010517432,NA
"cell_0386",12,"nu_time",12,12,12,0,901,48,11828.264966732,11924.264966732,11929.7860934926,12154.8332190972,NA,-0.0619390267587859
"cell_0386",12,"sigma_nu_time",12,12,12,0,901,60,11780.5132763734,11900.5132763734,11909.2275620877,12188.7235918299,-0.0462223234752725,0.00467810788360628
"cell_0399",12,"stationary",12,12,12,0,901,36,11076.4772216978,11148.4772216978,11151.5605550311,11321.4034109717,NA,NA
"cell_0399",12,"sigma_time",12,12,12,0,901,48,11038.6907554575,11134.6907554575,11140.211882218,11365.2590078227,-0.043637238036563,NA
"cell_0399",12,"nu_time",12,12,12,0,901,48,11074.8871422521,11170.8871422521,11176.4082690126,11401.4553946173,NA,-0.0171867232723694
"cell_0399",12,"sigma_nu_time",12,12,12,0,901,60,11028.4828700097,11148.4828700097,11157.197155724,11436.6931854662,-0.0504427964576845,0.0682589386889835
"cell_0400",12,"stationary",12,12,12,0,901,36,11099.2862313205,11171.2862313205,11174.3695646538,11344.2124205944,NA,NA
"cell_0400",12,"sigma_time",12,12,12,0,901,48,11085.132232129,11181.132232129,11186.6533588895,11411.7004844942,-0.0296187792472811,NA
"cell_0400",12,"nu_time",12,12,12,0,901,48,11090.054811604,11186.054811604,11191.5759383646,11416.6230639692,NA,0.0648315732951585
"cell_0400",12,"sigma_nu_time",12,12,12,0,901,60,11065.8607253446,11185.8607253446,11194.5750110589,11474.0710408011,-0.0394182631213634,0.0985937870281672
"cell_0401",12,"stationary",12,12,12,0,901,36,11192.0147367048,11264.0147367048,11267.0980700381,11436.9409259787,NA,NA
"cell_0401",12,"sigma_time",12,12,12,0,901,48,11186.5844479277,11282.5844479277,11288.1055746883,11513.1527002929,-0.0193402624618013,NA
"cell_0401",12,"nu_time",12,12,12,0,901,48,11182.3052629829,11278.3052629829,11283.8263897435,11508.8735153481,NA,0.0629386617093703
"cell_0401",12,"sigma_nu_time",12,12,12,0,901,60,11171.6144647446,11291.6144647446,11300.3287504589,11579.8247802011,-0.0253707377653011,0.0847451943392799
"cell_0402",12,"stationary",12,12,12,0,901,36,11348.0629441551,11420.0629441551,11423.1462774885,11592.989133429,NA,NA
"cell_0402",12,"sigma_time",12,12,12,0,901,48,11344.1006990429,11440.1006990429,11445.6218258034,11670.6689514081,-0.0162459682107024,NA
"cell_0402",12,"nu_time",12,12,12,0,901,48,11342.7388267891,11438.7388267891,11444.2599535497,11669.3070791543,NA,0.0484644642464836
"cell_0402",12,"sigma_nu_time",12,12,12,0,901,60,11335.7100253706,11455.7100253706,11464.4243110849,11743.9203408271,-0.0208121411934004,0.0652950771293193
"cell_0403",12,"stationary",12,12,12,0,901,36,11539.784496209,11611.784496209,11614.8678295423,11784.7106854829,NA,NA
"cell_0403",12,"sigma_time",12,12,12,0,901,48,11530.1292056664,11626.1292056664,11631.6503324269,11856.6974580316,-0.0243229000156279,NA
"cell_0403",12,"nu_time",12,12,12,0,901,48,11538.3625158716,11634.3625158716,11639.8836426322,11864.9307682368,NA,0.0159581590715346
"cell_0403",12,"sigma_nu_time",12,12,12,0,901,60,11525.7801235658,11645.7801235658,11654.4944092801,11933.9904390223,-0.0289507001913806,0.0453084055710621
"cell_0404",12,"stationary",12,12,12,0,901,36,11753.2928357531,11825.2928357531,11828.3761690864,11998.219025027,NA,NA
"cell_0404",12,"sigma_time",12,12,12,0,901,48,11734.9452277706,11830.9452277706,11836.4663545312,12061.5134801358,-0.0321641021367523,NA
"cell_0404",12,"nu_time",12,12,12,0,901,48,11751.7105252523,11847.7105252523,11853.2316520129,12078.2787776175,NA,-0.0164254696013651
"cell_0404",12,"sigma_nu_time",12,12,12,0,901,60,11731.9845748542,11851.9845748542,11860.6988605685,12140.1948903107,-0.0337440923244884,0.0234866932589308
"cell_0405",12,"stationary",12,12,12,0,901,36,11960.84967286,12032.84967286,12035.9330061933,12205.7758621339,NA,NA
"cell_0405",12,"sigma_time",12,12,12,0,901,48,11936.7407979538,12032.7407979538,12038.2619247144,12263.309050319,-0.0330651720310561,NA
"cell_0405",12,"nu_time",12,12,12,0,901,48,11957.2119040132,12053.2119040132,12058.7330307737,12283.7801563784,NA,-0.0234177217954456
"cell_0405",12,"sigma_nu_time",12,12,12,0,901,60,11933.1891291914,12053.1891291914,12061.9034149056,12341.3994446479,-0.0327390055752563,0.0106514617247288
"cell_0406",12,"stationary",12,12,12,0,901,36,12174.6328989442,12246.6328989442,12249.7162322776,12419.5590882181,NA,NA
"cell_0406",12,"sigma_time",12,12,12,0,901,48,12144.9520006587,12240.9520006587,12246.4731274193,12471.5202530239,-0.0343029719603839,NA
"cell_0406",12,"nu_time",12,12,12,0,901,48,12166.9307312441,12262.9307312441,12268.4518580047,12493.4989836093,NA,-0.0448085778456958
"cell_0406",12,"sigma_nu_time",12,12,12,0,901,60,12140.631019066,12260.631019066,12269.3453047803,12548.8413345225,-0.0327555586252492,-0.00430732942182739
"cell_0407",12,"stationary",12,12,12,0,901,36,12248.6806103605,12320.6806103605,12323.7639436938,12493.6067996344,NA,NA
"cell_0407",12,"sigma_time",12,12,12,0,901,48,12213.5376632331,12309.5376632331,12315.0587899937,12540.1059155983,-0.0356965317796857,NA
"cell_0407",12,"nu_time",12,12,12,0,901,48,12237.4612660409,12333.4612660409,12338.9823928015,12564.0295184061,NA,-0.0588683640196409
"cell_0407",12,"sigma_nu_time",12,12,12,0,901,60,12208.3181835498,12328.3181835498,12337.0324692641,12616.5284990063,-0.0334363287381218,-0.0133274181799826
"cell_0408",12,"stationary",12,12,12,0,901,36,12176.2169539566,12248.2169539566,12251.30028729,12421.1431432305,NA,NA
"cell_0408",12,"sigma_time",12,12,12,0,901,48,12131.6307765304,12227.6307765304,12233.1519032909,12458.1990288956,-0.0385237788064258,NA
"cell_0408",12,"nu_time",12,12,12,0,901,48,12160.1390204798,12256.1390204798,12261.6601472404,12486.707272845,NA,-0.0771486860246759
"cell_0408",12,"sigma_nu_time",12,12,12,0,901,60,12125.5929670668,12245.5929670668,12254.3072527811,12533.8032825233,-0.0350258740529207,-0.0217980518640496
"cell_0409",12,"stationary",12,12,12,0,901,36,12076.9226203333,12148.9226203333,12152.0059536667,12321.8488096072,NA,NA
"cell_0409",12,"sigma_time",12,12,12,0,901,48,12021.8592369874,12117.8592369874,12123.3803637479,12348.4274893526,-0.0407606029326313,NA
"cell_0409",12,"nu_time",12,12,12,0,901,48,12055.9285032976,12151.9285032976,12157.4496300582,12382.4967556628,NA,-0.0942408511958683
"cell_0409",12,"sigma_nu_time",12,12,12,0,901,60,12014.9589378139,12134.9589378139,12143.6732235282,12423.1692532704,-0.0368385697168466,-0.0302002029856933
"cell_0410",12,"stationary",12,12,12,0,901,36,11957.3044874832,12029.3044874832,12032.3878208165,12202.2306767571,NA,NA
"cell_0410",12,"sigma_time",12,12,12,0,901,48,11902.9161881599,11998.9161881599,12004.4373149204,12229.4844405251,-0.0416916203183005,NA
"cell_0410",12,"nu_time",12,12,12,0,901,48,11940.7628848885,12036.7628848885,12042.2840116491,12267.3311372537,NA,-0.0807945647309937
"cell_0410",12,"sigma_nu_time",12,12,12,0,901,60,11897.6280465529,12017.6280465529,12026.3423322672,12305.8383620094,-0.0394126348046635,-0.0140499402316402
"cell_0411",12,"stationary",12,12,12,0,901,36,11975.8385995008,12047.8385995008,12050.9219328342,12220.7647887747,NA,NA
"cell_0411",12,"sigma_time",12,12,12,0,901,48,11921.9849605695,12017.9849605695,12023.50608733,12248.5532129347,-0.0432173009149165,NA
"cell_0411",12,"nu_time",12,12,12,0,901,48,11961.3995877786,12057.3995877786,12062.9207145392,12287.9678401438,NA,-0.0726763993150019
"cell_0411",12,"sigma_nu_time",12,12,12,0,901,60,11917.3450736907,12037.3450736907,12046.059359405,12325.5553891472,-0.0414693348478996,-0.0128908037005195
"cell_0412",12,"stationary",12,12,12,0,901,36,12011.4347072103,12083.4347072103,12086.5180405437,12256.3608964842,NA,NA
"cell_0412",12,"sigma_time",12,12,12,0,901,48,11958.8003563386,12054.8003563386,12060.3214830992,12285.3686087038,-0.0455896717727686,NA
"cell_0412",12,"nu_time",12,12,12,0,901,48,12000.6819244029,12096.6819244029,12102.2030511635,12327.2501767681,NA,-0.0541396801328101
"cell_0412",12,"sigma_nu_time",12,12,12,0,901,60,11954.8437534632,12074.8437534632,12083.5580391775,12363.0540689197,-0.0442975215717435,0.00434467032927776
"cell_0413",12,"stationary",12,12,12,0,901,36,12044.7478529646,12116.7478529646,12119.8311862979,12289.6740422385,NA,NA
"cell_0413",12,"sigma_time",12,12,12,0,901,48,11993.0906646999,12089.0906646999,12094.6117914605,12319.6589170651,-0.0453223899026452,NA
"cell_0413",12,"nu_time",12,12,12,0,901,48,12036.6736154781,12132.6736154781,12138.1947422387,12363.2418678433,NA,-0.038473136223915
"cell_0413",12,"sigma_nu_time",12,12,12,0,901,60,11989.1110321996,12109.1110321996,12117.8253179139,12397.3213476561,-0.0463060784155568,0.019413765169815
"cell_0414",12,"stationary",12,12,12,0,901,36,12033.5992035549,12105.5992035549,12108.6825368882,12278.5253928288,NA,NA
"cell_0414",12,"sigma_time",12,12,12,0,901,48,11979.3497987464,12075.3497987464,12080.8709255069,12305.9180511116,-0.046862643228115,NA
"cell_0414",12,"nu_time",12,12,12,0,901,48,12025.1968474999,12121.1968474999,12126.7179742605,12351.7650998651,NA,-0.0393606210742477
"cell_0414",12,"sigma_nu_time",12,12,12,0,901,60,11975.4889143718,12095.4889143718,12104.2032000861,12383.6992298283,-0.0465763974304117,0.0204718436980516
"cell_0425",12,"stationary",12,12,12,0,901,36,10948.245045187,11020.245045187,11023.3283785203,11193.1712344609,NA,NA
"cell_0425",12,"sigma_time",12,12,12,0,901,48,10885.7687842942,10981.7687842942,10987.2899110547,11212.3370366594,-0.0440465786053882,NA
"cell_0425",12,"nu_time",12,12,12,0,901,48,10937.2862868171,11033.2862868171,11038.8074135776,11263.8545391823,NA,-0.0926209148973977
"cell_0425",12,"sigma_nu_time",12,12,12,0,901,60,10882.2395387564,11002.2395387564,11010.9538244707,11290.4498542129,-0.0446063277194728,0.00278590327090018
"cell_0426",12,"stationary",12,12,12,0,901,36,11032.346559615,11104.346559615,11107.4298929484,11277.2727488889,NA,NA
"cell_0426",12,"sigma_time",12,12,12,0,901,48,10994.9136591462,11090.9136591462,11096.4347859068,11321.4819115114,-0.0395823615456413,NA
"cell_0426",12,"nu_time",12,12,12,0,901,48,11028.569539444,11124.569539444,11130.0906662046,11355.1377918092,NA,-0.0491242439487105
"cell_0426",12,"sigma_nu_time",12,12,12,0,901,60,10990.8723650078,11110.8723650078,11119.5866507221,11399.0826804643,-0.0401406474358934,0.0207835647544657
"cell_0427",12,"stationary",12,12,12,0,901,36,11148.4291530761,11220.4291530761,11223.5124864095,11393.35534235,NA,NA
"cell_0427",12,"sigma_time",12,12,12,0,901,48,11128.3734473555,11224.3734473555,11229.8945741161,11454.9416997207,-0.033718682953438,NA
"cell_0427",12,"nu_time",12,12,12,0,901,48,11146.6338450523,11242.6338450523,11248.1549718128,11473.2020974175,NA,0.00391289095431203
"cell_0427",12,"sigma_nu_time",12,12,12,0,901,60,11120.8062816225,11240.8062816225,11249.5205673368,11529.016597079,-0.0390100811969582,0.0470424164399732
"cell_0428",12,"stationary",12,12,12,0,901,36,11280.5384165729,11352.5384165729,11355.6217499062,11525.4646058468,NA,NA
"cell_0428",12,"sigma_time",12,12,12,0,901,48,11271.2276162547,11367.2276162547,11372.7487430153,11597.7958686199,-0.0257775426383871,NA
"cell_0428",12,"nu_time",12,12,12,0,901,48,11276.2363727884,11372.2363727884,11377.7574995489,11602.8046251536,NA,0.030725247629705
"cell_0428",12,"sigma_nu_time",12,12,12,0,901,60,11261.1845612939,11381.1845612939,11389.8988470082,11669.3948767504,-0.0313989014689731,0.0618252346871078
"cell_0429",12,"stationary",12,12,12,0,901,36,11444.6678013132,11516.6678013132,11519.7511346465,11689.5939905871,NA,NA
"cell_0429",12,"sigma_time",12,12,12,0,901,48,11438.4074206365,11534.4074206365,11539.9285473971,11764.9756730017,-0.0208476831588137,NA
"cell_0429",12,"nu_time",12,12,12,0,901,48,11441.6967678742,11537.6967678742,11543.2178946348,11768.2650202394,NA,0.0261359239898504
"cell_0429",12,"sigma_nu_time",12,12,12,0,901,60,11431.8944943727,11551.8944943727,11560.6087800869,11840.1048098292,-0.026303437761164,0.0503857390943233
"cell_0430",12,"stationary",12,12,12,0,901,36,11642.9217041247,11714.9217041247,11718.0050374581,11887.8478933986,NA,NA
"cell_0430",12,"sigma_time",12,12,12,0,901,48,11636.0131053535,11732.0131053535,11737.5342321141,11962.5813577187,-0.0211526226409164,NA
"cell_0430",12,"nu_time",12,12,12,0,901,48,11642.1078002992,11738.1078002992,11743.6289270598,11968.6760526644,NA,0.00761611913715782
"cell_0430",12,"sigma_nu_time",12,12,12,0,901,60,11633.6224796431,11753.6224796431,11762.3367653574,12041.8327950996,-0.0253290307333931,0.0293486565438595
"cell_0431",12,"stationary",12,12,12,0,901,36,11856.6445311918,11928.6445311918,11931.7278645251,12101.5707204657,NA,NA
"cell_0431",12,"sigma_time",12,12,12,0,901,48,11847.8482803093,11943.8482803093,11949.3694070698,12174.4165326745,-0.0217363740291834,NA
"cell_0431",12,"nu_time",12,12,12,0,901,48,11856.087224905,11952.087224905,11957.6083516655,12182.6554772702,NA,0.000483826238971893
"cell_0431",12,"sigma_nu_time",12,12,12,0,901,60,11846.289621694,11966.289621694,11975.0039074083,12254.4999371505,-0.024749030832913,0.0250722768210732
"cell_0432",12,"stationary",12,12,12,0,901,36,12068.1583873562,12140.1583873562,12143.2417206895,12313.0845766301,NA,NA
"cell_0432",12,"sigma_time",12,12,12,0,901,48,12047.9103713145,12143.9103713145,12149.431498075,12374.4786236797,-0.0309383134183499,NA
"cell_0432",12,"nu_time",12,12,12,0,901,48,12064.9683290723,12160.9683290723,12166.4894558329,12391.5365814375,NA,-0.0334287209318286
"cell_0432",12,"sigma_nu_time",12,12,12,0,901,60,12046.5234775503,12166.5234775503,12175.2377632646,12454.7337930068,-0.031835182526192,-0.00274203643601643
"cell_0433",12,"stationary",12,12,12,0,901,36,12260.5098252996,12332.5098252996,12335.593158633,12505.4360145735,NA,NA
"cell_0433",12,"sigma_time",12,12,12,0,901,48,12230.9695251162,12326.9695251162,12332.4906518767,12557.5377774814,-0.0349074248973921,NA
"cell_0433",12,"nu_time",12,12,12,0,901,48,12253.2892233591,12349.2892233591,12354.8103501197,12579.8574757243,NA,-0.0476681177297073
"cell_0433",12,"sigma_nu_time",12,12,12,0,901,60,12227.8269850864,12347.8269850864,12356.5412708007,12636.0373005429,-0.0337739241881665,-0.00694190028907139
"cell_0434",12,"stationary",12,12,12,0,901,36,12456.9340845716,12528.9340845716,12532.0174179049,12701.8602738455,NA,NA
"cell_0434",12,"sigma_time",12,12,12,0,901,48,12421.8259716587,12517.8259716587,12523.3470984193,12748.3942240239,-0.035706487490732,NA
"cell_0434",12,"nu_time",12,12,12,0,901,48,12446.5493100097,12542.5493100097,12548.0704367703,12773.1175623749,NA,-0.0556408161149386
"cell_0434",12,"sigma_nu_time",12,12,12,0,901,60,12417.0501259517,12537.0501259517,12545.764411666,12825.2604414082,-0.0347152451048988,-0.0100144088596317
"cell_0435",12,"stationary",12,12,12,0,901,36,12534.7592439886,12606.7592439886,12609.8425773219,12779.6854332625,NA,NA
"cell_0435",12,"sigma_time",12,12,12,0,901,48,12495.5126339667,12591.5126339667,12597.0337607272,12822.0808863319,-0.0365751836392076,NA
"cell_0435",12,"nu_time",12,12,12,0,901,48,12522.7813464067,12618.7813464067,12624.3024731673,12849.3495987719,NA,-0.0614384630590686
"cell_0435",12,"sigma_nu_time",12,12,12,0,901,60,12489.9659452978,12609.9659452978,12618.6802310121,12898.1762607543,-0.035759978355237,-0.0100845407198611
"cell_0436",12,"stationary",12,12,12,0,901,36,12410.8327285981,12482.8327285981,12485.9160619314,12655.758917872,NA,NA
"cell_0436",12,"sigma_time",12,12,12,0,901,48,12364.3085123041,12460.3085123041,12465.8296390647,12690.8767646693,-0.0388879574031209,NA
"cell_0436",12,"nu_time",12,12,12,0,901,48,12396.7180128949,12492.7180128949,12498.2391396554,12723.2862652601,NA,-0.0724628146905474
"cell_0436",12,"sigma_nu_time",12,12,12,0,901,60,12358.5842743263,12478.5842743263,12487.2985600406,12766.7945897828,-0.0379133192595323,-0.0140946809800477
"cell_0437",12,"stationary",12,12,12,0,901,36,12270.7176388493,12342.7176388493,12345.8009721827,12515.6438281232,NA,NA
"cell_0437",12,"sigma_time",12,12,12,0,901,48,12218.1301093854,12314.1301093854,12319.651236146,12544.6983617506,-0.0409453681389872,NA
"cell_0437",12,"nu_time",12,12,12,0,901,48,12255.162418277,12351.162418277,12356.6835450376,12581.7306706422,NA,-0.0798872660515522
"cell_0437",12,"sigma_nu_time",12,12,12,0,901,60,12212.3562730623,12332.3562730623,12341.0705587766,12620.5665885188,-0.0402725493782155,-0.0154643494301556
"cell_0438",12,"stationary",12,12,12,0,901,36,12155.1051155832,12227.1051155832,12230.1884489166,12400.0313048571,NA,NA
"cell_0438",12,"sigma_time",12,12,12,0,901,48,12102.1886797645,12198.1886797645,12203.7098065251,12428.7569321297,-0.0413381848137881,NA
"cell_0438",12,"nu_time",12,12,12,0,901,48,12139.7328727178,12235.7328727178,12241.2539994784,12466.301125083,NA,-0.0823953469372446
"cell_0438",12,"sigma_nu_time",12,12,12,0,901,60,12096.6249773456,12216.6249773456,12225.3392630599,12504.8352928021,-0.0410688063501372,-0.0183409518497572
"cell_0439",12,"stationary",12,12,12,0,901,36,12146.9322853349,12218.9322853349,12222.0156186683,12391.8584746088,NA,NA
"cell_0439",12,"sigma_time",12,12,12,0,901,48,12095.7758904236,12191.7758904236,12197.2970171842,12422.3441427888,-0.041921038497479,NA
"cell_0439",12,"nu_time",12,12,12,0,901,48,12135.1986812775,12231.1986812775,12236.7198080381,12461.7669336427,NA,-0.0616657420201312
"cell_0439",12,"sigma_nu_time",12,12,12,0,901,60,12091.058104984,12211.058104984,12219.7723906983,12499.2684204405,-0.0424317317280352,-0.00207753915888482
"cell_0440",12,"stationary",12,12,12,0,901,36,12181.2813925825,12253.2813925825,12256.3647259159,12426.2075818564,NA,NA
"cell_0440",12,"sigma_time",12,12,12,0,901,48,12130.3631737432,12226.3631737432,12231.8843005038,12456.9314261084,-0.043822470897939,NA
"cell_0440",12,"nu_time",12,12,12,0,901,48,12172.3947054141,12268.3947054141,12273.9158321746,12498.9629577793,NA,-0.0416868807062893
"cell_0440",12,"sigma_nu_time",12,12,12,0,901,60,12125.7725800834,12245.7725800834,12254.4868657976,12533.9828955399,-0.0438097744713149,0.0155675720224403
"cell_0441",12,"stationary",12,12,12,0,901,36,12210.7807680171,12282.7807680171,12285.8641013505,12455.706957291,NA,NA
"cell_0441",12,"sigma_time",12,12,12,0,901,48,12159.7790027315,12255.7790027315,12261.3001294921,12486.3472550967,-0.0443991866312789,NA
"cell_0441",12,"nu_time",12,12,12,0,901,48,12203.6645053071,12299.6645053071,12305.1856320677,12530.2327576723,NA,-0.0284825077548336
"cell_0441",12,"sigma_nu_time",12,12,12,0,901,60,12154.911242325,12274.911242325,12283.6255280393,12563.1215577815,-0.0452805719204062,0.0282077619952482
"cell_0442",12,"stationary",12,12,12,0,901,36,12194.4197179434,12266.4197179434,12269.5030512767,12439.3459072173,NA,NA
"cell_0442",12,"sigma_time",12,12,12,0,901,48,12141.6245365607,12237.6245365607,12243.1456633213,12468.1927889259,-0.0446635367322555,NA
"cell_0442",12,"nu_time",12,12,12,0,901,48,12187.4085373761,12283.4085373761,12288.9296641366,12513.9767897413,NA,-0.0267717290444024
"cell_0442",12,"sigma_nu_time",12,12,12,0,901,60,12136.8364660388,12256.8364660388,12265.5507517531,12545.0467814953,-0.0456128742103282,0.0308171077760775
"cell_0451",12,"stationary",12,12,12,0,901,36,10946.2587612147,11018.2587612147,11021.342094548,11191.1849504886,NA,NA
"cell_0451",12,"sigma_time",12,12,12,0,901,48,10880.7985285685,10976.7985285685,10982.3196553291,11207.3667809337,-0.0493373881613949,NA
"cell_0451",12,"nu_time",12,12,12,0,901,48,10940.7742496747,11036.7742496747,11042.2953764353,11267.3425020399,NA,-0.0581688312638861
"cell_0451",12,"sigma_nu_time",12,12,12,0,901,60,10872.1197779013,10992.1197779013,11000.8340636156,11280.3300933578,-0.0548769585262578,0.0466625151499416
"cell_0452",12,"stationary",12,12,12,0,901,36,11036.2409976071,11108.2409976071,11111.3243309405,11281.167186881,NA,NA
"cell_0452",12,"sigma_time",12,12,12,0,901,48,10983.6520704919,11079.6520704919,11085.1731972525,11310.2203228571,-0.0415355455024388,NA
"cell_0452",12,"nu_time",12,12,12,0,901,48,11030.477726226,11126.477726226,11131.9988529866,11357.0459785912,NA,-0.0618810121136959
"cell_0452",12,"sigma_nu_time",12,12,12,0,901,60,10977.8829812712,11097.8829812712,11106.5972669855,11386.0932967277,-0.0442913122607733,0.0231215284011446
"cell_0453",12,"stationary",12,12,12,0,901,36,11190.2231365919,11262.2231365919,11265.3064699253,11435.1493258658,NA,NA
"cell_0453",12,"sigma_time",12,12,12,0,901,48,11144.648281679,11240.648281679,11246.1694084396,11471.2165340442,-0.0354346388569315,NA
"cell_0453",12,"nu_time",12,12,12,0,901,48,11180.043856107,11276.043856107,11281.5649828676,11506.6121084722,NA,-0.088341432480744
"cell_0453",12,"sigma_nu_time",12,12,12,0,901,60,11141.4130287108,11261.4130287108,11270.127314425,11549.6233441673,-0.0323492831128544,-0.0240058425317571
"cell_0454",12,"stationary",12,12,12,0,901,36,11405.9114028917,11477.9114028917,11480.994736225,11650.8375921656,NA,NA
"cell_0454",12,"sigma_time",12,12,12,0,901,48,11363.5767451061,11459.5767451061,11465.0978718666,11690.1449974713,-0.0308108721964512,NA
"cell_0454",12,"nu_time",12,12,12,0,901,48,11385.5262667419,11481.5262667419,11487.0473935024,11712.0945191071,NA,-0.119288953891212
"cell_0454",12,"sigma_nu_time",12,12,12,0,901,60,11357.8437961113,11477.8437961113,11486.5580818256,11766.0541115678,-0.0252938119780598,-0.0716182261497811
"cell_0455",12,"stationary",12,12,12,0,901,36,11479.264689433,11551.264689433,11554.3480227664,11724.1908787069,NA,NA
"cell_0455",12,"sigma_time",12,12,12,0,901,48,11451.9818631724,11547.9818631724,11553.502989933,11778.5501155376,-0.0317629839059552,NA
"cell_0455",12,"nu_time",12,12,12,0,901,48,11473.3576247182,11569.3576247182,11574.8787514788,11799.9258770834,NA,-0.0645622891050167
"cell_0455",12,"sigma_nu_time",12,12,12,0,901,60,11450.1077088801,11570.1077088801,11578.8219945944,11858.3180243366,-0.0313257534747173,-0.0235401749655529
"cell_0456",12,"stationary",12,12,12,0,901,36,11576.3086119169,11648.3086119169,11651.3919452502,11821.2348011908,NA,NA
"cell_0456",12,"sigma_time",12,12,12,0,901,48,11561.8609761877,11657.8609761877,11663.3821029483,11888.4292285529,-0.0280185828235331,NA
"cell_0456",12,"nu_time",12,12,12,0,901,48,11575.0350715205,11671.0350715205,11676.5561982811,11901.6033238857,NA,-0.0225803795246085
"cell_0456",12,"sigma_nu_time",12,12,12,0,901,60,11559.7866233958,11679.7866233958,11688.5009091101,11967.9969388523,-0.0281996276143366,0.00650947570726985
"cell_0457",12,"stationary",12,12,12,0,901,36,11679.2609275674,11751.2609275674,11754.3442609008,11924.1871168413,NA,NA
"cell_0457",12,"sigma_time",12,12,12,0,901,48,11671.5112567134,11767.5112567134,11773.032383474,11998.0795090786,-0.0216312475283496,NA
"cell_0457",12,"nu_time",12,12,12,0,901,48,11678.37799152,11774.37799152,11779.8991182806,12004.9462438852,NA,-0.0100518551471819
"cell_0457",12,"sigma_nu_time",12,12,12,0,901,60,11669.7513187215,11789.7513187215,11798.4656044358,12077.961634178,-0.0230762761116427,0.0113002260503814
"cell_0458",12,"stationary",12,12,12,0,901,36,11810.3643040802,11882.3643040802,11885.4476374135,12055.2904933541,NA,NA
"cell_0458",12,"sigma_time",12,12,12,0,901,48,11804.3618035638,11900.3618035638,11905.8829303244,12130.930055929,-0.018582689168663,NA
"cell_0458",12,"nu_time",12,12,12,0,901,48,11809.5096494751,11905.5096494751,11911.0307762357,12136.0779018403,NA,-0.0132123035707229
"cell_0458",12,"sigma_nu_time",12,12,12,0,901,60,11803.0431728608,11923.0431728608,11931.7574585751,12211.2534883173,-0.0202339565871923,0.00691909899149817
"cell_0459",12,"stationary",12,12,12,0,901,36,11967.186016067,12039.186016067,12042.2693494003,12212.1122053409,NA,NA
"cell_0459",12,"sigma_time",12,12,12,0,901,48,11957.3647838439,12053.3647838439,12058.8859106045,12283.9330362091,-0.0213324796581697,NA
"cell_0459",12,"nu_time",12,12,12,0,901,48,11964.7957672429,12060.7957672429,12066.3168940034,12291.3640196081,NA,-0.0360613151519026
"cell_0459",12,"sigma_nu_time",12,12,12,0,901,60,11956.2965545253,12076.2965545253,12085.0108402396,12364.5068699818,-0.0214565943899309,-0.0167996175369457
"cell_0460",12,"stationary",12,12,12,0,901,36,12144.5063885619,12216.5063885619,12219.5897218952,12389.4325778358,NA,NA
"cell_0460",12,"sigma_time",12,12,12,0,901,48,12123.7172929917,12219.7172929917,12225.2384197523,12450.2855453569,-0.0277805744375119,NA
"cell_0460",12,"nu_time",12,12,12,0,901,48,12136.2894298781,12232.2894298781,12237.8105566386,12462.8576822433,NA,-0.0764912209698738
"cell_0460",12,"sigma_nu_time",12,12,12,0,901,60,12120.948952103,12240.948952103,12249.6632378173,12529.1592675595,-0.0265345457178029,-0.038380132385074
"cell_0461",12,"stationary",12,12,12,0,901,36,12311.5606740676,12383.5606740676,12386.644007401,12556.4868633415,NA,NA
"cell_0461",12,"sigma_time",12,12,12,0,901,48,12281.6884891517,12377.6884891517,12383.2096159123,12608.2567415169,-0.0326762410258082,NA
"cell_0461",12,"nu_time",12,12,12,0,901,48,12299.7428110381,12395.7428110381,12401.2639377987,12626.3110634033,NA,-0.0856282998033162
"cell_0461",12,"sigma_nu_time",12,12,12,0,901,60,12277.3903960431,12397.3903960431,12406.1046817574,12685.6007114996,-0.0280225001244788,-0.0504490364814292
"cell_0462",12,"stationary",12,12,12,0,901,36,12486.8852581817,12558.8852581817,12561.968591515,12731.8114474556,NA,NA
"cell_0462",12,"sigma_time",12,12,12,0,901,48,12451.9493543428,12547.9493543428,12553.4704811034,12778.517606708,-0.0331954023649941,NA
"cell_0462",12,"nu_time",12,12,12,0,901,48,12473.808772882,12569.808772882,12575.3298996426,12800.3770252472,NA,-0.082738270059505
"cell_0462",12,"sigma_nu_time",12,12,12,0,901,60,12446.9201272166,12566.9201272166,12575.6344129309,12855.1304426731,-0.0297304683557487,-0.0440255534040952
"cell_0463",12,"stationary",12,12,12,0,901,36,12524.534913897,12596.534913897,12599.6182472304,12769.4611031709,NA,NA
"cell_0463",12,"sigma_time",12,12,12,0,901,48,12483.8876930927,12579.8876930927,12585.4088198533,12810.4559454579,-0.0346587354996669,NA
"cell_0463",12,"nu_time",12,12,12,0,901,48,12510.3556274221,12606.3556274221,12611.8767541827,12836.9238797873,NA,-0.0830352000050535
"cell_0463",12,"sigma_nu_time",12,12,12,0,901,60,12478.4554359344,12598.4554359344,12607.1697216487,12886.6657513909,-0.031935763740793,-0.0398935751269183
"cell_0464",12,"stationary",12,12,12,0,901,36,12424.9163881562,12496.9163881562,12499.9997214896,12669.8425774301,NA,NA
"cell_0464",12,"sigma_time",12,12,12,0,901,48,12377.5090901944,12473.5090901944,12479.0302169549,12704.0773425596,-0.0360569439956085,NA
"cell_0464",12,"nu_time",12,12,12,0,901,48,12407.9715793424,12503.9715793424,12509.492706103,12734.5398317076,NA,-0.08980210809382
"cell_0464",12,"sigma_nu_time",12,12,12,0,901,60,12371.1466508204,12491.1466508204,12499.8609365347,12779.3569662769,-0.0333655910438134,-0.0391326969130333
"cell_0465",12,"stationary",12,12,12,0,901,36,12276.1737003596,12348.1737003596,12351.2570336929,12521.0998896335,NA,NA
"cell_0465",12,"sigma_time",12,12,12,0,901,48,12224.304943698,12320.304943698,12325.8260704586,12550.8731960632,-0.0372934732943342,NA
"cell_0465",12,"nu_time",12,12,12,0,901,48,12258.4192152411,12354.4192152411,12359.9403420016,12584.9874676063,NA,-0.0888381228756714
"cell_0465",12,"sigma_nu_time",12,12,12,0,901,60,12217.544618796,12337.544618796,12346.2589045103,12625.7549342525,-0.0354775476062452,-0.0349978763257274
"cell_0466",12,"stationary",12,12,12,0,901,36,12138.4852579531,12210.4852579531,12213.5685912864,12383.411447227,NA,NA
"cell_0466",12,"sigma_time",12,12,12,0,901,48,12086.1279604592,12182.1279604592,12187.6490872198,12412.6962128244,-0.0384754347644144,NA
"cell_0466",12,"nu_time",12,12,12,0,901,48,12122.5671426199,12218.5671426199,12224.0882693804,12449.1353949851,NA,-0.0816811811112564
"cell_0466",12,"sigma_nu_time",12,12,12,0,901,60,12079.7439421,12199.7439421,12208.4582278143,12487.9542575565,-0.0373802555965867,-0.0239682561672023
"cell_0467",12,"stationary",12,12,12,0,901,36,12119.4177514024,12191.4177514024,12194.5010847357,12364.3439406763,NA,NA
"cell_0467",12,"sigma_time",12,12,12,0,901,48,12066.9023384159,12162.9023384159,12168.4234651765,12393.4705907811,-0.0389461048651195,NA
"cell_0467",12,"nu_time",12,12,12,0,901,48,12105.0176775613,12201.0176775613,12206.5388043218,12431.5859299265,NA,-0.0750440015096295
"cell_0467",12,"sigma_nu_time",12,12,12,0,901,60,12061.2940186272,12181.2940186272,12190.0083043415,12469.5043340837,-0.0373996755366158,-0.0191316136486136
"cell_0468",12,"stationary",12,12,12,0,901,36,12122.4816611905,12194.4816611905,12197.5649945239,12367.4078504644,NA,NA
"cell_0468",12,"sigma_time",12,12,12,0,901,48,12070.5270068901,12166.5270068901,12172.0481336507,12397.0952592553,-0.0401703401014036,NA
"cell_0468",12,"nu_time",12,12,12,0,901,48,12112.0699862281,12208.0699862281,12213.5911129887,12438.6382385933,NA,-0.0540458716851144
"cell_0468",12,"sigma_nu_time",12,12,12,0,901,60,12066.0105409603,12186.0105409603,12194.7248266746,12474.2208564169,-0.0394498176231756,0.00146131475031475
"cell_0478",12,"stationary",12,12,12,0,901,36,11066.3681651942,11138.3681651942,11141.4514985276,11311.2943544681,NA,NA
"cell_0478",12,"sigma_time",12,12,12,0,901,48,11026.1143921193,11122.1143921193,11127.6355188798,11352.6826444845,-0.0425159725197897,NA
"cell_0478",12,"nu_time",12,12,12,0,901,48,11063.2532694772,11159.2532694772,11164.7743962378,11389.8215218424,NA,0.00810589737421134
"cell_0478",12,"sigma_nu_time",12,12,12,0,901,60,11008.8138552561,11128.8138552561,11137.5281409703,11417.0241707126,-0.051778122343702,0.0954744151159071
"cell_0479",12,"stationary",12,12,12,0,901,36,11161.1070241481,11233.1070241481,11236.1903574814,11406.033213422,NA,NA
"cell_0479",12,"sigma_time",12,12,12,0,901,48,11126.8358292698,11222.8358292698,11228.3569560303,11453.404081635,-0.0356579286916488,NA
"cell_0479",12,"nu_time",12,12,12,0,901,48,11158.4748937305,11254.4748937305,11259.9960204911,11485.0431460957,NA,-0.00793198193080767
"cell_0479",12,"sigma_nu_time",12,12,12,0,901,60,11116.1438515539,11236.1438515539,11244.8581372682,11524.3541670104,-0.0420095988523314,0.0609041618385892
"cell_0480",12,"stationary",12,12,12,0,901,36,11295.9023994197,11367.9023994197,11370.9857327531,11540.8285886936,NA,NA
"cell_0480",12,"sigma_time",12,12,12,0,901,48,11267.0926367344,11363.0926367344,11368.613763495,11593.6608890996,-0.0310159612478575,NA
"cell_0480",12,"nu_time",12,12,12,0,901,48,11292.4899318,11388.4899318,11394.0110585606,11619.0581841652,NA,-0.0348125850148444
"cell_0480",12,"sigma_nu_time",12,12,12,0,901,60,11261.5541654034,11381.5541654034,11390.2684511177,11669.7644808599,-0.032710988236676,0.0148903998641819
"cell_0481",12,"stationary",12,12,12,0,901,36,11465.7209510451,11537.7209510451,11540.8042843784,11710.647140319,NA,NA
"cell_0481",12,"sigma_time",12,12,12,0,901,48,11438.0068978562,11534.0068978562,11539.5280246168,11764.5751502214,-0.0296923484570574,NA
"cell_0481",12,"nu_time",12,12,12,0,901,48,11459.2776187995,11555.2776187995,11560.7987455601,11785.8458711647,NA,-0.0724897283156215
"cell_0481",12,"sigma_nu_time",12,12,12,0,901,60,11434.5356997967,11554.5356997967,11563.2499855109,11842.7460152532,-0.0275182188313971,-0.0325131181864862
"cell_0482",12,"stationary",12,12,12,0,901,36,11654.1907601418,11726.1907601418,11729.2740934751,11899.1169494157,NA,NA
"cell_0482",12,"sigma_time",12,12,12,0,901,48,11622.8139492842,11718.8139492842,11724.3350760448,11949.3822016494,-0.0301020809915934,NA
"cell_0482",12,"nu_time",12,12,12,0,901,48,11642.2804068913,11738.2804068913,11743.8015336518,11968.8486592565,NA,-0.0968893444789325
"cell_0482",12,"sigma_nu_time",12,12,12,0,901,60,11618.8254464064,11738.8254464064,11747.5397321206,12027.0357618629,-0.027136494182059,-0.0556076438308147
"cell_0483",12,"stationary",12,12,12,0,901,36,11835.3252902293,11907.3252902293,11910.4086235626,12080.2514795032,NA,NA
"cell_0483",12,"sigma_time",12,12,12,0,901,48,11803.7930013556,11899.7930013556,11905.3141281161,12130.3612537208,-0.0286170482809423,NA
"cell_0483",12,"nu_time",12,12,12,0,901,48,11816.7932126286,11912.7932126286,11918.3143393892,12143.3614649938,NA,-0.110888766599361
"cell_0483",12,"sigma_nu_time",12,12,12,0,901,60,11796.6853509964,11916.6853509964,11925.3996367107,12204.8956664529,-0.0246995983747607,-0.0718904370389987
"cell_0484",12,"stationary",12,12,12,0,901,36,11866.7420326172,11938.7420326172,11941.8253659505,12111.6682218911,NA,NA
"cell_0484",12,"sigma_time",12,12,12,0,901,48,11848.8076195411,11944.8076195411,11950.3287463017,12175.3758719063,-0.0282957766760349,NA
"cell_0484",12,"nu_time",12,12,12,0,901,48,11861.5951477726,11957.5951477726,11963.1162745332,12188.1634001378,NA,-0.0541534293579104
"cell_0484",12,"sigma_nu_time",12,12,12,0,901,60,11847.2080920036,11967.2080920036,11975.9223777179,12255.4184074602,-0.0258399661702103,-0.0298850226000274
"cell_0485",12,"stationary",12,12,12,0,901,36,11914.5401064333,11986.5401064333,11989.6234397667,12159.4662957072,NA,NA
"cell_0485",12,"sigma_time",12,12,12,0,901,48,11903.4831414673,11999.4831414673,12005.0042682278,12230.0513938325,-0.0242323287857591,NA
"cell_0485",12,"nu_time",12,12,12,0,901,48,11911.3769965807,12007.3769965807,12012.8981233413,12237.9452489459,NA,-0.0397511420496793
"cell_0485",12,"sigma_nu_time",12,12,12,0,901,60,11902.2201556512,12022.2201556512,12030.9344413655,12310.4304711077,-0.0217615407298352,-0.0265095198435999
"cell_0486",12,"stationary",12,12,12,0,901,36,11986.5869869806,12058.5869869806,12061.670320314,12231.5131762545,NA,NA
"cell_0486",12,"sigma_time",12,12,12,0,901,48,11977.0313346414,12073.0313346414,12078.552461402,12303.5995870066,-0.0207359596659483,NA
"cell_0486",12,"nu_time",12,12,12,0,901,48,11982.2451210113,12078.2451210113,12083.7662477719,12308.8133733765,NA,-0.0517714021546032
"cell_0486",12,"sigma_nu_time",12,12,12,0,901,60,11975.0263437763,12095.0263437763,12103.7406294905,12383.2366592328,-0.0199707488462971,-0.0370577436274633
"cell_0487",12,"stationary",12,12,12,0,901,36,12094.8296667056,12166.8296667056,12169.913000039,12339.7558559795,NA,NA
"cell_0487",12,"sigma_time",12,12,12,0,901,48,12082.9156809303,12178.9156809303,12184.4368076908,12409.4839332955,-0.0213854374630182,NA
"cell_0487",12,"nu_time",12,12,12,0,901,48,12085.2333269008,12181.2333269008,12186.7544536613,12411.801579266,NA,-0.0828109758628518
"cell_0487",12,"sigma_nu_time",12,12,12,0,901,60,12077.8669595973,12197.8669595973,12206.5812453115,12486.0772750538,-0.0188193330496857,-0.0606448008298276
"cell_0488",12,"stationary",12,12,12,0,901,36,12201.9983791826,12273.9983791826,12277.0817125159,12446.9245684565,NA,NA
"cell_0488",12,"sigma_time",12,12,12,0,901,48,12184.3550178594,12280.3550178594,12285.87614462,12510.9232702246,-0.0231303405165169,NA
"cell_0488",12,"nu_time",12,12,12,0,901,48,12188.6531995012,12284.6531995012,12290.1743262617,12515.2214518664,NA,-0.0975737391088245
"cell_0488",12,"sigma_nu_time",12,12,12,0,901,60,12177.6422849425,12297.6422849425,12306.3565706567,12585.852600399,-0.0208129093492197,-0.0717304544718196
"cell_0489",12,"stationary",12,12,12,0,901,36,12340.1559640521,12412.1559640521,12415.2392973854,12585.082153326,NA,NA
"cell_0489",12,"sigma_time",12,12,12,0,901,48,12314.0736971345,12410.0736971345,12415.5948238951,12640.6419494997,-0.0274181985547421,NA
"cell_0489",12,"nu_time",12,12,12,0,901,48,12325.2976206398,12421.2976206398,12426.8187474004,12651.865873005,NA,-0.111841215055592
"cell_0489",12,"sigma_nu_time",12,12,12,0,901,60,12307.537126543,12427.537126543,12436.2514122573,12715.7474419995,-0.0241011960422445,-0.0749169705061239
"cell_0490",12,"stationary",12,12,12,0,901,36,12502.9312182286,12574.9312182286,12578.014551562,12747.8574075025,NA,NA
"cell_0490",12,"sigma_time",12,12,12,0,901,48,12469.3434969705,12565.3434969705,12570.8646237311,12795.9117493357,-0.0292819745658887,NA
"cell_0490",12,"nu_time",12,12,12,0,901,48,12487.74857299,12583.74857299,12589.2696997505,12814.3168253552,NA,-0.108410382541913
"cell_0490",12,"sigma_nu_time",12,12,12,0,901,60,12463.3444049455,12583.3444049455,12592.0586906598,12871.554720402,-0.0267035952835266,-0.0724248775743856
"cell_0491",12,"stationary",12,12,12,0,901,36,12547.7375793938,12619.7375793938,12622.8209127271,12792.6637686677,NA,NA
"cell_0491",12,"sigma_time",12,12,12,0,901,48,12507.2257847344,12603.2257847344,12608.7469114949,12833.7940370996,-0.03123164323831,NA
"cell_0491",12,"nu_time",12,12,12,0,901,48,12531.5758529132,12627.5758529132,12633.0969796738,12858.1441052784,NA,-0.106136827180018
"cell_0491",12,"sigma_nu_time",12,12,12,0,901,60,12501.1125796006,12621.1125796006,12629.8268653149,12909.3228950571,-0.0290077514469911,-0.0617455838507281
"cell_0492",12,"stationary",12,12,12,0,901,36,12435.8602155825,12507.8602155825,12510.9435489158,12680.7864048564,NA,NA
"cell_0492",12,"sigma_time",12,12,12,0,901,48,12388.3652907235,12484.3652907235,12489.8864174841,12714.9335430887,-0.0337523349118361,NA
"cell_0492",12,"nu_time",12,12,12,0,901,48,12417.4813336808,12513.4813336808,12519.0024604414,12744.049586046,NA,-0.10740844068878
"cell_0492",12,"sigma_nu_time",12,12,12,0,901,60,12381.2661006515,12501.2661006515,12509.9803863657,12789.476416108,-0.0305047549910572,-0.0603268424725558
"cell_0493",12,"stationary",12,12,12,0,901,36,12283.6768676398,12355.6768676398,12358.7602009732,12528.6030569137,NA,NA
"cell_0493",12,"sigma_time",12,12,12,0,901,48,12231.79115013,12327.79115013,12333.3122768906,12558.3594024952,-0.0373522918591052,NA
"cell_0493",12,"nu_time",12,12,12,0,901,48,12266.7088874766,12362.7088874766,12368.2300142372,12593.2771398418,NA,-0.0926281736738647
"cell_0493",12,"sigma_nu_time",12,12,12,0,901,60,12224.7985445498,12344.7985445498,12353.5128302641,12633.0088600063,-0.032876366127616,-0.0445555158904937
"cell_0506",12,"stationary",12,12,12,0,901,36,11263.654335989,11335.654335989,11338.7376693223,11508.5805252629,NA,NA
"cell_0506",12,"sigma_time",12,12,12,0,901,48,11247.9183192778,11343.9183192778,11349.4394460384,11574.486571643,-0.0271270947921562,NA
"cell_0506",12,"nu_time",12,12,12,0,901,48,11255.7864785659,11351.7864785659,11357.3076053265,11582.3547309311,NA,0.0504969157425467
"cell_0506",12,"sigma_nu_time",12,12,12,0,901,60,11229.5208799133,11349.5208799133,11358.2351656276,11637.7311953698,-0.0356512396585047,0.106366299244135
"cell_0507",12,"stationary",12,12,12,0,901,36,11360.698130788,11432.698130788,11435.7814641213,11605.6243200619,NA,NA
"cell_0507",12,"sigma_time",12,12,12,0,901,48,11349.5535468118,11445.5535468118,11451.0746735724,11676.121799177,-0.0217144414351978,NA
"cell_0507",12,"nu_time",12,12,12,0,901,48,11356.5211758229,11452.5211758229,11458.0423025834,11683.0894281881,NA,0.0238548086347827
"cell_0507",12,"sigma_nu_time",12,12,12,0,901,60,11340.2211018513,11460.2211018513,11468.9353875656,11748.4314173078,-0.0249415143255384,0.0519192580532252
"cell_0508",12,"stationary",12,12,12,0,901,36,11536.3878225477,11608.3878225477,11611.471155881,11781.3140118216,NA,NA
"cell_0508",12,"sigma_time",12,12,12,0,901,48,11525.3582954753,11621.3582954753,11626.8794222359,11851.9265478405,-0.0219947501137014,NA
"cell_0508",12,"nu_time",12,12,12,0,901,48,11533.8353635354,11629.8353635354,11635.356490296,11860.4036159006,NA,-0.0241762576904974
"cell_0508",12,"sigma_nu_time",12,12,12,0,901,60,11521.7154551501,11641.7154551501,11650.4297408644,11929.9257706066,-0.0219378516883385,-0.00520868973118969
"cell_0509",12,"stationary",12,12,12,0,901,36,11694.9502016652,11766.9502016652,11770.0335349985,11939.8763909391,NA,NA
"cell_0509",12,"sigma_time",12,12,12,0,901,48,11683.0057261778,11779.0057261778,11784.5268529384,12009.573978543,-0.0240295559168389,NA
"cell_0509",12,"nu_time",12,12,12,0,901,48,11691.8992122553,11787.8992122553,11793.4203390159,12018.4674646205,NA,-0.0430131559611724
"cell_0509",12,"sigma_nu_time",12,12,12,0,901,60,11680.3076605688,11800.3076605688,11809.0219462831,12088.5179760253,-0.0223701337734191,-0.0222738503207393
"cell_0510",12,"stationary",12,12,12,0,901,36,11827.4607352755,11899.4607352755,11902.5440686088,12072.3869245494,NA,NA
"cell_0510",12,"sigma_time",12,12,12,0,901,48,11814.2534074701,11910.2534074701,11915.7745342307,12140.8216598353,-0.026180831942269,NA
"cell_0510",12,"nu_time",12,12,12,0,901,48,11824.2763074172,11920.2763074172,11925.7974341778,12150.8445597824,NA,-0.0437967378276908
"cell_0510",12,"sigma_nu_time",12,12,12,0,901,60,11812.220949834,11932.220949834,11940.9352355483,12220.4312652905,-0.0239819356230195,-0.0214301238559717
"cell_0511",12,"stationary",12,12,12,0,901,36,11970.2849334301,12042.2849334301,12045.3682667634,12215.211122704,NA,NA
"cell_0511",12,"sigma_time",12,12,12,0,901,48,11954.5520891039,12050.5520891039,12056.0732158645,12281.1203414691,-0.0278212111331756,NA
"cell_0511",12,"nu_time",12,12,12,0,901,48,11965.6919590881,12061.6919590881,12067.2130858487,12292.2602114533,NA,-0.0483752968833761
"cell_0511",12,"sigma_nu_time",12,12,12,0,901,60,11952.7311097593,12072.7311097593,12081.4453954736,12360.9414252158,-0.0247529625777947,-0.0279920549745379
"cell_0512",12,"stationary",12,12,12,0,901,36,12119.8667555773,12191.8667555773,12194.9500889107,12364.7929448512,NA,NA
"cell_0512",12,"sigma_time",12,12,12,0,901,48,12100.5554111407,12196.5554111407,12202.0765379013,12427.1236635059,-0.0285445849212221,NA
"cell_0512",12,"nu_time",12,12,12,0,901,48,12111.3772855283,12207.3772855283,12212.8984122889,12437.9455378935,NA,-0.0725739288337929
"cell_0512",12,"sigma_nu_time",12,12,12,0,901,60,12097.322498984,12217.322498984,12226.0367846983,12505.5328144405,-0.0253045638913865,-0.0408245464445266
"cell_0513",12,"stationary",12,12,12,0,901,36,12135.647824619,12207.647824619,12210.7311579524,12380.5740138929,NA,NA
"cell_0513",12,"sigma_time",12,12,12,0,901,48,12117.3562342489,12213.3562342489,12218.8773610095,12443.9244866141,-0.0258794186285448,NA
"cell_0513",12,"nu_time",12,12,12,0,901,48,12123.0877833013,12219.0877833013,12224.6089100619,12449.6560356665,NA,-0.0928922347741783
"cell_0513",12,"sigma_nu_time",12,12,12,0,901,60,12111.4874595435,12231.4874595435,12240.2017452577,12519.697775,-0.0226617408401283,-0.0598862455746372
"cell_0514",12,"stationary",12,12,12,0,901,36,12154.2375304012,12226.2375304012,12229.3208637345,12399.1637196751,NA,NA
"cell_0514",12,"sigma_time",12,12,12,0,901,48,12138.6582479389,12234.6582479389,12240.1793746994,12465.2265003041,-0.0236510718234435,NA
"cell_0514",12,"nu_time",12,12,12,0,901,48,12138.9365199837,12234.9365199837,12240.4576467443,12465.5047723489,NA,-0.102772926516952
"cell_0514",12,"sigma_nu_time",12,12,12,0,901,60,12130.2351974862,12250.2351974862,12258.9494832005,12538.4455129427,-0.019796002858979,-0.0784736339344571
"cell_0515",12,"stationary",12,12,12,0,901,36,12190.7385461989,12262.7385461989,12265.8218795323,12435.6647354728,NA,NA
"cell_0515",12,"sigma_time",12,12,12,0,901,48,12177.5372776578,12273.5372776578,12279.0584044183,12504.105530023,-0.02028016953664,NA
"cell_0515",12,"nu_time",12,12,12,0,901,48,12173.3595657912,12269.3595657912,12274.8806925518,12499.9278181564,NA,-0.113034795803843
"cell_0515",12,"sigma_nu_time",12,12,12,0,901,60,12166.6802696836,12286.6802696836,12295.3945553979,12574.8905851401,-0.0157636950177663,-0.0927942925840612
"cell_0516",12,"stationary",12,12,12,0,901,36,12262.816014553,12334.816014553,12337.8993478864,12507.7422038269,NA,NA
"cell_0516",12,"sigma_time",12,12,12,0,901,48,12246.2583721792,12342.2583721792,12347.7794989397,12572.8266245444,-0.0212335333354233,NA
"cell_0516",12,"nu_time",12,12,12,0,901,48,12243.4037521713,12339.4037521713,12344.9248789319,12569.9720045365,NA,-0.118520407006895
"cell_0516",12,"sigma_nu_time",12,12,12,0,901,60,12234.4670325802,12354.4670325802,12363.1813182945,12642.6773480367,-0.0165416456776797,-0.0976741189448581
"cell_0517",12,"stationary",12,12,12,0,901,36,12388.3426791655,12460.3426791655,12463.4260124988,12633.2688684394,NA,NA
"cell_0517",12,"sigma_time",12,12,12,0,901,48,12362.0718756016,12458.0718756016,12463.5930023621,12688.6401279668,-0.0257563148791417,NA
"cell_0517",12,"nu_time",12,12,12,0,901,48,12367.9789025129,12463.9789025129,12469.5000292735,12694.5471548781,NA,-0.130689036113217
"cell_0517",12,"sigma_nu_time",12,12,12,0,901,60,12351.6430384972,12471.6430384972,12480.3573242115,12759.8533539537,-0.0206785929225322,-0.096669848880949
"cell_0518",12,"stationary",12,12,12,0,901,36,12539.3451103238,12611.3451103238,12614.4284436572,12784.2712995977,NA,NA
"cell_0518",12,"sigma_time",12,12,12,0,901,48,12503.6461825099,12599.6461825099,12605.1673092705,12830.2144348751,-0.0282435334967213,NA
"cell_0518",12,"nu_time",12,12,12,0,901,48,12519.8015793634,12615.8015793634,12621.322706124,12846.3698317286,NA,-0.129944052628977
"cell_0518",12,"sigma_nu_time",12,12,12,0,901,60,12495.3299678213,12615.3299678213,12624.0442535356,12903.5402832778,-0.0248407301403853,-0.0876163849531543
"cell_0534",12,"stationary",12,12,12,0,901,36,11431.3763344524,11503.3763344524,11506.4596677858,11676.3025237263,NA,NA
"cell_0534",12,"sigma_time",12,12,12,0,901,48,11430.5813665904,11526.5813665904,11532.1024933509,11757.1496189556,-0.00580618632373378,NA
"cell_0534",12,"nu_time",12,12,12,0,901,48,11424.3364608454,11520.3364608454,11525.857587606,11750.9047132106,NA,0.0573560581737448
"cell_0534",12,"sigma_nu_time",12,12,12,0,901,60,11422.442005203,11542.442005203,11551.1562909173,11830.6523206595,-0.0104625992486251,0.067132473239214
"cell_0535",12,"stationary",12,12,12,0,901,36,11606.753519238,11678.753519238,11681.8368525714,11851.6797085119,NA,NA
"cell_0535",12,"sigma_time",12,12,12,0,901,48,11606.1890141579,11702.1890141579,11707.7101409185,11932.7572665231,-0.00225397895042622,NA
"cell_0535",12,"nu_time",12,12,12,0,901,48,11603.865819573,11699.865819573,11705.3869463336,11930.4340719382,NA,0.0264030367627905
"cell_0535",12,"sigma_nu_time",12,12,12,0,901,60,11603.3272701709,11723.3272701709,11732.0415558852,12011.5375856274,-0.00439731243204483,0.0287212340249296
"cell_0536",12,"stationary",12,12,12,0,901,36,11825.080349885,11897.080349885,11900.1636832183,12070.0065391589,NA,NA
"cell_0536",12,"sigma_time",12,12,12,0,901,48,11824.2852766163,11920.2852766163,11925.8064033769,12150.8535289815,-0.00587511014955476,NA
"cell_0536",12,"nu_time",12,12,12,0,901,48,11824.0642336348,11920.0642336348,11925.5853603954,12150.632486,NA,-0.0085601127834875
"cell_0536",12,"sigma_nu_time",12,12,12,0,901,60,11823.2311294812,11943.2311294812,11951.9454151955,12231.4414449377,-0.00569689260179297,-0.00387001840762205
"cell_0537",12,"stationary",12,12,12,0,901,36,11963.5724990159,12035.5724990159,12038.6558323493,12208.4986882898,NA,NA
"cell_0537",12,"sigma_time",12,12,12,0,901,48,11962.7127133098,12058.7127133098,12064.2338400704,12289.280965675,-0.0060791588868832,NA
"cell_0537",12,"nu_time",12,12,12,0,901,48,11962.4878194856,12058.4878194856,12064.0089462462,12289.0560718508,NA,-0.00648630903499191
"cell_0537",12,"sigma_nu_time",12,12,12,0,901,60,11961.528765957,12081.528765957,12090.2430516713,12369.7390814135,-0.00610891787204138,-0.00355621179764122
"cell_0538",12,"stationary",12,12,12,0,901,36,11980.2081917002,12052.2081917002,12055.2915250335,12225.1343809741,NA,NA
"cell_0538",12,"sigma_time",12,12,12,0,901,48,11979.4100663718,12075.4100663718,12080.9311931323,12305.978318737,-0.000802071933710714,NA
"cell_0538",12,"nu_time",12,12,12,0,901,48,11978.7349735796,12074.7349735796,12080.2561003402,12305.3032259448,NA,0.0202125536989217
"cell_0538",12,"sigma_nu_time",12,12,12,0,901,60,11977.8543797436,12097.8543797436,12106.5686654579,12386.0646952001,-0.00148427047271451,0.0207551918546078
"cell_0539",12,"stationary",12,12,12,0,901,36,12034.7218875422,12106.7218875422,12109.8052208756,12279.6480768161,NA,NA
"cell_0539",12,"sigma_time",12,12,12,0,901,48,12031.7239416639,12127.7239416639,12133.2450684244,12358.2921940291,-0.0137298220756369,NA
"cell_0539",12,"nu_time",12,12,12,0,901,48,12033.4491536592,12129.4491536592,12134.9702804198,12360.0174060244,NA,-0.00912904297366377
"cell_0539",12,"sigma_nu_time",12,12,12,0,901,60,12030.4675696388,12150.4675696388,12159.1818553531,12438.6778850953,-0.0133962562425715,0.00318583220691311
"cell_0540",12,"stationary",12,12,12,0,901,36,12139.2715612471,12211.2715612471,12214.3548945804,12384.197750521,NA,NA
"cell_0540",12,"sigma_time",12,12,12,0,901,48,12122.642376151,12218.642376151,12224.1635029116,12449.2106285162,-0.0273043166331979,NA
"cell_0540",12,"nu_time",12,12,12,0,901,48,12128.0283245487,12224.0283245487,12229.5494513093,12454.5965769139,NA,-0.0841528134578785
"cell_0540",12,"sigma_nu_time",12,12,12,0,901,60,12116.9606263545,12236.9606263545,12245.6749120688,12525.170941811,-0.0227917512932872,-0.0605695550602777
"cell_0541",12,"stationary",12,12,12,0,901,36,12196.0799202981,12268.0799202981,12271.1632536314,12441.006109572,NA,NA
"cell_0541",12,"sigma_time",12,12,12,0,901,48,12171.0009739861,12267.0009739861,12272.5221007466,12497.5692263513,-0.027449284071719,NA
"cell_0541",12,"nu_time",12,12,12,0,901,48,12170.2812738744,12266.2812738744,12271.8024006349,12496.8495262396,NA,-0.130738032702382
"cell_0541",12,"sigma_nu_time",12,12,12,0,901,60,12157.0052792235,12277.0052792235,12285.7195649378,12565.21559468,-0.0215605646205085,-0.100700898313004
"cell_0542",12,"stationary",12,12,12,0,901,36,12186.0626035213,12258.0626035213,12261.1459368547,12430.9887927952,NA,NA
"cell_0542",12,"sigma_time",12,12,12,0,901,48,12161.6782113337,12257.6782113337,12263.1993380943,12488.2464636989,-0.0277454363658942,NA
"cell_0542",12,"nu_time",12,12,12,0,901,48,12158.3587115663,12254.3587115663,12259.8798383269,12484.9269639315,NA,-0.13927192219454
"cell_0542",12,"sigma_nu_time",12,12,12,0,901,60,12146.1796336029,12266.1796336029,12274.8939193172,12554.3899490594,-0.0216113619640643,-0.107685233076215
"cell_0543",12,"stationary",12,12,12,0,901,36,12187.1647173971,12259.1647173971,12262.2480507305,12432.090906671,NA,NA
"cell_0543",12,"sigma_time",12,12,12,0,901,48,12165.1044616467,12261.1044616467,12266.6255884073,12491.6727140119,-0.0260572015103264,NA
"cell_0543",12,"nu_time",12,12,12,0,901,48,12160.8461517525,12256.8461517525,12262.3672785131,12487.4144041177,NA,-0.141113929555158
"cell_0543",12,"sigma_nu_time",12,12,12,0,901,60,12149.9308018266,12269.9308018266,12278.6450875409,12558.1411172831,-0.0204873572753077,-0.113540337655062
"cell_0544",12,"stationary",12,12,12,0,901,36,12264.9730985021,12336.9730985021,12340.0564318355,12509.899287776,NA,NA
"cell_0544",12,"sigma_time",12,12,12,0,901,48,12236.8522917712,12332.8522917712,12338.3734185317,12563.4205441364,-0.0272297371171118,NA
"cell_0544",12,"nu_time",12,12,12,0,901,48,12233.9942729367,12329.9942729367,12335.5153996973,12560.5625253019,NA,-0.15601021567907
"cell_0544",12,"sigma_nu_time",12,12,12,0,901,60,12219.6180008481,12339.6180008481,12348.3322865624,12627.8283163046,-0.0204251737602237,-0.12591319704232
"cell_0545",12,"stationary",12,12,12,0,901,36,12436.5612060914,12508.5612060914,12511.6445394248,12681.4873953653,NA,NA
"cell_0545",12,"sigma_time",12,12,12,0,901,48,12395.2469088093,12491.2469088093,12496.7680355699,12721.8151611745,-0.0282357187710778,NA
"cell_0545",12,"nu_time",12,12,12,0,901,48,12395.3008218198,12491.3008218198,12496.8219485803,12721.869074185,NA,-0.177432945707581
"cell_0545",12,"sigma_nu_time",12,12,12,0,901,60,12373.7448307721,12493.7448307721,12502.4591164864,12781.9551462286,-0.0212467963218965,-0.141055060867429
"cell_0546",12,"stationary",12,12,12,0,901,36,12553.8563724614,12625.8563724614,12628.9397057948,12798.7825617353,NA,NA
"cell_0546",12,"sigma_time",12,12,12,0,901,48,12508.0329452945,12604.0329452945,12609.5540720551,12834.6011976597,-0.0304192145713462,NA
"cell_0546",12,"nu_time",12,12,12,0,901,48,12524.9805135037,12620.9805135037,12626.5016402642,12851.5487658689,NA,-0.150756757194612
"cell_0546",12,"sigma_nu_time",12,12,12,0,901,60,12495.8865855206,12615.8865855206,12624.6008712349,12904.0969009771,-0.0258831137976785,-0.101944838406148
"cell_0566",12,"stationary",12,12,12,0,901,36,12214.5765294636,12286.5765294636,12289.659862797,12459.5027187375,NA,NA
"cell_0566",12,"sigma_time",12,12,12,0,901,48,12213.9466441479,12309.9466441479,12315.4677709085,12540.5148965131,0.00012314933193994,NA
"cell_0566",12,"nu_time",12,12,12,0,901,48,12213.5887937806,12309.5887937806,12315.1099205412,12540.1570461458,NA,-0.00502152209255299
"cell_0566",12,"sigma_nu_time",12,12,12,0,901,60,12212.8673066076,12332.8673066076,12341.5815923219,12621.0776220641,6.75120294141875e-05,-0.00540709959929111
"cell_0567",12,"stationary",12,12,12,0,901,36,12206.0241801884,12278.0241801884,12281.1075135217,12450.9503694623,NA,NA
"cell_0567",12,"sigma_time",12,12,12,0,901,48,12200.34304076,12296.34304076,12301.8641675205,12526.9112931252,-0.0181887890606302,NA
"cell_0567",12,"nu_time",12,12,12,0,901,48,12199.1222043932,12295.1222043932,12300.6433311538,12525.6904567584,NA,-0.0619767954008123
"cell_0567",12,"sigma_nu_time",12,12,12,0,901,60,12195.4559282609,12315.4559282609,12324.1702139752,12603.6662437174,-0.014829270707016,-0.0556297829847698
"cell_0568",12,"stationary",12,12,12,0,901,36,12249.5437779963,12321.5437779963,12324.6271113296,12494.4699672702,NA,NA
"cell_0568",12,"sigma_time",12,12,12,0,901,48,12229.1745555945,12325.1745555945,12330.695682355,12555.7428079597,-0.0274628158899728,NA
"cell_0568",12,"nu_time",12,12,12,0,901,48,12227.3779127464,12323.3779127464,12328.8990395069,12553.9461651116,NA,-0.121022913384338
"cell_0568",12,"sigma_nu_time",12,12,12,0,901,60,12216.1388810603,12336.1388810603,12344.8531667746,12624.3491965168,-0.0208934260623057,-0.0959364302373232
"cell_0569",12,"stationary",12,12,12,0,901,36,12248.3231745986,12320.3231745986,12323.4065079319,12493.2493638725,NA,NA
"cell_0569",12,"sigma_time",12,12,12,0,901,48,12219.0746934581,12315.0746934581,12320.5958202186,12545.6429458233,-0.0302791617455015,NA
"cell_0569",12,"nu_time",12,12,12,0,901,48,12216.6464605902,12312.6464605902,12318.1675873508,12543.2147129554,NA,-0.148811112938102
"cell_0569",12,"sigma_nu_time",12,12,12,0,901,60,12201.5196318757,12321.5196318757,12330.23391759,12609.7299473322,-0.0225077734010191,-0.113865567980041
"cell_0570",12,"stationary",12,12,12,0,901,36,12225.2860787978,12297.2860787978,12300.3694121311,12470.2122680717,NA,NA
"cell_0570",12,"sigma_time",12,12,12,0,901,48,12191.9222644013,12287.9222644013,12293.4433911619,12518.4905167665,-0.0317649009470046,NA
"cell_0570",12,"nu_time",12,12,12,0,901,48,12190.6790953742,12286.6790953742,12292.2002221348,12517.2473477394,NA,-0.162606440547962
"cell_0570",12,"sigma_nu_time",12,12,12,0,901,60,12173.6421669652,12293.6421669652,12302.3564526795,12581.8524824217,-0.0232839125715789,-0.122431351203974
"cell_0571",12,"stationary",12,12,12,0,901,36,12196.8942850555,12268.8942850555,12271.9776183889,12441.8204743294,NA,NA
"cell_0571",12,"sigma_time",12,12,12,0,901,48,12163.5338536974,12259.5338536974,12265.054980458,12490.1021060626,-0.0325817385390452,NA
"cell_0571",12,"nu_time",12,12,12,0,901,48,12164.4211679618,12260.4211679618,12265.9422947223,12490.989420327,NA,-0.159785155683233
"cell_0571",12,"sigma_nu_time",12,12,12,0,901,60,12147.0297157301,12267.0297157301,12275.7440014444,12555.2400311866,-0.0246720408162881,-0.122063349198851
"cell_0572",12,"stationary",12,12,12,0,901,36,12275.8831778408,12347.8831778408,12350.9665111741,12520.8093671147,NA,NA
"cell_0572",12,"sigma_time",12,12,12,0,901,48,12234.3512543291,12330.3512543291,12335.8723810897,12560.9195066943,-0.0328061514976457,NA
"cell_0572",12,"nu_time",12,12,12,0,901,48,12236.9039839114,12332.9039839114,12338.425110672,12563.4722362766,NA,-0.178115242134671
"cell_0572",12,"sigma_nu_time",12,12,12,0,901,60,12215.0453406763,12335.0453406763,12343.7596263906,12623.2556561328,-0.0239067067714574,-0.138501235995893
"cell_0573",12,"stationary",12,12,12,0,901,36,12420.9865775118,12492.9865775118,12496.0699108451,12665.9127667857,NA,NA
"cell_0573",12,"sigma_time",12,12,12,0,901,48,12371.7382463365,12467.7382463365,12473.259373097,12698.3064987017,-0.0327349127136164,NA
"cell_0573",12,"nu_time",12,12,12,0,901,48,12382.3514865023,12478.3514865023,12483.8726132629,12708.9197388675,NA,-0.170931636405568
"cell_0573",12,"sigma_nu_time",12,12,12,0,901,60,12354.2479654169,12474.2479654169,12482.9622511311,12762.4582808734,-0.0239492787859636,-0.123382063581217
"cell_0574",12,"stationary",12,12,12,0,901,36,12543.1145046589,12615.1145046589,12618.1978379922,12788.0406939328,NA,NA
"cell_0574",12,"sigma_time",12,12,12,0,901,48,12494.0336775892,12590.0336775892,12595.5548043498,12820.6019299544,-0.0326263806211479,NA
"cell_0574",12,"nu_time",12,12,12,0,901,48,12515.7149255586,12611.7149255586,12617.2360523192,12842.2831779238,NA,-0.144698064870854
"cell_0574",12,"sigma_nu_time",12,12,12,0,901,60,12483.1595590793,12603.1595590793,12611.8738447936,12891.3698745358,-0.0260477530579939,-0.0905376930285539
"cell_0594",12,"stationary",12,12,12,0,901,36,12294.1577822982,12366.1577822982,12369.2411156316,12539.0839715721,NA,NA
"cell_0594",12,"sigma_time",12,12,12,0,901,48,12292.3294310262,12388.3294310262,12393.8505577867,12618.8976833914,-0.0106318209620124,NA
"cell_0594",12,"nu_time",12,12,12,0,901,48,12288.362130383,12384.362130383,12389.8832571436,12614.9303827482,NA,-0.0543845343499178
"cell_0594",12,"sigma_nu_time",12,12,12,0,901,60,12287.3881734214,12407.3881734214,12416.1024591356,12695.5984888779,-0.00810452484062854,-0.0485765163993825
"cell_0595",12,"stationary",12,12,12,0,901,36,12237.5058864578,12309.5058864578,12312.5892197912,12482.4320757317,NA,NA
"cell_0595",12,"sigma_time",12,12,12,0,901,48,12227.0179238047,12323.0179238047,12328.5390505653,12553.5861761699,-0.0219823411484264,NA
"cell_0595",12,"nu_time",12,12,12,0,901,48,12221.7014727097,12317.7014727097,12323.2225994703,12548.2697250749,NA,-0.102745690953249
"cell_0595",12,"sigma_nu_time",12,12,12,0,901,60,12216.1206234541,12336.1206234541,12344.8349091683,12624.3309389106,-0.0169131225719929,-0.0896919048857642
"cell_0596",12,"stationary",12,12,12,0,901,36,12236.8162840993,12308.8162840993,12311.8996174327,12481.7424733732,NA,NA
"cell_0596",12,"sigma_time",12,12,12,0,901,48,12212.0305817496,12308.0305817496,12313.5517085101,12538.5988341148,-0.0289250264500568,NA
"cell_0596",12,"nu_time",12,12,12,0,901,48,12205.9366779797,12301.9366779797,12307.4578047402,12532.5049303449,NA,-0.146950767500936
"cell_0596",12,"sigma_nu_time",12,12,12,0,901,60,12193.5560084935,12313.5560084935,12322.2702942077,12601.76632395,-0.0213441311515012,-0.119177263444675
"cell_0597",12,"stationary",12,12,12,0,901,36,12244.4932073123,12316.4932073123,12319.5765406457,12489.4193965862,NA,NA
"cell_0597",12,"sigma_time",12,12,12,0,901,48,12208.4788715275,12304.4788715275,12309.999998288,12535.0471238927,-0.0322668666403404,NA
"cell_0597",12,"nu_time",12,12,12,0,901,48,12203.6217302726,12299.6217302726,12305.1428570331,12530.1899826378,NA,-0.173706696409843
"cell_0597",12,"sigma_nu_time",12,12,12,0,901,60,12186.0900221082,12306.0900221082,12314.8043078225,12594.3003375647,-0.0233952730892648,-0.135689365876937
"cell_0598",12,"stationary",12,12,12,0,901,36,12254.1701445202,12326.1701445202,12329.2534778535,12499.0963337941,NA,NA
"cell_0598",12,"sigma_time",12,12,12,0,901,48,12210.057388463,12306.057388463,12311.5785152236,12536.6256408282,-0.0337810836886046,NA
"cell_0598",12,"nu_time",12,12,12,0,901,48,12205.898472615,12301.898472615,12307.4195993756,12532.4667249802,NA,-0.193061343336395
"cell_0598",12,"sigma_nu_time",12,12,12,0,901,60,12184.9986266025,12304.9986266025,12313.7129123168,12593.208942059,-0.0238983238144338,-0.150106244202285
"cell_0599",12,"stationary",12,12,12,0,901,36,12233.271518084,12305.271518084,12308.3548514174,12478.1977073579,NA,NA
"cell_0599",12,"sigma_time",12,12,12,0,901,48,12187.1468644183,12283.1468644183,12288.6679911789,12513.7151167835,-0.0354008069794359,NA
"cell_0599",12,"nu_time",12,12,12,0,901,48,12190.3766585326,12286.3766585326,12291.8977852932,12516.9449108978,NA,-0.184675595930771
"cell_0599",12,"sigma_nu_time",12,12,12,0,901,60,12166.8450595552,12286.8450595552,12295.5593452695,12575.0553750117,-0.026761805866361,-0.136674631126051
"cell_0600",12,"stationary",12,12,12,0,901,36,12266.2079003842,12338.2079003842,12341.2912337176,12511.1340896581,NA,NA
"cell_0600",12,"sigma_time",12,12,12,0,901,48,12218.7622555983,12314.7622555983,12320.2833823588,12545.3305079635,-0.0351023257360507,NA
"cell_0600",12,"nu_time",12,12,12,0,901,48,12228.6195399697,12324.6195399697,12330.1406667303,12555.1877923349,NA,-0.178259183515704
"cell_0600",12,"sigma_nu_time",12,12,12,0,901,60,12201.7974087733,12321.7974087733,12330.5116944876,12610.0077242298,-0.0269986674116145,-0.133799955852993
"cell_0601",12,"stationary",12,12,12,0,901,36,12378.92136019,12450.92136019,12454.0046935233,12623.8475494639,NA,NA
"cell_0601",12,"sigma_time",12,12,12,0,901,48,12328.0594462126,12424.0594462126,12429.5805729731,12654.6276985778,-0.0337928421326199,NA
"cell_0601",12,"nu_time",12,12,12,0,901,48,12347.2317030508,12443.2317030508,12448.7528298113,12673.799955416,NA,-0.153167995993381
"cell_0601",12,"sigma_nu_time",12,12,12,0,901,60,12315.0491507723,12435.0491507723,12443.7634364866,12723.2594662288,-0.0267798329904528,-0.101194633977575
"cell_0624",12,"stationary",12,12,12,0,901,36,12028.9555674442,12100.9555674442,12104.0389007776,12273.8817567181,NA,NA
"cell_0624",12,"sigma_time",12,12,12,0,901,48,11997.8321602036,12093.8321602036,12099.3532869642,12324.4004125688,-0.0333657019690273,NA
"cell_0624",12,"nu_time",12,12,12,0,901,48,11992.955960422,12088.955960422,12094.4770871826,12319.5242127872,NA,-0.164432846411732
"cell_0624",12,"sigma_nu_time",12,12,12,0,901,60,11978.1654811727,12098.1654811727,12106.879766887,12386.3757966292,-0.0233218776554293,-0.128442491557871
"cell_0625",12,"stationary",12,12,12,0,901,36,12122.9667860208,12194.9667860208,12198.0501193541,12367.8929752947,NA,NA
"cell_0625",12,"sigma_time",12,12,12,0,901,48,12077.4208365808,12173.4208365808,12178.9419633414,12403.989088946,-0.0328879445914242,NA
"cell_0625",12,"nu_time",12,12,12,0,901,48,12065.7704241503,12161.7704241503,12167.2915509108,12392.3386765155,NA,-0.208565870921673
"cell_0625",12,"sigma_nu_time",12,12,12,0,901,60,12046.913494717,12166.913494717,12175.6277804313,12455.1238101735,-0.0220788655623655,-0.164669168060313
"cell_0626",12,"stationary",12,12,12,0,901,36,12207.7509112038,12279.7509112038,12282.8342445372,12452.6771004777,NA,NA
"cell_0626",12,"sigma_time",12,12,12,0,901,48,12156.0066526011,12252.0066526011,12257.5277793617,12482.5749049663,-0.0318662054193852,NA
"cell_0626",12,"nu_time",12,12,12,0,901,48,12137.210125299,12233.210125299,12238.7312520595,12463.7783776642,NA,-0.230120234930202
"cell_0626",12,"sigma_nu_time",12,12,12,0,901,60,12117.3234239443,12237.3234239443,12246.0377096585,12525.5337394008,-0.0212062103038395,-0.187767449721897
"cell_0627",12,"stationary",12,12,12,0,901,36,12177.0115619674,12249.0115619674,12252.0948953007,12421.9377512413,NA,NA
"cell_0627",12,"sigma_time",12,12,12,0,901,48,12134.3187683683,12230.3187683683,12235.8398951289,12460.8870207335,-0.0346234336463552,NA
"cell_0627",12,"nu_time",12,12,12,0,901,48,12131.8615552549,12227.8615552549,12233.3826820155,12458.4298076201,NA,-0.185189936136116
"cell_0627",12,"sigma_nu_time",12,12,12,0,901,60,12111.0369232992,12231.0369232992,12239.7512090135,12519.2472387557,-0.0258701931376162,-0.142843360871439
"cell_0628",12,"stationary",12,12,12,0,901,36,12197.2813682498,12269.2813682498,12272.3647015831,12442.2075575237,NA,NA
"cell_0628",12,"sigma_time",12,12,12,0,901,48,12149.6541855922,12245.6541855922,12251.1753123528,12476.2224379574,-0.0353596466401669,NA
"cell_0628",12,"nu_time",12,12,12,0,901,48,12157.3138197724,12253.3138197724,12258.834946533,12483.8820721376,NA,-0.177844201199975
"cell_0628",12,"sigma_nu_time",12,12,12,0,901,60,12130.4788426383,12250.4788426383,12259.1931283526,12538.6891580948,-0.0268012163993036,-0.136782841132215
"cell_0629",12,"stationary",12,12,12,0,901,36,12281.1206668123,12353.1206668123,12356.2040001456,12526.0468560862,NA,NA
"cell_0629",12,"sigma_time",12,12,12,0,901,48,12226.2636660481,12322.2636660481,12327.7847928087,12552.8319184133,-0.0346135256779024,NA
"cell_0629",12,"nu_time",12,12,12,0,901,48,12244.6523499159,12340.6523499159,12346.1734766765,12571.2206022811,NA,-0.15822108837432
"cell_0629",12,"sigma_nu_time",12,12,12,0,901,60,12210.46330062,12330.46330062,12339.1775863343,12618.6736160765,-0.0272670409543718,-0.107024704282814
"cell_0630",12,"stationary",12,12,12,0,901,36,12387.2743455835,12459.2743455835,12462.3576789169,12632.2005348574,NA,NA
"cell_0630",12,"sigma_time",12,12,12,0,901,48,12333.8641429539,12429.8641429539,12435.3852697144,12660.4323953191,-0.0340337123668222,NA
"cell_0630",12,"nu_time",12,12,12,0,901,48,12361.8717920851,12457.8717920851,12463.3929188457,12688.4400444503,NA,-0.133660612329156
"cell_0630",12,"sigma_nu_time",12,12,12,0,901,60,12323.8109444873,12443.8109444873,12452.5252302016,12732.0212599438,-0.0295029734532254,-0.0772882809180776
"cell_0652",12,"stationary",12,12,12,0,901,36,11862.2136906839,11934.2136906839,11937.2970240172,12107.1398799578,NA,NA
"cell_0652",12,"sigma_time",12,12,12,0,901,48,11818.1683620409,11914.1683620409,11919.6894888014,12144.7366144061,-0.0385701791198369,NA
"cell_0652",12,"nu_time",12,12,12,0,901,48,11821.8378823269,11917.8378823269,11923.3590090874,12148.4061346921,NA,-0.173876700390731
"cell_0652",12,"sigma_nu_time",12,12,12,0,901,60,11800.6388866365,11920.6388866365,11929.3531723508,12208.849202093,-0.0260335875904634,-0.127746391129014
"cell_0653",12,"stationary",12,12,12,0,901,36,11972.1118915997,12044.1118915997,12047.195224933,12217.0380808736,NA,NA
"cell_0653",12,"sigma_time",12,12,12,0,901,48,11923.3229039415,12019.3229039415,12024.8440307021,12249.8911563067,-0.0353931523123094,NA
"cell_0653",12,"nu_time",12,12,12,0,901,48,11923.0921909414,12019.0921909414,12024.6133177019,12249.6604433066,NA,-0.191847089782425
"cell_0653",12,"sigma_nu_time",12,12,12,0,901,60,11900.7675499583,12020.7675499583,12029.4818356726,12308.9778654148,-0.0249211542728602,-0.146627258809337
"cell_0654",12,"stationary",12,12,12,0,901,36,12060.6616741531,12132.6616741531,12135.7450074865,12305.587863427,NA,NA
"cell_0654",12,"sigma_time",12,12,12,0,901,48,12013.9053811493,12109.9053811493,12115.4265079099,12340.4736335145,-0.0341835400484694,NA
"cell_0654",12,"nu_time",12,12,12,0,901,48,12013.0038069379,12109.0038069379,12114.5249336985,12339.5720593031,NA,-0.192569704485064
"cell_0654",12,"sigma_nu_time",12,12,12,0,901,60,11990.6995015736,12110.6995015736,12119.4137872879,12398.9098170301,-0.0261545593901933,-0.147480479278738
"cell_0655",12,"stationary",12,12,12,0,901,36,12128.0215040622,12200.0215040622,12203.1048373956,12372.9476933361,NA,NA
"cell_0655",12,"sigma_time",12,12,12,0,901,48,12084.3147891354,12180.3147891354,12185.8359158959,12410.8830415006,-0.0343852460553635,NA
"cell_0655",12,"nu_time",12,12,12,0,901,48,12086.6337249874,12182.6337249874,12188.154851748,12413.2019773526,NA,-0.176285857495785
"cell_0655",12,"sigma_nu_time",12,12,12,0,901,60,12063.5848263731,12183.5848263731,12192.2991120874,12471.7951418296,-0.0271131044251869,-0.133033603469395
"cell_0656",12,"stationary",12,12,12,0,901,36,12140.9547424122,12212.9547424122,12216.0380757456,12385.8809316861,NA,NA
"cell_0656",12,"sigma_time",12,12,12,0,901,48,12093.8270884475,12189.8270884475,12195.3482152081,12420.3953408127,-0.0356308138330135,NA
"cell_0656",12,"nu_time",12,12,12,0,901,48,12104.080007983,12200.080007983,12205.6011347435,12430.6482603482,NA,-0.164517035593507
"cell_0656",12,"sigma_nu_time",12,12,12,0,901,60,12075.8011973129,12195.8011973129,12204.5154830272,12484.0115127694,-0.028456231342553,-0.124873903232302
"cell_0657",12,"stationary",12,12,12,0,901,36,12166.7806957838,12238.7806957838,12241.8640291171,12411.7068850577,NA,NA
"cell_0657",12,"sigma_time",12,12,12,0,901,48,12111.8413380963,12207.8413380963,12213.3624648569,12438.4095904615,-0.0350727927384834,NA
"cell_0657",12,"nu_time",12,12,12,0,901,48,12134.9770884862,12230.9770884862,12236.4982152467,12461.5453408514,NA,-0.146499149712226
"cell_0657",12,"sigma_nu_time",12,12,12,0,901,60,12097.8979885752,12217.8979885752,12226.6122742895,12506.1083040317,-0.0291097407199831,-0.09407432010091
"cell_0680",12,"stationary",12,12,12,0,901,36,11881.9302229992,11953.9302229992,11957.0135563325,12126.8564122731,NA,NA
"cell_0680",12,"sigma_time",12,12,12,0,901,48,11826.7569214255,11922.7569214255,11928.278048186,12153.3251737907,-0.0401236255874556,NA
"cell_0680",12,"nu_time",12,12,12,0,901,48,11836.6384475383,11932.6384475383,11938.1595742988,12163.2066999035,NA,-0.182697332871302
"cell_0680",12,"sigma_nu_time",12,12,12,0,901,60,11808.2111197206,11928.2111197206,11936.9254054349,12216.4214351771,-0.028654511396295,-0.127434317711266
"cell_0681",12,"stationary",12,12,12,0,901,36,11921.1229758877,11993.1229758877,11996.206309221,12166.0491651616,NA,NA
"cell_0681",12,"sigma_time",12,12,12,0,901,48,11871.5829330927,11967.5829330927,11973.1040598533,12198.1511854579,-0.0394532478544547,NA
"cell_0681",12,"nu_time",12,12,12,0,901,48,11883.8522264588,11979.8522264588,11985.3733532194,12210.420478824,NA,-0.166348095394931
"cell_0681",12,"sigma_nu_time",12,12,12,0,901,60,11855.9515463276,11975.9515463276,11984.6658320418,12264.1618617841,-0.0305054784169949,-0.12104455391765
"cell_0682",12,"stationary",12,12,12,0,901,36,12011.3568243054,12083.3568243054,12086.4401576387,12256.2830135793,NA,NA
"cell_0682",12,"sigma_time",12,12,12,0,901,48,11963.294450216,12059.294450216,12064.8155769765,12289.8627025812,-0.0378312739257542,NA
"cell_0682",12,"nu_time",12,12,12,0,901,48,11973.6931817742,12069.6931817742,12075.2143085348,12300.2614341394,NA,-0.170288771149725
"cell_0682",12,"sigma_nu_time",12,12,12,0,901,60,11946.0747792516,12066.0747792516,12074.7890649659,12354.2850947081,-0.0301465560201287,-0.126461641072454
"cell_0683",12,"stationary",12,12,12,0,901,36,12111.5008229118,12183.5008229118,12186.5841562451,12356.4270121857,NA,NA
"cell_0683",12,"sigma_time",12,12,12,0,901,48,12064.9182403385,12160.9182403385,12166.4393670991,12391.4864927037,-0.0358548881960791,NA
"cell_0683",12,"nu_time",12,12,12,0,901,48,12074.2004235887,12170.2004235887,12175.7215503492,12400.7686759539,NA,-0.166162279454767
"cell_0683",12,"sigma_nu_time",12,12,12,0,901,60,12046.5538648316,12166.5538648316,12175.2681505459,12454.7641802881,-0.0289946146022389,-0.122925039149235
"cell_0684",12,"stationary",12,12,12,0,901,36,12098.4041479368,12170.4041479368,12173.4874812701,12343.3303372107,NA,NA
"cell_0684",12,"sigma_time",12,12,12,0,901,48,12047.5952830336,12143.5952830336,12149.1164097942,12374.1635353988,-0.0366383576229371,NA
"cell_0684",12,"nu_time",12,12,12,0,901,48,12065.6844387667,12161.6844387667,12167.2055655273,12392.2526911319,NA,-0.147629363733483
"cell_0684",12,"sigma_nu_time",12,12,12,0,901,60,12031.3918923515,12151.3918923515,12160.1061780658,12439.602207808,-0.0317045157285024,-0.110057973653989
"cell_0707",12,"stationary",12,12,12,0,901,36,12052.6408477523,12124.6408477523,12127.7241810857,12297.5670370262,NA,NA
"cell_0707",12,"sigma_time",12,12,12,0,901,48,11985.4277110118,12081.4277110118,12086.9488377724,12311.995963377,-0.0374418909011718,NA
"cell_0707",12,"nu_time",12,12,12,0,901,48,11980.5332309306,12076.5332309306,12082.0543576911,12307.1014832958,NA,-0.228864506447219
"cell_0707",12,"sigma_nu_time",12,12,12,0,901,60,11948.7987530961,12068.7987530961,12077.5130388104,12357.0090685526,-0.0259789414220433,-0.170874422991262
"cell_0708",12,"stationary",12,12,12,0,901,36,12022.5480218559,12094.5480218559,12097.6313551892,12267.4742111298,NA,NA
"cell_0708",12,"sigma_time",12,12,12,0,901,48,11969.9666417296,12065.9666417296,12071.4877684902,12296.5348940948,-0.0416375883351728,NA
"cell_0708",12,"nu_time",12,12,12,0,901,48,11982.441241269,12078.441241269,12083.9623680296,12309.0094936342,NA,-0.171395285097002
"cell_0708",12,"sigma_nu_time",12,12,12,0,901,60,11951.1683589913,12071.1683589913,12079.8826447056,12359.3786744478,-0.0315722592236266,-0.118873817705312
"cell_0709",12,"stationary",12,12,12,0,901,36,12027.0491174129,12099.0491174129,12102.1324507462,12271.9753066868,NA,NA
"cell_0709",12,"sigma_time",12,12,12,0,901,48,11971.8517250472,12067.8517250472,12073.3728518078,12298.4199774124,-0.0419855118967433,NA
"cell_0709",12,"nu_time",12,12,12,0,901,48,11987.2995950337,12083.2995950337,12088.8207217943,12313.8678473989,NA,-0.172095602881901
"cell_0709",12,"sigma_nu_time",12,12,12,0,901,60,11953.001104735,12073.001104735,12081.7153904493,12361.2114201915,-0.0327807127900547,-0.124117020368841
"cell_0710",12,"stationary",12,12,12,0,901,36,12048.2138906087,12120.2138906087,12123.2972239421,12293.1400798826,NA,NA
"cell_0710",12,"sigma_time",12,12,12,0,901,48,11992.4192621761,12088.4192621761,12093.9403889367,12318.9875145413,-0.0401955646164487,NA
"cell_0710",12,"nu_time",12,12,12,0,901,48,12009.8933998237,12105.8933998237,12111.4145265842,12336.4616521889,NA,-0.168614490698422
"cell_0710",12,"sigma_nu_time",12,12,12,0,901,60,11973.5406564298,12093.5406564298,12102.2549421441,12381.7509718863,-0.0337717327428899,-0.12432745056458
"cell_0711",12,"stationary",12,12,12,0,901,36,12067.2693461345,12139.2693461345,12142.3526794678,12312.1955354084,NA,NA
"cell_0711",12,"sigma_time",12,12,12,0,901,48,12012.8723939908,12108.8723939908,12114.3935207514,12339.440646356,-0.0385176267069602,NA
"cell_0711",12,"nu_time",12,12,12,0,901,48,12032.8454675679,12128.8454675679,12134.3665943284,12359.4137199331,NA,-0.156038156116065
"cell_0711",12,"sigma_nu_time",12,12,12,0,901,60,11994.9912714716,12114.9912714716,12123.7055571858,12403.2015869281,-0.0335331468559025,-0.115633033041958
"cell_0737",12,"stationary",12,12,12,0,901,36,12111.6847681705,12183.6847681705,12186.7681015038,12356.6109574444,NA,NA
"cell_0737",12,"sigma_time",12,12,12,0,901,48,12056.4916733172,12152.4916733172,12158.0128000778,12383.0599256824,-0.0423578392443582,NA
"cell_0737",12,"nu_time",12,12,12,0,901,48,12072.8628777607,12168.8628777607,12174.3840045212,12399.4311301259,NA,-0.169080599767523
"cell_0737",12,"sigma_nu_time",12,12,12,0,901,60,12036.2229258695,12156.2229258695,12164.9372115837,12444.433241326,-0.0340339374107653,-0.123276364084804
"cell_0738",12,"stationary",12,12,12,0,901,36,12095.008908764,12167.008908764,12170.0922420973,12339.9350980379,NA,NA
"cell_0738",12,"sigma_time",12,12,12,0,901,48,12036.8403884258,12132.8403884258,12138.3615151863,12363.408640791,-0.0427654040108542,NA
"cell_0738",12,"nu_time",12,12,12,0,901,48,12060.0621100369,12156.0621100369,12161.5832367974,12386.6303624021,NA,-0.153028103222283
"cell_0738",12,"sigma_nu_time",12,12,12,0,901,60,12017.7588963492,12137.7588963492,12146.4731820635,12425.9692118057,-0.0378859023719281,-0.116096133263345
